 VARIABLES = "R","Z","Tmpr      "
ZONE F=POINT, I= 103, J= 103
 0.00000E+00  0.00000E+00  0.00000E+00
 0.49709E-05  0.00000E+00  0.11012E-05
 0.16001E-04  0.00000E+00  0.11012E-05
 0.29447E-04  0.00000E+00  0.11014E-05
 0.45836E-04  0.00000E+00  0.11017E-05
 0.65814E-04  0.00000E+00  0.11021E-05
 0.90165E-04  0.00000E+00  0.11029E-05
 0.11985E-03  0.00000E+00  0.11039E-05
 0.15603E-03  0.00000E+00  0.11055E-05
 0.20013E-03  0.00000E+00  0.11075E-05
 0.25388E-03  0.00000E+00  0.11101E-05
 0.31939E-03  0.00000E+00  0.11133E-05
 0.39924E-03  0.00000E+00  0.11171E-05
 0.49656E-03  0.00000E+00  0.11213E-05
 0.61516E-03  0.00000E+00  0.11258E-05
 0.75970E-03  0.00000E+00  0.11305E-05
 0.93583E-03  0.00000E+00  0.11352E-05
 0.11504E-02  0.00000E+00  0.11400E-05
 0.14119E-02  0.00000E+00  0.11449E-05
 0.17305E-02  0.00000E+00  0.11503E-05
 0.21186E-02  0.00000E+00  0.11566E-05
 0.25912E-02  0.00000E+00  0.11646E-05
 0.31667E-02  0.00000E+00  0.11762E-05
 0.38673E-02  0.00000E+00  0.11930E-05
 0.47200E-02  0.00000E+00  0.12131E-05
 0.57574E-02  0.00000E+00  0.12302E-05
 0.70191E-02  0.00000E+00  0.12419E-05
 0.85527E-02  0.00000E+00  0.12500E-05
 0.10416E-01  0.00000E+00  0.12554E-05
 0.12677E-01  0.00000E+00  0.12588E-05
 0.15420E-01  0.00000E+00  0.12786E-05
 0.18742E-01  0.00000E+00  0.13400E-05
 0.22762E-01  0.00000E+00  0.14373E-05
 0.27617E-01  0.00000E+00  0.15616E-05
 0.33469E-01  0.00000E+00  0.17034E-05
 0.40509E-01  0.00000E+00  0.18393E-05
 0.48950E-01  0.00000E+00  0.19372E-05
 0.59040E-01  0.00000E+00  0.19782E-05
 0.71052E-01  0.00000E+00  0.19698E-05
 0.85282E-01  0.00000E+00  0.19232E-05
 0.10204E+00  0.00000E+00  0.18295E-05
 0.12166E+00  0.00000E+00  0.16747E-05
 0.14443E+00  0.00000E+00  0.14515E-05
 0.17063E+00  0.00000E+00  0.11840E-05
 0.20047E+00  0.00000E+00  0.90712E-06
 0.23404E+00  0.00000E+00  0.63092E-06
 0.27131E+00  0.00000E+00  0.53597E-06
 0.31210E+00  0.00000E+00  0.98688E-06
 0.35601E+00  0.00000E+00  0.21179E-05
 0.40249E+00  0.00000E+00  0.36423E-05
 0.45077E+00  0.00000E+00  0.50979E-05
 0.50000E+00  0.00000E+00  0.60760E-05
 0.54923E+00  0.00000E+00  0.63242E-05
 0.59751E+00  0.00000E+00  0.58812E-05
 0.64399E+00  0.00000E+00  0.50883E-05
 0.68790E+00  0.00000E+00  0.42880E-05
 0.72869E+00  0.00000E+00  0.36102E-05
 0.76596E+00  0.00000E+00  0.31522E-05
 0.79953E+00  0.00000E+00  0.30207E-05
 0.82937E+00  0.00000E+00  0.30833E-05
 0.85557E+00  0.00000E+00  0.31258E-05
 0.87834E+00  0.00000E+00  0.30640E-05
 0.89796E+00  0.00000E+00  0.29453E-05
 0.91472E+00  0.00000E+00  0.28461E-05
 0.92895E+00  0.00000E+00  0.28320E-05
 0.94096E+00  0.00000E+00  0.29082E-05
 0.95105E+00  0.00000E+00  0.30134E-05
 0.95949E+00  0.00000E+00  0.30827E-05
 0.96653E+00  0.00000E+00  0.30953E-05
 0.97238E+00  0.00000E+00  0.30592E-05
 0.97724E+00  0.00000E+00  0.29857E-05
 0.98126E+00  0.00000E+00  0.28844E-05
 0.98458E+00  0.00000E+00  0.27663E-05
 0.98732E+00  0.00000E+00  0.26444E-05
 0.98958E+00  0.00000E+00  0.25282E-05
 0.99145E+00  0.00000E+00  0.24206E-05
 0.99298E+00  0.00000E+00  0.23244E-05
 0.99424E+00  0.00000E+00  0.22496E-05
 0.99528E+00  0.00000E+00  0.21983E-05
 0.99613E+00  0.00000E+00  0.21655E-05
 0.99683E+00  0.00000E+00  0.21464E-05
 0.99741E+00  0.00000E+00  0.21375E-05
 0.99788E+00  0.00000E+00  0.21358E-05
 0.99827E+00  0.00000E+00  0.21377E-05
 0.99859E+00  0.00000E+00  0.21393E-05
 0.99885E+00  0.00000E+00  0.21385E-05
 0.99906E+00  0.00000E+00  0.21348E-05
 0.99924E+00  0.00000E+00  0.21286E-05
 0.99938E+00  0.00000E+00  0.21206E-05
 0.99950E+00  0.00000E+00  0.21118E-05
 0.99960E+00  0.00000E+00  0.21029E-05
 0.99968E+00  0.00000E+00  0.20947E-05
 0.99975E+00  0.00000E+00  0.20876E-05
 0.99980E+00  0.00000E+00  0.20818E-05
 0.99984E+00  0.00000E+00  0.20773E-05
 0.99988E+00  0.00000E+00  0.20740E-05
 0.99991E+00  0.00000E+00  0.20716E-05
 0.99993E+00  0.00000E+00  0.20700E-05
 0.99995E+00  0.00000E+00  0.20690E-05
 0.99997E+00  0.00000E+00  0.20684E-05
 0.99998E+00  0.00000E+00  0.20681E-05
 0.10000E+01  0.00000E+00  0.20680E-05
 0.10000E+01  0.00000E+00  0.00000E+00
 0.00000E+00  0.49709E-05  0.00000E+00
 0.49709E-05  0.49709E-05  0.11012E-05
 0.16001E-04  0.49709E-05  0.11012E-05
 0.29447E-04  0.49709E-05  0.11014E-05
 0.45836E-04  0.49709E-05  0.11017E-05
 0.65814E-04  0.49709E-05  0.11021E-05
 0.90165E-04  0.49709E-05  0.11029E-05
 0.11985E-03  0.49709E-05  0.11039E-05
 0.15603E-03  0.49709E-05  0.11055E-05
 0.20013E-03  0.49709E-05  0.11075E-05
 0.25388E-03  0.49709E-05  0.11101E-05
 0.31939E-03  0.49709E-05  0.11133E-05
 0.39924E-03  0.49709E-05  0.11171E-05
 0.49656E-03  0.49709E-05  0.11213E-05
 0.61516E-03  0.49709E-05  0.11258E-05
 0.75970E-03  0.49709E-05  0.11305E-05
 0.93583E-03  0.49709E-05  0.11352E-05
 0.11504E-02  0.49709E-05  0.11400E-05
 0.14119E-02  0.49709E-05  0.11449E-05
 0.17305E-02  0.49709E-05  0.11503E-05
 0.21186E-02  0.49709E-05  0.11566E-05
 0.25912E-02  0.49709E-05  0.11646E-05
 0.31667E-02  0.49709E-05  0.11762E-05
 0.38673E-02  0.49709E-05  0.11930E-05
 0.47200E-02  0.49709E-05  0.12131E-05
 0.57574E-02  0.49709E-05  0.12302E-05
 0.70191E-02  0.49709E-05  0.12419E-05
 0.85527E-02  0.49709E-05  0.12500E-05
 0.10416E-01  0.49709E-05  0.12554E-05
 0.12677E-01  0.49709E-05  0.12588E-05
 0.15420E-01  0.49709E-05  0.12786E-05
 0.18742E-01  0.49709E-05  0.13400E-05
 0.22762E-01  0.49709E-05  0.14373E-05
 0.27617E-01  0.49709E-05  0.15616E-05
 0.33469E-01  0.49709E-05  0.17034E-05
 0.40509E-01  0.49709E-05  0.18393E-05
 0.48950E-01  0.49709E-05  0.19372E-05
 0.59040E-01  0.49709E-05  0.19782E-05
 0.71052E-01  0.49709E-05  0.19698E-05
 0.85282E-01  0.49709E-05  0.19232E-05
 0.10204E+00  0.49709E-05  0.18295E-05
 0.12166E+00  0.49709E-05  0.16747E-05
 0.14443E+00  0.49709E-05  0.14515E-05
 0.17063E+00  0.49709E-05  0.11840E-05
 0.20047E+00  0.49709E-05  0.90712E-06
 0.23404E+00  0.49709E-05  0.63092E-06
 0.27131E+00  0.49709E-05  0.53597E-06
 0.31210E+00  0.49709E-05  0.98688E-06
 0.35601E+00  0.49709E-05  0.21179E-05
 0.40249E+00  0.49709E-05  0.36423E-05
 0.45077E+00  0.49709E-05  0.50979E-05
 0.50000E+00  0.49709E-05  0.60760E-05
 0.54923E+00  0.49709E-05  0.63242E-05
 0.59751E+00  0.49709E-05  0.58812E-05
 0.64399E+00  0.49709E-05  0.50883E-05
 0.68790E+00  0.49709E-05  0.42880E-05
 0.72869E+00  0.49709E-05  0.36102E-05
 0.76596E+00  0.49709E-05  0.31522E-05
 0.79953E+00  0.49709E-05  0.30207E-05
 0.82937E+00  0.49709E-05  0.30833E-05
 0.85557E+00  0.49709E-05  0.31258E-05
 0.87834E+00  0.49709E-05  0.30640E-05
 0.89796E+00  0.49709E-05  0.29453E-05
 0.91472E+00  0.49709E-05  0.28461E-05
 0.92895E+00  0.49709E-05  0.28320E-05
 0.94096E+00  0.49709E-05  0.29082E-05
 0.95105E+00  0.49709E-05  0.30134E-05
 0.95949E+00  0.49709E-05  0.30827E-05
 0.96653E+00  0.49709E-05  0.30953E-05
 0.97238E+00  0.49709E-05  0.30592E-05
 0.97724E+00  0.49709E-05  0.29857E-05
 0.98126E+00  0.49709E-05  0.28844E-05
 0.98458E+00  0.49709E-05  0.27663E-05
 0.98732E+00  0.49709E-05  0.26444E-05
 0.98958E+00  0.49709E-05  0.25282E-05
 0.99145E+00  0.49709E-05  0.24206E-05
 0.99298E+00  0.49709E-05  0.23244E-05
 0.99424E+00  0.49709E-05  0.22496E-05
 0.99528E+00  0.49709E-05  0.21983E-05
 0.99613E+00  0.49709E-05  0.21655E-05
 0.99683E+00  0.49709E-05  0.21464E-05
 0.99741E+00  0.49709E-05  0.21375E-05
 0.99788E+00  0.49709E-05  0.21358E-05
 0.99827E+00  0.49709E-05  0.21377E-05
 0.99859E+00  0.49709E-05  0.21393E-05
 0.99885E+00  0.49709E-05  0.21385E-05
 0.99906E+00  0.49709E-05  0.21348E-05
 0.99924E+00  0.49709E-05  0.21286E-05
 0.99938E+00  0.49709E-05  0.21206E-05
 0.99950E+00  0.49709E-05  0.21118E-05
 0.99960E+00  0.49709E-05  0.21029E-05
 0.99968E+00  0.49709E-05  0.20947E-05
 0.99975E+00  0.49709E-05  0.20876E-05
 0.99980E+00  0.49709E-05  0.20818E-05
 0.99984E+00  0.49709E-05  0.20773E-05
 0.99988E+00  0.49709E-05  0.20740E-05
 0.99991E+00  0.49709E-05  0.20716E-05
 0.99993E+00  0.49709E-05  0.20700E-05
 0.99995E+00  0.49709E-05  0.20690E-05
 0.99997E+00  0.49709E-05  0.20684E-05
 0.99998E+00  0.49709E-05  0.20681E-05
 0.10000E+01  0.49709E-05  0.20680E-05
 0.10000E+01  0.49709E-05  0.00000E+00
 0.00000E+00  0.16001E-04  0.00000E+00
 0.49709E-05  0.16001E-04  0.11009E-05
 0.16001E-04  0.16001E-04  0.11010E-05
 0.29447E-04  0.16001E-04  0.11011E-05
 0.45836E-04  0.16001E-04  0.11014E-05
 0.65814E-04  0.16001E-04  0.11019E-05
 0.90165E-04  0.16001E-04  0.11026E-05
 0.11985E-03  0.16001E-04  0.11037E-05
 0.15603E-03  0.16001E-04  0.11053E-05
 0.20013E-03  0.16001E-04  0.11073E-05
 0.25388E-03  0.16001E-04  0.11099E-05
 0.31939E-03  0.16001E-04  0.11131E-05
 0.39924E-03  0.16001E-04  0.11169E-05
 0.49656E-03  0.16001E-04  0.11211E-05
 0.61516E-03  0.16001E-04  0.11256E-05
 0.75970E-03  0.16001E-04  0.11303E-05
 0.93583E-03  0.16001E-04  0.11350E-05
 0.11504E-02  0.16001E-04  0.11398E-05
 0.14119E-02  0.16001E-04  0.11447E-05
 0.17305E-02  0.16001E-04  0.11501E-05
 0.21186E-02  0.16001E-04  0.11564E-05
 0.25912E-02  0.16001E-04  0.11644E-05
 0.31667E-02  0.16001E-04  0.11760E-05
 0.38673E-02  0.16001E-04  0.11928E-05
 0.47200E-02  0.16001E-04  0.12129E-05
 0.57574E-02  0.16001E-04  0.12301E-05
 0.70191E-02  0.16001E-04  0.12417E-05
 0.85527E-02  0.16001E-04  0.12499E-05
 0.10416E-01  0.16001E-04  0.12553E-05
 0.12677E-01  0.16001E-04  0.12586E-05
 0.15420E-01  0.16001E-04  0.12784E-05
 0.18742E-01  0.16001E-04  0.13398E-05
 0.22762E-01  0.16001E-04  0.14371E-05
 0.27617E-01  0.16001E-04  0.15616E-05
 0.33469E-01  0.16001E-04  0.17033E-05
 0.40509E-01  0.16001E-04  0.18392E-05
 0.48950E-01  0.16001E-04  0.19372E-05
 0.59040E-01  0.16001E-04  0.19782E-05
 0.71052E-01  0.16001E-04  0.19699E-05
 0.85282E-01  0.16001E-04  0.19233E-05
 0.10204E+00  0.16001E-04  0.18295E-05
 0.12166E+00  0.16001E-04  0.16747E-05
 0.14443E+00  0.16001E-04  0.14515E-05
 0.17063E+00  0.16001E-04  0.11839E-05
 0.20047E+00  0.16001E-04  0.90701E-06
 0.23404E+00  0.16001E-04  0.63079E-06
 0.27131E+00  0.16001E-04  0.53584E-06
 0.31210E+00  0.16001E-04  0.98680E-06
 0.35601E+00  0.16001E-04  0.21180E-05
 0.40249E+00  0.16001E-04  0.36426E-05
 0.45077E+00  0.16001E-04  0.50984E-05
 0.50000E+00  0.16001E-04  0.60766E-05
 0.54923E+00  0.16001E-04  0.63248E-05
 0.59751E+00  0.16001E-04  0.58817E-05
 0.64399E+00  0.16001E-04  0.50885E-05
 0.68790E+00  0.16001E-04  0.42880E-05
 0.72869E+00  0.16001E-04  0.36101E-05
 0.76596E+00  0.16001E-04  0.31520E-05
 0.79953E+00  0.16001E-04  0.30206E-05
 0.82937E+00  0.16001E-04  0.30832E-05
 0.85557E+00  0.16001E-04  0.31257E-05
 0.87834E+00  0.16001E-04  0.30639E-05
 0.89796E+00  0.16001E-04  0.29452E-05
 0.91472E+00  0.16001E-04  0.28460E-05
 0.92895E+00  0.16001E-04  0.28319E-05
 0.94096E+00  0.16001E-04  0.29081E-05
 0.95105E+00  0.16001E-04  0.30133E-05
 0.95949E+00  0.16001E-04  0.30827E-05
 0.96653E+00  0.16001E-04  0.30953E-05
 0.97238E+00  0.16001E-04  0.30592E-05
 0.97724E+00  0.16001E-04  0.29857E-05
 0.98126E+00  0.16001E-04  0.28844E-05
 0.98458E+00  0.16001E-04  0.27663E-05
 0.98732E+00  0.16001E-04  0.26443E-05
 0.98958E+00  0.16001E-04  0.25281E-05
 0.99145E+00  0.16001E-04  0.24205E-05
 0.99298E+00  0.16001E-04  0.23242E-05
 0.99424E+00  0.16001E-04  0.22495E-05
 0.99528E+00  0.16001E-04  0.21982E-05
 0.99613E+00  0.16001E-04  0.21653E-05
 0.99683E+00  0.16001E-04  0.21462E-05
 0.99741E+00  0.16001E-04  0.21373E-05
 0.99788E+00  0.16001E-04  0.21356E-05
 0.99827E+00  0.16001E-04  0.21375E-05
 0.99859E+00  0.16001E-04  0.21391E-05
 0.99885E+00  0.16001E-04  0.21383E-05
 0.99906E+00  0.16001E-04  0.21346E-05
 0.99924E+00  0.16001E-04  0.21285E-05
 0.99938E+00  0.16001E-04  0.21205E-05
 0.99950E+00  0.16001E-04  0.21116E-05
 0.99960E+00  0.16001E-04  0.21028E-05
 0.99968E+00  0.16001E-04  0.20945E-05
 0.99975E+00  0.16001E-04  0.20874E-05
 0.99980E+00  0.16001E-04  0.20816E-05
 0.99984E+00  0.16001E-04  0.20771E-05
 0.99988E+00  0.16001E-04  0.20738E-05
 0.99991E+00  0.16001E-04  0.20714E-05
 0.99993E+00  0.16001E-04  0.20698E-05
 0.99995E+00  0.16001E-04  0.20688E-05
 0.99997E+00  0.16001E-04  0.20682E-05
 0.99998E+00  0.16001E-04  0.20678E-05
 0.10000E+01  0.16001E-04  0.20677E-05
 0.10000E+01  0.16001E-04  0.00000E+00
 0.00000E+00  0.29447E-04  0.00000E+00
 0.49709E-05  0.29447E-04  0.11003E-05
 0.16001E-04  0.29447E-04  0.11004E-05
 0.29447E-04  0.29447E-04  0.11005E-05
 0.45836E-04  0.29447E-04  0.11008E-05
 0.65814E-04  0.29447E-04  0.11013E-05
 0.90165E-04  0.29447E-04  0.11021E-05
 0.11985E-03  0.29447E-04  0.11032E-05
 0.15603E-03  0.29447E-04  0.11047E-05
 0.20013E-03  0.29447E-04  0.11068E-05
 0.25388E-03  0.29447E-04  0.11094E-05
 0.31939E-03  0.29447E-04  0.11126E-05
 0.39924E-03  0.29447E-04  0.11164E-05
 0.49656E-03  0.29447E-04  0.11206E-05
 0.61516E-03  0.29447E-04  0.11252E-05
 0.75970E-03  0.29447E-04  0.11298E-05
 0.93583E-03  0.29447E-04  0.11345E-05
 0.11504E-02  0.29447E-04  0.11393E-05
 0.14119E-02  0.29447E-04  0.11442E-05
 0.17305E-02  0.29447E-04  0.11496E-05
 0.21186E-02  0.29447E-04  0.11559E-05
 0.25912E-02  0.29447E-04  0.11640E-05
 0.31667E-02  0.29447E-04  0.11756E-05
 0.38673E-02  0.29447E-04  0.11924E-05
 0.47200E-02  0.29447E-04  0.12125E-05
 0.57574E-02  0.29447E-04  0.12297E-05
 0.70191E-02  0.29447E-04  0.12414E-05
 0.85527E-02  0.29447E-04  0.12495E-05
 0.10416E-01  0.29447E-04  0.12549E-05
 0.12677E-01  0.29447E-04  0.12582E-05
 0.15420E-01  0.29447E-04  0.12781E-05
 0.18742E-01  0.29447E-04  0.13395E-05
 0.22762E-01  0.29447E-04  0.14369E-05
 0.27617E-01  0.29447E-04  0.15613E-05
 0.33469E-01  0.29447E-04  0.17032E-05
 0.40509E-01  0.29447E-04  0.18392E-05
 0.48950E-01  0.29447E-04  0.19372E-05
 0.59040E-01  0.29447E-04  0.19782E-05
 0.71052E-01  0.29447E-04  0.19699E-05
 0.85282E-01  0.29447E-04  0.19234E-05
 0.10204E+00  0.29447E-04  0.18296E-05
 0.12166E+00  0.29447E-04  0.16747E-05
 0.14443E+00  0.29447E-04  0.14513E-05
 0.17063E+00  0.29447E-04  0.11836E-05
 0.20047E+00  0.29447E-04  0.90669E-06
 0.23404E+00  0.29447E-04  0.63044E-06
 0.27131E+00  0.29447E-04  0.53547E-06
 0.31210E+00  0.29447E-04  0.98654E-06
 0.35601E+00  0.29447E-04  0.21181E-05
 0.40249E+00  0.29447E-04  0.36433E-05
 0.45077E+00  0.29447E-04  0.50996E-05
 0.50000E+00  0.29447E-04  0.60781E-05
 0.54923E+00  0.29447E-04  0.63262E-05
 0.59751E+00  0.29447E-04  0.58828E-05
 0.64399E+00  0.29447E-04  0.50892E-05
 0.68790E+00  0.29447E-04  0.42882E-05
 0.72869E+00  0.29447E-04  0.36099E-05
 0.76596E+00  0.29447E-04  0.31517E-05
 0.79953E+00  0.29447E-04  0.30202E-05
 0.82937E+00  0.29447E-04  0.30830E-05
 0.85557E+00  0.29447E-04  0.31256E-05
 0.87834E+00  0.29447E-04  0.30638E-05
 0.89796E+00  0.29447E-04  0.29450E-05
 0.91472E+00  0.29447E-04  0.28457E-05
 0.92895E+00  0.29447E-04  0.28316E-05
 0.94096E+00  0.29447E-04  0.29079E-05
 0.95105E+00  0.29447E-04  0.30132E-05
 0.95949E+00  0.29447E-04  0.30826E-05
 0.96653E+00  0.29447E-04  0.30953E-05
 0.97238E+00  0.29447E-04  0.30592E-05
 0.97724E+00  0.29447E-04  0.29857E-05
 0.98126E+00  0.29447E-04  0.28844E-05
 0.98458E+00  0.29447E-04  0.27662E-05
 0.98732E+00  0.29447E-04  0.26441E-05
 0.98958E+00  0.29447E-04  0.25279E-05
 0.99145E+00  0.29447E-04  0.24202E-05
 0.99298E+00  0.29447E-04  0.23239E-05
 0.99424E+00  0.29447E-04  0.22491E-05
 0.99528E+00  0.29447E-04  0.21978E-05
 0.99613E+00  0.29447E-04  0.21649E-05
 0.99683E+00  0.29447E-04  0.21457E-05
 0.99741E+00  0.29447E-04  0.21368E-05
 0.99788E+00  0.29447E-04  0.21351E-05
 0.99827E+00  0.29447E-04  0.21371E-05
 0.99859E+00  0.29447E-04  0.21387E-05
 0.99885E+00  0.29447E-04  0.21379E-05
 0.99906E+00  0.29447E-04  0.21342E-05
 0.99924E+00  0.29447E-04  0.21280E-05
 0.99938E+00  0.29447E-04  0.21200E-05
 0.99950E+00  0.29447E-04  0.21112E-05
 0.99960E+00  0.29447E-04  0.21023E-05
 0.99968E+00  0.29447E-04  0.20941E-05
 0.99975E+00  0.29447E-04  0.20869E-05
 0.99980E+00  0.29447E-04  0.20811E-05
 0.99984E+00  0.29447E-04  0.20765E-05
 0.99988E+00  0.29447E-04  0.20732E-05
 0.99991E+00  0.29447E-04  0.20707E-05
 0.99993E+00  0.29447E-04  0.20691E-05
 0.99995E+00  0.29447E-04  0.20681E-05
 0.99997E+00  0.29447E-04  0.20674E-05
 0.99998E+00  0.29447E-04  0.20671E-05
 0.10000E+01  0.29447E-04  0.20670E-05
 0.10000E+01  0.29447E-04  0.00000E+00
 0.00000E+00  0.45836E-04  0.00000E+00
 0.49709E-05  0.45836E-04  0.10991E-05
 0.16001E-04  0.45836E-04  0.10992E-05
 0.29447E-04  0.45836E-04  0.10994E-05
 0.45836E-04  0.45836E-04  0.10997E-05
 0.65814E-04  0.45836E-04  0.11002E-05
 0.90165E-04  0.45836E-04  0.11010E-05
 0.11985E-03  0.45836E-04  0.11021E-05
 0.15603E-03  0.45836E-04  0.11037E-05
 0.20013E-03  0.45836E-04  0.11057E-05
 0.25388E-03  0.45836E-04  0.11084E-05
 0.31939E-03  0.45836E-04  0.11116E-05
 0.39924E-03  0.45836E-04  0.11154E-05
 0.49656E-03  0.45836E-04  0.11197E-05
 0.61516E-03  0.45836E-04  0.11242E-05
 0.75970E-03  0.45836E-04  0.11288E-05
 0.93583E-03  0.45836E-04  0.11335E-05
 0.11504E-02  0.45836E-04  0.11383E-05
 0.14119E-02  0.45836E-04  0.11433E-05
 0.17305E-02  0.45836E-04  0.11487E-05
 0.21186E-02  0.45836E-04  0.11549E-05
 0.25912E-02  0.45836E-04  0.11630E-05
 0.31667E-02  0.45836E-04  0.11746E-05
 0.38673E-02  0.45836E-04  0.11915E-05
 0.47200E-02  0.45836E-04  0.12117E-05
 0.57574E-02  0.45836E-04  0.12289E-05
 0.70191E-02  0.45836E-04  0.12406E-05
 0.85527E-02  0.45836E-04  0.12487E-05
 0.10416E-01  0.45836E-04  0.12541E-05
 0.12677E-01  0.45836E-04  0.12575E-05
 0.15420E-01  0.45836E-04  0.12773E-05
 0.18742E-01  0.45836E-04  0.13388E-05
 0.22762E-01  0.45836E-04  0.14363E-05
 0.27617E-01  0.45836E-04  0.15609E-05
 0.33469E-01  0.45836E-04  0.17029E-05
 0.40509E-01  0.45836E-04  0.18390E-05
 0.48950E-01  0.45836E-04  0.19372E-05
 0.59040E-01  0.45836E-04  0.19783E-05
 0.71052E-01  0.45836E-04  0.19700E-05
 0.85282E-01  0.45836E-04  0.19235E-05
 0.10204E+00  0.45836E-04  0.18296E-05
 0.12166E+00  0.45836E-04  0.16746E-05
 0.14443E+00  0.45836E-04  0.14510E-05
 0.17063E+00  0.45836E-04  0.11830E-05
 0.20047E+00  0.45836E-04  0.90601E-06
 0.23404E+00  0.45836E-04  0.62968E-06
 0.27131E+00  0.45836E-04  0.53468E-06
 0.31210E+00  0.45836E-04  0.98597E-06
 0.35601E+00  0.45836E-04  0.21182E-05
 0.40249E+00  0.45836E-04  0.36445E-05
 0.45077E+00  0.45836E-04  0.51019E-05
 0.50000E+00  0.45836E-04  0.60809E-05
 0.54923E+00  0.45836E-04  0.63290E-05
 0.59751E+00  0.45836E-04  0.58848E-05
 0.64399E+00  0.45836E-04  0.50903E-05
 0.68790E+00  0.45836E-04  0.42885E-05
 0.72869E+00  0.45836E-04  0.36095E-05
 0.76596E+00  0.45836E-04  0.31509E-05
 0.79953E+00  0.45836E-04  0.30195E-05
 0.82937E+00  0.45836E-04  0.30826E-05
 0.85557E+00  0.45836E-04  0.31253E-05
 0.87834E+00  0.45836E-04  0.30634E-05
 0.89796E+00  0.45836E-04  0.29444E-05
 0.91472E+00  0.45836E-04  0.28451E-05
 0.92895E+00  0.45836E-04  0.28310E-05
 0.94096E+00  0.45836E-04  0.29074E-05
 0.95105E+00  0.45836E-04  0.30129E-05
 0.95949E+00  0.45836E-04  0.30825E-05
 0.96653E+00  0.45836E-04  0.30953E-05
 0.97238E+00  0.45836E-04  0.30592E-05
 0.97724E+00  0.45836E-04  0.29856E-05
 0.98126E+00  0.45836E-04  0.28842E-05
 0.98458E+00  0.45836E-04  0.27660E-05
 0.98732E+00  0.45836E-04  0.26438E-05
 0.98958E+00  0.45836E-04  0.25274E-05
 0.99145E+00  0.45836E-04  0.24196E-05
 0.99298E+00  0.45836E-04  0.23232E-05
 0.99424E+00  0.45836E-04  0.22483E-05
 0.99528E+00  0.45836E-04  0.21969E-05
 0.99613E+00  0.45836E-04  0.21639E-05
 0.99683E+00  0.45836E-04  0.21448E-05
 0.99741E+00  0.45836E-04  0.21358E-05
 0.99788E+00  0.45836E-04  0.21341E-05
 0.99827E+00  0.45836E-04  0.21361E-05
 0.99859E+00  0.45836E-04  0.21377E-05
 0.99885E+00  0.45836E-04  0.21369E-05
 0.99906E+00  0.45836E-04  0.21333E-05
 0.99924E+00  0.45836E-04  0.21271E-05
 0.99938E+00  0.45836E-04  0.21191E-05
 0.99950E+00  0.45836E-04  0.21102E-05
 0.99960E+00  0.45836E-04  0.21013E-05
 0.99968E+00  0.45836E-04  0.20931E-05
 0.99975E+00  0.45836E-04  0.20859E-05
 0.99980E+00  0.45836E-04  0.20800E-05
 0.99984E+00  0.45836E-04  0.20754E-05
 0.99988E+00  0.45836E-04  0.20719E-05
 0.99991E+00  0.45836E-04  0.20694E-05
 0.99993E+00  0.45836E-04  0.20678E-05
 0.99995E+00  0.45836E-04  0.20667E-05
 0.99997E+00  0.45836E-04  0.20660E-05
 0.99998E+00  0.45836E-04  0.20657E-05
 0.10000E+01  0.45836E-04  0.20655E-05
 0.10000E+01  0.45836E-04  0.00000E+00
 0.00000E+00  0.65814E-04  0.00000E+00
 0.49709E-05  0.65814E-04  0.10971E-05
 0.16001E-04  0.65814E-04  0.10972E-05
 0.29447E-04  0.65814E-04  0.10973E-05
 0.45836E-04  0.65814E-04  0.10977E-05
 0.65814E-04  0.65814E-04  0.10982E-05
 0.90165E-04  0.65814E-04  0.10990E-05
 0.11985E-03  0.65814E-04  0.11002E-05
 0.15603E-03  0.65814E-04  0.11018E-05
 0.20013E-03  0.65814E-04  0.11039E-05
 0.25388E-03  0.65814E-04  0.11066E-05
 0.31939E-03  0.65814E-04  0.11099E-05
 0.39924E-03  0.65814E-04  0.11137E-05
 0.49656E-03  0.65814E-04  0.11179E-05
 0.61516E-03  0.65814E-04  0.11224E-05
 0.75970E-03  0.65814E-04  0.11271E-05
 0.93583E-03  0.65814E-04  0.11318E-05
 0.11504E-02  0.65814E-04  0.11366E-05
 0.14119E-02  0.65814E-04  0.11415E-05
 0.17305E-02  0.65814E-04  0.11469E-05
 0.21186E-02  0.65814E-04  0.11532E-05
 0.25912E-02  0.65814E-04  0.11613E-05
 0.31667E-02  0.65814E-04  0.11730E-05
 0.38673E-02  0.65814E-04  0.11899E-05
 0.47200E-02  0.65814E-04  0.12101E-05
 0.57574E-02  0.65814E-04  0.12274E-05
 0.70191E-02  0.65814E-04  0.12391E-05
 0.85527E-02  0.65814E-04  0.12473E-05
 0.10416E-01  0.65814E-04  0.12528E-05
 0.12677E-01  0.65814E-04  0.12561E-05
 0.15420E-01  0.65814E-04  0.12759E-05
 0.18742E-01  0.65814E-04  0.13375E-05
 0.22762E-01  0.65814E-04  0.14352E-05
 0.27617E-01  0.65814E-04  0.15600E-05
 0.33469E-01  0.65814E-04  0.17023E-05
 0.40509E-01  0.65814E-04  0.18388E-05
 0.48950E-01  0.65814E-04  0.19371E-05
 0.59040E-01  0.65814E-04  0.19784E-05
 0.71052E-01  0.65814E-04  0.19702E-05
 0.85282E-01  0.65814E-04  0.19236E-05
 0.10204E+00  0.65814E-04  0.18296E-05
 0.12166E+00  0.65814E-04  0.16743E-05
 0.14443E+00  0.65814E-04  0.14502E-05
 0.17063E+00  0.65814E-04  0.11819E-05
 0.20047E+00  0.65814E-04  0.90474E-06
 0.23404E+00  0.65814E-04  0.62829E-06
 0.27131E+00  0.65814E-04  0.53320E-06
 0.31210E+00  0.65814E-04  0.98482E-06
 0.35601E+00  0.65814E-04  0.21182E-05
 0.40249E+00  0.65814E-04  0.36464E-05
 0.45077E+00  0.65814E-04  0.51056E-05
 0.50000E+00  0.65814E-04  0.60856E-05
 0.54923E+00  0.65814E-04  0.63335E-05
 0.59751E+00  0.65814E-04  0.58883E-05
 0.64399E+00  0.65814E-04  0.50922E-05
 0.68790E+00  0.65814E-04  0.42889E-05
 0.72869E+00  0.65814E-04  0.36088E-05
 0.76596E+00  0.65814E-04  0.31494E-05
 0.79953E+00  0.65814E-04  0.30181E-05
 0.82937E+00  0.65814E-04  0.30816E-05
 0.85557E+00  0.65814E-04  0.31245E-05
 0.87834E+00  0.65814E-04  0.30625E-05
 0.89796E+00  0.65814E-04  0.29433E-05
 0.91472E+00  0.65814E-04  0.28437E-05
 0.92895E+00  0.65814E-04  0.28297E-05
 0.94096E+00  0.65814E-04  0.29063E-05
 0.95105E+00  0.65814E-04  0.30122E-05
 0.95949E+00  0.65814E-04  0.30821E-05
 0.96653E+00  0.65814E-04  0.30950E-05
 0.97238E+00  0.65814E-04  0.30590E-05
 0.97724E+00  0.65814E-04  0.29854E-05
 0.98126E+00  0.65814E-04  0.28838E-05
 0.98458E+00  0.65814E-04  0.27654E-05
 0.98732E+00  0.65814E-04  0.26429E-05
 0.98958E+00  0.65814E-04  0.25263E-05
 0.99145E+00  0.65814E-04  0.24184E-05
 0.99298E+00  0.65814E-04  0.23217E-05
 0.99424E+00  0.65814E-04  0.22467E-05
 0.99528E+00  0.65814E-04  0.21952E-05
 0.99613E+00  0.65814E-04  0.21621E-05
 0.99683E+00  0.65814E-04  0.21429E-05
 0.99741E+00  0.65814E-04  0.21340E-05
 0.99788E+00  0.65814E-04  0.21323E-05
 0.99827E+00  0.65814E-04  0.21343E-05
 0.99859E+00  0.65814E-04  0.21359E-05
 0.99885E+00  0.65814E-04  0.21351E-05
 0.99906E+00  0.65814E-04  0.21315E-05
 0.99924E+00  0.65814E-04  0.21253E-05
 0.99938E+00  0.65814E-04  0.21174E-05
 0.99950E+00  0.65814E-04  0.21085E-05
 0.99960E+00  0.65814E-04  0.20995E-05
 0.99968E+00  0.65814E-04  0.20912E-05
 0.99975E+00  0.65814E-04  0.20839E-05
 0.99980E+00  0.65814E-04  0.20779E-05
 0.99984E+00  0.65814E-04  0.20732E-05
 0.99988E+00  0.65814E-04  0.20697E-05
 0.99991E+00  0.65814E-04  0.20671E-05
 0.99993E+00  0.65814E-04  0.20654E-05
 0.99995E+00  0.65814E-04  0.20642E-05
 0.99997E+00  0.65814E-04  0.20635E-05
 0.99998E+00  0.65814E-04  0.20632E-05
 0.10000E+01  0.65814E-04  0.20630E-05
 0.10000E+01  0.65814E-04  0.00000E+00
 0.00000E+00  0.90165E-04  0.00000E+00
 0.49709E-05  0.90165E-04  0.10938E-05
 0.16001E-04  0.90165E-04  0.10939E-05
 0.29447E-04  0.90165E-04  0.10940E-05
 0.45836E-04  0.90165E-04  0.10944E-05
 0.65814E-04  0.90165E-04  0.10949E-05
 0.90165E-04  0.90165E-04  0.10958E-05
 0.11985E-03  0.90165E-04  0.10970E-05
 0.15603E-03  0.90165E-04  0.10986E-05
 0.20013E-03  0.90165E-04  0.11008E-05
 0.25388E-03  0.90165E-04  0.11036E-05
 0.31939E-03  0.90165E-04  0.11069E-05
 0.39924E-03  0.90165E-04  0.11107E-05
 0.49656E-03  0.90165E-04  0.11149E-05
 0.61516E-03  0.90165E-04  0.11195E-05
 0.75970E-03  0.90165E-04  0.11241E-05
 0.93583E-03  0.90165E-04  0.11288E-05
 0.11504E-02  0.90165E-04  0.11336E-05
 0.14119E-02  0.90165E-04  0.11386E-05
 0.17305E-02  0.90165E-04  0.11440E-05
 0.21186E-02  0.90165E-04  0.11504E-05
 0.25912E-02  0.90165E-04  0.11585E-05
 0.31667E-02  0.90165E-04  0.11702E-05
 0.38673E-02  0.90165E-04  0.11872E-05
 0.47200E-02  0.90165E-04  0.12076E-05
 0.57574E-02  0.90165E-04  0.12249E-05
 0.70191E-02  0.90165E-04  0.12367E-05
 0.85527E-02  0.90165E-04  0.12450E-05
 0.10416E-01  0.90165E-04  0.12504E-05
 0.12677E-01  0.90165E-04  0.12537E-05
 0.15420E-01  0.90165E-04  0.12736E-05
 0.18742E-01  0.90165E-04  0.13354E-05
 0.22762E-01  0.90165E-04  0.14333E-05
 0.27617E-01  0.90165E-04  0.15586E-05
 0.33469E-01  0.90165E-04  0.17013E-05
 0.40509E-01  0.90165E-04  0.18382E-05
 0.48950E-01  0.90165E-04  0.19369E-05
 0.59040E-01  0.90165E-04  0.19784E-05
 0.71052E-01  0.90165E-04  0.19702E-05
 0.85282E-01  0.90165E-04  0.19237E-05
 0.10204E+00  0.90165E-04  0.18295E-05
 0.12166E+00  0.90165E-04  0.16737E-05
 0.14443E+00  0.90165E-04  0.14489E-05
 0.17063E+00  0.90165E-04  0.11800E-05
 0.20047E+00  0.90165E-04  0.90253E-06
 0.23404E+00  0.90165E-04  0.62586E-06
 0.27131E+00  0.90165E-04  0.53061E-06
 0.31210E+00  0.90165E-04  0.98270E-06
 0.35601E+00  0.90165E-04  0.21178E-05
 0.40249E+00  0.90165E-04  0.36490E-05
 0.45077E+00  0.90165E-04  0.51112E-05
 0.50000E+00  0.90165E-04  0.60927E-05
 0.54923E+00  0.90165E-04  0.63404E-05
 0.59751E+00  0.90165E-04  0.58935E-05
 0.64399E+00  0.90165E-04  0.50949E-05
 0.68790E+00  0.90165E-04  0.42893E-05
 0.72869E+00  0.90165E-04  0.36073E-05
 0.76596E+00  0.90165E-04  0.31467E-05
 0.79953E+00  0.90165E-04  0.30156E-05
 0.82937E+00  0.90165E-04  0.30798E-05
 0.85557E+00  0.90165E-04  0.31231E-05
 0.87834E+00  0.90165E-04  0.30608E-05
 0.89796E+00  0.90165E-04  0.29411E-05
 0.91472E+00  0.90165E-04  0.28412E-05
 0.92895E+00  0.90165E-04  0.28272E-05
 0.94096E+00  0.90165E-04  0.29044E-05
 0.95105E+00  0.90165E-04  0.30109E-05
 0.95949E+00  0.90165E-04  0.30813E-05
 0.96653E+00  0.90165E-04  0.30945E-05
 0.97238E+00  0.90165E-04  0.30585E-05
 0.97724E+00  0.90165E-04  0.29847E-05
 0.98126E+00  0.90165E-04  0.28830E-05
 0.98458E+00  0.90165E-04  0.27642E-05
 0.98732E+00  0.90165E-04  0.26414E-05
 0.98958E+00  0.90165E-04  0.25244E-05
 0.99145E+00  0.90165E-04  0.24161E-05
 0.99298E+00  0.90165E-04  0.23191E-05
 0.99424E+00  0.90165E-04  0.22438E-05
 0.99528E+00  0.90165E-04  0.21921E-05
 0.99613E+00  0.90165E-04  0.21590E-05
 0.99683E+00  0.90165E-04  0.21397E-05
 0.99741E+00  0.90165E-04  0.21307E-05
 0.99788E+00  0.90165E-04  0.21290E-05
 0.99827E+00  0.90165E-04  0.21310E-05
 0.99859E+00  0.90165E-04  0.21327E-05
 0.99885E+00  0.90165E-04  0.21320E-05
 0.99906E+00  0.90165E-04  0.21284E-05
 0.99924E+00  0.90165E-04  0.21223E-05
 0.99938E+00  0.90165E-04  0.21143E-05
 0.99950E+00  0.90165E-04  0.21054E-05
 0.99960E+00  0.90165E-04  0.20964E-05
 0.99968E+00  0.90165E-04  0.20879E-05
 0.99975E+00  0.90165E-04  0.20806E-05
 0.99980E+00  0.90165E-04  0.20744E-05
 0.99984E+00  0.90165E-04  0.20696E-05
 0.99988E+00  0.90165E-04  0.20659E-05
 0.99991E+00  0.90165E-04  0.20632E-05
 0.99993E+00  0.90165E-04  0.20613E-05
 0.99995E+00  0.90165E-04  0.20601E-05
 0.99997E+00  0.90165E-04  0.20594E-05
 0.99998E+00  0.90165E-04  0.20590E-05
 0.10000E+01  0.90165E-04  0.20588E-05
 0.10000E+01  0.90165E-04  0.00000E+00
 0.00000E+00  0.11985E-03  0.00000E+00
 0.49709E-05  0.11985E-03  0.10887E-05
 0.16001E-04  0.11985E-03  0.10887E-05
 0.29447E-04  0.11985E-03  0.10889E-05
 0.45836E-04  0.11985E-03  0.10893E-05
 0.65814E-04  0.11985E-03  0.10899E-05
 0.90165E-04  0.11985E-03  0.10907E-05
 0.11985E-03  0.11985E-03  0.10920E-05
 0.15603E-03  0.11985E-03  0.10937E-05
 0.20013E-03  0.11985E-03  0.10959E-05
 0.25388E-03  0.11985E-03  0.10987E-05
 0.31939E-03  0.11985E-03  0.11021E-05
 0.39924E-03  0.11985E-03  0.11059E-05
 0.49656E-03  0.11985E-03  0.11102E-05
 0.61516E-03  0.11985E-03  0.11147E-05
 0.75970E-03  0.11985E-03  0.11194E-05
 0.93583E-03  0.11985E-03  0.11241E-05
 0.11504E-02  0.11985E-03  0.11289E-05
 0.14119E-02  0.11985E-03  0.11339E-05
 0.17305E-02  0.11985E-03  0.11394E-05
 0.21186E-02  0.11985E-03  0.11458E-05
 0.25912E-02  0.11985E-03  0.11539E-05
 0.31667E-02  0.11985E-03  0.11658E-05
 0.38673E-02  0.11985E-03  0.11829E-05
 0.47200E-02  0.11985E-03  0.12034E-05
 0.57574E-02  0.11985E-03  0.12209E-05
 0.70191E-02  0.11985E-03  0.12329E-05
 0.85527E-02  0.11985E-03  0.12412E-05
 0.10416E-01  0.11985E-03  0.12467E-05
 0.12677E-01  0.11985E-03  0.12500E-05
 0.15420E-01  0.11985E-03  0.12698E-05
 0.18742E-01  0.11985E-03  0.13319E-05
 0.22762E-01  0.11985E-03  0.14303E-05
 0.27617E-01  0.11985E-03  0.15561E-05
 0.33469E-01  0.11985E-03  0.16995E-05
 0.40509E-01  0.11985E-03  0.18371E-05
 0.48950E-01  0.11985E-03  0.19364E-05
 0.59040E-01  0.11985E-03  0.19781E-05
 0.71052E-01  0.11985E-03  0.19701E-05
 0.85282E-01  0.11985E-03  0.19235E-05
 0.10204E+00  0.11985E-03  0.18290E-05
 0.12166E+00  0.11985E-03  0.16725E-05
 0.14443E+00  0.11985E-03  0.14466E-05
 0.17063E+00  0.11985E-03  0.11767E-05
 0.20047E+00  0.11985E-03  0.89883E-06
 0.23404E+00  0.11985E-03  0.62184E-06
 0.27131E+00  0.11985E-03  0.52629E-06
 0.31210E+00  0.11985E-03  0.97899E-06
 0.35601E+00  0.11985E-03  0.21167E-05
 0.40249E+00  0.11985E-03  0.36524E-05
 0.45077E+00  0.11985E-03  0.51191E-05
 0.50000E+00  0.11985E-03  0.61030E-05
 0.54923E+00  0.11985E-03  0.63504E-05
 0.59751E+00  0.11985E-03  0.59009E-05
 0.64399E+00  0.11985E-03  0.50986E-05
 0.68790E+00  0.11985E-03  0.42895E-05
 0.72869E+00  0.11985E-03  0.36045E-05
 0.76596E+00  0.11985E-03  0.31422E-05
 0.79953E+00  0.11985E-03  0.30112E-05
 0.82937E+00  0.11985E-03  0.30765E-05
 0.85557E+00  0.11985E-03  0.31203E-05
 0.87834E+00  0.11985E-03  0.30577E-05
 0.89796E+00  0.11985E-03  0.29372E-05
 0.91472E+00  0.11985E-03  0.28369E-05
 0.92895E+00  0.11985E-03  0.28229E-05
 0.94096E+00  0.11985E-03  0.29008E-05
 0.95105E+00  0.11985E-03  0.30083E-05
 0.95949E+00  0.11985E-03  0.30794E-05
 0.96653E+00  0.11985E-03  0.30931E-05
 0.97238E+00  0.11985E-03  0.30573E-05
 0.97724E+00  0.11985E-03  0.29834E-05
 0.98126E+00  0.11985E-03  0.28812E-05
 0.98458E+00  0.11985E-03  0.27619E-05
 0.98732E+00  0.11985E-03  0.26385E-05
 0.98958E+00  0.11985E-03  0.25210E-05
 0.99145E+00  0.11985E-03  0.24122E-05
 0.99298E+00  0.11985E-03  0.23147E-05
 0.99424E+00  0.11985E-03  0.22390E-05
 0.99528E+00  0.11985E-03  0.21870E-05
 0.99613E+00  0.11985E-03  0.21536E-05
 0.99683E+00  0.11985E-03  0.21342E-05
 0.99741E+00  0.11985E-03  0.21252E-05
 0.99788E+00  0.11985E-03  0.21235E-05
 0.99827E+00  0.11985E-03  0.21255E-05
 0.99859E+00  0.11985E-03  0.21273E-05
 0.99885E+00  0.11985E-03  0.21267E-05
 0.99906E+00  0.11985E-03  0.21231E-05
 0.99924E+00  0.11985E-03  0.21170E-05
 0.99938E+00  0.11985E-03  0.21091E-05
 0.99950E+00  0.11985E-03  0.21001E-05
 0.99960E+00  0.11985E-03  0.20910E-05
 0.99968E+00  0.11985E-03  0.20825E-05
 0.99975E+00  0.11985E-03  0.20749E-05
 0.99980E+00  0.11985E-03  0.20686E-05
 0.99984E+00  0.11985E-03  0.20635E-05
 0.99988E+00  0.11985E-03  0.20597E-05
 0.99991E+00  0.11985E-03  0.20569E-05
 0.99993E+00  0.11985E-03  0.20549E-05
 0.99995E+00  0.11985E-03  0.20536E-05
 0.99997E+00  0.11985E-03  0.20528E-05
 0.99998E+00  0.11985E-03  0.20524E-05
 0.10000E+01  0.11985E-03  0.20523E-05
 0.10000E+01  0.11985E-03  0.00000E+00
 0.00000E+00  0.15603E-03  0.00000E+00
 0.49709E-05  0.15603E-03  0.10810E-05
 0.16001E-04  0.15603E-03  0.10811E-05
 0.29447E-04  0.15603E-03  0.10813E-05
 0.45836E-04  0.15603E-03  0.10816E-05
 0.65814E-04  0.15603E-03  0.10822E-05
 0.90165E-04  0.15603E-03  0.10831E-05
 0.11985E-03  0.15603E-03  0.10844E-05
 0.15603E-03  0.15603E-03  0.10862E-05
 0.20013E-03  0.15603E-03  0.10884E-05
 0.25388E-03  0.15603E-03  0.10913E-05
 0.31939E-03  0.15603E-03  0.10947E-05
 0.39924E-03  0.15603E-03  0.10985E-05
 0.49656E-03  0.15603E-03  0.11028E-05
 0.61516E-03  0.15603E-03  0.11073E-05
 0.75970E-03  0.15603E-03  0.11120E-05
 0.93583E-03  0.15603E-03  0.11167E-05
 0.11504E-02  0.15603E-03  0.11215E-05
 0.14119E-02  0.15603E-03  0.11266E-05
 0.17305E-02  0.15603E-03  0.11321E-05
 0.21186E-02  0.15603E-03  0.11386E-05
 0.25912E-02  0.15603E-03  0.11469E-05
 0.31667E-02  0.15603E-03  0.11588E-05
 0.38673E-02  0.15603E-03  0.11762E-05
 0.47200E-02  0.15603E-03  0.11970E-05
 0.57574E-02  0.15603E-03  0.12147E-05
 0.70191E-02  0.15603E-03  0.12268E-05
 0.85527E-02  0.15603E-03  0.12353E-05
 0.10416E-01  0.15603E-03  0.12408E-05
 0.12677E-01  0.15603E-03  0.12440E-05
 0.15420E-01  0.15603E-03  0.12639E-05
 0.18742E-01  0.15603E-03  0.13264E-05
 0.22762E-01  0.15603E-03  0.14254E-05
 0.27617E-01  0.15603E-03  0.15521E-05
 0.33469E-01  0.15603E-03  0.16965E-05
 0.40509E-01  0.15603E-03  0.18352E-05
 0.48950E-01  0.15603E-03  0.19352E-05
 0.59040E-01  0.15603E-03  0.19774E-05
 0.71052E-01  0.15603E-03  0.19696E-05
 0.85282E-01  0.15603E-03  0.19229E-05
 0.10204E+00  0.15603E-03  0.18279E-05
 0.12166E+00  0.15603E-03  0.16703E-05
 0.14443E+00  0.15603E-03  0.14428E-05
 0.17063E+00  0.15603E-03  0.11713E-05
 0.20047E+00  0.15603E-03  0.89292E-06
 0.23404E+00  0.15603E-03  0.61544E-06
 0.27131E+00  0.15603E-03  0.51937E-06
 0.31210E+00  0.15603E-03  0.97277E-06
 0.35601E+00  0.15603E-03  0.21140E-05
 0.40249E+00  0.15603E-03  0.36563E-05
 0.45077E+00  0.15603E-03  0.51294E-05
 0.50000E+00  0.15603E-03  0.61168E-05
 0.54923E+00  0.15603E-03  0.63640E-05
 0.59751E+00  0.15603E-03  0.59108E-05
 0.64399E+00  0.15603E-03  0.51032E-05
 0.68790E+00  0.15603E-03  0.42890E-05
 0.72869E+00  0.15603E-03  0.35997E-05
 0.76596E+00  0.15603E-03  0.31347E-05
 0.79953E+00  0.15603E-03  0.30040E-05
 0.82937E+00  0.15603E-03  0.30708E-05
 0.85557E+00  0.15603E-03  0.31153E-05
 0.87834E+00  0.15603E-03  0.30521E-05
 0.89796E+00  0.15603E-03  0.29306E-05
 0.91472E+00  0.15603E-03  0.28294E-05
 0.92895E+00  0.15603E-03  0.28156E-05
 0.94096E+00  0.15603E-03  0.28945E-05
 0.95105E+00  0.15603E-03  0.30035E-05
 0.95949E+00  0.15603E-03  0.30759E-05
 0.96653E+00  0.15603E-03  0.30903E-05
 0.97238E+00  0.15603E-03  0.30547E-05
 0.97724E+00  0.15603E-03  0.29806E-05
 0.98126E+00  0.15603E-03  0.28779E-05
 0.98458E+00  0.15603E-03  0.27578E-05
 0.98732E+00  0.15603E-03  0.26336E-05
 0.98958E+00  0.15603E-03  0.25152E-05
 0.99145E+00  0.15603E-03  0.24056E-05
 0.99298E+00  0.15603E-03  0.23073E-05
 0.99424E+00  0.15603E-03  0.22310E-05
 0.99528E+00  0.15603E-03  0.21785E-05
 0.99613E+00  0.15603E-03  0.21449E-05
 0.99683E+00  0.15603E-03  0.21253E-05
 0.99741E+00  0.15603E-03  0.21162E-05
 0.99788E+00  0.15603E-03  0.21145E-05
 0.99827E+00  0.15603E-03  0.21166E-05
 0.99859E+00  0.15603E-03  0.21185E-05
 0.99885E+00  0.15603E-03  0.21180E-05
 0.99906E+00  0.15603E-03  0.21145E-05
 0.99924E+00  0.15603E-03  0.21085E-05
 0.99938E+00  0.15603E-03  0.21005E-05
 0.99950E+00  0.15603E-03  0.20915E-05
 0.99960E+00  0.15603E-03  0.20823E-05
 0.99968E+00  0.15603E-03  0.20736E-05
 0.99975E+00  0.15603E-03  0.20659E-05
 0.99980E+00  0.15603E-03  0.20593E-05
 0.99984E+00  0.15603E-03  0.20541E-05
 0.99988E+00  0.15603E-03  0.20500E-05
 0.99991E+00  0.15603E-03  0.20471E-05
 0.99993E+00  0.15603E-03  0.20450E-05
 0.99995E+00  0.15603E-03  0.20436E-05
 0.99997E+00  0.15603E-03  0.20428E-05
 0.99998E+00  0.15603E-03  0.20424E-05
 0.10000E+01  0.15603E-03  0.20422E-05
 0.10000E+01  0.15603E-03  0.00000E+00
 0.00000E+00  0.20013E-03  0.00000E+00
 0.49709E-05  0.20013E-03  0.10698E-05
 0.16001E-04  0.20013E-03  0.10699E-05
 0.29447E-04  0.20013E-03  0.10701E-05
 0.45836E-04  0.20013E-03  0.10704E-05
 0.65814E-04  0.20013E-03  0.10710E-05
 0.90165E-04  0.20013E-03  0.10719E-05
 0.11985E-03  0.20013E-03  0.10732E-05
 0.15603E-03  0.20013E-03  0.10750E-05
 0.20013E-03  0.20013E-03  0.10773E-05
 0.25388E-03  0.20013E-03  0.10801E-05
 0.31939E-03  0.20013E-03  0.10835E-05
 0.39924E-03  0.20013E-03  0.10874E-05
 0.49656E-03  0.20013E-03  0.10917E-05
 0.61516E-03  0.20013E-03  0.10962E-05
 0.75970E-03  0.20013E-03  0.11008E-05
 0.93583E-03  0.20013E-03  0.11056E-05
 0.11504E-02  0.20013E-03  0.11104E-05
 0.14119E-02  0.20013E-03  0.11156E-05
 0.17305E-02  0.20013E-03  0.11212E-05
 0.21186E-02  0.20013E-03  0.11278E-05
 0.25912E-02  0.20013E-03  0.11362E-05
 0.31667E-02  0.20013E-03  0.11484E-05
 0.38673E-02  0.20013E-03  0.11661E-05
 0.47200E-02  0.20013E-03  0.11873E-05
 0.57574E-02  0.20013E-03  0.12053E-05
 0.70191E-02  0.20013E-03  0.12177E-05
 0.85527E-02  0.20013E-03  0.12263E-05
 0.10416E-01  0.20013E-03  0.12319E-05
 0.12677E-01  0.20013E-03  0.12350E-05
 0.15420E-01  0.20013E-03  0.12549E-05
 0.18742E-01  0.20013E-03  0.13179E-05
 0.22762E-01  0.20013E-03  0.14179E-05
 0.27617E-01  0.20013E-03  0.15458E-05
 0.33469E-01  0.20013E-03  0.16917E-05
 0.40509E-01  0.20013E-03  0.18318E-05
 0.48950E-01  0.20013E-03  0.19330E-05
 0.59040E-01  0.20013E-03  0.19758E-05
 0.71052E-01  0.20013E-03  0.19681E-05
 0.85282E-01  0.20013E-03  0.19213E-05
 0.10204E+00  0.20013E-03  0.18256E-05
 0.12166E+00  0.20013E-03  0.16663E-05
 0.14443E+00  0.20013E-03  0.14365E-05
 0.17063E+00  0.20013E-03  0.11629E-05
 0.20047E+00  0.20013E-03  0.88373E-06
 0.23404E+00  0.20013E-03  0.60558E-06
 0.27131E+00  0.20013E-03  0.50864E-06
 0.31210E+00  0.20013E-03  0.96271E-06
 0.35601E+00  0.20013E-03  0.21086E-05
 0.40249E+00  0.20013E-03  0.36599E-05
 0.45077E+00  0.20013E-03  0.51423E-05
 0.50000E+00  0.20013E-03  0.61347E-05
 0.54923E+00  0.20013E-03  0.63815E-05
 0.59751E+00  0.20013E-03  0.59233E-05
 0.64399E+00  0.20013E-03  0.51082E-05
 0.68790E+00  0.20013E-03  0.42870E-05
 0.72869E+00  0.20013E-03  0.35916E-05
 0.76596E+00  0.20013E-03  0.31227E-05
 0.79953E+00  0.20013E-03  0.29922E-05
 0.82937E+00  0.20013E-03  0.30612E-05
 0.85557E+00  0.20013E-03  0.31066E-05
 0.87834E+00  0.20013E-03  0.30425E-05
 0.89796E+00  0.20013E-03  0.29194E-05
 0.91472E+00  0.20013E-03  0.28171E-05
 0.92895E+00  0.20013E-03  0.28035E-05
 0.94096E+00  0.20013E-03  0.28840E-05
 0.95105E+00  0.20013E-03  0.29953E-05
 0.95949E+00  0.20013E-03  0.30696E-05
 0.96653E+00  0.20013E-03  0.30850E-05
 0.97238E+00  0.20013E-03  0.30498E-05
 0.97724E+00  0.20013E-03  0.29754E-05
 0.98126E+00  0.20013E-03  0.28720E-05
 0.98458E+00  0.20013E-03  0.27508E-05
 0.98732E+00  0.20013E-03  0.26253E-05
 0.98958E+00  0.20013E-03  0.25057E-05
 0.99145E+00  0.20013E-03  0.23948E-05
 0.99298E+00  0.20013E-03  0.22954E-05
 0.99424E+00  0.20013E-03  0.22181E-05
 0.99528E+00  0.20013E-03  0.21650E-05
 0.99613E+00  0.20013E-03  0.21309E-05
 0.99683E+00  0.20013E-03  0.21111E-05
 0.99741E+00  0.20013E-03  0.21018E-05
 0.99788E+00  0.20013E-03  0.21001E-05
 0.99827E+00  0.20013E-03  0.21024E-05
 0.99859E+00  0.20013E-03  0.21045E-05
 0.99885E+00  0.20013E-03  0.21042E-05
 0.99906E+00  0.20013E-03  0.21008E-05
 0.99924E+00  0.20013E-03  0.20949E-05
 0.99938E+00  0.20013E-03  0.20870E-05
 0.99950E+00  0.20013E-03  0.20780E-05
 0.99960E+00  0.20013E-03  0.20687E-05
 0.99968E+00  0.20013E-03  0.20598E-05
 0.99975E+00  0.20013E-03  0.20518E-05
 0.99980E+00  0.20013E-03  0.20450E-05
 0.99984E+00  0.20013E-03  0.20396E-05
 0.99988E+00  0.20013E-03  0.20354E-05
 0.99991E+00  0.20013E-03  0.20323E-05
 0.99993E+00  0.20013E-03  0.20301E-05
 0.99995E+00  0.20013E-03  0.20287E-05
 0.99997E+00  0.20013E-03  0.20279E-05
 0.99998E+00  0.20013E-03  0.20274E-05
 0.10000E+01  0.20013E-03  0.20272E-05
 0.10000E+01  0.20013E-03  0.00000E+00
 0.00000E+00  0.25388E-03  0.00000E+00
 0.49709E-05  0.25388E-03  0.10539E-05
 0.16001E-04  0.25388E-03  0.10539E-05
 0.29447E-04  0.25388E-03  0.10541E-05
 0.45836E-04  0.25388E-03  0.10545E-05
 0.65814E-04  0.25388E-03  0.10550E-05
 0.90165E-04  0.25388E-03  0.10559E-05
 0.11985E-03  0.25388E-03  0.10571E-05
 0.15603E-03  0.25388E-03  0.10589E-05
 0.20013E-03  0.25388E-03  0.10611E-05
 0.25388E-03  0.25388E-03  0.10639E-05
 0.31939E-03  0.25388E-03  0.10673E-05
 0.39924E-03  0.25388E-03  0.10711E-05
 0.49656E-03  0.25388E-03  0.10753E-05
 0.61516E-03  0.25388E-03  0.10798E-05
 0.75970E-03  0.25388E-03  0.10844E-05
 0.93583E-03  0.25388E-03  0.10891E-05
 0.11504E-02  0.25388E-03  0.10941E-05
 0.14119E-02  0.25388E-03  0.10994E-05
 0.17305E-02  0.25388E-03  0.11052E-05
 0.21186E-02  0.25388E-03  0.11120E-05
 0.25912E-02  0.25388E-03  0.11206E-05
 0.31667E-02  0.25388E-03  0.11331E-05
 0.38673E-02  0.25388E-03  0.11512E-05
 0.47200E-02  0.25388E-03  0.11730E-05
 0.57574E-02  0.25388E-03  0.11915E-05
 0.70191E-02  0.25388E-03  0.12042E-05
 0.85527E-02  0.25388E-03  0.12131E-05
 0.10416E-01  0.25388E-03  0.12187E-05
 0.12677E-01  0.25388E-03  0.12217E-05
 0.15420E-01  0.25388E-03  0.12416E-05
 0.18742E-01  0.25388E-03  0.13053E-05
 0.22762E-01  0.25388E-03  0.14066E-05
 0.27617E-01  0.25388E-03  0.15362E-05
 0.33469E-01  0.25388E-03  0.16842E-05
 0.40509E-01  0.25388E-03  0.18263E-05
 0.48950E-01  0.25388E-03  0.19290E-05
 0.59040E-01  0.25388E-03  0.19726E-05
 0.71052E-01  0.25388E-03  0.19652E-05
 0.85282E-01  0.25388E-03  0.19180E-05
 0.10204E+00  0.25388E-03  0.18212E-05
 0.12166E+00  0.25388E-03  0.16598E-05
 0.14443E+00  0.25388E-03  0.14267E-05
 0.17063E+00  0.25388E-03  0.11501E-05
 0.20047E+00  0.25388E-03  0.86990E-06
 0.23404E+00  0.25388E-03  0.59086E-06
 0.27131E+00  0.25388E-03  0.49252E-06
 0.31210E+00  0.25388E-03  0.94699E-06
 0.35601E+00  0.25388E-03  0.20987E-05
 0.40249E+00  0.25388E-03  0.36621E-05
 0.45077E+00  0.25388E-03  0.51570E-05
 0.50000E+00  0.25388E-03  0.61563E-05
 0.54923E+00  0.25388E-03  0.64028E-05
 0.59751E+00  0.25388E-03  0.59380E-05
 0.64399E+00  0.25388E-03  0.51129E-05
 0.68790E+00  0.25388E-03  0.42820E-05
 0.72869E+00  0.25388E-03  0.35782E-05
 0.76596E+00  0.25388E-03  0.31039E-05
 0.79953E+00  0.25388E-03  0.29736E-05
 0.82937E+00  0.25388E-03  0.30456E-05
 0.85557E+00  0.25388E-03  0.30923E-05
 0.87834E+00  0.25388E-03  0.30269E-05
 0.89796E+00  0.25388E-03  0.29015E-05
 0.91472E+00  0.25388E-03  0.27974E-05
 0.92895E+00  0.25388E-03  0.27841E-05
 0.94096E+00  0.25388E-03  0.28670E-05
 0.95105E+00  0.25388E-03  0.29815E-05
 0.95949E+00  0.25388E-03  0.30586E-05
 0.96653E+00  0.25388E-03  0.30757E-05
 0.97238E+00  0.25388E-03  0.30411E-05
 0.97724E+00  0.25388E-03  0.29664E-05
 0.98126E+00  0.25388E-03  0.28620E-05
 0.98458E+00  0.25388E-03  0.27393E-05
 0.98732E+00  0.25388E-03  0.26120E-05
 0.98958E+00  0.25388E-03  0.24905E-05
 0.99145E+00  0.25388E-03  0.23780E-05
 0.99298E+00  0.25388E-03  0.22769E-05
 0.99424E+00  0.25388E-03  0.21982E-05
 0.99528E+00  0.25388E-03  0.21441E-05
 0.99613E+00  0.25388E-03  0.21094E-05
 0.99683E+00  0.25388E-03  0.20892E-05
 0.99741E+00  0.25388E-03  0.20797E-05
 0.99788E+00  0.25388E-03  0.20781E-05
 0.99827E+00  0.25388E-03  0.20806E-05
 0.99859E+00  0.25388E-03  0.20830E-05
 0.99885E+00  0.25388E-03  0.20829E-05
 0.99906E+00  0.25388E-03  0.20798E-05
 0.99924E+00  0.25388E-03  0.20740E-05
 0.99938E+00  0.25388E-03  0.20662E-05
 0.99950E+00  0.25388E-03  0.20571E-05
 0.99960E+00  0.25388E-03  0.20477E-05
 0.99968E+00  0.25388E-03  0.20387E-05
 0.99975E+00  0.25388E-03  0.20306E-05
 0.99980E+00  0.25388E-03  0.20236E-05
 0.99984E+00  0.25388E-03  0.20180E-05
 0.99988E+00  0.25388E-03  0.20137E-05
 0.99991E+00  0.25388E-03  0.20105E-05
 0.99993E+00  0.25388E-03  0.20083E-05
 0.99995E+00  0.25388E-03  0.20069E-05
 0.99997E+00  0.25388E-03  0.20060E-05
 0.99998E+00  0.25388E-03  0.20056E-05
 0.10000E+01  0.25388E-03  0.20054E-05
 0.10000E+01  0.25388E-03  0.00000E+00
 0.00000E+00  0.31939E-03  0.00000E+00
 0.49709E-05  0.31939E-03  0.10317E-05
 0.16001E-04  0.31939E-03  0.10318E-05
 0.29447E-04  0.31939E-03  0.10319E-05
 0.45836E-04  0.31939E-03  0.10322E-05
 0.65814E-04  0.31939E-03  0.10327E-05
 0.90165E-04  0.31939E-03  0.10335E-05
 0.11985E-03  0.31939E-03  0.10347E-05
 0.15603E-03  0.31939E-03  0.10363E-05
 0.20013E-03  0.31939E-03  0.10384E-05
 0.25388E-03  0.31939E-03  0.10411E-05
 0.31939E-03  0.31939E-03  0.10443E-05
 0.39924E-03  0.31939E-03  0.10479E-05
 0.49656E-03  0.31939E-03  0.10520E-05
 0.61516E-03  0.31939E-03  0.10564E-05
 0.75970E-03  0.31939E-03  0.10609E-05
 0.93583E-03  0.31939E-03  0.10657E-05
 0.11504E-02  0.31939E-03  0.10708E-05
 0.14119E-02  0.31939E-03  0.10763E-05
 0.17305E-02  0.31939E-03  0.10823E-05
 0.21186E-02  0.31939E-03  0.10894E-05
 0.25912E-02  0.31939E-03  0.10984E-05
 0.31667E-02  0.31939E-03  0.11113E-05
 0.38673E-02  0.31939E-03  0.11301E-05
 0.47200E-02  0.31939E-03  0.11526E-05
 0.57574E-02  0.31939E-03  0.11718E-05
 0.70191E-02  0.31939E-03  0.11850E-05
 0.85527E-02  0.31939E-03  0.11941E-05
 0.10416E-01  0.31939E-03  0.11999E-05
 0.12677E-01  0.31939E-03  0.12026E-05
 0.15420E-01  0.31939E-03  0.12224E-05
 0.18742E-01  0.31939E-03  0.12870E-05
 0.22762E-01  0.31939E-03  0.13901E-05
 0.27617E-01  0.31939E-03  0.15220E-05
 0.33469E-01  0.31939E-03  0.16727E-05
 0.40509E-01  0.31939E-03  0.18175E-05
 0.48950E-01  0.31939E-03  0.19224E-05
 0.59040E-01  0.31939E-03  0.19670E-05
 0.71052E-01  0.31939E-03  0.19597E-05
 0.85282E-01  0.31939E-03  0.19120E-05
 0.10204E+00  0.31939E-03  0.18137E-05
 0.12166E+00  0.31939E-03  0.16493E-05
 0.14443E+00  0.31939E-03  0.14118E-05
 0.17063E+00  0.31939E-03  0.11312E-05
 0.20047E+00  0.31939E-03  0.84977E-06
 0.23404E+00  0.31939E-03  0.56957E-06
 0.27131E+00  0.31939E-03  0.46906E-06
 0.31210E+00  0.31939E-03  0.92327E-06
 0.35601E+00  0.31939E-03  0.20818E-05
 0.40249E+00  0.31939E-03  0.36607E-05
 0.45077E+00  0.31939E-03  0.51723E-05
 0.50000E+00  0.31939E-03  0.61808E-05
 0.54923E+00  0.31939E-03  0.64270E-05
 0.59751E+00  0.31939E-03  0.59538E-05
 0.64399E+00  0.31939E-03  0.51158E-05
 0.68790E+00  0.31939E-03  0.42722E-05
 0.72869E+00  0.31939E-03  0.35572E-05
 0.76596E+00  0.31939E-03  0.30754E-05
 0.79953E+00  0.31939E-03  0.29453E-05
 0.82937E+00  0.31939E-03  0.30212E-05
 0.85557E+00  0.31939E-03  0.30697E-05
 0.87834E+00  0.31939E-03  0.30024E-05
 0.89796E+00  0.31939E-03  0.28736E-05
 0.91472E+00  0.31939E-03  0.27672E-05
 0.92895E+00  0.31939E-03  0.27542E-05
 0.94096E+00  0.31939E-03  0.28405E-05
 0.95105E+00  0.31939E-03  0.29596E-05
 0.95949E+00  0.31939E-03  0.30407E-05
 0.96653E+00  0.31939E-03  0.30603E-05
 0.97238E+00  0.31939E-03  0.30266E-05
 0.97724E+00  0.31939E-03  0.29516E-05
 0.98126E+00  0.31939E-03  0.28458E-05
 0.98458E+00  0.31939E-03  0.27210E-05
 0.98732E+00  0.31939E-03  0.25912E-05
 0.98958E+00  0.31939E-03  0.24673E-05
 0.99145E+00  0.31939E-03  0.23523E-05
 0.99298E+00  0.31939E-03  0.22489E-05
 0.99424E+00  0.31939E-03  0.21682E-05
 0.99528E+00  0.31939E-03  0.21127E-05
 0.99613E+00  0.31939E-03  0.20771E-05
 0.99683E+00  0.31939E-03  0.20564E-05
 0.99741E+00  0.31939E-03  0.20467E-05
 0.99788E+00  0.31939E-03  0.20450E-05
 0.99827E+00  0.31939E-03  0.20479E-05
 0.99859E+00  0.31939E-03  0.20507E-05
 0.99885E+00  0.31939E-03  0.20510E-05
 0.99906E+00  0.31939E-03  0.20482E-05
 0.99924E+00  0.31939E-03  0.20427E-05
 0.99938E+00  0.31939E-03  0.20351E-05
 0.99950E+00  0.31939E-03  0.20261E-05
 0.99960E+00  0.31939E-03  0.20167E-05
 0.99968E+00  0.31939E-03  0.20077E-05
 0.99975E+00  0.31939E-03  0.19994E-05
 0.99980E+00  0.31939E-03  0.19925E-05
 0.99984E+00  0.31939E-03  0.19868E-05
 0.99988E+00  0.31939E-03  0.19825E-05
 0.99991E+00  0.31939E-03  0.19793E-05
 0.99993E+00  0.31939E-03  0.19772E-05
 0.99995E+00  0.31939E-03  0.19757E-05
 0.99997E+00  0.31939E-03  0.19749E-05
 0.99998E+00  0.31939E-03  0.19744E-05
 0.10000E+01  0.31939E-03  0.19743E-05
 0.10000E+01  0.31939E-03  0.00000E+00
 0.00000E+00  0.39924E-03  0.00000E+00
 0.49709E-05  0.39924E-03  0.10017E-05
 0.16001E-04  0.39924E-03  0.10018E-05
 0.29447E-04  0.39924E-03  0.10019E-05
 0.45836E-04  0.39924E-03  0.10021E-05
 0.65814E-04  0.39924E-03  0.10026E-05
 0.90165E-04  0.39924E-03  0.10032E-05
 0.11985E-03  0.39924E-03  0.10042E-05
 0.15603E-03  0.39924E-03  0.10056E-05
 0.20013E-03  0.39924E-03  0.10075E-05
 0.25388E-03  0.39924E-03  0.10098E-05
 0.31939E-03  0.39924E-03  0.10127E-05
 0.39924E-03  0.39924E-03  0.10161E-05
 0.49656E-03  0.39924E-03  0.10199E-05
 0.61516E-03  0.39924E-03  0.10241E-05
 0.75970E-03  0.39924E-03  0.10286E-05
 0.93583E-03  0.39924E-03  0.10334E-05
 0.11504E-02  0.39924E-03  0.10386E-05
 0.14119E-02  0.39924E-03  0.10444E-05
 0.17305E-02  0.39924E-03  0.10509E-05
 0.21186E-02  0.39924E-03  0.10585E-05
 0.25912E-02  0.39924E-03  0.10679E-05
 0.31667E-02  0.39924E-03  0.10814E-05
 0.38673E-02  0.39924E-03  0.11010E-05
 0.47200E-02  0.39924E-03  0.11246E-05
 0.57574E-02  0.39924E-03  0.11447E-05
 0.70191E-02  0.39924E-03  0.11585E-05
 0.85527E-02  0.39924E-03  0.11681E-05
 0.10416E-01  0.39924E-03  0.11739E-05
 0.12677E-01  0.39924E-03  0.11761E-05
 0.15420E-01  0.39924E-03  0.11956E-05
 0.18742E-01  0.39924E-03  0.12614E-05
 0.22762E-01  0.39924E-03  0.13668E-05
 0.27617E-01  0.39924E-03  0.15018E-05
 0.33469E-01  0.39924E-03  0.16559E-05
 0.40509E-01  0.39924E-03  0.18044E-05
 0.48950E-01  0.39924E-03  0.19119E-05
 0.59040E-01  0.39924E-03  0.19578E-05
 0.71052E-01  0.39924E-03  0.19505E-05
 0.85282E-01  0.39924E-03  0.19021E-05
 0.10204E+00  0.39924E-03  0.18017E-05
 0.12166E+00  0.39924E-03  0.16333E-05
 0.14443E+00  0.39924E-03  0.13901E-05
 0.17063E+00  0.39924E-03  0.11044E-05
 0.20047E+00  0.39924E-03  0.82148E-06
 0.23404E+00  0.39924E-03  0.53986E-06
 0.27131E+00  0.39924E-03  0.43610E-06
 0.31210E+00  0.39924E-03  0.88879E-06
 0.35601E+00  0.39924E-03  0.20546E-05
 0.40249E+00  0.39924E-03  0.36527E-05
 0.45077E+00  0.39924E-03  0.51856E-05
 0.50000E+00  0.39924E-03  0.62060E-05
 0.54923E+00  0.39924E-03  0.64523E-05
 0.59751E+00  0.39924E-03  0.59686E-05
 0.64399E+00  0.39924E-03  0.51144E-05
 0.68790E+00  0.39924E-03  0.42549E-05
 0.72869E+00  0.39924E-03  0.35255E-05
 0.76596E+00  0.39924E-03  0.30337E-05
 0.79953E+00  0.39924E-03  0.29037E-05
 0.82937E+00  0.39924E-03  0.29848E-05
 0.85557E+00  0.39924E-03  0.30354E-05
 0.87834E+00  0.39924E-03  0.29654E-05
 0.89796E+00  0.39924E-03  0.28322E-05
 0.91472E+00  0.39924E-03  0.27224E-05
 0.92895E+00  0.39924E-03  0.27097E-05
 0.94096E+00  0.39924E-03  0.28006E-05
 0.95105E+00  0.39924E-03  0.29262E-05
 0.95949E+00  0.39924E-03  0.30129E-05
 0.96653E+00  0.39924E-03  0.30361E-05
 0.97238E+00  0.39924E-03  0.30039E-05
 0.97724E+00  0.39924E-03  0.29287E-05
 0.98126E+00  0.39924E-03  0.28212E-05
 0.98458E+00  0.39924E-03  0.26935E-05
 0.98732E+00  0.39924E-03  0.25604E-05
 0.98958E+00  0.39924E-03  0.24329E-05
 0.99145E+00  0.39924E-03  0.23146E-05
 0.99298E+00  0.39924E-03  0.22079E-05
 0.99424E+00  0.39924E-03  0.21245E-05
 0.99528E+00  0.39924E-03  0.20672E-05
 0.99613E+00  0.39924E-03  0.20303E-05
 0.99683E+00  0.39924E-03  0.20088E-05
 0.99741E+00  0.39924E-03  0.19988E-05
 0.99788E+00  0.39924E-03  0.19972E-05
 0.99827E+00  0.39924E-03  0.20005E-05
 0.99859E+00  0.39924E-03  0.20041E-05
 0.99885E+00  0.39924E-03  0.20050E-05
 0.99906E+00  0.39924E-03  0.20027E-05
 0.99924E+00  0.39924E-03  0.19976E-05
 0.99938E+00  0.39924E-03  0.19903E-05
 0.99950E+00  0.39924E-03  0.19816E-05
 0.99960E+00  0.39924E-03  0.19724E-05
 0.99968E+00  0.39924E-03  0.19634E-05
 0.99975E+00  0.39924E-03  0.19554E-05
 0.99980E+00  0.39924E-03  0.19485E-05
 0.99984E+00  0.39924E-03  0.19430E-05
 0.99988E+00  0.39924E-03  0.19389E-05
 0.99991E+00  0.39924E-03  0.19358E-05
 0.99993E+00  0.39924E-03  0.19337E-05
 0.99995E+00  0.39924E-03  0.19324E-05
 0.99997E+00  0.39924E-03  0.19315E-05
 0.99998E+00  0.39924E-03  0.19311E-05
 0.10000E+01  0.39924E-03  0.19310E-05
 0.10000E+01  0.39924E-03  0.00000E+00
 0.00000E+00  0.49656E-03  0.00000E+00
 0.49709E-05  0.49656E-03  0.96232E-06
 0.16001E-04  0.49656E-03  0.96236E-06
 0.29447E-04  0.49656E-03  0.96246E-06
 0.45836E-04  0.49656E-03  0.96264E-06
 0.65814E-04  0.49656E-03  0.96296E-06
 0.90165E-04  0.49656E-03  0.96346E-06
 0.11985E-03  0.49656E-03  0.96422E-06
 0.15603E-03  0.49656E-03  0.96529E-06
 0.20013E-03  0.49656E-03  0.96675E-06
 0.25388E-03  0.49656E-03  0.96867E-06
 0.31939E-03  0.49656E-03  0.97108E-06
 0.39924E-03  0.49656E-03  0.97399E-06
 0.49656E-03  0.49656E-03  0.97739E-06
 0.61516E-03  0.49656E-03  0.98124E-06
 0.75970E-03  0.49656E-03  0.98558E-06
 0.93583E-03  0.49656E-03  0.99046E-06
 0.11504E-02  0.49656E-03  0.99601E-06
 0.14119E-02  0.49656E-03  0.10023E-05
 0.17305E-02  0.49656E-03  0.10095E-05
 0.21186E-02  0.49656E-03  0.10177E-05
 0.25912E-02  0.49656E-03  0.10278E-05
 0.31667E-02  0.49656E-03  0.10420E-05
 0.38673E-02  0.49656E-03  0.10628E-05
 0.47200E-02  0.49656E-03  0.10877E-05
 0.57574E-02  0.49656E-03  0.11090E-05
 0.70191E-02  0.49656E-03  0.11236E-05
 0.85527E-02  0.49656E-03  0.11337E-05
 0.10416E-01  0.49656E-03  0.11396E-05
 0.12677E-01  0.49656E-03  0.11410E-05
 0.15420E-01  0.49656E-03  0.11599E-05
 0.18742E-01  0.49656E-03  0.12271E-05
 0.22762E-01  0.49656E-03  0.13353E-05
 0.27617E-01  0.49656E-03  0.14741E-05
 0.33469E-01  0.49656E-03  0.16327E-05
 0.40509E-01  0.49656E-03  0.17856E-05
 0.48950E-01  0.49656E-03  0.18965E-05
 0.59040E-01  0.49656E-03  0.19438E-05
 0.71052E-01  0.49656E-03  0.19364E-05
 0.85282E-01  0.49656E-03  0.18868E-05
 0.10204E+00  0.49656E-03  0.17835E-05
 0.12166E+00  0.49656E-03  0.16102E-05
 0.14443E+00  0.49656E-03  0.13598E-05
 0.17063E+00  0.49656E-03  0.10678E-05
 0.20047E+00  0.49656E-03  0.78325E-06
 0.23404E+00  0.49656E-03  0.49996E-06
 0.27131E+00  0.49656E-03  0.39155E-06
 0.31210E+00  0.49656E-03  0.84068E-06
 0.35601E+00  0.49656E-03  0.20135E-05
 0.40249E+00  0.49656E-03  0.36344E-05
 0.45077E+00  0.49656E-03  0.51935E-05
 0.50000E+00  0.49656E-03  0.62289E-05
 0.54923E+00  0.49656E-03  0.64756E-05
 0.59751E+00  0.49656E-03  0.59795E-05
 0.64399E+00  0.49656E-03  0.51059E-05
 0.68790E+00  0.49656E-03  0.42271E-05
 0.72869E+00  0.49656E-03  0.34798E-05
 0.76596E+00  0.49656E-03  0.29752E-05
 0.79953E+00  0.49656E-03  0.28449E-05
 0.82937E+00  0.49656E-03  0.29325E-05
 0.85557E+00  0.49656E-03  0.29858E-05
 0.87834E+00  0.49656E-03  0.29123E-05
 0.89796E+00  0.49656E-03  0.27731E-05
 0.91472E+00  0.49656E-03  0.26587E-05
 0.92895E+00  0.49656E-03  0.26463E-05
 0.94096E+00  0.49656E-03  0.27433E-05
 0.95105E+00  0.49656E-03  0.28777E-05
 0.95949E+00  0.49656E-03  0.29720E-05
 0.96653E+00  0.49656E-03  0.30001E-05
 0.97238E+00  0.49656E-03  0.29703E-05
 0.97724E+00  0.49656E-03  0.28949E-05
 0.98126E+00  0.49656E-03  0.27853E-05
 0.98458E+00  0.49656E-03  0.26541E-05
 0.98732E+00  0.49656E-03  0.25164E-05
 0.98958E+00  0.49656E-03  0.23843E-05
 0.99145E+00  0.49656E-03  0.22615E-05
 0.99298E+00  0.49656E-03  0.21504E-05
 0.99424E+00  0.49656E-03  0.20632E-05
 0.99528E+00  0.49656E-03  0.20033E-05
 0.99613E+00  0.49656E-03  0.19648E-05
 0.99683E+00  0.49656E-03  0.19424E-05
 0.99741E+00  0.49656E-03  0.19320E-05
 0.99788E+00  0.49656E-03  0.19304E-05
 0.99827E+00  0.49656E-03  0.19345E-05
 0.99859E+00  0.49656E-03  0.19390E-05
 0.99885E+00  0.49656E-03  0.19408E-05
 0.99906E+00  0.49656E-03  0.19392E-05
 0.99924E+00  0.49656E-03  0.19348E-05
 0.99938E+00  0.49656E-03  0.19281E-05
 0.99950E+00  0.49656E-03  0.19199E-05
 0.99960E+00  0.49656E-03  0.19112E-05
 0.99968E+00  0.49656E-03  0.19027E-05
 0.99975E+00  0.49656E-03  0.18951E-05
 0.99980E+00  0.49656E-03  0.18887E-05
 0.99984E+00  0.49656E-03  0.18835E-05
 0.99988E+00  0.49656E-03  0.18796E-05
 0.99991E+00  0.49656E-03  0.18768E-05
 0.99993E+00  0.49656E-03  0.18749E-05
 0.99995E+00  0.49656E-03  0.18736E-05
 0.99997E+00  0.49656E-03  0.18729E-05
 0.99998E+00  0.49656E-03  0.18725E-05
 0.10000E+01  0.49656E-03  0.18724E-05
 0.10000E+01  0.49656E-03  0.00000E+00
 0.00000E+00  0.61516E-03  0.00000E+00
 0.49709E-05  0.61516E-03  0.91249E-06
 0.16001E-04  0.61516E-03  0.91251E-06
 0.29447E-04  0.61516E-03  0.91257E-06
 0.45836E-04  0.61516E-03  0.91268E-06
 0.65814E-04  0.61516E-03  0.91287E-06
 0.90165E-04  0.61516E-03  0.91318E-06
 0.11985E-03  0.61516E-03  0.91365E-06
 0.15603E-03  0.61516E-03  0.91434E-06
 0.20013E-03  0.61516E-03  0.91532E-06
 0.25388E-03  0.61516E-03  0.91666E-06
 0.31939E-03  0.61516E-03  0.91842E-06
 0.39924E-03  0.61516E-03  0.92067E-06
 0.49656E-03  0.61516E-03  0.92347E-06
 0.61516E-03  0.61516E-03  0.92689E-06
 0.75970E-03  0.61516E-03  0.93105E-06
 0.93583E-03  0.61516E-03  0.93608E-06
 0.11504E-02  0.61516E-03  0.94213E-06
 0.14119E-02  0.61516E-03  0.94925E-06
 0.17305E-02  0.61516E-03  0.95740E-06
 0.21186E-02  0.61516E-03  0.96661E-06
 0.25912E-02  0.61516E-03  0.97761E-06
 0.31667E-02  0.61516E-03  0.99280E-06
 0.38673E-02  0.61516E-03  0.10149E-05
 0.47200E-02  0.61516E-03  0.10415E-05
 0.57574E-02  0.61516E-03  0.10642E-05
 0.70191E-02  0.61516E-03  0.10798E-05
 0.85527E-02  0.61516E-03  0.10905E-05
 0.10416E-01  0.61516E-03  0.10964E-05
 0.12677E-01  0.61516E-03  0.10966E-05
 0.15420E-01  0.61516E-03  0.11146E-05
 0.18742E-01  0.61516E-03  0.11833E-05
 0.22762E-01  0.61516E-03  0.12949E-05
 0.27617E-01  0.61516E-03  0.14382E-05
 0.33469E-01  0.61516E-03  0.16022E-05
 0.40509E-01  0.61516E-03  0.17604E-05
 0.48950E-01  0.61516E-03  0.18752E-05
 0.59040E-01  0.61516E-03  0.19241E-05
 0.71052E-01  0.61516E-03  0.19163E-05
 0.85282E-01  0.61516E-03  0.18648E-05
 0.10204E+00  0.61516E-03  0.17579E-05
 0.12166E+00  0.61516E-03  0.15785E-05
 0.14443E+00  0.61516E-03  0.13195E-05
 0.17063E+00  0.61516E-03  0.10200E-05
 0.20047E+00  0.61516E-03  0.73388E-06
 0.23404E+00  0.61516E-03  0.44872E-06
 0.27131E+00  0.61516E-03  0.33394E-06
 0.31210E+00  0.61516E-03  0.77650E-06
 0.35601E+00  0.61516E-03  0.19548E-05
 0.40249E+00  0.61516E-03  0.36014E-05
 0.45077E+00  0.61516E-03  0.51920E-05
 0.50000E+00  0.61516E-03  0.62456E-05
 0.54923E+00  0.61516E-03  0.64933E-05
 0.59751E+00  0.61516E-03  0.59832E-05
 0.64399E+00  0.61516E-03  0.50869E-05
 0.68790E+00  0.61516E-03  0.41856E-05
 0.72869E+00  0.61516E-03  0.34169E-05
 0.76596E+00  0.61516E-03  0.28962E-05
 0.79953E+00  0.61516E-03  0.27653E-05
 0.82937E+00  0.61516E-03  0.28609E-05
 0.85557E+00  0.61516E-03  0.29175E-05
 0.87834E+00  0.61516E-03  0.28397E-05
 0.89796E+00  0.61516E-03  0.26928E-05
 0.91472E+00  0.61516E-03  0.25721E-05
 0.92895E+00  0.61516E-03  0.25599E-05
 0.94096E+00  0.61516E-03  0.26647E-05
 0.95105E+00  0.61516E-03  0.28104E-05
 0.95949E+00  0.61516E-03  0.29148E-05
 0.96653E+00  0.61516E-03  0.29497E-05
 0.97238E+00  0.61516E-03  0.29232E-05
 0.97724E+00  0.61516E-03  0.28481E-05
 0.98126E+00  0.61516E-03  0.27361E-05
 0.98458E+00  0.61516E-03  0.26004E-05
 0.98732E+00  0.61516E-03  0.24569E-05
 0.98958E+00  0.61516E-03  0.23185E-05
 0.99145E+00  0.61516E-03  0.21899E-05
 0.99298E+00  0.61516E-03  0.20729E-05
 0.99424E+00  0.61516E-03  0.19807E-05
 0.99528E+00  0.61516E-03  0.19174E-05
 0.99613E+00  0.61516E-03  0.18768E-05
 0.99683E+00  0.61516E-03  0.18532E-05
 0.99741E+00  0.61516E-03  0.18424E-05
 0.99788E+00  0.61516E-03  0.18410E-05
 0.99827E+00  0.61516E-03  0.18459E-05
 0.99859E+00  0.61516E-03  0.18519E-05
 0.99885E+00  0.61516E-03  0.18551E-05
 0.99906E+00  0.61516E-03  0.18546E-05
 0.99924E+00  0.61516E-03  0.18511E-05
 0.99938E+00  0.61516E-03  0.18453E-05
 0.99950E+00  0.61516E-03  0.18381E-05
 0.99960E+00  0.61516E-03  0.18302E-05
 0.99968E+00  0.61516E-03  0.18226E-05
 0.99975E+00  0.61516E-03  0.18158E-05
 0.99980E+00  0.61516E-03  0.18100E-05
 0.99984E+00  0.61516E-03  0.18054E-05
 0.99988E+00  0.61516E-03  0.18020E-05
 0.99991E+00  0.61516E-03  0.17995E-05
 0.99993E+00  0.61516E-03  0.17978E-05
 0.99995E+00  0.61516E-03  0.17967E-05
 0.99997E+00  0.61516E-03  0.17961E-05
 0.99998E+00  0.61516E-03  0.17957E-05
 0.10000E+01  0.61516E-03  0.17956E-05
 0.10000E+01  0.61516E-03  0.00000E+00
 0.00000E+00  0.75970E-03  0.00000E+00
 0.49709E-05  0.75970E-03  0.85229E-06
 0.16001E-04  0.75970E-03  0.85229E-06
 0.29447E-04  0.75970E-03  0.85231E-06
 0.45836E-04  0.75970E-03  0.85234E-06
 0.65814E-04  0.75970E-03  0.85240E-06
 0.90165E-04  0.75970E-03  0.85250E-06
 0.11985E-03  0.75970E-03  0.85267E-06
 0.15603E-03  0.75970E-03  0.85296E-06
 0.20013E-03  0.75970E-03  0.85340E-06
 0.25388E-03  0.75970E-03  0.85409E-06
 0.31939E-03  0.75970E-03  0.85510E-06
 0.39924E-03  0.75970E-03  0.85658E-06
 0.49656E-03  0.75970E-03  0.85867E-06
 0.61516E-03  0.75970E-03  0.86158E-06
 0.75970E-03  0.75970E-03  0.86558E-06
 0.93583E-03  0.75970E-03  0.87093E-06
 0.11504E-02  0.75970E-03  0.87780E-06
 0.14119E-02  0.75970E-03  0.88617E-06
 0.17305E-02  0.75970E-03  0.89578E-06
 0.21186E-02  0.75970E-03  0.90641E-06
 0.25912E-02  0.75970E-03  0.91857E-06
 0.31667E-02  0.75970E-03  0.93490E-06
 0.38673E-02  0.75970E-03  0.95857E-06
 0.47200E-02  0.75970E-03  0.98724E-06
 0.57574E-02  0.75970E-03  0.10116E-05
 0.70191E-02  0.75970E-03  0.10283E-05
 0.85527E-02  0.75970E-03  0.10397E-05
 0.10416E-01  0.75970E-03  0.10453E-05
 0.12677E-01  0.75970E-03  0.10437E-05
 0.15420E-01  0.75970E-03  0.10602E-05
 0.18742E-01  0.75970E-03  0.11305E-05
 0.22762E-01  0.75970E-03  0.12460E-05
 0.27617E-01  0.75970E-03  0.13945E-05
 0.33469E-01  0.75970E-03  0.15647E-05
 0.40509E-01  0.75970E-03  0.17290E-05
 0.48950E-01  0.75970E-03  0.18482E-05
 0.59040E-01  0.75970E-03  0.18986E-05
 0.71052E-01  0.75970E-03  0.18898E-05
 0.85282E-01  0.75970E-03  0.18356E-05
 0.10204E+00  0.75970E-03  0.17240E-05
 0.12166E+00  0.75970E-03  0.15373E-05
 0.14443E+00  0.75970E-03  0.12687E-05
 0.17063E+00  0.75970E-03  0.96079E-06
 0.20047E+00  0.75970E-03  0.67326E-06
 0.23404E+00  0.75970E-03  0.38624E-06
 0.27131E+00  0.75970E-03  0.26316E-06
 0.31210E+00  0.75970E-03  0.69526E-06
 0.35601E+00  0.75970E-03  0.18762E-05
 0.40249E+00  0.75970E-03  0.35502E-05
 0.45077E+00  0.75970E-03  0.51769E-05
 0.50000E+00  0.75970E-03  0.62521E-05
 0.54923E+00  0.75970E-03  0.65014E-05
 0.59751E+00  0.75970E-03  0.59759E-05
 0.64399E+00  0.75970E-03  0.50546E-05
 0.68790E+00  0.75970E-03  0.41283E-05
 0.72869E+00  0.75970E-03  0.33350E-05
 0.76596E+00  0.75970E-03  0.27948E-05
 0.79953E+00  0.75970E-03  0.26624E-05
 0.82937E+00  0.75970E-03  0.27678E-05
 0.85557E+00  0.75970E-03  0.28288E-05
 0.87834E+00  0.75970E-03  0.27459E-05
 0.89796E+00  0.75970E-03  0.25896E-05
 0.91472E+00  0.75970E-03  0.24606E-05
 0.92895E+00  0.75970E-03  0.24479E-05
 0.94096E+00  0.75970E-03  0.25623E-05
 0.95105E+00  0.75970E-03  0.27221E-05
 0.95949E+00  0.75970E-03  0.28393E-05
 0.96653E+00  0.75970E-03  0.28831E-05
 0.97238E+00  0.75970E-03  0.28612E-05
 0.97724E+00  0.75970E-03  0.27869E-05
 0.98126E+00  0.75970E-03  0.26723E-05
 0.98458E+00  0.75970E-03  0.25312E-05
 0.98732E+00  0.75970E-03  0.23803E-05
 0.98958E+00  0.75970E-03  0.22336E-05
 0.99145E+00  0.75970E-03  0.20974E-05
 0.99298E+00  0.75970E-03  0.19729E-05
 0.99424E+00  0.75970E-03  0.18743E-05
 0.99528E+00  0.75970E-03  0.18069E-05
 0.99613E+00  0.75970E-03  0.17638E-05
 0.99683E+00  0.75970E-03  0.17388E-05
 0.99741E+00  0.75970E-03  0.17274E-05
 0.99788E+00  0.75970E-03  0.17263E-05
 0.99827E+00  0.75970E-03  0.17324E-05
 0.99859E+00  0.75970E-03  0.17404E-05
 0.99885E+00  0.75970E-03  0.17455E-05
 0.99906E+00  0.75970E-03  0.17466E-05
 0.99924E+00  0.75970E-03  0.17445E-05
 0.99938E+00  0.75970E-03  0.17401E-05
 0.99950E+00  0.75970E-03  0.17343E-05
 0.99960E+00  0.75970E-03  0.17278E-05
 0.99968E+00  0.75970E-03  0.17214E-05
 0.99975E+00  0.75970E-03  0.17156E-05
 0.99980E+00  0.75970E-03  0.17108E-05
 0.99984E+00  0.75970E-03  0.17069E-05
 0.99988E+00  0.75970E-03  0.17040E-05
 0.99991E+00  0.75970E-03  0.17020E-05
 0.99993E+00  0.75970E-03  0.17006E-05
 0.99995E+00  0.75970E-03  0.16996E-05
 0.99997E+00  0.75970E-03  0.16991E-05
 0.99998E+00  0.75970E-03  0.16988E-05
 0.10000E+01  0.75970E-03  0.16987E-05
 0.10000E+01  0.75970E-03  0.00000E+00
 0.00000E+00  0.93583E-03  0.00000E+00
 0.49709E-05  0.93583E-03  0.78375E-06
 0.16001E-04  0.93583E-03  0.78374E-06
 0.29447E-04  0.93583E-03  0.78371E-06
 0.45836E-04  0.93583E-03  0.78367E-06
 0.65814E-04  0.93583E-03  0.78360E-06
 0.90165E-04  0.93583E-03  0.78351E-06
 0.11985E-03  0.93583E-03  0.78340E-06
 0.15603E-03  0.93583E-03  0.78330E-06
 0.20013E-03  0.93583E-03  0.78323E-06
 0.25388E-03  0.93583E-03  0.78328E-06
 0.31939E-03  0.93583E-03  0.78357E-06
 0.39924E-03  0.93583E-03  0.78428E-06
 0.49656E-03  0.93583E-03  0.78569E-06
 0.61516E-03  0.93583E-03  0.78817E-06
 0.75970E-03  0.93583E-03  0.79216E-06
 0.93583E-03  0.93583E-03  0.79812E-06
 0.11504E-02  0.93583E-03  0.80631E-06
 0.14119E-02  0.93583E-03  0.81660E-06
 0.17305E-02  0.93583E-03  0.82838E-06
 0.21186E-02  0.93583E-03  0.84098E-06
 0.25912E-02  0.93583E-03  0.85462E-06
 0.31667E-02  0.93583E-03  0.87217E-06
 0.38673E-02  0.93583E-03  0.89755E-06
 0.47200E-02  0.93583E-03  0.92852E-06
 0.57574E-02  0.93583E-03  0.95481E-06
 0.70191E-02  0.93583E-03  0.97268E-06
 0.85527E-02  0.93583E-03  0.98468E-06
 0.10416E-01  0.93583E-03  0.98966E-06
 0.12677E-01  0.93583E-03  0.98552E-06
 0.15420E-01  0.93583E-03  0.99956E-06
 0.18742E-01  0.93583E-03  0.10713E-05
 0.22762E-01  0.93583E-03  0.11911E-05
 0.27617E-01  0.93583E-03  0.13454E-05
 0.33469E-01  0.93583E-03  0.15223E-05
 0.40509E-01  0.93583E-03  0.16932E-05
 0.48950E-01  0.93583E-03  0.18169E-05
 0.59040E-01  0.93583E-03  0.18684E-05
 0.71052E-01  0.93583E-03  0.18578E-05
 0.85282E-01  0.93583E-03  0.17996E-05
 0.10204E+00  0.93583E-03  0.16819E-05
 0.12166E+00  0.93583E-03  0.14869E-05
 0.14443E+00  0.93583E-03  0.12079E-05
 0.17063E+00  0.93583E-03  0.89137E-06
 0.20047E+00  0.93583E-03  0.60307E-06
 0.23404E+00  0.93583E-03  0.31451E-06
 0.27131E+00  0.93583E-03  0.18144E-06
 0.31210E+00  0.93583E-03  0.59859E-06
 0.35601E+00  0.93583E-03  0.17776E-05
 0.40249E+00  0.93583E-03  0.34793E-05
 0.45077E+00  0.93583E-03  0.51460E-05
 0.50000E+00  0.93583E-03  0.62456E-05
 0.54923E+00  0.93583E-03  0.64971E-05
 0.59751E+00  0.93583E-03  0.59551E-05
 0.64399E+00  0.93583E-03  0.50072E-05
 0.68790E+00  0.93583E-03  0.40544E-05
 0.72869E+00  0.93583E-03  0.32342E-05
 0.76596E+00  0.93583E-03  0.26711E-05
 0.79953E+00  0.93583E-03  0.25361E-05
 0.82937E+00  0.93583E-03  0.26531E-05
 0.85557E+00  0.93583E-03  0.27202E-05
 0.87834E+00  0.93583E-03  0.26324E-05
 0.89796E+00  0.93583E-03  0.24651E-05
 0.91472E+00  0.93583E-03  0.23250E-05
 0.92895E+00  0.93583E-03  0.23106E-05
 0.94096E+00  0.93583E-03  0.24359E-05
 0.95105E+00  0.93583E-03  0.26125E-05
 0.95949E+00  0.93583E-03  0.27453E-05
 0.96653E+00  0.93583E-03  0.28002E-05
 0.97238E+00  0.93583E-03  0.27845E-05
 0.97724E+00  0.93583E-03  0.27120E-05
 0.98126E+00  0.93583E-03  0.25949E-05
 0.98458E+00  0.93583E-03  0.24473E-05
 0.98732E+00  0.93583E-03  0.22871E-05
 0.98958E+00  0.93583E-03  0.21297E-05
 0.99145E+00  0.93583E-03  0.19837E-05
 0.99298E+00  0.93583E-03  0.18502E-05
 0.99424E+00  0.93583E-03  0.17437E-05
 0.99528E+00  0.93583E-03  0.16715E-05
 0.99613E+00  0.93583E-03  0.16257E-05
 0.99683E+00  0.93583E-03  0.15992E-05
 0.99741E+00  0.93583E-03  0.15872E-05
 0.99788E+00  0.93583E-03  0.15863E-05
 0.99827E+00  0.93583E-03  0.15938E-05
 0.99859E+00  0.93583E-03  0.16044E-05
 0.99885E+00  0.93583E-03  0.16122E-05
 0.99906E+00  0.93583E-03  0.16156E-05
 0.99924E+00  0.93583E-03  0.16156E-05
 0.99938E+00  0.93583E-03  0.16131E-05
 0.99950E+00  0.93583E-03  0.16090E-05
 0.99960E+00  0.93583E-03  0.16042E-05
 0.99968E+00  0.93583E-03  0.15994E-05
 0.99975E+00  0.93583E-03  0.15949E-05
 0.99980E+00  0.93583E-03  0.15911E-05
 0.99984E+00  0.93583E-03  0.15881E-05
 0.99988E+00  0.93583E-03  0.15859E-05
 0.99991E+00  0.93583E-03  0.15843E-05
 0.99993E+00  0.93583E-03  0.15831E-05
 0.99995E+00  0.93583E-03  0.15824E-05
 0.99997E+00  0.93583E-03  0.15820E-05
 0.99998E+00  0.93583E-03  0.15818E-05
 0.10000E+01  0.93583E-03  0.15817E-05
 0.10000E+01  0.93583E-03  0.00000E+00
 0.00000E+00  0.11504E-02  0.00000E+00
 0.49709E-05  0.11504E-02  0.71180E-06
 0.16001E-04  0.11504E-02  0.71178E-06
 0.29447E-04  0.11504E-02  0.71173E-06
 0.45836E-04  0.11504E-02  0.71162E-06
 0.65814E-04  0.11504E-02  0.71145E-06
 0.90165E-04  0.11504E-02  0.71120E-06
 0.11985E-03  0.11504E-02  0.71086E-06
 0.15603E-03  0.11504E-02  0.71044E-06
 0.20013E-03  0.11504E-02  0.70995E-06
 0.25388E-03  0.11504E-02  0.70949E-06
 0.31939E-03  0.11504E-02  0.70919E-06
 0.39924E-03  0.11504E-02  0.70933E-06
 0.49656E-03  0.11504E-02  0.71028E-06
 0.61516E-03  0.11504E-02  0.71260E-06
 0.75970E-03  0.11504E-02  0.71697E-06
 0.93583E-03  0.11504E-02  0.72406E-06
 0.11504E-02  0.11504E-02  0.73429E-06
 0.14119E-02  0.11504E-02  0.74744E-06
 0.17305E-02  0.11504E-02  0.76237E-06
 0.21186E-02  0.11504E-02  0.77768E-06
 0.25912E-02  0.11504E-02  0.79308E-06
 0.31667E-02  0.11504E-02  0.81179E-06
 0.38673E-02  0.11504E-02  0.83883E-06
 0.47200E-02  0.11504E-02  0.87221E-06
 0.57574E-02  0.11504E-02  0.90047E-06
 0.70191E-02  0.11504E-02  0.91934E-06
 0.85527E-02  0.11504E-02  0.93164E-06
 0.10416E-01  0.11504E-02  0.93553E-06
 0.12677E-01  0.11504E-02  0.92782E-06
 0.15420E-01  0.11504E-02  0.93846E-06
 0.18742E-01  0.11504E-02  0.10115E-05
 0.22762E-01  0.11504E-02  0.11358E-05
 0.27617E-01  0.11504E-02  0.12962E-05
 0.33469E-01  0.11504E-02  0.14798E-05
 0.40509E-01  0.11504E-02  0.16572E-05
 0.48950E-01  0.11504E-02  0.17850E-05
 0.59040E-01  0.11504E-02  0.18367E-05
 0.71052E-01  0.11504E-02  0.18227E-05
 0.85282E-01  0.11504E-02  0.17589E-05
 0.10204E+00  0.11504E-02  0.16336E-05
 0.12166E+00  0.11504E-02  0.14293E-05
 0.14443E+00  0.11504E-02  0.11398E-05
 0.17063E+00  0.11504E-02  0.81503E-06
 0.20047E+00  0.11504E-02  0.52719E-06
 0.23404E+00  0.11504E-02  0.23834E-06
 0.27131E+00  0.11504E-02  0.94510E-07
 0.31210E+00  0.11504E-02  0.49230E-06
 0.35601E+00  0.11504E-02  0.16635E-05
 0.40249E+00  0.11504E-02  0.33912E-05
 0.45077E+00  0.11504E-02  0.51008E-05
 0.50000E+00  0.11504E-02  0.62264E-05
 0.54923E+00  0.11504E-02  0.64797E-05
 0.59751E+00  0.11504E-02  0.59203E-05
 0.64399E+00  0.11504E-02  0.49449E-05
 0.68790E+00  0.11504E-02  0.39659E-05
 0.72869E+00  0.11504E-02  0.31181E-05
 0.76596E+00  0.11504E-02  0.25285E-05
 0.79953E+00  0.11504E-02  0.23895E-05
 0.82937E+00  0.11504E-02  0.25207E-05
 0.85557E+00  0.11504E-02  0.25967E-05
 0.87834E+00  0.11504E-02  0.25054E-05
 0.89796E+00  0.11504E-02  0.23259E-05
 0.91472E+00  0.11504E-02  0.21712E-05
 0.92895E+00  0.11504E-02  0.21527E-05
 0.94096E+00  0.11504E-02  0.22894E-05
 0.95105E+00  0.11504E-02  0.24849E-05
 0.95949E+00  0.11504E-02  0.26355E-05
 0.96653E+00  0.11504E-02  0.27038E-05
 0.97238E+00  0.11504E-02  0.26963E-05
 0.97724E+00  0.11504E-02  0.26267E-05
 0.98126E+00  0.11504E-02  0.25072E-05
 0.98458E+00  0.11504E-02  0.23523E-05
 0.98732E+00  0.11504E-02  0.21803E-05
 0.98958E+00  0.11504E-02  0.20089E-05
 0.99145E+00  0.11504E-02  0.18509E-05
 0.99298E+00  0.11504E-02  0.17073E-05
 0.99424E+00  0.11504E-02  0.15916E-05
 0.99528E+00  0.11504E-02  0.15144E-05
 0.99613E+00  0.11504E-02  0.14658E-05
 0.99683E+00  0.11504E-02  0.14378E-05
 0.99741E+00  0.11504E-02  0.14251E-05
 0.99788E+00  0.11504E-02  0.14245E-05
 0.99827E+00  0.11504E-02  0.14335E-05
 0.99859E+00  0.11504E-02  0.14473E-05
 0.99885E+00  0.11504E-02  0.14587E-05
 0.99906E+00  0.11504E-02  0.14653E-05
 0.99924E+00  0.11504E-02  0.14678E-05
 0.99938E+00  0.11504E-02  0.14677E-05
 0.99950E+00  0.11504E-02  0.14658E-05
 0.99960E+00  0.11504E-02  0.14630E-05
 0.99968E+00  0.11504E-02  0.14598E-05
 0.99975E+00  0.11504E-02  0.14568E-05
 0.99980E+00  0.11504E-02  0.14542E-05
 0.99984E+00  0.11504E-02  0.14520E-05
 0.99988E+00  0.11504E-02  0.14504E-05
 0.99991E+00  0.11504E-02  0.14492E-05
 0.99993E+00  0.11504E-02  0.14484E-05
 0.99995E+00  0.11504E-02  0.14479E-05
 0.99997E+00  0.11504E-02  0.14476E-05
 0.99998E+00  0.11504E-02  0.14474E-05
 0.10000E+01  0.11504E-02  0.14474E-05
 0.10000E+01  0.11504E-02  0.00000E+00
 0.00000E+00  0.14119E-02  0.00000E+00
 0.49709E-05  0.14119E-02  0.64505E-06
 0.16001E-04  0.14119E-02  0.64502E-06
 0.29447E-04  0.14119E-02  0.64494E-06
 0.45836E-04  0.14119E-02  0.64480E-06
 0.65814E-04  0.14119E-02  0.64456E-06
 0.90165E-04  0.14119E-02  0.64421E-06
 0.11985E-03  0.14119E-02  0.64372E-06
 0.15603E-03  0.14119E-02  0.64309E-06
 0.20013E-03  0.14119E-02  0.64235E-06
 0.25388E-03  0.14119E-02  0.64159E-06
 0.31939E-03  0.14119E-02  0.64100E-06
 0.39924E-03  0.14119E-02  0.64092E-06
 0.49656E-03  0.14119E-02  0.64185E-06
 0.61516E-03  0.14119E-02  0.64454E-06
 0.75970E-03  0.14119E-02  0.64991E-06
 0.93583E-03  0.14119E-02  0.65891E-06
 0.11504E-02  0.14119E-02  0.67216E-06
 0.14119E-02  0.14119E-02  0.68937E-06
 0.17305E-02  0.14119E-02  0.70877E-06
 0.21186E-02  0.14119E-02  0.72776E-06
 0.25912E-02  0.14119E-02  0.74523E-06
 0.31667E-02  0.14119E-02  0.76483E-06
 0.38673E-02  0.14119E-02  0.79315E-06
 0.47200E-02  0.14119E-02  0.82877E-06
 0.57574E-02  0.14119E-02  0.85876E-06
 0.70191E-02  0.14119E-02  0.87811E-06
 0.85527E-02  0.14119E-02  0.89010E-06
 0.10416E-01  0.14119E-02  0.89216E-06
 0.12677E-01  0.14119E-02  0.87981E-06
 0.15420E-01  0.14119E-02  0.88616E-06
 0.18742E-01  0.14119E-02  0.96043E-06
 0.22762E-01  0.14119E-02  0.10895E-05
 0.27617E-01  0.14119E-02  0.12558E-05
 0.33469E-01  0.14119E-02  0.14458E-05
 0.40509E-01  0.14119E-02  0.16286E-05
 0.48950E-01  0.14119E-02  0.17590E-05
 0.59040E-01  0.14119E-02  0.18091E-05
 0.71052E-01  0.14119E-02  0.17896E-05
 0.85282E-01  0.14119E-02  0.17178E-05
 0.10204E+00  0.14119E-02  0.15827E-05
 0.12166E+00  0.14119E-02  0.13680E-05
 0.14443E+00  0.14119E-02  0.10684E-05
 0.17063E+00  0.14119E-02  0.73700E-06
 0.20047E+00  0.14119E-02  0.45234E-06
 0.23404E+00  0.14119E-02  0.16632E-06
 0.27131E+00  0.14119E-02  0.12844E-07
 0.31210E+00  0.14119E-02  0.38774E-06
 0.35601E+00  0.14119E-02  0.15444E-05
 0.40249E+00  0.14119E-02  0.32953E-05
 0.45077E+00  0.14119E-02  0.50486E-05
 0.50000E+00  0.14119E-02  0.61997E-05
 0.54923E+00  0.14119E-02  0.64525E-05
 0.59751E+00  0.14119E-02  0.58738E-05
 0.64399E+00  0.14119E-02  0.48712E-05
 0.68790E+00  0.14119E-02  0.38683E-05
 0.72869E+00  0.14119E-02  0.29935E-05
 0.76596E+00  0.14119E-02  0.23739E-05
 0.79953E+00  0.14119E-02  0.22298E-05
 0.82937E+00  0.14119E-02  0.23787E-05
 0.85557E+00  0.14119E-02  0.24688E-05
 0.87834E+00  0.14119E-02  0.23776E-05
 0.89796E+00  0.14119E-02  0.21846E-05
 0.91472E+00  0.14119E-02  0.20107E-05
 0.92895E+00  0.14119E-02  0.19839E-05
 0.94096E+00  0.14119E-02  0.21313E-05
 0.95105E+00  0.14119E-02  0.23464E-05
 0.95949E+00  0.14119E-02  0.25164E-05
 0.96653E+00  0.14119E-02  0.25999E-05
 0.97238E+00  0.14119E-02  0.26023E-05
 0.97724E+00  0.14119E-02  0.25370E-05
 0.98126E+00  0.14119E-02  0.24155E-05
 0.98458E+00  0.14119E-02  0.22520E-05
 0.98732E+00  0.14119E-02  0.20651E-05
 0.98958E+00  0.14119E-02  0.18758E-05
 0.99145E+00  0.14119E-02  0.17035E-05
 0.99298E+00  0.14119E-02  0.15505E-05
 0.99424E+00  0.14119E-02  0.14248E-05
 0.99528E+00  0.14119E-02  0.13426E-05
 0.99613E+00  0.14119E-02  0.12918E-05
 0.99683E+00  0.14119E-02  0.12623E-05
 0.99741E+00  0.14119E-02  0.12488E-05
 0.99788E+00  0.14119E-02  0.12483E-05
 0.99827E+00  0.14119E-02  0.12586E-05
 0.99859E+00  0.14119E-02  0.12758E-05
 0.99885E+00  0.14119E-02  0.12918E-05
 0.99906E+00  0.14119E-02  0.13026E-05
 0.99924E+00  0.14119E-02  0.13084E-05
 0.99938E+00  0.14119E-02  0.13110E-05
 0.99950E+00  0.14119E-02  0.13115E-05
 0.99960E+00  0.14119E-02  0.13107E-05
 0.99968E+00  0.14119E-02  0.13093E-05
 0.99975E+00  0.14119E-02  0.13077E-05
 0.99980E+00  0.14119E-02  0.13062E-05
 0.99984E+00  0.14119E-02  0.13049E-05
 0.99988E+00  0.14119E-02  0.13038E-05
 0.99991E+00  0.14119E-02  0.13031E-05
 0.99993E+00  0.14119E-02  0.13026E-05
 0.99995E+00  0.14119E-02  0.13022E-05
 0.99997E+00  0.14119E-02  0.13020E-05
 0.99998E+00  0.14119E-02  0.13019E-05
 0.10000E+01  0.14119E-02  0.13019E-05
 0.10000E+01  0.14119E-02  0.00000E+00
 0.00000E+00  0.17305E-02  0.00000E+00
 0.49709E-05  0.17305E-02  0.59595E-06
 0.16001E-04  0.17305E-02  0.59591E-06
 0.29447E-04  0.17305E-02  0.59583E-06
 0.45836E-04  0.17305E-02  0.59567E-06
 0.65814E-04  0.17305E-02  0.59541E-06
 0.90165E-04  0.17305E-02  0.59502E-06
 0.11985E-03  0.17305E-02  0.59449E-06
 0.15603E-03  0.17305E-02  0.59382E-06
 0.20013E-03  0.17305E-02  0.59304E-06
 0.25388E-03  0.17305E-02  0.59229E-06
 0.31939E-03  0.17305E-02  0.59180E-06
 0.39924E-03  0.17305E-02  0.59199E-06
 0.49656E-03  0.17305E-02  0.59351E-06
 0.61516E-03  0.17305E-02  0.59731E-06
 0.75970E-03  0.17305E-02  0.60456E-06
 0.93583E-03  0.17305E-02  0.61649E-06
 0.11504E-02  0.17305E-02  0.63398E-06
 0.14119E-02  0.17305E-02  0.65671E-06
 0.17305E-02  0.17305E-02  0.68229E-06
 0.21186E-02  0.17305E-02  0.70636E-06
 0.25912E-02  0.17305E-02  0.72627E-06
 0.31667E-02  0.17305E-02  0.74608E-06
 0.38673E-02  0.17305E-02  0.77471E-06
 0.47200E-02  0.17305E-02  0.81188E-06
 0.57574E-02  0.17305E-02  0.84285E-06
 0.70191E-02  0.17305E-02  0.86158E-06
 0.85527E-02  0.17305E-02  0.87221E-06
 0.10416E-01  0.17305E-02  0.87171E-06
 0.12677E-01  0.17305E-02  0.85392E-06
 0.15420E-01  0.17305E-02  0.85561E-06
 0.18742E-01  0.17305E-02  0.93141E-06
 0.22762E-01  0.17305E-02  0.10655E-05
 0.27617E-01  0.17305E-02  0.12374E-05
 0.33469E-01  0.17305E-02  0.14323E-05
 0.40509E-01  0.17305E-02  0.16183E-05
 0.48950E-01  0.17305E-02  0.17486E-05
 0.59040E-01  0.17305E-02  0.17940E-05
 0.71052E-01  0.17305E-02  0.17658E-05
 0.85282E-01  0.17305E-02  0.16829E-05
 0.10204E+00  0.17305E-02  0.15347E-05
 0.12166E+00  0.17305E-02  0.13073E-05
 0.14443E+00  0.17305E-02  0.99859E-06
 0.17063E+00  0.17305E-02  0.66491E-06
 0.20047E+00  0.17305E-02  0.38928E-06
 0.23404E+00  0.17305E-02  0.11205E-06
 0.27131E+00  0.17305E-02 -0.47654E-07
 0.31210E+00  0.17305E-02  0.30208E-06
 0.35601E+00  0.17305E-02  0.14378E-05
 0.40249E+00  0.17305E-02  0.32090E-05
 0.45077E+00  0.17305E-02  0.50048E-05
 0.50000E+00  0.17305E-02  0.61770E-05
 0.54923E+00  0.17305E-02  0.64233E-05
 0.59751E+00  0.17305E-02  0.58214E-05
 0.64399E+00  0.17305E-02  0.47919E-05
 0.68790E+00  0.17305E-02  0.37697E-05
 0.72869E+00  0.17305E-02  0.28700E-05
 0.76596E+00  0.17305E-02  0.22164E-05
 0.79953E+00  0.17305E-02  0.20677E-05
 0.82937E+00  0.17305E-02  0.22408E-05
 0.85557E+00  0.17305E-02  0.23539E-05
 0.87834E+00  0.17305E-02  0.22679E-05
 0.89796E+00  0.17305E-02  0.20600E-05
 0.91472E+00  0.17305E-02  0.18611E-05
 0.92895E+00  0.17305E-02  0.18192E-05
 0.94096E+00  0.17305E-02  0.19740E-05
 0.95105E+00  0.17305E-02  0.22077E-05
 0.95949E+00  0.17305E-02  0.23972E-05
 0.96653E+00  0.17305E-02  0.24969E-05
 0.97238E+00  0.17305E-02  0.25108E-05
 0.97724E+00  0.17305E-02  0.24508E-05
 0.98126E+00  0.17305E-02  0.23279E-05
 0.98458E+00  0.17305E-02  0.21540E-05
 0.98732E+00  0.17305E-02  0.19477E-05
 0.98958E+00  0.17305E-02  0.17370E-05
 0.99145E+00  0.17305E-02  0.15485E-05
 0.99298E+00  0.17305E-02  0.13886E-05
 0.99424E+00  0.17305E-02  0.12532E-05
 0.99528E+00  0.17305E-02  0.11664E-05
 0.99613E+00  0.17305E-02  0.11142E-05
 0.99683E+00  0.17305E-02  0.10838E-05
 0.99741E+00  0.17305E-02  0.10692E-05
 0.99788E+00  0.17305E-02  0.10681E-05
 0.99827E+00  0.17305E-02  0.10793E-05
 0.99859E+00  0.17305E-02  0.10997E-05
 0.99885E+00  0.17305E-02  0.11209E-05
 0.99906E+00  0.17305E-02  0.11367E-05
 0.99924E+00  0.17305E-02  0.11466E-05
 0.99938E+00  0.17305E-02  0.11523E-05
 0.99950E+00  0.17305E-02  0.11554E-05
 0.99960E+00  0.17305E-02  0.11566E-05
 0.99968E+00  0.17305E-02  0.11569E-05
 0.99975E+00  0.17305E-02  0.11566E-05
 0.99980E+00  0.17305E-02  0.11561E-05
 0.99984E+00  0.17305E-02  0.11556E-05
 0.99988E+00  0.17305E-02  0.11551E-05
 0.99991E+00  0.17305E-02  0.11547E-05
 0.99993E+00  0.17305E-02  0.11544E-05
 0.99995E+00  0.17305E-02  0.11543E-05
 0.99997E+00  0.17305E-02  0.11542E-05
 0.99998E+00  0.17305E-02  0.11541E-05
 0.10000E+01  0.17305E-02  0.11541E-05
 0.10000E+01  0.17305E-02  0.00000E+00
 0.00000E+00  0.21186E-02  0.00000E+00
 0.49709E-05  0.21186E-02  0.58002E-06
 0.16001E-04  0.21186E-02  0.57999E-06
 0.29447E-04  0.21186E-02  0.57991E-06
 0.45836E-04  0.21186E-02  0.57977E-06
 0.65814E-04  0.21186E-02  0.57954E-06
 0.90165E-04  0.21186E-02  0.57921E-06
 0.11985E-03  0.21186E-02  0.57876E-06
 0.15603E-03  0.21186E-02  0.57823E-06
 0.20013E-03  0.21186E-02  0.57768E-06
 0.25388E-03  0.21186E-02  0.57728E-06
 0.31939E-03  0.21186E-02  0.57735E-06
 0.39924E-03  0.21186E-02  0.57839E-06
 0.49656E-03  0.21186E-02  0.58124E-06
 0.61516E-03  0.21186E-02  0.58701E-06
 0.75970E-03  0.21186E-02  0.59715E-06
 0.93583E-03  0.21186E-02  0.61322E-06
 0.11504E-02  0.21186E-02  0.63636E-06
 0.14119E-02  0.21186E-02  0.66632E-06
 0.17305E-02  0.21186E-02  0.70026E-06
 0.21186E-02  0.21186E-02  0.73202E-06
 0.25912E-02  0.21186E-02  0.75486E-06
 0.31667E-02  0.21186E-02  0.77319E-06
 0.38673E-02  0.21186E-02  0.79978E-06
 0.47200E-02  0.21186E-02  0.83668E-06
 0.57574E-02  0.21186E-02  0.86711E-06
 0.70191E-02  0.21186E-02  0.88354E-06
 0.85527E-02  0.21186E-02  0.89170E-06
 0.10416E-01  0.21186E-02  0.88840E-06
 0.12677E-01  0.21186E-02  0.86525E-06
 0.15420E-01  0.21186E-02  0.86281E-06
 0.18742E-01  0.21186E-02  0.94096E-06
 0.22762E-01  0.21186E-02  0.10804E-05
 0.27617E-01  0.21186E-02  0.12572E-05
 0.33469E-01  0.21186E-02  0.14546E-05
 0.40509E-01  0.21186E-02  0.16399E-05
 0.48950E-01  0.21186E-02  0.17654E-05
 0.59040E-01  0.21186E-02  0.18022E-05
 0.71052E-01  0.21186E-02  0.17619E-05
 0.85282E-01  0.21186E-02  0.16624E-05
 0.10204E+00  0.21186E-02  0.14942E-05
 0.12166E+00  0.21186E-02  0.12505E-05
 0.14443E+00  0.21186E-02  0.93704E-06
 0.17063E+00  0.21186E-02  0.61054E-06
 0.20047E+00  0.21186E-02  0.35404E-06
 0.23404E+00  0.21186E-02  0.93971E-07
 0.27131E+00  0.21186E-02 -0.66897E-07
 0.31210E+00  0.21186E-02  0.25692E-06
 0.35601E+00  0.21186E-02  0.13683E-05
 0.40249E+00  0.21186E-02  0.31588E-05
 0.45077E+00  0.21186E-02  0.49922E-05
 0.50000E+00  0.21186E-02  0.61753E-05
 0.54923E+00  0.21186E-02  0.64027E-05
 0.59751E+00  0.21186E-02  0.57703E-05
 0.64399E+00  0.21186E-02  0.47145E-05
 0.68790E+00  0.21186E-02  0.36802E-05
 0.72869E+00  0.21186E-02  0.27572E-05
 0.76596E+00  0.21186E-02  0.20659E-05
 0.79953E+00  0.21186E-02  0.19170E-05
 0.82937E+00  0.21186E-02  0.21262E-05
 0.85557E+00  0.21186E-02  0.22757E-05
 0.87834E+00  0.21186E-02  0.21993E-05
 0.89796E+00  0.21186E-02  0.19737E-05
 0.91472E+00  0.21186E-02  0.17438E-05
 0.92895E+00  0.21186E-02  0.16760E-05
 0.94096E+00  0.21186E-02  0.18319E-05
 0.95105E+00  0.21186E-02  0.20809E-05
 0.95949E+00  0.21186E-02  0.22880E-05
 0.96653E+00  0.21186E-02  0.24034E-05
 0.97238E+00  0.21186E-02  0.24293E-05
 0.97724E+00  0.21186E-02  0.23758E-05
 0.98126E+00  0.21186E-02  0.22517E-05
 0.98458E+00  0.21186E-02  0.20638E-05
 0.98732E+00  0.21186E-02  0.18339E-05
 0.98958E+00  0.21186E-02  0.15994E-05
 0.99145E+00  0.21186E-02  0.13941E-05
 0.99298E+00  0.21186E-02  0.12301E-05
 0.99424E+00  0.21186E-02  0.10877E-05
 0.99528E+00  0.21186E-02  0.99699E-06
 0.99613E+00  0.21186E-02  0.94415E-06
 0.99683E+00  0.21186E-02  0.91334E-06
 0.99741E+00  0.21186E-02  0.89730E-06
 0.99788E+00  0.21186E-02  0.89489E-06
 0.99827E+00  0.21186E-02  0.90605E-06
 0.99859E+00  0.21186E-02  0.92872E-06
 0.99885E+00  0.21186E-02  0.95492E-06
 0.99906E+00  0.21186E-02  0.97648E-06
 0.99924E+00  0.21186E-02  0.99117E-06
 0.99938E+00  0.21186E-02  0.10005E-05
 0.99950E+00  0.21186E-02  0.10063E-05
 0.99960E+00  0.21186E-02  0.10097E-05
 0.99968E+00  0.21186E-02  0.10116E-05
 0.99975E+00  0.21186E-02  0.10125E-05
 0.99980E+00  0.21186E-02  0.10130E-05
 0.99984E+00  0.21186E-02  0.10131E-05
 0.99988E+00  0.21186E-02  0.10131E-05
 0.99991E+00  0.21186E-02  0.10131E-05
 0.99993E+00  0.21186E-02  0.10131E-05
 0.99995E+00  0.21186E-02  0.10130E-05
 0.99997E+00  0.21186E-02  0.10130E-05
 0.99998E+00  0.21186E-02  0.10130E-05
 0.10000E+01  0.21186E-02  0.10130E-05
 0.10000E+01  0.21186E-02  0.00000E+00
 0.00000E+00  0.25912E-02  0.00000E+00
 0.49709E-05  0.25912E-02  0.61389E-06
 0.16001E-04  0.25912E-02  0.61387E-06
 0.29447E-04  0.25912E-02  0.61381E-06
 0.45836E-04  0.25912E-02  0.61372E-06
 0.65814E-04  0.25912E-02  0.61358E-06
 0.90165E-04  0.25912E-02  0.61339E-06
 0.11985E-03  0.25912E-02  0.61318E-06
 0.15603E-03  0.25912E-02  0.61298E-06
 0.20013E-03  0.25912E-02  0.61294E-06
 0.25388E-03  0.25912E-02  0.61327E-06
 0.31939E-03  0.25912E-02  0.61437E-06
 0.39924E-03  0.25912E-02  0.61689E-06
 0.49656E-03  0.25912E-02  0.62179E-06
 0.61516E-03  0.25912E-02  0.63043E-06
 0.75970E-03  0.25912E-02  0.64455E-06
 0.93583E-03  0.25912E-02  0.66603E-06
 0.11504E-02  0.25912E-02  0.69636E-06
 0.14119E-02  0.25912E-02  0.73551E-06
 0.17305E-02  0.25912E-02  0.78036E-06
 0.21186E-02  0.25912E-02  0.82333E-06
 0.25912E-02  0.25912E-02  0.85347E-06
 0.31667E-02  0.25912E-02  0.86590E-06
 0.38673E-02  0.25912E-02  0.88397E-06
 0.47200E-02  0.25912E-02  0.91645E-06
 0.57574E-02  0.25912E-02  0.94407E-06
 0.70191E-02  0.25912E-02  0.95670E-06
 0.85527E-02  0.25912E-02  0.96216E-06
 0.10416E-01  0.25912E-02  0.95711E-06
 0.12677E-01  0.25912E-02  0.92968E-06
 0.15420E-01  0.25912E-02  0.92456E-06
 0.18742E-01  0.25912E-02  0.10065E-05
 0.22762E-01  0.25912E-02  0.11519E-05
 0.27617E-01  0.25912E-02  0.13323E-05
 0.33469E-01  0.25912E-02  0.15282E-05
 0.40509E-01  0.25912E-02  0.17071E-05
 0.48950E-01  0.25912E-02  0.18233E-05
 0.59040E-01  0.25912E-02  0.18479E-05
 0.71052E-01  0.25912E-02  0.17881E-05
 0.85282E-01  0.25912E-02  0.16604E-05
 0.10204E+00  0.25912E-02  0.14625E-05
 0.12166E+00  0.25912E-02  0.12026E-05
 0.14443E+00  0.25912E-02  0.89571E-06
 0.17063E+00  0.25912E-02  0.59151E-06
 0.20047E+00  0.25912E-02  0.36674E-06
 0.23404E+00  0.25912E-02  0.13211E-06
 0.27131E+00  0.25912E-02 -0.24175E-07
 0.31210E+00  0.25912E-02  0.27502E-06
 0.35601E+00  0.25912E-02  0.13657E-05
 0.40249E+00  0.25912E-02  0.31764E-05
 0.45077E+00  0.25912E-02  0.50379E-05
 0.50000E+00  0.25912E-02  0.62127E-05
 0.54923E+00  0.25912E-02  0.64000E-05
 0.59751E+00  0.25912E-02  0.57254E-05
 0.64399E+00  0.25912E-02  0.46454E-05
 0.68790E+00  0.25912E-02  0.36068E-05
 0.72869E+00  0.25912E-02  0.26594E-05
 0.76596E+00  0.25912E-02  0.19298E-05
 0.79953E+00  0.25912E-02  0.17938E-05
 0.82937E+00  0.25912E-02  0.20588E-05
 0.85557E+00  0.25912E-02  0.22608E-05
 0.87834E+00  0.25912E-02  0.21918E-05
 0.89796E+00  0.25912E-02  0.19434E-05
 0.91472E+00  0.25912E-02  0.16796E-05
 0.92895E+00  0.25912E-02  0.15694E-05
 0.94096E+00  0.25912E-02  0.17162E-05
 0.95105E+00  0.25912E-02  0.19748E-05
 0.95949E+00  0.25912E-02  0.21948E-05
 0.96653E+00  0.25912E-02  0.23237E-05
 0.97238E+00  0.25912E-02  0.23608E-05
 0.97724E+00  0.25912E-02  0.23152E-05
 0.98126E+00  0.25912E-02  0.21884E-05
 0.98458E+00  0.25912E-02  0.19822E-05
 0.98732E+00  0.25912E-02  0.17263E-05
 0.98958E+00  0.25912E-02  0.14675E-05
 0.99145E+00  0.25912E-02  0.12457E-05
 0.99298E+00  0.25912E-02  0.10788E-05
 0.99424E+00  0.25912E-02  0.93627E-06
 0.99528E+00  0.25912E-02  0.84136E-06
 0.99613E+00  0.25912E-02  0.78793E-06
 0.99683E+00  0.25912E-02  0.75704E-06
 0.99741E+00  0.25912E-02  0.73989E-06
 0.99788E+00  0.25912E-02  0.73574E-06
 0.99827E+00  0.25912E-02  0.74557E-06
 0.99859E+00  0.25912E-02  0.76859E-06
 0.99885E+00  0.25912E-02  0.79844E-06
 0.99906E+00  0.25912E-02  0.82567E-06
 0.99924E+00  0.25912E-02  0.84576E-06
 0.99938E+00  0.25912E-02  0.85930E-06
 0.99950E+00  0.25912E-02  0.86821E-06
 0.99960E+00  0.25912E-02  0.87396E-06
 0.99968E+00  0.25912E-02  0.87759E-06
 0.99975E+00  0.25912E-02  0.87985E-06
 0.99980E+00  0.25912E-02  0.88123E-06
 0.99984E+00  0.25912E-02  0.88205E-06
 0.99988E+00  0.25912E-02  0.88254E-06
 0.99991E+00  0.25912E-02  0.88282E-06
 0.99993E+00  0.25912E-02  0.88298E-06
 0.99995E+00  0.25912E-02  0.88307E-06
 0.99997E+00  0.25912E-02  0.88311E-06
 0.99998E+00  0.25912E-02  0.88313E-06
 0.10000E+01  0.25912E-02  0.88314E-06
 0.10000E+01  0.25912E-02  0.00000E+00
 0.00000E+00  0.31667E-02  0.00000E+00
 0.49709E-05  0.31667E-02  0.71245E-06
 0.16001E-04  0.31667E-02  0.71244E-06
 0.29447E-04  0.31667E-02  0.71244E-06
 0.45836E-04  0.31667E-02  0.71243E-06
 0.65814E-04  0.31667E-02  0.71244E-06
 0.90165E-04  0.31667E-02  0.71250E-06
 0.11985E-03  0.31667E-02  0.71265E-06
 0.15603E-03  0.31667E-02  0.71301E-06
 0.20013E-03  0.31667E-02  0.71375E-06
 0.25388E-03  0.31667E-02  0.71518E-06
 0.31939E-03  0.31667E-02  0.71781E-06
 0.39924E-03  0.31667E-02  0.72239E-06
 0.49656E-03  0.31667E-02  0.73008E-06
 0.61516E-03  0.31667E-02  0.74246E-06
 0.75970E-03  0.31667E-02  0.76159E-06
 0.93583E-03  0.31667E-02  0.78977E-06
 0.11504E-02  0.31667E-02  0.82890E-06
 0.14119E-02  0.31667E-02  0.87924E-06
 0.17305E-02  0.31667E-02  0.93754E-06
 0.21186E-02  0.31667E-02  0.99496E-06
 0.25912E-02  0.31667E-02  0.10371E-05
 0.31667E-02  0.31667E-02  0.10505E-05
 0.38673E-02  0.31667E-02  0.10421E-05
 0.47200E-02  0.31667E-02  0.10592E-05
 0.57574E-02  0.31667E-02  0.10814E-05
 0.70191E-02  0.31667E-02  0.10908E-05
 0.85527E-02  0.31667E-02  0.10954E-05
 0.10416E-01  0.31667E-02  0.10907E-05
 0.12677E-01  0.31667E-02  0.10605E-05
 0.15420E-01  0.31667E-02  0.10551E-05
 0.18742E-01  0.31667E-02  0.11431E-05
 0.22762E-01  0.31667E-02  0.12947E-05
 0.27617E-01  0.31667E-02  0.14757E-05
 0.33469E-01  0.31667E-02  0.16646E-05
 0.40509E-01  0.31667E-02  0.18337E-05
 0.48950E-01  0.31667E-02  0.19386E-05
 0.59040E-01  0.31667E-02  0.19419E-05
 0.71052E-01  0.31667E-02  0.18459E-05
 0.85282E-01  0.31667E-02  0.16753E-05
 0.10204E+00  0.31667E-02  0.14427E-05
 0.12166E+00  0.31667E-02  0.11769E-05
 0.14443E+00  0.31667E-02  0.89432E-06
 0.17063E+00  0.31667E-02  0.62861E-06
 0.20047E+00  0.31667E-02  0.44607E-06
 0.23404E+00  0.31667E-02  0.24262E-06
 0.27131E+00  0.31667E-02  0.97035E-07
 0.31210E+00  0.31667E-02  0.37637E-06
 0.35601E+00  0.31667E-02  0.14599E-05
 0.40249E+00  0.31667E-02  0.32917E-05
 0.45077E+00  0.31667E-02  0.51651E-05
 0.50000E+00  0.31667E-02  0.62984E-05
 0.54923E+00  0.31667E-02  0.64152E-05
 0.59751E+00  0.31667E-02  0.56849E-05
 0.64399E+00  0.31667E-02  0.45857E-05
 0.68790E+00  0.31667E-02  0.35481E-05
 0.72869E+00  0.31667E-02  0.25718E-05
 0.76596E+00  0.31667E-02  0.18126E-05
 0.79953E+00  0.31667E-02  0.17158E-05
 0.82937E+00  0.31667E-02  0.20634E-05
 0.85557E+00  0.31667E-02  0.23303E-05
 0.87834E+00  0.31667E-02  0.22556E-05
 0.89796E+00  0.31667E-02  0.19751E-05
 0.91472E+00  0.31667E-02  0.16819E-05
 0.92895E+00  0.31667E-02  0.15065E-05
 0.94096E+00  0.31667E-02  0.16290E-05
 0.95105E+00  0.31667E-02  0.18884E-05
 0.95949E+00  0.31667E-02  0.21136E-05
 0.96653E+00  0.31667E-02  0.22513E-05
 0.97238E+00  0.31667E-02  0.22991E-05
 0.97724E+00  0.31667E-02  0.22626E-05
 0.98126E+00  0.31667E-02  0.21298E-05
 0.98458E+00  0.31667E-02  0.19034E-05
 0.98732E+00  0.31667E-02  0.16227E-05
 0.98958E+00  0.31667E-02  0.13406E-05
 0.99145E+00  0.31667E-02  0.11024E-05
 0.99298E+00  0.31667E-02  0.92901E-06
 0.99424E+00  0.31667E-02  0.79847E-06
 0.99528E+00  0.31667E-02  0.69648E-06
 0.99613E+00  0.31667E-02  0.64144E-06
 0.99683E+00  0.31667E-02  0.61087E-06
 0.99741E+00  0.31667E-02  0.59364E-06
 0.99788E+00  0.31667E-02  0.58778E-06
 0.99827E+00  0.31667E-02  0.59518E-06
 0.99859E+00  0.31667E-02  0.61630E-06
 0.99885E+00  0.31667E-02  0.64734E-06
 0.99906E+00  0.31667E-02  0.67909E-06
 0.99924E+00  0.31667E-02  0.70460E-06
 0.99938E+00  0.31667E-02  0.72283E-06
 0.99950E+00  0.31667E-02  0.73536E-06
 0.99960E+00  0.31667E-02  0.74385E-06
 0.99968E+00  0.31667E-02  0.74951E-06
 0.99975E+00  0.31667E-02  0.75325E-06
 0.99980E+00  0.31667E-02  0.75569E-06
 0.99984E+00  0.31667E-02  0.75726E-06
 0.99988E+00  0.31667E-02  0.75826E-06
 0.99991E+00  0.31667E-02  0.75889E-06
 0.99993E+00  0.31667E-02  0.75927E-06
 0.99995E+00  0.31667E-02  0.75949E-06
 0.99997E+00  0.31667E-02  0.75961E-06
 0.99998E+00  0.31667E-02  0.75967E-06
 0.10000E+01  0.31667E-02  0.75970E-06
 0.10000E+01  0.31667E-02  0.00000E+00
 0.00000E+00  0.38673E-02  0.00000E+00
 0.49709E-05  0.38673E-02  0.88639E-06
 0.16001E-04  0.38673E-02  0.88641E-06
 0.29447E-04  0.38673E-02  0.88647E-06
 0.45836E-04  0.38673E-02  0.88659E-06
 0.65814E-04  0.38673E-02  0.88682E-06
 0.90165E-04  0.38673E-02  0.88721E-06
 0.11985E-03  0.38673E-02  0.88789E-06
 0.15603E-03  0.38673E-02  0.88900E-06
 0.20013E-03  0.38673E-02  0.89081E-06
 0.25388E-03  0.38673E-02  0.89371E-06
 0.31939E-03  0.38673E-02  0.89831E-06
 0.39924E-03  0.38673E-02  0.90552E-06
 0.49656E-03  0.38673E-02  0.91665E-06
 0.61516E-03  0.38673E-02  0.93355E-06
 0.75970E-03  0.38673E-02  0.95863E-06
 0.93583E-03  0.38673E-02  0.99464E-06
 0.11504E-02  0.38673E-02  0.10439E-05
 0.14119E-02  0.38673E-02  0.11071E-05
 0.17305E-02  0.38673E-02  0.11805E-05
 0.21186E-02  0.38673E-02  0.12540E-05
 0.25912E-02  0.38673E-02  0.13098E-05
 0.31667E-02  0.38673E-02  0.13289E-05
 0.38673E-02  0.38673E-02  0.13069E-05
 0.47200E-02  0.38673E-02  0.12727E-05
 0.57574E-02  0.38673E-02  0.12818E-05
 0.70191E-02  0.38673E-02  0.12910E-05
 0.85527E-02  0.38673E-02  0.12982E-05
 0.10416E-01  0.38673E-02  0.12958E-05
 0.12677E-01  0.38673E-02  0.12651E-05
 0.15420E-01  0.38673E-02  0.12628E-05
 0.18742E-01  0.38673E-02  0.13586E-05
 0.22762E-01  0.38673E-02  0.15146E-05
 0.27617E-01  0.38673E-02  0.16916E-05
 0.33469E-01  0.38673E-02  0.18735E-05
 0.40509E-01  0.38673E-02  0.20353E-05
 0.48950E-01  0.38673E-02  0.21187E-05
 0.59040E-01  0.38673E-02  0.20782E-05
 0.71052E-01  0.38673E-02  0.19279E-05
 0.85282E-01  0.38673E-02  0.17095E-05
 0.10204E+00  0.38673E-02  0.14502E-05
 0.12166E+00  0.38673E-02  0.11981E-05
 0.14443E+00  0.38673E-02  0.95513E-06
 0.17063E+00  0.38673E-02  0.73748E-06
 0.20047E+00  0.38673E-02  0.60249E-06
 0.23404E+00  0.38673E-02  0.43370E-06
 0.27131E+00  0.38673E-02  0.30361E-06
 0.31210E+00  0.38673E-02  0.57467E-06
 0.35601E+00  0.38673E-02  0.16730E-05
 0.40249E+00  0.38673E-02  0.35226E-05
 0.45077E+00  0.38673E-02  0.53807E-05
 0.50000E+00  0.38673E-02  0.64212E-05
 0.54923E+00  0.38673E-02  0.64328E-05
 0.59751E+00  0.38673E-02  0.56364E-05
 0.64399E+00  0.38673E-02  0.45275E-05
 0.68790E+00  0.38673E-02  0.34894E-05
 0.72869E+00  0.38673E-02  0.24801E-05
 0.76596E+00  0.38673E-02  0.17193E-05
 0.79953E+00  0.38673E-02  0.17022E-05
 0.82937E+00  0.38673E-02  0.21584E-05
 0.85557E+00  0.38673E-02  0.24862E-05
 0.87834E+00  0.38673E-02  0.23831E-05
 0.89796E+00  0.38673E-02  0.20619E-05
 0.91472E+00  0.38673E-02  0.17367E-05
 0.92895E+00  0.38673E-02  0.14863E-05
 0.94096E+00  0.38673E-02  0.15570E-05
 0.95105E+00  0.38673E-02  0.18053E-05
 0.95949E+00  0.38673E-02  0.20254E-05
 0.96653E+00  0.38673E-02  0.21657E-05
 0.97238E+00  0.38673E-02  0.22259E-05
 0.97724E+00  0.38673E-02  0.21977E-05
 0.98126E+00  0.38673E-02  0.20574E-05
 0.98458E+00  0.38673E-02  0.18154E-05
 0.98732E+00  0.38673E-02  0.15149E-05
 0.98958E+00  0.38673E-02  0.12111E-05
 0.99145E+00  0.38673E-02  0.95471E-06
 0.99298E+00  0.38673E-02  0.77198E-06
 0.99424E+00  0.38673E-02  0.65180E-06
 0.99528E+00  0.38673E-02  0.54343E-06
 0.99613E+00  0.38673E-02  0.48682E-06
 0.99683E+00  0.38673E-02  0.45774E-06
 0.99741E+00  0.38673E-02  0.44111E-06
 0.99788E+00  0.38673E-02  0.43406E-06
 0.99827E+00  0.38673E-02  0.43881E-06
 0.99859E+00  0.38673E-02  0.45705E-06
 0.99885E+00  0.38673E-02  0.48695E-06
 0.99906E+00  0.38673E-02  0.52098E-06
 0.99924E+00  0.38673E-02  0.55106E-06
 0.99938E+00  0.38673E-02  0.57401E-06
 0.99950E+00  0.38673E-02  0.59052E-06
 0.99960E+00  0.38673E-02  0.60214E-06
 0.99968E+00  0.38673E-02  0.61019E-06
 0.99975E+00  0.38673E-02  0.61571E-06
 0.99980E+00  0.38673E-02  0.61944E-06
 0.99984E+00  0.38673E-02  0.62192E-06
 0.99988E+00  0.38673E-02  0.62355E-06
 0.99991E+00  0.38673E-02  0.62460E-06
 0.99993E+00  0.38673E-02  0.62525E-06
 0.99995E+00  0.38673E-02  0.62564E-06
 0.99997E+00  0.38673E-02  0.62586E-06
 0.99998E+00  0.38673E-02  0.62597E-06
 0.10000E+01  0.38673E-02  0.62601E-06
 0.10000E+01  0.38673E-02  0.00000E+00
 0.00000E+00  0.47200E-02  0.00000E+00
 0.49709E-05  0.47200E-02  0.11403E-05
 0.16001E-04  0.47200E-02  0.11403E-05
 0.29447E-04  0.47200E-02  0.11405E-05
 0.45836E-04  0.47200E-02  0.11407E-05
 0.65814E-04  0.47200E-02  0.11412E-05
 0.90165E-04  0.47200E-02  0.11421E-05
 0.11985E-03  0.47200E-02  0.11434E-05
 0.15603E-03  0.47200E-02  0.11455E-05
 0.20013E-03  0.47200E-02  0.11486E-05
 0.25388E-03  0.47200E-02  0.11533E-05
 0.31939E-03  0.47200E-02  0.11603E-05
 0.39924E-03  0.47200E-02  0.11705E-05
 0.49656E-03  0.47200E-02  0.11856E-05
 0.61516E-03  0.47200E-02  0.12076E-05
 0.75970E-03  0.47200E-02  0.12392E-05
 0.93583E-03  0.47200E-02  0.12836E-05
 0.11504E-02  0.47200E-02  0.13437E-05
 0.14119E-02  0.47200E-02  0.14202E-05
 0.17305E-02  0.47200E-02  0.15087E-05
 0.21186E-02  0.47200E-02  0.15973E-05
 0.25912E-02  0.47200E-02  0.16653E-05
 0.31667E-02  0.47200E-02  0.16898E-05
 0.38673E-02  0.47200E-02  0.16626E-05
 0.47200E-02  0.47200E-02  0.16055E-05
 0.57574E-02  0.47200E-02  0.15517E-05
 0.70191E-02  0.47200E-02  0.15553E-05
 0.85527E-02  0.47200E-02  0.15676E-05
 0.10416E-01  0.47200E-02  0.15700E-05
 0.12677E-01  0.47200E-02  0.15419E-05
 0.15420E-01  0.47200E-02  0.15457E-05
 0.18742E-01  0.47200E-02  0.16474E-05
 0.22762E-01  0.47200E-02  0.18034E-05
 0.27617E-01  0.47200E-02  0.19817E-05
 0.33469E-01  0.47200E-02  0.21664E-05
 0.40509E-01  0.47200E-02  0.23105E-05
 0.48950E-01  0.47200E-02  0.23430E-05
 0.59040E-01  0.47200E-02  0.22389E-05
 0.71052E-01  0.47200E-02  0.20358E-05
 0.85282E-01  0.47200E-02  0.17813E-05
 0.10204E+00  0.47200E-02  0.15148E-05
 0.12166E+00  0.47200E-02  0.12913E-05
 0.14443E+00  0.47200E-02  0.10906E-05
 0.17063E+00  0.47200E-02  0.92145E-06
 0.20047E+00  0.47200E-02  0.83534E-06
 0.23404E+00  0.47200E-02  0.70380E-06
 0.27131E+00  0.47200E-02  0.58710E-06
 0.31210E+00  0.47200E-02  0.87398E-06
 0.35601E+00  0.47200E-02  0.20075E-05
 0.40249E+00  0.47200E-02  0.38643E-05
 0.45077E+00  0.47200E-02  0.56603E-05
 0.50000E+00  0.47200E-02  0.65423E-05
 0.54923E+00  0.47200E-02  0.64206E-05
 0.59751E+00  0.47200E-02  0.55579E-05
 0.64399E+00  0.47200E-02  0.44508E-05
 0.68790E+00  0.47200E-02  0.34049E-05
 0.72869E+00  0.47200E-02  0.23715E-05
 0.76596E+00  0.47200E-02  0.16584E-05
 0.79953E+00  0.47200E-02  0.17667E-05
 0.82937E+00  0.47200E-02  0.23412E-05
 0.85557E+00  0.47200E-02  0.26930E-05
 0.87834E+00  0.47200E-02  0.25444E-05
 0.89796E+00  0.47200E-02  0.21736E-05
 0.91472E+00  0.47200E-02  0.17906E-05
 0.92895E+00  0.47200E-02  0.15125E-05
 0.94096E+00  0.47200E-02  0.14693E-05
 0.95105E+00  0.47200E-02  0.16935E-05
 0.95949E+00  0.47200E-02  0.18954E-05
 0.96653E+00  0.47200E-02  0.20338E-05
 0.97238E+00  0.47200E-02  0.21085E-05
 0.97724E+00  0.47200E-02  0.20873E-05
 0.98126E+00  0.47200E-02  0.19466E-05
 0.98458E+00  0.47200E-02  0.17016E-05
 0.98732E+00  0.47200E-02  0.13899E-05
 0.98958E+00  0.47200E-02  0.10654E-05
 0.99145E+00  0.47200E-02  0.78549E-06
 0.99298E+00  0.47200E-02  0.58599E-06
 0.99424E+00  0.47200E-02  0.46522E-06
 0.99528E+00  0.47200E-02  0.35335E-06
 0.99613E+00  0.47200E-02  0.29504E-06
 0.99683E+00  0.47200E-02  0.26643E-06
 0.99741E+00  0.47200E-02  0.25149E-06
 0.99788E+00  0.47200E-02  0.24503E-06
 0.99827E+00  0.47200E-02  0.24823E-06
 0.99859E+00  0.47200E-02  0.26394E-06
 0.99885E+00  0.47200E-02  0.29192E-06
 0.99906E+00  0.47200E-02  0.32635E-06
 0.99924E+00  0.47200E-02  0.35974E-06
 0.99938E+00  0.47200E-02  0.38710E-06
 0.99950E+00  0.47200E-02  0.40779E-06
 0.99960E+00  0.47200E-02  0.42294E-06
 0.99968E+00  0.47200E-02  0.43382E-06
 0.99975E+00  0.47200E-02  0.44151E-06
 0.99980E+00  0.47200E-02  0.44686E-06
 0.99984E+00  0.47200E-02  0.45052E-06
 0.99988E+00  0.47200E-02  0.45296E-06
 0.99991E+00  0.47200E-02  0.45457E-06
 0.99993E+00  0.47200E-02  0.45558E-06
 0.99995E+00  0.47200E-02  0.45620E-06
 0.99997E+00  0.47200E-02  0.45654E-06
 0.99998E+00  0.47200E-02  0.45672E-06
 0.10000E+01  0.47200E-02  0.45679E-06
 0.10000E+01  0.47200E-02  0.00000E+00
 0.00000E+00  0.57574E-02  0.00000E+00
 0.49709E-05  0.57574E-02  0.14703E-05
 0.16001E-04  0.57574E-02  0.14703E-05
 0.29447E-04  0.57574E-02  0.14706E-05
 0.45836E-04  0.57574E-02  0.14711E-05
 0.65814E-04  0.57574E-02  0.14719E-05
 0.90165E-04  0.57574E-02  0.14733E-05
 0.11985E-03  0.57574E-02  0.14754E-05
 0.15603E-03  0.57574E-02  0.14785E-05
 0.20013E-03  0.57574E-02  0.14832E-05
 0.25388E-03  0.57574E-02  0.14899E-05
 0.31939E-03  0.57574E-02  0.14994E-05
 0.39924E-03  0.57574E-02  0.15129E-05
 0.49656E-03  0.57574E-02  0.15319E-05
 0.61516E-03  0.57574E-02  0.15588E-05
 0.75970E-03  0.57574E-02  0.15967E-05
 0.93583E-03  0.57574E-02  0.16491E-05
 0.11504E-02  0.57574E-02  0.17193E-05
 0.14119E-02  0.57574E-02  0.18079E-05
 0.17305E-02  0.57574E-02  0.19098E-05
 0.21186E-02  0.57574E-02  0.20111E-05
 0.25912E-02  0.57574E-02  0.20883E-05
 0.31667E-02  0.57574E-02  0.21167E-05
 0.38673E-02  0.57574E-02  0.20886E-05
 0.47200E-02  0.57574E-02  0.20268E-05
 0.57574E-02  0.57574E-02  0.19569E-05
 0.70191E-02  0.57574E-02  0.18798E-05
 0.85527E-02  0.57574E-02  0.18879E-05
 0.10416E-01  0.57574E-02  0.18983E-05
 0.12677E-01  0.57574E-02  0.18752E-05
 0.15420E-01  0.57574E-02  0.18834E-05
 0.18742E-01  0.57574E-02  0.19857E-05
 0.22762E-01  0.57574E-02  0.21528E-05
 0.27617E-01  0.57574E-02  0.23509E-05
 0.33469E-01  0.57574E-02  0.25273E-05
 0.40509E-01  0.57574E-02  0.26156E-05
 0.48950E-01  0.57574E-02  0.25771E-05
 0.59040E-01  0.57574E-02  0.24211E-05
 0.71052E-01  0.57574E-02  0.21910E-05
 0.85282E-01  0.57574E-02  0.19151E-05
 0.10204E+00  0.57574E-02  0.16618E-05
 0.12166E+00  0.57574E-02  0.14625E-05
 0.14443E+00  0.57574E-02  0.12958E-05
 0.17063E+00  0.57574E-02  0.11710E-05
 0.20047E+00  0.57574E-02  0.11323E-05
 0.23404E+00  0.57574E-02  0.10346E-05
 0.27131E+00  0.57574E-02  0.92171E-06
 0.31210E+00  0.57574E-02  0.12615E-05
 0.35601E+00  0.57574E-02  0.24377E-05
 0.40249E+00  0.57574E-02  0.42775E-05
 0.45077E+00  0.57574E-02  0.59389E-05
 0.50000E+00  0.57574E-02  0.65988E-05
 0.54923E+00  0.57574E-02  0.63355E-05
 0.59751E+00  0.57574E-02  0.54209E-05
 0.64399E+00  0.57574E-02  0.43241E-05
 0.68790E+00  0.57574E-02  0.32664E-05
 0.72869E+00  0.57574E-02  0.22408E-05
 0.76596E+00  0.57574E-02  0.16370E-05
 0.79953E+00  0.57574E-02  0.19003E-05
 0.82937E+00  0.57574E-02  0.25743E-05
 0.85557E+00  0.57574E-02  0.28945E-05
 0.87834E+00  0.57574E-02  0.26859E-05
 0.89796E+00  0.57574E-02  0.22528E-05
 0.91472E+00  0.57574E-02  0.18040E-05
 0.92895E+00  0.57574E-02  0.15244E-05
 0.94096E+00  0.57574E-02  0.13272E-05
 0.95105E+00  0.57574E-02  0.15096E-05
 0.95949E+00  0.57574E-02  0.16802E-05
 0.96653E+00  0.57574E-02  0.18149E-05
 0.97238E+00  0.57574E-02  0.19011E-05
 0.97724E+00  0.57574E-02  0.18910E-05
 0.98126E+00  0.57574E-02  0.17684E-05
 0.98458E+00  0.57574E-02  0.15407E-05
 0.98732E+00  0.57574E-02  0.12305E-05
 0.98958E+00  0.57574E-02  0.88640E-06
 0.99145E+00  0.57574E-02  0.57464E-06
 0.99298E+00  0.57574E-02  0.34310E-06
 0.99424E+00  0.57574E-02  0.19920E-06
 0.99528E+00  0.57574E-02  0.10479E-06
 0.99613E+00  0.57574E-02  0.29144E-07
 0.99683E+00  0.57574E-02 -0.18988E-08
 0.99741E+00  0.57574E-02 -0.13015E-07
 0.99788E+00  0.57574E-02 -0.16010E-07
 0.99827E+00  0.57574E-02 -0.11494E-07
 0.99859E+00  0.57574E-02  0.35578E-08
 0.99885E+00  0.57574E-02  0.30661E-07
 0.99906E+00  0.57574E-02  0.65463E-07
 0.99924E+00  0.57574E-02  0.10154E-06
 0.99938E+00  0.57574E-02  0.13331E-06
 0.99950E+00  0.57574E-02  0.15867E-06
 0.99960E+00  0.57574E-02  0.17802E-06
 0.99968E+00  0.57574E-02  0.19241E-06
 0.99975E+00  0.57574E-02  0.20289E-06
 0.99980E+00  0.57574E-02  0.21036E-06
 0.99984E+00  0.57574E-02  0.21558E-06
 0.99988E+00  0.57574E-02  0.21913E-06
 0.99991E+00  0.57574E-02  0.22149E-06
 0.99993E+00  0.57574E-02  0.22300E-06
 0.99995E+00  0.57574E-02  0.22393E-06
 0.99997E+00  0.57574E-02  0.22445E-06
 0.99998E+00  0.57574E-02  0.22472E-06
 0.10000E+01  0.57574E-02  0.22482E-06
 0.10000E+01  0.57574E-02  0.00000E+00
 0.00000E+00  0.70191E-02  0.00000E+00
 0.49709E-05  0.70191E-02  0.18594E-05
 0.16001E-04  0.70191E-02  0.18595E-05
 0.29447E-04  0.70191E-02  0.18599E-05
 0.45836E-04  0.70191E-02  0.18606E-05
 0.65814E-04  0.70191E-02  0.18618E-05
 0.90165E-04  0.70191E-02  0.18637E-05
 0.11985E-03  0.70191E-02  0.18666E-05
 0.15603E-03  0.70191E-02  0.18709E-05
 0.20013E-03  0.70191E-02  0.18771E-05
 0.25388E-03  0.70191E-02  0.18857E-05
 0.31939E-03  0.70191E-02  0.18977E-05
 0.39924E-03  0.70191E-02  0.19141E-05
 0.49656E-03  0.70191E-02  0.19366E-05
 0.61516E-03  0.70191E-02  0.19675E-05
 0.75970E-03  0.70191E-02  0.20102E-05
 0.93583E-03  0.70191E-02  0.20688E-05
 0.11504E-02  0.70191E-02  0.21468E-05
 0.14119E-02  0.70191E-02  0.22449E-05
 0.17305E-02  0.70191E-02  0.23573E-05
 0.21186E-02  0.70191E-02  0.24683E-05
 0.25912E-02  0.70191E-02  0.25526E-05
 0.31667E-02  0.70191E-02  0.25846E-05
 0.38673E-02  0.70191E-02  0.25578E-05
 0.47200E-02  0.70191E-02  0.24980E-05
 0.57574E-02  0.70191E-02  0.24314E-05
 0.70191E-02  0.70191E-02  0.23448E-05
 0.85527E-02  0.70191E-02  0.22377E-05
 0.10416E-01  0.70191E-02  0.22453E-05
 0.12677E-01  0.70191E-02  0.22242E-05
 0.15420E-01  0.70191E-02  0.22312E-05
 0.18742E-01  0.70191E-02  0.23513E-05
 0.22762E-01  0.70191E-02  0.25566E-05
 0.27617E-01  0.70191E-02  0.27612E-05
 0.33469E-01  0.70191E-02  0.28799E-05
 0.40509E-01  0.70191E-02  0.28935E-05
 0.48950E-01  0.70191E-02  0.28065E-05
 0.59040E-01  0.70191E-02  0.26422E-05
 0.71052E-01  0.70191E-02  0.24082E-05
 0.85282E-01  0.70191E-02  0.21213E-05
 0.10204E+00  0.70191E-02  0.18807E-05
 0.12166E+00  0.70191E-02  0.16921E-05
 0.14443E+00  0.70191E-02  0.15495E-05
 0.17063E+00  0.70191E-02  0.14633E-05
 0.20047E+00  0.70191E-02  0.14645E-05
 0.23404E+00  0.70191E-02  0.13784E-05
 0.27131E+00  0.70191E-02  0.12678E-05
 0.31210E+00  0.70191E-02  0.16944E-05
 0.35601E+00  0.70191E-02  0.29020E-05
 0.40249E+00  0.70191E-02  0.46809E-05
 0.45077E+00  0.70191E-02  0.61159E-05
 0.50000E+00  0.70191E-02  0.65188E-05
 0.54923E+00  0.70191E-02  0.61330E-05
 0.59751E+00  0.70191E-02  0.51907E-05
 0.64399E+00  0.70191E-02  0.41077E-05
 0.68790E+00  0.70191E-02  0.30494E-05
 0.72869E+00  0.70191E-02  0.20829E-05
 0.76596E+00  0.70191E-02  0.16386E-05
 0.79953E+00  0.70191E-02  0.20485E-05
 0.82937E+00  0.70191E-02  0.27774E-05
 0.85557E+00  0.70191E-02  0.30116E-05
 0.87834E+00  0.70191E-02  0.27259E-05
 0.89796E+00  0.70191E-02  0.22185E-05
 0.91472E+00  0.70191E-02  0.17100E-05
 0.92895E+00  0.70191E-02  0.13651E-05
 0.94096E+00  0.70191E-02  0.11805E-05
 0.95105E+00  0.70191E-02  0.12020E-05
 0.95949E+00  0.70191E-02  0.13417E-05
 0.96653E+00  0.70191E-02  0.14665E-05
 0.97238E+00  0.70191E-02  0.15552E-05
 0.97724E+00  0.70191E-02  0.15662E-05
 0.98126E+00  0.70191E-02  0.14855E-05
 0.98458E+00  0.70191E-02  0.13015E-05
 0.98732E+00  0.70191E-02  0.10126E-05
 0.98958E+00  0.70191E-02  0.65741E-06
 0.99145E+00  0.70191E-02  0.30787E-06
 0.99298E+00  0.70191E-02  0.32422E-07
 0.99424E+00  0.70191E-02 -0.14722E-06
 0.99528E+00  0.70191E-02 -0.25884E-06
 0.99613E+00  0.70191E-02 -0.35601E-06
 0.99683E+00  0.70191E-02 -0.38886E-06
 0.99741E+00  0.70191E-02 -0.39186E-06
 0.99788E+00  0.70191E-02 -0.38564E-06
 0.99827E+00  0.70191E-02 -0.37460E-06
 0.99859E+00  0.70191E-02 -0.35593E-06
 0.99885E+00  0.70191E-02 -0.32697E-06
 0.99906E+00  0.70191E-02 -0.28950E-06
 0.99924E+00  0.70191E-02 -0.24945E-06
 0.99938E+00  0.70191E-02 -0.21221E-06
 0.99950E+00  0.70191E-02 -0.18096E-06
 0.99960E+00  0.70191E-02 -0.15619E-06
 0.99968E+00  0.70191E-02 -0.13719E-06
 0.99975E+00  0.70191E-02 -0.12300E-06
 0.99980E+00  0.70191E-02 -0.11266E-06
 0.99984E+00  0.70191E-02 -0.10533E-06
 0.99988E+00  0.70191E-02 -0.10026E-06
 0.99991E+00  0.70191E-02 -0.96870E-07
 0.99993E+00  0.70191E-02 -0.94676E-07
 0.99995E+00  0.70191E-02 -0.93324E-07
 0.99997E+00  0.70191E-02 -0.92547E-07
 0.99998E+00  0.70191E-02 -0.92152E-07
 0.10000E+01  0.70191E-02 -0.92001E-07
 0.10000E+01  0.70191E-02  0.00000E+00
 0.00000E+00  0.85527E-02  0.00000E+00
 0.49709E-05  0.85527E-02  0.22720E-05
 0.16001E-04  0.85527E-02  0.22722E-05
 0.29447E-04  0.85527E-02  0.22726E-05
 0.45836E-04  0.85527E-02  0.22736E-05
 0.65814E-04  0.85527E-02  0.22751E-05
 0.90165E-04  0.85527E-02  0.22775E-05
 0.11985E-03  0.85527E-02  0.22812E-05
 0.15603E-03  0.85527E-02  0.22865E-05
 0.20013E-03  0.85527E-02  0.22940E-05
 0.25388E-03  0.85527E-02  0.23042E-05
 0.31939E-03  0.85527E-02  0.23179E-05
 0.39924E-03  0.85527E-02  0.23362E-05
 0.49656E-03  0.85527E-02  0.23606E-05
 0.61516E-03  0.85527E-02  0.23933E-05
 0.75970E-03  0.85527E-02  0.24378E-05
 0.93583E-03  0.85527E-02  0.24986E-05
 0.11504E-02  0.85527E-02  0.25802E-05
 0.14119E-02  0.85527E-02  0.26836E-05
 0.17305E-02  0.85527E-02  0.28027E-05
 0.21186E-02  0.85527E-02  0.29207E-05
 0.25912E-02  0.85527E-02  0.30106E-05
 0.31667E-02  0.85527E-02  0.30453E-05
 0.38673E-02  0.85527E-02  0.30193E-05
 0.47200E-02  0.85527E-02  0.29623E-05
 0.57574E-02  0.85527E-02  0.29047E-05
 0.70191E-02  0.85527E-02  0.28298E-05
 0.85527E-02  0.85527E-02  0.27100E-05
 0.10416E-01  0.85527E-02  0.25577E-05
 0.12677E-01  0.85527E-02  0.25185E-05
 0.15420E-01  0.85527E-02  0.25458E-05
 0.18742E-01  0.85527E-02  0.27164E-05
 0.22762E-01  0.85527E-02  0.29443E-05
 0.27617E-01  0.85527E-02  0.30939E-05
 0.33469E-01  0.85527E-02  0.31391E-05
 0.40509E-01  0.85527E-02  0.31084E-05
 0.48950E-01  0.85527E-02  0.30325E-05
 0.59040E-01  0.85527E-02  0.28957E-05
 0.71052E-01  0.85527E-02  0.26425E-05
 0.85282E-01  0.85527E-02  0.23632E-05
 0.10204E+00  0.85527E-02  0.21220E-05
 0.12166E+00  0.85527E-02  0.19370E-05
 0.14443E+00  0.85527E-02  0.18111E-05
 0.17063E+00  0.85527E-02  0.17554E-05
 0.20047E+00  0.85527E-02  0.17749E-05
 0.23404E+00  0.85527E-02  0.16525E-05
 0.27131E+00  0.85527E-02  0.15703E-05
 0.31210E+00  0.85527E-02  0.20883E-05
 0.35601E+00  0.85527E-02  0.32980E-05
 0.40249E+00  0.85527E-02  0.49533E-05
 0.45077E+00  0.85527E-02  0.60755E-05
 0.50000E+00  0.85527E-02  0.62365E-05
 0.54923E+00  0.85527E-02  0.57675E-05
 0.59751E+00  0.85527E-02  0.48208E-05
 0.64399E+00  0.85527E-02  0.37514E-05
 0.68790E+00  0.85527E-02  0.27211E-05
 0.72869E+00  0.85527E-02  0.18668E-05
 0.76596E+00  0.85527E-02  0.15939E-05
 0.79953E+00  0.85527E-02  0.21029E-05
 0.82937E+00  0.85527E-02  0.28067E-05
 0.85557E+00  0.85527E-02  0.29405E-05
 0.87834E+00  0.85527E-02  0.25558E-05
 0.89796E+00  0.85527E-02  0.19730E-05
 0.91472E+00  0.85527E-02  0.14167E-05
 0.92895E+00  0.85527E-02  0.10162E-05
 0.94096E+00  0.85527E-02  0.88919E-06
 0.95105E+00  0.85527E-02  0.70874E-06
 0.95949E+00  0.85527E-02  0.84951E-06
 0.96653E+00  0.85527E-02  0.95260E-06
 0.97238E+00  0.85527E-02  0.10336E-05
 0.97724E+00  0.85527E-02  0.10702E-05
 0.98126E+00  0.85527E-02  0.10470E-05
 0.98458E+00  0.85527E-02  0.93075E-06
 0.98732E+00  0.85527E-02  0.69616E-06
 0.98958E+00  0.85527E-02  0.35676E-06
 0.99145E+00  0.85527E-02 -0.14904E-07
 0.99298E+00  0.85527E-02 -0.34538E-06
 0.99424E+00  0.85527E-02 -0.59592E-06
 0.99528E+00  0.85527E-02 -0.74901E-06
 0.99613E+00  0.85527E-02 -0.87643E-06
 0.99683E+00  0.85527E-02 -0.91809E-06
 0.99741E+00  0.85527E-02 -0.91188E-06
 0.99788E+00  0.85527E-02 -0.89069E-06
 0.99827E+00  0.85527E-02 -0.86611E-06
 0.99859E+00  0.85527E-02 -0.83725E-06
 0.99885E+00  0.85527E-02 -0.80039E-06
 0.99906E+00  0.85527E-02 -0.75567E-06
 0.99924E+00  0.85527E-02 -0.70816E-06
 0.99938E+00  0.85527E-02 -0.66303E-06
 0.99950E+00  0.85527E-02 -0.62380E-06
 0.99960E+00  0.85527E-02 -0.59174E-06
 0.99968E+00  0.85527E-02 -0.56656E-06
 0.99975E+00  0.85527E-02 -0.54741E-06
 0.99980E+00  0.85527E-02 -0.53327E-06
 0.99984E+00  0.85527E-02 -0.52311E-06
 0.99988E+00  0.85527E-02 -0.51604E-06
 0.99991E+00  0.85527E-02 -0.51127E-06
 0.99993E+00  0.85527E-02 -0.50817E-06
 0.99995E+00  0.85527E-02 -0.50625E-06
 0.99997E+00  0.85527E-02 -0.50515E-06
 0.99998E+00  0.85527E-02 -0.50458E-06
 0.10000E+01  0.85527E-02 -0.50437E-06
 0.10000E+01  0.85527E-02  0.00000E+00
 0.00000E+00  0.10416E-01  0.00000E+00
 0.49709E-05  0.10416E-01  0.26446E-05
 0.16001E-04  0.10416E-01  0.26449E-05
 0.29447E-04  0.10416E-01  0.26454E-05
 0.45836E-04  0.10416E-01  0.26465E-05
 0.65814E-04  0.10416E-01  0.26483E-05
 0.90165E-04  0.10416E-01  0.26511E-05
 0.11985E-03  0.10416E-01  0.26553E-05
 0.15603E-03  0.10416E-01  0.26613E-05
 0.20013E-03  0.10416E-01  0.26694E-05
 0.25388E-03  0.10416E-01  0.26803E-05
 0.31939E-03  0.10416E-01  0.26946E-05
 0.39924E-03  0.10416E-01  0.27129E-05
 0.49656E-03  0.10416E-01  0.27366E-05
 0.61516E-03  0.10416E-01  0.27677E-05
 0.75970E-03  0.10416E-01  0.28095E-05
 0.93583E-03  0.10416E-01  0.28670E-05
 0.11504E-02  0.10416E-01  0.29457E-05
 0.14119E-02  0.10416E-01  0.30481E-05
 0.17305E-02  0.10416E-01  0.31684E-05
 0.21186E-02  0.10416E-01  0.32889E-05
 0.25912E-02  0.10416E-01  0.33810E-05
 0.31667E-02  0.10416E-01  0.34158E-05
 0.38673E-02  0.10416E-01  0.33882E-05
 0.47200E-02  0.10416E-01  0.33331E-05
 0.57574E-02  0.10416E-01  0.32851E-05
 0.70191E-02  0.10416E-01  0.32254E-05
 0.85527E-02  0.10416E-01  0.31101E-05
 0.10416E-01  0.10416E-01  0.29194E-05
 0.12677E-01  0.10416E-01  0.27149E-05
 0.15420E-01  0.10416E-01  0.27649E-05
 0.18742E-01  0.10416E-01  0.29645E-05
 0.22762E-01  0.10416E-01  0.31468E-05
 0.27617E-01  0.10416E-01  0.32337E-05
 0.33469E-01  0.10416E-01  0.32400E-05
 0.40509E-01  0.10416E-01  0.32380E-05
 0.48950E-01  0.10416E-01  0.32119E-05
 0.59040E-01  0.10416E-01  0.30963E-05
 0.71052E-01  0.10416E-01  0.28127E-05
 0.85282E-01  0.10416E-01  0.25463E-05
 0.10204E+00  0.10416E-01  0.23057E-05
 0.12166E+00  0.10416E-01  0.21271E-05
 0.14443E+00  0.10416E-01  0.20101E-05
 0.17063E+00  0.10416E-01  0.19752E-05
 0.20047E+00  0.10416E-01  0.19755E-05
 0.23404E+00  0.10416E-01  0.17557E-05
 0.27131E+00  0.10416E-01  0.17466E-05
 0.31210E+00  0.10416E-01  0.23216E-05
 0.35601E+00  0.10416E-01  0.34920E-05
 0.40249E+00  0.10416E-01  0.49527E-05
 0.45077E+00  0.10416E-01  0.57155E-05
 0.50000E+00  0.10416E-01  0.56973E-05
 0.54923E+00  0.10416E-01  0.51826E-05
 0.59751E+00  0.10416E-01  0.42426E-05
 0.64399E+00  0.10416E-01  0.31881E-05
 0.68790E+00  0.10416E-01  0.22172E-05
 0.72869E+00  0.10416E-01  0.15088E-05
 0.76596E+00  0.10416E-01  0.13689E-05
 0.79953E+00  0.10416E-01  0.19215E-05
 0.82937E+00  0.10416E-01  0.25423E-05
 0.85557E+00  0.10416E-01  0.25537E-05
 0.87834E+00  0.10416E-01  0.20563E-05
 0.89796E+00  0.10416E-01  0.14094E-05
 0.91472E+00  0.10416E-01  0.81964E-06
 0.92895E+00  0.10416E-01  0.39088E-06
 0.94096E+00  0.10416E-01  0.20026E-06
 0.95105E+00  0.10416E-01  0.18090E-06
 0.95949E+00  0.10416E-01  0.17031E-06
 0.96653E+00  0.10416E-01  0.24492E-06
 0.97238E+00  0.10416E-01  0.31359E-06
 0.97724E+00  0.10416E-01  0.37018E-06
 0.98126E+00  0.10416E-01  0.39380E-06
 0.98458E+00  0.10416E-01  0.35298E-06
 0.98732E+00  0.10416E-01  0.20376E-06
 0.98958E+00  0.10416E-01 -0.58765E-07
 0.99145E+00  0.10416E-01 -0.41427E-06
 0.99298E+00  0.10416E-01 -0.80763E-06
 0.99424E+00  0.10416E-01 -0.11400E-05
 0.99528E+00  0.10416E-01 -0.13636E-05
 0.99613E+00  0.10416E-01 -0.14988E-05
 0.99683E+00  0.10416E-01 -0.15745E-05
 0.99741E+00  0.10416E-01 -0.15716E-05
 0.99788E+00  0.10416E-01 -0.15349E-05
 0.99827E+00  0.10416E-01 -0.14907E-05
 0.99859E+00  0.10416E-01 -0.14444E-05
 0.99885E+00  0.10416E-01 -0.13931E-05
 0.99906E+00  0.10416E-01 -0.13355E-05
 0.99924E+00  0.10416E-01 -0.12758E-05
 0.99938E+00  0.10416E-01 -0.12190E-05
 0.99950E+00  0.10416E-01 -0.11688E-05
 0.99960E+00  0.10416E-01 -0.11271E-05
 0.99968E+00  0.10416E-01 -0.10939E-05
 0.99975E+00  0.10416E-01 -0.10683E-05
 0.99980E+00  0.10416E-01 -0.10493E-05
 0.99984E+00  0.10416E-01 -0.10355E-05
 0.99988E+00  0.10416E-01 -0.10259E-05
 0.99991E+00  0.10416E-01 -0.10194E-05
 0.99993E+00  0.10416E-01 -0.10151E-05
 0.99995E+00  0.10416E-01 -0.10125E-05
 0.99997E+00  0.10416E-01 -0.10110E-05
 0.99998E+00  0.10416E-01 -0.10102E-05
 0.10000E+01  0.10416E-01 -0.10099E-05
 0.10000E+01  0.10416E-01  0.00000E+00
 0.00000E+00  0.12677E-01  0.00000E+00
 0.49709E-05  0.12677E-01  0.28931E-05
 0.16001E-04  0.12677E-01  0.28933E-05
 0.29447E-04  0.12677E-01  0.28939E-05
 0.45836E-04  0.12677E-01  0.28951E-05
 0.65814E-04  0.12677E-01  0.28969E-05
 0.90165E-04  0.12677E-01  0.28999E-05
 0.11985E-03  0.12677E-01  0.29041E-05
 0.15603E-03  0.12677E-01  0.29100E-05
 0.20013E-03  0.12677E-01  0.29179E-05
 0.25388E-03  0.12677E-01  0.29280E-05
 0.31939E-03  0.12677E-01  0.29407E-05
 0.39924E-03  0.12677E-01  0.29562E-05
 0.49656E-03  0.12677E-01  0.29752E-05
 0.61516E-03  0.12677E-01  0.29992E-05
 0.75970E-03  0.12677E-01  0.30312E-05
 0.93583E-03  0.12677E-01  0.30764E-05
 0.11504E-02  0.12677E-01  0.31424E-05
 0.14119E-02  0.12677E-01  0.32338E-05
 0.17305E-02  0.12677E-01  0.33466E-05
 0.21186E-02  0.12677E-01  0.34625E-05
 0.25912E-02  0.12677E-01  0.35513E-05
 0.31667E-02  0.12677E-01  0.35822E-05
 0.38673E-02  0.12677E-01  0.35508E-05
 0.47200E-02  0.12677E-01  0.34960E-05
 0.57574E-02  0.12677E-01  0.34548E-05
 0.70191E-02  0.12677E-01  0.34027E-05
 0.85527E-02  0.12677E-01  0.32972E-05
 0.10416E-01  0.12677E-01  0.31216E-05
 0.12677E-01  0.12677E-01  0.29238E-05
 0.15420E-01  0.12677E-01  0.27611E-05
 0.18742E-01  0.12677E-01  0.28828E-05
 0.22762E-01  0.12677E-01  0.30299E-05
 0.27617E-01  0.12677E-01  0.30915E-05
 0.33469E-01  0.12677E-01  0.31467E-05
 0.40509E-01  0.12677E-01  0.32050E-05
 0.48950E-01  0.12677E-01  0.32298E-05
 0.59040E-01  0.12677E-01  0.30706E-05
 0.71052E-01  0.12677E-01  0.28047E-05
 0.85282E-01  0.12677E-01  0.25532E-05
 0.10204E+00  0.12677E-01  0.23285E-05
 0.12166E+00  0.12677E-01  0.21631E-05
 0.14443E+00  0.12677E-01  0.20489E-05
 0.17063E+00  0.12677E-01  0.20244E-05
 0.20047E+00  0.12677E-01  0.19343E-05
 0.23404E+00  0.12677E-01  0.16035E-05
 0.27131E+00  0.12677E-01  0.16866E-05
 0.31210E+00  0.12677E-01  0.22645E-05
 0.35601E+00  0.12677E-01  0.33525E-05
 0.40249E+00  0.12677E-01  0.45528E-05
 0.45077E+00  0.12677E-01  0.49746E-05
 0.50000E+00  0.12677E-01  0.48561E-05
 0.54923E+00  0.12677E-01  0.43085E-05
 0.59751E+00  0.12677E-01  0.33731E-05
 0.64399E+00  0.12677E-01  0.23398E-05
 0.68790E+00  0.12677E-01  0.14535E-05
 0.72869E+00  0.12677E-01  0.87754E-06
 0.76596E+00  0.12677E-01  0.80403E-06
 0.79953E+00  0.12677E-01  0.13694E-05
 0.82937E+00  0.12677E-01  0.18644E-05
 0.85557E+00  0.12677E-01  0.17310E-05
 0.87834E+00  0.12677E-01  0.11289E-05
 0.89796E+00  0.12677E-01  0.43698E-06
 0.91472E+00  0.12677E-01 -0.16287E-06
 0.92895E+00  0.12677E-01 -0.57972E-06
 0.94096E+00  0.12677E-01 -0.76620E-06
 0.95105E+00  0.12677E-01 -0.63031E-06
 0.95949E+00  0.12677E-01 -0.74029E-06
 0.96653E+00  0.12677E-01 -0.67738E-06
 0.97238E+00  0.12677E-01 -0.61681E-06
 0.97724E+00  0.12677E-01 -0.55423E-06
 0.98126E+00  0.12677E-01 -0.50361E-06
 0.98458E+00  0.12677E-01 -0.49285E-06
 0.98732E+00  0.12677E-01 -0.53666E-06
 0.98958E+00  0.12677E-01 -0.69645E-06
 0.99145E+00  0.12677E-01 -0.10048E-05
 0.99298E+00  0.12677E-01 -0.13846E-05
 0.99424E+00  0.12677E-01 -0.17539E-05
 0.99528E+00  0.12677E-01 -0.20371E-05
 0.99613E+00  0.12677E-01 -0.22207E-05
 0.99683E+00  0.12677E-01 -0.23485E-05
 0.99741E+00  0.12677E-01 -0.23600E-05
 0.99788E+00  0.12677E-01 -0.23082E-05
 0.99827E+00  0.12677E-01 -0.22373E-05
 0.99859E+00  0.12677E-01 -0.21646E-05
 0.99885E+00  0.12677E-01 -0.20907E-05
 0.99906E+00  0.12677E-01 -0.20136E-05
 0.99924E+00  0.12677E-01 -0.19362E-05
 0.99938E+00  0.12677E-01 -0.18634E-05
 0.99950E+00  0.12677E-01 -0.17990E-05
 0.99960E+00  0.12677E-01 -0.17452E-05
 0.99968E+00  0.12677E-01 -0.17020E-05
 0.99975E+00  0.12677E-01 -0.16686E-05
 0.99980E+00  0.12677E-01 -0.16436E-05
 0.99984E+00  0.12677E-01 -0.16256E-05
 0.99988E+00  0.12677E-01 -0.16129E-05
 0.99991E+00  0.12677E-01 -0.16043E-05
 0.99993E+00  0.12677E-01 -0.15987E-05
 0.99995E+00  0.12677E-01 -0.15952E-05
 0.99997E+00  0.12677E-01 -0.15932E-05
 0.99998E+00  0.12677E-01 -0.15922E-05
 0.10000E+01  0.12677E-01 -0.15918E-05
 0.10000E+01  0.12677E-01  0.00000E+00
 0.00000E+00  0.15420E-01  0.00000E+00
 0.49709E-05  0.15420E-01  0.29213E-05
 0.16001E-04  0.15420E-01  0.29215E-05
 0.29447E-04  0.15420E-01  0.29221E-05
 0.45836E-04  0.15420E-01  0.29231E-05
 0.65814E-04  0.15420E-01  0.29248E-05
 0.90165E-04  0.15420E-01  0.29274E-05
 0.11985E-03  0.15420E-01  0.29311E-05
 0.15603E-03  0.15420E-01  0.29360E-05
 0.20013E-03  0.15420E-01  0.29422E-05
 0.25388E-03  0.15420E-01  0.29497E-05
 0.31939E-03  0.15420E-01  0.29582E-05
 0.39924E-03  0.15420E-01  0.29674E-05
 0.49656E-03  0.15420E-01  0.29772E-05
 0.61516E-03  0.15420E-01  0.29884E-05
 0.75970E-03  0.15420E-01  0.30032E-05
 0.93583E-03  0.15420E-01  0.30271E-05
 0.11504E-02  0.15420E-01  0.30693E-05
 0.14119E-02  0.15420E-01  0.31379E-05
 0.17305E-02  0.15420E-01  0.32315E-05
 0.21186E-02  0.15420E-01  0.33328E-05
 0.25912E-02  0.15420E-01  0.34103E-05
 0.31667E-02  0.15420E-01  0.34319E-05
 0.38673E-02  0.15420E-01  0.33931E-05
 0.47200E-02  0.15420E-01  0.33349E-05
 0.57574E-02  0.15420E-01  0.32935E-05
 0.70191E-02  0.15420E-01  0.32476E-05
 0.85527E-02  0.15420E-01  0.31625E-05
 0.10416E-01  0.15420E-01  0.30297E-05
 0.12677E-01  0.15420E-01  0.28225E-05
 0.15420E-01  0.15420E-01  0.25821E-05
 0.18742E-01  0.15420E-01  0.23879E-05
 0.22762E-01  0.15420E-01  0.25059E-05
 0.27617E-01  0.15420E-01  0.26538E-05
 0.33469E-01  0.15420E-01  0.27755E-05
 0.40509E-01  0.15420E-01  0.29063E-05
 0.48950E-01  0.15420E-01  0.29304E-05
 0.59040E-01  0.15420E-01  0.27232E-05
 0.71052E-01  0.15420E-01  0.24970E-05
 0.85282E-01  0.15420E-01  0.22774E-05
 0.10204E+00  0.15420E-01  0.20876E-05
 0.12166E+00  0.15420E-01  0.19439E-05
 0.14443E+00  0.15420E-01  0.18339E-05
 0.17063E+00  0.15420E-01  0.17993E-05
 0.20047E+00  0.15420E-01  0.15380E-05
 0.23404E+00  0.15420E-01  0.11583E-05
 0.27131E+00  0.15420E-01  0.12963E-05
 0.31210E+00  0.15420E-01  0.18339E-05
 0.35601E+00  0.15420E-01  0.28021E-05
 0.40249E+00  0.15420E-01  0.36968E-05
 0.45077E+00  0.15420E-01  0.38594E-05
 0.50000E+00  0.15420E-01  0.36957E-05
 0.54923E+00  0.15420E-01  0.31013E-05
 0.59751E+00  0.15420E-01  0.21602E-05
 0.64399E+00  0.15420E-01  0.11579E-05
 0.68790E+00  0.15420E-01  0.35810E-06
 0.72869E+00  0.15420E-01 -0.13748E-06
 0.76596E+00  0.15420E-01 -0.19043E-06
 0.79953E+00  0.15420E-01  0.33811E-06
 0.82937E+00  0.15420E-01  0.70683E-06
 0.85557E+00  0.15420E-01  0.42742E-06
 0.87834E+00  0.15420E-01 -0.25245E-06
 0.89796E+00  0.15420E-01 -0.96332E-06
 0.91472E+00  0.15420E-01 -0.15364E-05
 0.92895E+00  0.15420E-01 -0.18959E-05
 0.94096E+00  0.15420E-01 -0.20183E-05
 0.95105E+00  0.15420E-01 -0.18986E-05
 0.95949E+00  0.15420E-01 -0.16767E-05
 0.96653E+00  0.15420E-01 -0.17979E-05
 0.97238E+00  0.15420E-01 -0.17545E-05
 0.97724E+00  0.15420E-01 -0.16873E-05
 0.98126E+00  0.15420E-01 -0.16335E-05
 0.98458E+00  0.15420E-01 -0.15692E-05
 0.98732E+00  0.15420E-01 -0.15540E-05
 0.98958E+00  0.15420E-01 -0.16636E-05
 0.99145E+00  0.15420E-01 -0.18734E-05
 0.99298E+00  0.15420E-01 -0.21654E-05
 0.99424E+00  0.15420E-01 -0.24924E-05
 0.99528E+00  0.15420E-01 -0.27846E-05
 0.99613E+00  0.15420E-01 -0.30058E-05
 0.99683E+00  0.15420E-01 -0.31894E-05
 0.99741E+00  0.15420E-01 -0.32303E-05
 0.99788E+00  0.15420E-01 -0.31702E-05
 0.99827E+00  0.15420E-01 -0.30708E-05
 0.99859E+00  0.15420E-01 -0.29659E-05
 0.99885E+00  0.15420E-01 -0.28637E-05
 0.99906E+00  0.15420E-01 -0.27630E-05
 0.99924E+00  0.15420E-01 -0.26648E-05
 0.99938E+00  0.15420E-01 -0.25732E-05
 0.99950E+00  0.15420E-01 -0.24926E-05
 0.99960E+00  0.15420E-01 -0.24249E-05
 0.99968E+00  0.15420E-01 -0.23705E-05
 0.99975E+00  0.15420E-01 -0.23284E-05
 0.99980E+00  0.15420E-01 -0.22969E-05
 0.99984E+00  0.15420E-01 -0.22741E-05
 0.99988E+00  0.15420E-01 -0.22580E-05
 0.99991E+00  0.15420E-01 -0.22472E-05
 0.99993E+00  0.15420E-01 -0.22401E-05
 0.99995E+00  0.15420E-01 -0.22357E-05
 0.99997E+00  0.15420E-01 -0.22332E-05
 0.99998E+00  0.15420E-01 -0.22319E-05
 0.10000E+01  0.15420E-01 -0.22314E-05
 0.10000E+01  0.15420E-01  0.00000E+00
 0.00000E+00  0.18742E-01  0.00000E+00
 0.49709E-05  0.18742E-01  0.26799E-05
 0.16001E-04  0.18742E-01  0.26801E-05
 0.29447E-04  0.18742E-01  0.26805E-05
 0.45836E-04  0.18742E-01  0.26813E-05
 0.65814E-04  0.18742E-01  0.26826E-05
 0.90165E-04  0.18742E-01  0.26844E-05
 0.11985E-03  0.18742E-01  0.26867E-05
 0.15603E-03  0.18742E-01  0.26896E-05
 0.20013E-03  0.18742E-01  0.26928E-05
 0.25388E-03  0.18742E-01  0.26956E-05
 0.31939E-03  0.18742E-01  0.26972E-05
 0.39924E-03  0.18742E-01  0.26965E-05
 0.49656E-03  0.18742E-01  0.26924E-05
 0.61516E-03  0.18742E-01  0.26843E-05
 0.75970E-03  0.18742E-01  0.26736E-05
 0.93583E-03  0.18742E-01  0.26650E-05
 0.11504E-02  0.18742E-01  0.26687E-05
 0.14119E-02  0.18742E-01  0.26990E-05
 0.17305E-02  0.18742E-01  0.27594E-05
 0.21186E-02  0.18742E-01  0.28349E-05
 0.25912E-02  0.18742E-01  0.28931E-05
 0.31667E-02  0.18742E-01  0.29002E-05
 0.38673E-02  0.18742E-01  0.28500E-05
 0.47200E-02  0.18742E-01  0.27840E-05
 0.57574E-02  0.18742E-01  0.27430E-05
 0.70191E-02  0.18742E-01  0.27096E-05
 0.85527E-02  0.18742E-01  0.26489E-05
 0.10416E-01  0.18742E-01  0.25030E-05
 0.12677E-01  0.18742E-01  0.22656E-05
 0.15420E-01  0.18742E-01  0.19721E-05
 0.18742E-01  0.18742E-01  0.17605E-05
 0.22762E-01  0.18742E-01  0.16590E-05
 0.27617E-01  0.18742E-01  0.18679E-05
 0.33469E-01  0.18742E-01  0.21033E-05
 0.40509E-01  0.18742E-01  0.22370E-05
 0.48950E-01  0.18742E-01  0.22057E-05
 0.59040E-01  0.18742E-01  0.20306E-05
 0.71052E-01  0.18742E-01  0.18423E-05
 0.85282E-01  0.18742E-01  0.16729E-05
 0.10204E+00  0.18742E-01  0.15356E-05
 0.12166E+00  0.18742E-01  0.14242E-05
 0.14443E+00  0.18742E-01  0.13270E-05
 0.17063E+00  0.18742E-01  0.12297E-05
 0.20047E+00  0.18742E-01  0.78506E-06
 0.23404E+00  0.18742E-01  0.44403E-06
 0.27131E+00  0.18742E-01  0.57105E-06
 0.31210E+00  0.18742E-01  0.10508E-05
 0.35601E+00  0.18742E-01  0.18696E-05
 0.40249E+00  0.18742E-01  0.24574E-05
 0.45077E+00  0.18742E-01  0.24754E-05
 0.50000E+00  0.18742E-01  0.22775E-05
 0.54923E+00  0.18742E-01  0.16123E-05
 0.59751E+00  0.18742E-01  0.65633E-06
 0.64399E+00  0.18742E-01 -0.30646E-06
 0.68790E+00  0.18742E-01 -0.10471E-05
 0.72869E+00  0.18742E-01 -0.15117E-05
 0.76596E+00  0.18742E-01 -0.15410E-05
 0.79953E+00  0.18742E-01 -0.10850E-05
 0.82937E+00  0.18742E-01 -0.85940E-06
 0.85557E+00  0.18742E-01 -0.12579E-05
 0.87834E+00  0.18742E-01 -0.19796E-05
 0.89796E+00  0.18742E-01 -0.26748E-05
 0.91472E+00  0.18742E-01 -0.31783E-05
 0.92895E+00  0.18742E-01 -0.34383E-05
 0.94096E+00  0.18742E-01 -0.34535E-05
 0.95105E+00  0.18742E-01 -0.32729E-05
 0.95949E+00  0.18742E-01 -0.28968E-05
 0.96653E+00  0.18742E-01 -0.30293E-05
 0.97238E+00  0.18742E-01 -0.30183E-05
 0.97724E+00  0.18742E-01 -0.29661E-05
 0.98126E+00  0.18742E-01 -0.28720E-05
 0.98458E+00  0.18742E-01 -0.27989E-05
 0.98732E+00  0.18742E-01 -0.28093E-05
 0.98958E+00  0.18742E-01 -0.28645E-05
 0.99145E+00  0.18742E-01 -0.29853E-05
 0.99298E+00  0.18742E-01 -0.31659E-05
 0.99424E+00  0.18742E-01 -0.33962E-05
 0.99528E+00  0.18742E-01 -0.36373E-05
 0.99613E+00  0.18742E-01 -0.38535E-05
 0.99683E+00  0.18742E-01 -0.40265E-05
 0.99741E+00  0.18742E-01 -0.41099E-05
 0.99788E+00  0.18742E-01 -0.40598E-05
 0.99827E+00  0.18742E-01 -0.39404E-05
 0.99859E+00  0.18742E-01 -0.38050E-05
 0.99885E+00  0.18742E-01 -0.36741E-05
 0.99906E+00  0.18742E-01 -0.35496E-05
 0.99924E+00  0.18742E-01 -0.34312E-05
 0.99938E+00  0.18742E-01 -0.33217E-05
 0.99950E+00  0.18742E-01 -0.32252E-05
 0.99960E+00  0.18742E-01 -0.31440E-05
 0.99968E+00  0.18742E-01 -0.30787E-05
 0.99975E+00  0.18742E-01 -0.30279E-05
 0.99980E+00  0.18742E-01 -0.29899E-05
 0.99984E+00  0.18742E-01 -0.29623E-05
 0.99988E+00  0.18742E-01 -0.29429E-05
 0.99991E+00  0.18742E-01 -0.29297E-05
 0.99993E+00  0.18742E-01 -0.29212E-05
 0.99995E+00  0.18742E-01 -0.29158E-05
 0.99997E+00  0.18742E-01 -0.29128E-05
 0.99998E+00  0.18742E-01 -0.29112E-05
 0.10000E+01  0.18742E-01 -0.29106E-05
 0.10000E+01  0.18742E-01  0.00000E+00
 0.00000E+00  0.22762E-01  0.00000E+00
 0.49709E-05  0.22762E-01  0.21748E-05
 0.16001E-04  0.22762E-01  0.21749E-05
 0.29447E-04  0.22762E-01  0.21751E-05
 0.45836E-04  0.22762E-01  0.21754E-05
 0.65814E-04  0.22762E-01  0.21759E-05
 0.90165E-04  0.22762E-01  0.21765E-05
 0.11985E-03  0.22762E-01  0.21770E-05
 0.15603E-03  0.22762E-01  0.21771E-05
 0.20013E-03  0.22762E-01  0.21760E-05
 0.25388E-03  0.22762E-01  0.21727E-05
 0.31939E-03  0.22762E-01  0.21657E-05
 0.39924E-03  0.22762E-01  0.21528E-05
 0.49656E-03  0.22762E-01  0.21318E-05
 0.61516E-03  0.22762E-01  0.21010E-05
 0.75970E-03  0.22762E-01  0.20602E-05
 0.93583E-03  0.22762E-01  0.20133E-05
 0.11504E-02  0.22762E-01  0.19714E-05
 0.14119E-02  0.22762E-01  0.19531E-05
 0.17305E-02  0.22762E-01  0.19694E-05
 0.21186E-02  0.22762E-01  0.20088E-05
 0.25912E-02  0.22762E-01  0.20395E-05
 0.31667E-02  0.22762E-01  0.20260E-05
 0.38673E-02  0.22762E-01  0.19605E-05
 0.47200E-02  0.22762E-01  0.18879E-05
 0.57574E-02  0.22762E-01  0.18524E-05
 0.70191E-02  0.22762E-01  0.18319E-05
 0.85527E-02  0.22762E-01  0.17542E-05
 0.10416E-01  0.22762E-01  0.15770E-05
 0.12677E-01  0.22762E-01  0.13086E-05
 0.15420E-01  0.22762E-01  0.10533E-05
 0.18742E-01  0.22762E-01  0.86039E-06
 0.22762E-01  0.22762E-01  0.80719E-06
 0.27617E-01  0.22762E-01  0.86240E-06
 0.33469E-01  0.22762E-01  0.10902E-05
 0.40509E-01  0.22762E-01  0.12535E-05
 0.48950E-01  0.22762E-01  0.11614E-05
 0.59040E-01  0.22762E-01  0.10442E-05
 0.71052E-01  0.22762E-01  0.90492E-06
 0.85282E-01  0.22762E-01  0.80119E-06
 0.10204E+00  0.22762E-01  0.72853E-06
 0.12166E+00  0.22762E-01  0.65630E-06
 0.14443E+00  0.22762E-01  0.58425E-06
 0.17063E+00  0.22762E-01  0.39264E-06
 0.20047E+00  0.22762E-01 -0.17711E-06
 0.23404E+00  0.22762E-01 -0.44117E-06
 0.27131E+00  0.22762E-01 -0.36201E-06
 0.31210E+00  0.22762E-01  0.61940E-07
 0.35601E+00  0.22762E-01  0.71926E-06
 0.40249E+00  0.22762E-01  0.10597E-05
 0.45077E+00  0.22762E-01  0.10358E-05
 0.50000E+00  0.22762E-01  0.78072E-06
 0.54923E+00  0.22762E-01  0.32905E-07
 0.59751E+00  0.22762E-01 -0.93310E-06
 0.64399E+00  0.22762E-01 -0.18603E-05
 0.68790E+00  0.22762E-01 -0.25765E-05
 0.72869E+00  0.22762E-01 -0.30135E-05
 0.76596E+00  0.22762E-01 -0.30066E-05
 0.79953E+00  0.22762E-01 -0.26710E-05
 0.82937E+00  0.22762E-01 -0.25860E-05
 0.85557E+00  0.22762E-01 -0.30621E-05
 0.87834E+00  0.22762E-01 -0.37871E-05
 0.89796E+00  0.22762E-01 -0.44277E-05
 0.91472E+00  0.22762E-01 -0.48281E-05
 0.92895E+00  0.22762E-01 -0.49601E-05
 0.94096E+00  0.22762E-01 -0.48562E-05
 0.95105E+00  0.22762E-01 -0.46072E-05
 0.95949E+00  0.22762E-01 -0.43063E-05
 0.96653E+00  0.22762E-01 -0.40163E-05
 0.97238E+00  0.22762E-01 -0.42389E-05
 0.97724E+00  0.22762E-01 -0.41666E-05
 0.98126E+00  0.22762E-01 -0.40810E-05
 0.98458E+00  0.22762E-01 -0.40712E-05
 0.98732E+00  0.22762E-01 -0.40659E-05
 0.98958E+00  0.22762E-01 -0.40927E-05
 0.99145E+00  0.22762E-01 -0.41435E-05
 0.99298E+00  0.22762E-01 -0.42294E-05
 0.99424E+00  0.22762E-01 -0.43449E-05
 0.99528E+00  0.22762E-01 -0.44855E-05
 0.99613E+00  0.22762E-01 -0.46410E-05
 0.99683E+00  0.22762E-01 -0.48056E-05
 0.99741E+00  0.22762E-01 -0.49328E-05
 0.99788E+00  0.22762E-01 -0.49060E-05
 0.99827E+00  0.22762E-01 -0.47770E-05
 0.99859E+00  0.22762E-01 -0.46154E-05
 0.99885E+00  0.22762E-01 -0.44578E-05
 0.99906E+00  0.22762E-01 -0.43121E-05
 0.99924E+00  0.22762E-01 -0.41769E-05
 0.99938E+00  0.22762E-01 -0.40531E-05
 0.99950E+00  0.22762E-01 -0.39439E-05
 0.99960E+00  0.22762E-01 -0.38516E-05
 0.99968E+00  0.22762E-01 -0.37770E-05
 0.99975E+00  0.22762E-01 -0.37188E-05
 0.99980E+00  0.22762E-01 -0.36751E-05
 0.99984E+00  0.22762E-01 -0.36433E-05
 0.99988E+00  0.22762E-01 -0.36209E-05
 0.99991E+00  0.22762E-01 -0.36057E-05
 0.99993E+00  0.22762E-01 -0.35957E-05
 0.99995E+00  0.22762E-01 -0.35896E-05
 0.99997E+00  0.22762E-01 -0.35860E-05
 0.99998E+00  0.22762E-01 -0.35842E-05
 0.10000E+01  0.22762E-01 -0.35835E-05
 0.10000E+01  0.22762E-01  0.00000E+00
 0.00000E+00  0.27617E-01  0.00000E+00
 0.49709E-05  0.27617E-01  0.15165E-05
 0.16001E-04  0.27617E-01  0.15165E-05
 0.29447E-04  0.27617E-01  0.15164E-05
 0.45836E-04  0.27617E-01  0.15163E-05
 0.65814E-04  0.27617E-01  0.15160E-05
 0.90165E-04  0.27617E-01  0.15152E-05
 0.11985E-03  0.27617E-01  0.15136E-05
 0.15603E-03  0.27617E-01  0.15105E-05
 0.20013E-03  0.27617E-01  0.15048E-05
 0.25388E-03  0.27617E-01  0.14950E-05
 0.31939E-03  0.27617E-01  0.14789E-05
 0.39924E-03  0.27617E-01  0.14535E-05
 0.49656E-03  0.27617E-01  0.14152E-05
 0.61516E-03  0.27617E-01  0.13608E-05
 0.75970E-03  0.27617E-01  0.12882E-05
 0.93583E-03  0.27617E-01  0.11994E-05
 0.11504E-02  0.27617E-01  0.11044E-05
 0.14119E-02  0.27617E-01  0.10246E-05
 0.17305E-02  0.27617E-01  0.98468E-06
 0.21186E-02  0.27617E-01  0.98058E-06
 0.25912E-02  0.27617E-01  0.98042E-06
 0.31667E-02  0.27617E-01  0.94596E-06
 0.38673E-02  0.27617E-01  0.86901E-06
 0.47200E-02  0.27617E-01  0.79655E-06
 0.57574E-02  0.27617E-01  0.77006E-06
 0.70191E-02  0.27617E-01  0.73973E-06
 0.85527E-02  0.27617E-01  0.64178E-06
 0.10416E-01  0.27617E-01  0.44718E-06
 0.12677E-01  0.27617E-01  0.21366E-06
 0.15420E-01  0.27617E-01 -0.15034E-08
 0.18742E-01  0.27617E-01 -0.11469E-06
 0.22762E-01  0.27617E-01 -0.19344E-06
 0.27617E-01  0.27617E-01 -0.14778E-06
 0.33469E-01  0.27617E-01 -0.32961E-07
 0.40509E-01  0.27617E-01  0.28858E-07
 0.48950E-01  0.27617E-01  0.54298E-08
 0.59040E-01  0.27617E-01 -0.71790E-07
 0.71052E-01  0.27617E-01 -0.14837E-06
 0.85282E-01  0.27617E-01 -0.17812E-06
 0.10204E+00  0.27617E-01 -0.18698E-06
 0.12166E+00  0.27617E-01 -0.22092E-06
 0.14443E+00  0.27617E-01 -0.25564E-06
 0.17063E+00  0.27617E-01 -0.56233E-06
 0.20047E+00  0.27617E-01 -0.11223E-05
 0.23404E+00  0.27617E-01 -0.13305E-05
 0.27131E+00  0.27617E-01 -0.12816E-05
 0.31210E+00  0.27617E-01 -0.89891E-06
 0.35601E+00  0.27617E-01 -0.38306E-06
 0.40249E+00  0.27617E-01 -0.18154E-06
 0.45077E+00  0.27617E-01 -0.19013E-06
 0.50000E+00  0.27617E-01 -0.52785E-06
 0.54923E+00  0.27617E-01 -0.13412E-05
 0.59751E+00  0.27617E-01 -0.22993E-05
 0.64399E+00  0.27617E-01 -0.32134E-05
 0.68790E+00  0.27617E-01 -0.39012E-05
 0.72869E+00  0.27617E-01 -0.42800E-05
 0.76596E+00  0.27617E-01 -0.42921E-05
 0.79953E+00  0.27617E-01 -0.40860E-05
 0.82937E+00  0.27617E-01 -0.41153E-05
 0.85557E+00  0.27617E-01 -0.46275E-05
 0.87834E+00  0.27617E-01 -0.53190E-05
 0.89796E+00  0.27617E-01 -0.58729E-05
 0.91472E+00  0.27617E-01 -0.61541E-05
 0.92895E+00  0.27617E-01 -0.61538E-05
 0.94096E+00  0.27617E-01 -0.59443E-05
 0.95105E+00  0.27617E-01 -0.56358E-05
 0.95949E+00  0.27617E-01 -0.53150E-05
 0.96653E+00  0.27617E-01 -0.49182E-05
 0.97238E+00  0.27617E-01 -0.50975E-05
 0.97724E+00  0.27617E-01 -0.50947E-05
 0.98126E+00  0.27617E-01 -0.51103E-05
 0.98458E+00  0.27617E-01 -0.50869E-05
 0.98732E+00  0.27617E-01 -0.50785E-05
 0.98958E+00  0.27617E-01 -0.50718E-05
 0.99145E+00  0.27617E-01 -0.50849E-05
 0.99298E+00  0.27617E-01 -0.50980E-05
 0.99424E+00  0.27617E-01 -0.51192E-05
 0.99528E+00  0.27617E-01 -0.51569E-05
 0.99613E+00  0.27617E-01 -0.52231E-05
 0.99683E+00  0.27617E-01 -0.53407E-05
 0.99741E+00  0.27617E-01 -0.54938E-05
 0.99788E+00  0.27617E-01 -0.55062E-05
 0.99827E+00  0.27617E-01 -0.53888E-05
 0.99859E+00  0.27617E-01 -0.52163E-05
 0.99885E+00  0.27617E-01 -0.50424E-05
 0.99906E+00  0.27617E-01 -0.48843E-05
 0.99924E+00  0.27617E-01 -0.47411E-05
 0.99938E+00  0.27617E-01 -0.46113E-05
 0.99950E+00  0.27617E-01 -0.44965E-05
 0.99960E+00  0.27617E-01 -0.43989E-05
 0.99968E+00  0.27617E-01 -0.43193E-05
 0.99975E+00  0.27617E-01 -0.42569E-05
 0.99980E+00  0.27617E-01 -0.42098E-05
 0.99984E+00  0.27617E-01 -0.41754E-05
 0.99988E+00  0.27617E-01 -0.41511E-05
 0.99991E+00  0.27617E-01 -0.41345E-05
 0.99993E+00  0.27617E-01 -0.41237E-05
 0.99995E+00  0.27617E-01 -0.41169E-05
 0.99997E+00  0.27617E-01 -0.41130E-05
 0.99998E+00  0.27617E-01 -0.41110E-05
 0.10000E+01  0.27617E-01 -0.41102E-05
 0.10000E+01  0.27617E-01  0.00000E+00
 0.00000E+00  0.33469E-01  0.00000E+00
 0.49709E-05  0.33469E-01  0.81930E-06
 0.16001E-04  0.33469E-01  0.81921E-06
 0.29447E-04  0.33469E-01  0.81892E-06
 0.45836E-04  0.33469E-01  0.81832E-06
 0.65814E-04  0.33469E-01  0.81715E-06
 0.90165E-04  0.33469E-01  0.81505E-06
 0.11985E-03  0.33469E-01  0.81143E-06
 0.15603E-03  0.33469E-01  0.80538E-06
 0.20013E-03  0.33469E-01  0.79554E-06
 0.25388E-03  0.33469E-01  0.77994E-06
 0.31939E-03  0.33469E-01  0.75583E-06
 0.39924E-03  0.33469E-01  0.71955E-06
 0.49656E-03  0.33469E-01  0.66657E-06
 0.61516E-03  0.33469E-01  0.59192E-06
 0.75970E-03  0.33469E-01  0.49164E-06
 0.93583E-03  0.33469E-01  0.36563E-06
 0.11504E-02  0.33469E-01  0.22262E-06
 0.14119E-02  0.33469E-01  0.85801E-07
 0.17305E-02  0.33469E-01 -0.99318E-08
 0.21186E-02  0.33469E-01 -0.58491E-07
 0.25912E-02  0.33469E-01 -0.90004E-07
 0.31667E-02  0.33469E-01 -0.14291E-06
 0.38673E-02  0.33469E-01 -0.22531E-06
 0.47200E-02  0.33469E-01 -0.29225E-06
 0.57574E-02  0.33469E-01 -0.31839E-06
 0.70191E-02  0.33469E-01 -0.35267E-06
 0.85527E-02  0.33469E-01 -0.45290E-06
 0.10416E-01  0.33469E-01 -0.61620E-06
 0.12677E-01  0.33469E-01 -0.81330E-06
 0.15420E-01  0.33469E-01 -0.96488E-06
 0.18742E-01  0.33469E-01 -0.10708E-05
 0.22762E-01  0.33469E-01 -0.11321E-05
 0.27617E-01  0.33469E-01 -0.12077E-05
 0.33469E-01  0.33469E-01 -0.11619E-05
 0.40509E-01  0.33469E-01 -0.10645E-05
 0.48950E-01  0.33469E-01 -0.10905E-05
 0.59040E-01  0.33469E-01 -0.11089E-05
 0.71052E-01  0.33469E-01 -0.11184E-05
 0.85282E-01  0.33469E-01 -0.10797E-05
 0.10204E+00  0.33469E-01 -0.10389E-05
 0.12166E+00  0.33469E-01 -0.10356E-05
 0.14443E+00  0.33469E-01 -0.10362E-05
 0.17063E+00  0.33469E-01 -0.14141E-05
 0.20047E+00  0.33469E-01 -0.18555E-05
 0.23404E+00  0.33469E-01 -0.20346E-05
 0.27131E+00  0.33469E-01 -0.19685E-05
 0.31210E+00  0.33469E-01 -0.16029E-05
 0.35601E+00  0.33469E-01 -0.11759E-05
 0.40249E+00  0.33469E-01 -0.99702E-06
 0.45077E+00  0.33469E-01 -0.98062E-06
 0.50000E+00  0.33469E-01 -0.14007E-05
 0.54923E+00  0.33469E-01 -0.22371E-05
 0.59751E+00  0.33469E-01 -0.31849E-05
 0.64399E+00  0.33469E-01 -0.40867E-05
 0.68790E+00  0.33469E-01 -0.46986E-05
 0.72869E+00  0.33469E-01 -0.50176E-05
 0.76596E+00  0.33469E-01 -0.51065E-05
 0.79953E+00  0.33469E-01 -0.50231E-05
 0.82937E+00  0.33469E-01 -0.51301E-05
 0.85557E+00  0.33469E-01 -0.56427E-05
 0.87834E+00  0.33469E-01 -0.62700E-05
 0.89796E+00  0.33469E-01 -0.67194E-05
 0.91472E+00  0.33469E-01 -0.68805E-05
 0.92895E+00  0.33469E-01 -0.67646E-05
 0.94096E+00  0.33469E-01 -0.64751E-05
 0.95105E+00  0.33469E-01 -0.61252E-05
 0.95949E+00  0.33469E-01 -0.58003E-05
 0.96653E+00  0.33469E-01 -0.54922E-05
 0.97238E+00  0.33469E-01 -0.52398E-05
 0.97724E+00  0.33469E-01 -0.56015E-05
 0.98126E+00  0.33469E-01 -0.56475E-05
 0.98458E+00  0.33469E-01 -0.56420E-05
 0.98732E+00  0.33469E-01 -0.56064E-05
 0.98958E+00  0.33469E-01 -0.55862E-05
 0.99145E+00  0.33469E-01 -0.55634E-05
 0.99298E+00  0.33469E-01 -0.55353E-05
 0.99424E+00  0.33469E-01 -0.54908E-05
 0.99528E+00  0.33469E-01 -0.54539E-05
 0.99613E+00  0.33469E-01 -0.54422E-05
 0.99683E+00  0.33469E-01 -0.54918E-05
 0.99741E+00  0.33469E-01 -0.55967E-05
 0.99788E+00  0.33469E-01 -0.56480E-05
 0.99827E+00  0.33469E-01 -0.55659E-05
 0.99859E+00  0.33469E-01 -0.54046E-05
 0.99885E+00  0.33469E-01 -0.52297E-05
 0.99906E+00  0.33469E-01 -0.50710E-05
 0.99924E+00  0.33469E-01 -0.49309E-05
 0.99938E+00  0.33469E-01 -0.48056E-05
 0.99950E+00  0.33469E-01 -0.46946E-05
 0.99960E+00  0.33469E-01 -0.45995E-05
 0.99968E+00  0.33469E-01 -0.45213E-05
 0.99975E+00  0.33469E-01 -0.44595E-05
 0.99980E+00  0.33469E-01 -0.44125E-05
 0.99984E+00  0.33469E-01 -0.43779E-05
 0.99988E+00  0.33469E-01 -0.43535E-05
 0.99991E+00  0.33469E-01 -0.43367E-05
 0.99993E+00  0.33469E-01 -0.43258E-05
 0.99995E+00  0.33469E-01 -0.43189E-05
 0.99997E+00  0.33469E-01 -0.43149E-05
 0.99998E+00  0.33469E-01 -0.43129E-05
 0.10000E+01  0.33469E-01 -0.43121E-05
 0.10000E+01  0.33469E-01  0.00000E+00
 0.00000E+00  0.40509E-01  0.00000E+00
 0.49709E-05  0.40509E-01  0.21357E-06
 0.16001E-04  0.40509E-01  0.21340E-06
 0.29447E-04  0.40509E-01  0.21291E-06
 0.45836E-04  0.40509E-01  0.21190E-06
 0.65814E-04  0.40509E-01  0.21007E-06
 0.90165E-04  0.40509E-01  0.20691E-06
 0.11985E-03  0.40509E-01  0.20170E-06
 0.15603E-03  0.40509E-01  0.19338E-06
 0.20013E-03  0.40509E-01  0.18040E-06
 0.25388E-03  0.40509E-01  0.16055E-06
 0.31939E-03  0.40509E-01  0.13079E-06
 0.39924E-03  0.40509E-01  0.87000E-07
 0.49656E-03  0.40509E-01  0.23822E-07
 0.61516E-03  0.40509E-01 -0.65096E-07
 0.75970E-03  0.40509E-01 -0.18592E-06
 0.93583E-03  0.40509E-01 -0.34160E-06
 0.11504E-02  0.40509E-01 -0.52627E-06
 0.14119E-02  0.40509E-01 -0.71814E-06
 0.17305E-02  0.40509E-01 -0.87738E-06
 0.21186E-02  0.40509E-01 -0.97237E-06
 0.25912E-02  0.40509E-01 -0.10285E-05
 0.31667E-02  0.40509E-01 -0.10886E-05
 0.38673E-02  0.40509E-01 -0.11656E-05
 0.47200E-02  0.40509E-01 -0.12255E-05
 0.57574E-02  0.40509E-01 -0.12419E-05
 0.70191E-02  0.40509E-01 -0.12647E-05
 0.85527E-02  0.40509E-01 -0.13357E-05
 0.10416E-01  0.40509E-01 -0.14711E-05
 0.12677E-01  0.40509E-01 -0.16267E-05
 0.15420E-01  0.40509E-01 -0.17672E-05
 0.18742E-01  0.40509E-01 -0.18616E-05
 0.22762E-01  0.40509E-01 -0.19691E-05
 0.27617E-01  0.40509E-01 -0.20652E-05
 0.33469E-01  0.40509E-01 -0.21842E-05
 0.40509E-01  0.40509E-01 -0.21604E-05
 0.48950E-01  0.40509E-01 -0.18504E-05
 0.59040E-01  0.40509E-01 -0.18873E-05
 0.71052E-01  0.40509E-01 -0.18488E-05
 0.85282E-01  0.40509E-01 -0.17638E-05
 0.10204E+00  0.40509E-01 -0.16890E-05
 0.12166E+00  0.40509E-01 -0.16366E-05
 0.14443E+00  0.40509E-01 -0.16422E-05
 0.17063E+00  0.40509E-01 -0.19728E-05
 0.20047E+00  0.40509E-01 -0.22727E-05
 0.23404E+00  0.40509E-01 -0.24181E-05
 0.27131E+00  0.40509E-01 -0.22937E-05
 0.31210E+00  0.40509E-01 -0.19185E-05
 0.35601E+00  0.40509E-01 -0.15151E-05
 0.40249E+00  0.40509E-01 -0.12814E-05
 0.45077E+00  0.40509E-01 -0.12582E-05
 0.50000E+00  0.40509E-01 -0.17359E-05
 0.54923E+00  0.40509E-01 -0.25679E-05
 0.59751E+00  0.40509E-01 -0.35181E-05
 0.64399E+00  0.40509E-01 -0.43521E-05
 0.68790E+00  0.40509E-01 -0.48561E-05
 0.72869E+00  0.40509E-01 -0.51576E-05
 0.76596E+00  0.40509E-01 -0.53398E-05
 0.79953E+00  0.40509E-01 -0.53421E-05
 0.82937E+00  0.40509E-01 -0.54909E-05
 0.85557E+00  0.40509E-01 -0.59745E-05
 0.87834E+00  0.40509E-01 -0.65136E-05
 0.89796E+00  0.40509E-01 -0.68515E-05
 0.91472E+00  0.40509E-01 -0.69000E-05
 0.92895E+00  0.40509E-01 -0.66941E-05
 0.94096E+00  0.40509E-01 -0.63520E-05
 0.95105E+00  0.40509E-01 -0.59837E-05
 0.95949E+00  0.40509E-01 -0.56048E-05
 0.96653E+00  0.40509E-01 -0.53235E-05
 0.97238E+00  0.40509E-01 -0.50955E-05
 0.97724E+00  0.40509E-01 -0.55046E-05
 0.98126E+00  0.40509E-01 -0.56053E-05
 0.98458E+00  0.40509E-01 -0.56003E-05
 0.98732E+00  0.40509E-01 -0.55664E-05
 0.98958E+00  0.40509E-01 -0.55180E-05
 0.99145E+00  0.40509E-01 -0.54756E-05
 0.99298E+00  0.40509E-01 -0.54096E-05
 0.99424E+00  0.40509E-01 -0.53263E-05
 0.99528E+00  0.40509E-01 -0.52343E-05
 0.99613E+00  0.40509E-01 -0.51599E-05
 0.99683E+00  0.40509E-01 -0.51468E-05
 0.99741E+00  0.40509E-01 -0.52177E-05
 0.99788E+00  0.40509E-01 -0.52964E-05
 0.99827E+00  0.40509E-01 -0.52579E-05
 0.99859E+00  0.40509E-01 -0.51249E-05
 0.99885E+00  0.40509E-01 -0.49639E-05
 0.99906E+00  0.40509E-01 -0.48168E-05
 0.99924E+00  0.40509E-01 -0.46914E-05
 0.99938E+00  0.40509E-01 -0.45819E-05
 0.99950E+00  0.40509E-01 -0.44850E-05
 0.99960E+00  0.40509E-01 -0.44010E-05
 0.99968E+00  0.40509E-01 -0.43309E-05
 0.99975E+00  0.40509E-01 -0.42749E-05
 0.99980E+00  0.40509E-01 -0.42319E-05
 0.99984E+00  0.40509E-01 -0.42001E-05
 0.99988E+00  0.40509E-01 -0.41774E-05
 0.99991E+00  0.40509E-01 -0.41618E-05
 0.99993E+00  0.40509E-01 -0.41515E-05
 0.99995E+00  0.40509E-01 -0.41451E-05
 0.99997E+00  0.40509E-01 -0.41414E-05
 0.99998E+00  0.40509E-01 -0.41394E-05
 0.10000E+01  0.40509E-01 -0.41387E-05
 0.10000E+01  0.40509E-01  0.00000E+00
 0.00000E+00  0.48950E-01  0.00000E+00
 0.49709E-05  0.48950E-01 -0.27589E-06
 0.16001E-04  0.48950E-01 -0.27614E-06
 0.29447E-04  0.48950E-01 -0.27678E-06
 0.45836E-04  0.48950E-01 -0.27809E-06
 0.65814E-04  0.48950E-01 -0.28044E-06
 0.90165E-04  0.48950E-01 -0.28439E-06
 0.11985E-03  0.48950E-01 -0.29076E-06
 0.15603E-03  0.48950E-01 -0.30070E-06
 0.20013E-03  0.48950E-01 -0.31585E-06
 0.25388E-03  0.48950E-01 -0.33849E-06
 0.31939E-03  0.48950E-01 -0.37174E-06
 0.39924E-03  0.48950E-01 -0.41992E-06
 0.49656E-03  0.48950E-01 -0.48882E-06
 0.61516E-03  0.48950E-01 -0.58583E-06
 0.75970E-03  0.48950E-01 -0.71903E-06
 0.93583E-03  0.48950E-01 -0.89406E-06
 0.11504E-02  0.48950E-01 -0.11079E-05
 0.14119E-02  0.48950E-01 -0.13399E-05
 0.17305E-02  0.48950E-01 -0.15460E-05
 0.21186E-02  0.48950E-01 -0.16757E-05
 0.25912E-02  0.48950E-01 -0.17468E-05
 0.31667E-02  0.48950E-01 -0.18068E-05
 0.38673E-02  0.48950E-01 -0.18771E-05
 0.47200E-02  0.48950E-01 -0.19243E-05
 0.57574E-02  0.48950E-01 -0.19220E-05
 0.70191E-02  0.48950E-01 -0.19165E-05
 0.85527E-02  0.48950E-01 -0.19663E-05
 0.10416E-01  0.48950E-01 -0.20788E-05
 0.12677E-01  0.48950E-01 -0.22312E-05
 0.15420E-01  0.48950E-01 -0.23657E-05
 0.18742E-01  0.48950E-01 -0.24803E-05
 0.22762E-01  0.48950E-01 -0.25933E-05
 0.27617E-01  0.48950E-01 -0.27174E-05
 0.33469E-01  0.48950E-01 -0.28496E-05
 0.40509E-01  0.48950E-01 -0.29171E-05
 0.48950E-01  0.48950E-01 -0.27710E-05
 0.59040E-01  0.48950E-01 -0.21901E-05
 0.71052E-01  0.48950E-01 -0.22381E-05
 0.85282E-01  0.48950E-01 -0.21562E-05
 0.10204E+00  0.48950E-01 -0.20564E-05
 0.12166E+00  0.48950E-01 -0.19307E-05
 0.14443E+00  0.48950E-01 -0.19176E-05
 0.17063E+00  0.48950E-01 -0.21635E-05
 0.20047E+00  0.48950E-01 -0.23662E-05
 0.23404E+00  0.48950E-01 -0.24527E-05
 0.27131E+00  0.48950E-01 -0.22561E-05
 0.31210E+00  0.48950E-01 -0.18546E-05
 0.35601E+00  0.48950E-01 -0.14309E-05
 0.40249E+00  0.48950E-01 -0.11356E-05
 0.45077E+00  0.48950E-01 -0.11384E-05
 0.50000E+00  0.48950E-01 -0.16600E-05
 0.54923E+00  0.48950E-01 -0.25106E-05
 0.59751E+00  0.48950E-01 -0.34362E-05
 0.64399E+00  0.48950E-01 -0.41248E-05
 0.68790E+00  0.48950E-01 -0.45373E-05
 0.72869E+00  0.48950E-01 -0.48543E-05
 0.76596E+00  0.48950E-01 -0.50820E-05
 0.79953E+00  0.48950E-01 -0.51238E-05
 0.82937E+00  0.48950E-01 -0.52825E-05
 0.85557E+00  0.48950E-01 -0.57093E-05
 0.87834E+00  0.48950E-01 -0.61424E-05
 0.89796E+00  0.48950E-01 -0.63646E-05
 0.91472E+00  0.48950E-01 -0.63120E-05
 0.92895E+00  0.48950E-01 -0.60422E-05
 0.94096E+00  0.48950E-01 -0.56739E-05
 0.95105E+00  0.48950E-01 -0.52599E-05
 0.95949E+00  0.48950E-01 -0.49022E-05
 0.96653E+00  0.48950E-01 -0.47313E-05
 0.97238E+00  0.48950E-01 -0.46799E-05
 0.97724E+00  0.48950E-01 -0.46064E-05
 0.98126E+00  0.48950E-01 -0.49716E-05
 0.98458E+00  0.48950E-01 -0.50244E-05
 0.98732E+00  0.48950E-01 -0.49975E-05
 0.98958E+00  0.48950E-01 -0.49487E-05
 0.99145E+00  0.48950E-01 -0.48831E-05
 0.99298E+00  0.48950E-01 -0.48007E-05
 0.99424E+00  0.48950E-01 -0.46940E-05
 0.99528E+00  0.48950E-01 -0.45745E-05
 0.99613E+00  0.48950E-01 -0.44580E-05
 0.99683E+00  0.48950E-01 -0.43960E-05
 0.99741E+00  0.48950E-01 -0.44281E-05
 0.99788E+00  0.48950E-01 -0.45170E-05
 0.99827E+00  0.48950E-01 -0.45173E-05
 0.99859E+00  0.48950E-01 -0.44214E-05
 0.99885E+00  0.48950E-01 -0.42843E-05
 0.99906E+00  0.48950E-01 -0.41555E-05
 0.99924E+00  0.48950E-01 -0.40502E-05
 0.99938E+00  0.48950E-01 -0.39626E-05
 0.99950E+00  0.48950E-01 -0.38862E-05
 0.99960E+00  0.48950E-01 -0.38191E-05
 0.99968E+00  0.48950E-01 -0.37623E-05
 0.99975E+00  0.48950E-01 -0.37161E-05
 0.99980E+00  0.48950E-01 -0.36801E-05
 0.99984E+00  0.48950E-01 -0.36533E-05
 0.99988E+00  0.48950E-01 -0.36339E-05
 0.99991E+00  0.48950E-01 -0.36206E-05
 0.99993E+00  0.48950E-01 -0.36118E-05
 0.99995E+00  0.48950E-01 -0.36062E-05
 0.99997E+00  0.48950E-01 -0.36030E-05
 0.99998E+00  0.48950E-01 -0.36013E-05
 0.10000E+01  0.48950E-01 -0.36007E-05
 0.10000E+01  0.48950E-01  0.00000E+00
 0.00000E+00  0.59040E-01  0.00000E+00
 0.49709E-05  0.59040E-01 -0.67499E-06
 0.16001E-04  0.59040E-01 -0.67528E-06
 0.29447E-04  0.59040E-01 -0.67605E-06
 0.45836E-04  0.59040E-01 -0.67759E-06
 0.65814E-04  0.59040E-01 -0.68033E-06
 0.90165E-04  0.59040E-01 -0.68488E-06
 0.11985E-03  0.59040E-01 -0.69210E-06
 0.15603E-03  0.59040E-01 -0.70318E-06
 0.20013E-03  0.59040E-01 -0.71978E-06
 0.25388E-03  0.59040E-01 -0.74412E-06
 0.31939E-03  0.59040E-01 -0.77924E-06
 0.39924E-03  0.59040E-01 -0.82936E-06
 0.49656E-03  0.59040E-01 -0.90032E-06
 0.61516E-03  0.59040E-01 -0.10001E-05
 0.75970E-03  0.59040E-01 -0.11383E-05
 0.93583E-03  0.59040E-01 -0.13230E-05
 0.11504E-02  0.59040E-01 -0.15545E-05
 0.14119E-02  0.59040E-01 -0.18150E-05
 0.17305E-02  0.59040E-01 -0.20609E-05
 0.21186E-02  0.59040E-01 -0.22313E-05
 0.25912E-02  0.59040E-01 -0.23132E-05
 0.31667E-02  0.59040E-01 -0.23647E-05
 0.38673E-02  0.59040E-01 -0.24176E-05
 0.47200E-02  0.59040E-01 -0.24433E-05
 0.57574E-02  0.59040E-01 -0.24134E-05
 0.70191E-02  0.59040E-01 -0.23893E-05
 0.85527E-02  0.59040E-01 -0.24267E-05
 0.10416E-01  0.59040E-01 -0.25424E-05
 0.12677E-01  0.59040E-01 -0.26942E-05
 0.15420E-01  0.59040E-01 -0.28345E-05
 0.18742E-01  0.59040E-01 -0.29466E-05
 0.22762E-01  0.59040E-01 -0.30572E-05
 0.27617E-01  0.59040E-01 -0.31630E-05
 0.33469E-01  0.59040E-01 -0.32663E-05
 0.40509E-01  0.59040E-01 -0.33063E-05
 0.48950E-01  0.59040E-01 -0.32448E-05
 0.59040E-01  0.59040E-01 -0.29495E-05
 0.71052E-01  0.59040E-01 -0.21358E-05
 0.85282E-01  0.59040E-01 -0.22653E-05
 0.10204E+00  0.59040E-01 -0.21752E-05
 0.12166E+00  0.59040E-01 -0.19707E-05
 0.14443E+00  0.59040E-01 -0.19494E-05
 0.17063E+00  0.59040E-01 -0.21066E-05
 0.20047E+00  0.59040E-01 -0.22652E-05
 0.23404E+00  0.59040E-01 -0.22762E-05
 0.27131E+00  0.59040E-01 -0.20275E-05
 0.31210E+00  0.59040E-01 -0.16098E-05
 0.35601E+00  0.59040E-01 -0.11782E-05
 0.40249E+00  0.59040E-01 -0.88269E-06
 0.45077E+00  0.59040E-01 -0.96294E-06
 0.50000E+00  0.59040E-01 -0.15694E-05
 0.54923E+00  0.59040E-01 -0.24610E-05
 0.59751E+00  0.59040E-01 -0.32636E-05
 0.64399E+00  0.59040E-01 -0.37714E-05
 0.68790E+00  0.59040E-01 -0.41112E-05
 0.72869E+00  0.59040E-01 -0.44240E-05
 0.76596E+00  0.59040E-01 -0.46454E-05
 0.79953E+00  0.59040E-01 -0.46890E-05
 0.82937E+00  0.59040E-01 -0.48271E-05
 0.85557E+00  0.59040E-01 -0.51704E-05
 0.87834E+00  0.59040E-01 -0.54855E-05
 0.89796E+00  0.59040E-01 -0.55911E-05
 0.91472E+00  0.59040E-01 -0.54532E-05
 0.92895E+00  0.59040E-01 -0.51453E-05
 0.94096E+00  0.59040E-01 -0.47359E-05
 0.95105E+00  0.59040E-01 -0.43392E-05
 0.95949E+00  0.59040E-01 -0.40619E-05
 0.96653E+00  0.59040E-01 -0.39016E-05
 0.97238E+00  0.59040E-01 -0.38349E-05
 0.97724E+00  0.59040E-01 -0.36826E-05
 0.98126E+00  0.59040E-01 -0.41261E-05
 0.98458E+00  0.59040E-01 -0.42174E-05
 0.98732E+00  0.59040E-01 -0.42131E-05
 0.98958E+00  0.59040E-01 -0.41688E-05
 0.99145E+00  0.59040E-01 -0.41043E-05
 0.99298E+00  0.59040E-01 -0.40134E-05
 0.99424E+00  0.59040E-01 -0.39090E-05
 0.99528E+00  0.59040E-01 -0.37800E-05
 0.99613E+00  0.59040E-01 -0.36440E-05
 0.99683E+00  0.59040E-01 -0.35468E-05
 0.99741E+00  0.59040E-01 -0.35391E-05
 0.99788E+00  0.59040E-01 -0.36004E-05
 0.99827E+00  0.59040E-01 -0.36229E-05
 0.99859E+00  0.59040E-01 -0.35616E-05
 0.99885E+00  0.59040E-01 -0.34518E-05
 0.99906E+00  0.59040E-01 -0.33422E-05
 0.99924E+00  0.59040E-01 -0.32558E-05
 0.99938E+00  0.59040E-01 -0.31893E-05
 0.99950E+00  0.59040E-01 -0.31334E-05
 0.99960E+00  0.59040E-01 -0.30842E-05
 0.99968E+00  0.59040E-01 -0.30416E-05
 0.99975E+00  0.59040E-01 -0.30061E-05
 0.99980E+00  0.59040E-01 -0.29780E-05
 0.99984E+00  0.59040E-01 -0.29567E-05
 0.99988E+00  0.59040E-01 -0.29412E-05
 0.99991E+00  0.59040E-01 -0.29304E-05
 0.99993E+00  0.59040E-01 -0.29233E-05
 0.99995E+00  0.59040E-01 -0.29187E-05
 0.99997E+00  0.59040E-01 -0.29161E-05
 0.99998E+00  0.59040E-01 -0.29147E-05
 0.10000E+01  0.59040E-01 -0.29142E-05
 0.10000E+01  0.59040E-01  0.00000E+00
 0.00000E+00  0.71052E-01  0.00000E+00
 0.49709E-05  0.71052E-01 -0.12279E-05
 0.16001E-04  0.71052E-01 -0.12283E-05
 0.29447E-04  0.71052E-01 -0.12293E-05
 0.45836E-04  0.71052E-01 -0.12312E-05
 0.65814E-04  0.71052E-01 -0.12346E-05
 0.90165E-04  0.71052E-01 -0.12401E-05
 0.11985E-03  0.71052E-01 -0.12488E-05
 0.15603E-03  0.71052E-01 -0.12619E-05
 0.20013E-03  0.71052E-01 -0.12812E-05
 0.25388E-03  0.71052E-01 -0.13090E-05
 0.31939E-03  0.71052E-01 -0.13481E-05
 0.39924E-03  0.71052E-01 -0.14026E-05
 0.49656E-03  0.71052E-01 -0.14782E-05
 0.61516E-03  0.71052E-01 -0.15828E-05
 0.75970E-03  0.71052E-01 -0.17268E-05
 0.93583E-03  0.71052E-01 -0.19203E-05
 0.11504E-02  0.71052E-01 -0.21656E-05
 0.14119E-02  0.71052E-01 -0.24471E-05
 0.17305E-02  0.71052E-01 -0.27211E-05
 0.21186E-02  0.71052E-01 -0.29200E-05
 0.25912E-02  0.71052E-01 -0.30040E-05
 0.31667E-02  0.71052E-01 -0.30404E-05
 0.38673E-02  0.71052E-01 -0.30733E-05
 0.47200E-02  0.71052E-01 -0.30762E-05
 0.57574E-02  0.71052E-01 -0.30293E-05
 0.70191E-02  0.71052E-01 -0.29972E-05
 0.85527E-02  0.71052E-01 -0.30406E-05
 0.10416E-01  0.71052E-01 -0.31600E-05
 0.12677E-01  0.71052E-01 -0.33130E-05
 0.15420E-01  0.71052E-01 -0.34432E-05
 0.18742E-01  0.71052E-01 -0.35404E-05
 0.22762E-01  0.71052E-01 -0.36207E-05
 0.27617E-01  0.71052E-01 -0.36954E-05
 0.33469E-01  0.71052E-01 -0.37374E-05
 0.40509E-01  0.71052E-01 -0.37376E-05
 0.48950E-01  0.71052E-01 -0.36645E-05
 0.59040E-01  0.71052E-01 -0.34571E-05
 0.71052E-01  0.71052E-01 -0.30304E-05
 0.85282E-01  0.71052E-01 -0.21640E-05
 0.10204E+00  0.71052E-01 -0.23600E-05
 0.12166E+00  0.71052E-01 -0.21519E-05
 0.14443E+00  0.71052E-01 -0.21380E-05
 0.17063E+00  0.71052E-01 -0.22584E-05
 0.20047E+00  0.71052E-01 -0.23956E-05
 0.23404E+00  0.71052E-01 -0.23497E-05
 0.27131E+00  0.71052E-01 -0.21004E-05
 0.31210E+00  0.71052E-01 -0.17183E-05
 0.35601E+00  0.71052E-01 -0.13475E-05
 0.40249E+00  0.71052E-01 -0.11482E-05
 0.45077E+00  0.71052E-01 -0.13929E-05
 0.50000E+00  0.71052E-01 -0.21425E-05
 0.54923E+00  0.71052E-01 -0.29983E-05
 0.59751E+00  0.71052E-01 -0.35782E-05
 0.64399E+00  0.71052E-01 -0.39327E-05
 0.68790E+00  0.71052E-01 -0.42130E-05
 0.72869E+00  0.71052E-01 -0.45011E-05
 0.76596E+00  0.71052E-01 -0.46855E-05
 0.79953E+00  0.71052E-01 -0.47035E-05
 0.82937E+00  0.71052E-01 -0.47915E-05
 0.85557E+00  0.71052E-01 -0.50306E-05
 0.87834E+00  0.71052E-01 -0.52208E-05
 0.89796E+00  0.71052E-01 -0.52163E-05
 0.91472E+00  0.71052E-01 -0.50149E-05
 0.92895E+00  0.71052E-01 -0.46563E-05
 0.94096E+00  0.71052E-01 -0.42593E-05
 0.95105E+00  0.71052E-01 -0.39208E-05
 0.95949E+00  0.71052E-01 -0.36684E-05
 0.96653E+00  0.71052E-01 -0.35125E-05
 0.97238E+00  0.71052E-01 -0.34473E-05
 0.97724E+00  0.71052E-01 -0.34718E-05
 0.98126E+00  0.71052E-01 -0.34275E-05
 0.98458E+00  0.71052E-01 -0.37870E-05
 0.98732E+00  0.71052E-01 -0.38350E-05
 0.98958E+00  0.71052E-01 -0.38173E-05
 0.99145E+00  0.71052E-01 -0.37656E-05
 0.99298E+00  0.71052E-01 -0.36919E-05
 0.99424E+00  0.71052E-01 -0.35994E-05
 0.99528E+00  0.71052E-01 -0.34830E-05
 0.99613E+00  0.71052E-01 -0.33429E-05
 0.99683E+00  0.71052E-01 -0.32212E-05
 0.99741E+00  0.71052E-01 -0.31713E-05
 0.99788E+00  0.71052E-01 -0.32012E-05
 0.99827E+00  0.71052E-01 -0.32277E-05
 0.99859E+00  0.71052E-01 -0.31846E-05
 0.99885E+00  0.71052E-01 -0.30900E-05
 0.99906E+00  0.71052E-01 -0.29863E-05
 0.99924E+00  0.71052E-01 -0.29017E-05
 0.99938E+00  0.71052E-01 -0.28392E-05
 0.99950E+00  0.71052E-01 -0.27898E-05
 0.99960E+00  0.71052E-01 -0.27474E-05
 0.99968E+00  0.71052E-01 -0.27107E-05
 0.99975E+00  0.71052E-01 -0.26798E-05
 0.99980E+00  0.71052E-01 -0.26551E-05
 0.99984E+00  0.71052E-01 -0.26362E-05
 0.99988E+00  0.71052E-01 -0.26224E-05
 0.99991E+00  0.71052E-01 -0.26127E-05
 0.99993E+00  0.71052E-01 -0.26062E-05
 0.99995E+00  0.71052E-01 -0.26021E-05
 0.99997E+00  0.71052E-01 -0.25997E-05
 0.99998E+00  0.71052E-01 -0.25985E-05
 0.10000E+01  0.71052E-01 -0.25980E-05
 0.10000E+01  0.71052E-01  0.00000E+00
 0.00000E+00  0.85282E-01  0.00000E+00
 0.49709E-05  0.85282E-01 -0.22921E-05
 0.16001E-04  0.85282E-01 -0.22927E-05
 0.29447E-04  0.85282E-01 -0.22940E-05
 0.45836E-04  0.85282E-01 -0.22968E-05
 0.65814E-04  0.85282E-01 -0.23016E-05
 0.90165E-04  0.85282E-01 -0.23093E-05
 0.11985E-03  0.85282E-01 -0.23213E-05
 0.15603E-03  0.85282E-01 -0.23393E-05
 0.20013E-03  0.85282E-01 -0.23652E-05
 0.25388E-03  0.85282E-01 -0.24017E-05
 0.31939E-03  0.85282E-01 -0.24518E-05
 0.39924E-03  0.85282E-01 -0.25194E-05
 0.49656E-03  0.85282E-01 -0.26098E-05
 0.61516E-03  0.85282E-01 -0.27304E-05
 0.75970E-03  0.85282E-01 -0.28914E-05
 0.93583E-03  0.85282E-01 -0.31038E-05
 0.11504E-02  0.85282E-01 -0.33712E-05
 0.14119E-02  0.85282E-01 -0.36791E-05
 0.17305E-02  0.85282E-01 -0.39852E-05
 0.21186E-02  0.85282E-01 -0.42201E-05
 0.25912E-02  0.85282E-01 -0.43208E-05
 0.31667E-02  0.85282E-01 -0.43441E-05
 0.38673E-02  0.85282E-01 -0.43503E-05
 0.47200E-02  0.85282E-01 -0.43313E-05
 0.57574E-02  0.85282E-01 -0.42732E-05
 0.70191E-02  0.85282E-01 -0.42466E-05
 0.85527E-02  0.85282E-01 -0.42984E-05
 0.10416E-01  0.85282E-01 -0.44216E-05
 0.12677E-01  0.85282E-01 -0.45660E-05
 0.15420E-01  0.85282E-01 -0.46796E-05
 0.18742E-01  0.85282E-01 -0.47544E-05
 0.22762E-01  0.85282E-01 -0.48007E-05
 0.27617E-01  0.85282E-01 -0.48362E-05
 0.33469E-01  0.85282E-01 -0.48367E-05
 0.40509E-01  0.85282E-01 -0.48028E-05
 0.48950E-01  0.85282E-01 -0.47131E-05
 0.59040E-01  0.85282E-01 -0.45214E-05
 0.71052E-01  0.85282E-01 -0.41901E-05
 0.85282E-01  0.85282E-01 -0.37269E-05
 0.10204E+00  0.85282E-01 -0.29506E-05
 0.12166E+00  0.85282E-01 -0.31253E-05
 0.14443E+00  0.85282E-01 -0.31595E-05
 0.17063E+00  0.85282E-01 -0.32969E-05
 0.20047E+00  0.85282E-01 -0.34157E-05
 0.23404E+00  0.85282E-01 -0.33654E-05
 0.27131E+00  0.85282E-01 -0.31844E-05
 0.31210E+00  0.85282E-01 -0.29101E-05
 0.35601E+00  0.85282E-01 -0.26819E-05
 0.40249E+00  0.85282E-01 -0.26818E-05
 0.45077E+00  0.85282E-01 -0.31749E-05
 0.50000E+00  0.85282E-01 -0.40135E-05
 0.54923E+00  0.85282E-01 -0.46870E-05
 0.59751E+00  0.85282E-01 -0.50594E-05
 0.64399E+00  0.85282E-01 -0.53341E-05
 0.68790E+00  0.85282E-01 -0.55910E-05
 0.72869E+00  0.85282E-01 -0.58453E-05
 0.76596E+00  0.85282E-01 -0.59755E-05
 0.79953E+00  0.85282E-01 -0.59434E-05
 0.82937E+00  0.85282E-01 -0.59532E-05
 0.85557E+00  0.85282E-01 -0.60716E-05
 0.87834E+00  0.85282E-01 -0.61329E-05
 0.89796E+00  0.85282E-01 -0.60338E-05
 0.91472E+00  0.85282E-01 -0.57538E-05
 0.92895E+00  0.85282E-01 -0.53950E-05
 0.94096E+00  0.85282E-01 -0.50384E-05
 0.95105E+00  0.85282E-01 -0.47271E-05
 0.95949E+00  0.85282E-01 -0.44946E-05
 0.96653E+00  0.85282E-01 -0.43486E-05
 0.97238E+00  0.85282E-01 -0.42800E-05
 0.97724E+00  0.85282E-01 -0.42814E-05
 0.98126E+00  0.85282E-01 -0.41767E-05
 0.98458E+00  0.85282E-01 -0.46040E-05
 0.98732E+00  0.85282E-01 -0.46959E-05
 0.98958E+00  0.85282E-01 -0.47020E-05
 0.99145E+00  0.85282E-01 -0.46707E-05
 0.99298E+00  0.85282E-01 -0.46200E-05
 0.99424E+00  0.85282E-01 -0.45522E-05
 0.99528E+00  0.85282E-01 -0.44523E-05
 0.99613E+00  0.85282E-01 -0.43198E-05
 0.99683E+00  0.85282E-01 -0.41765E-05
 0.99741E+00  0.85282E-01 -0.40772E-05
 0.99788E+00  0.85282E-01 -0.40552E-05
 0.99827E+00  0.85282E-01 -0.40605E-05
 0.99859E+00  0.85282E-01 -0.40075E-05
 0.99885E+00  0.85282E-01 -0.39010E-05
 0.99906E+00  0.85282E-01 -0.37774E-05
 0.99924E+00  0.85282E-01 -0.36677E-05
 0.99938E+00  0.85282E-01 -0.35818E-05
 0.99950E+00  0.85282E-01 -0.35143E-05
 0.99960E+00  0.85282E-01 -0.34582E-05
 0.99968E+00  0.85282E-01 -0.34109E-05
 0.99975E+00  0.85282E-01 -0.33720E-05
 0.99980E+00  0.85282E-01 -0.33412E-05
 0.99984E+00  0.85282E-01 -0.33179E-05
 0.99988E+00  0.85282E-01 -0.33009E-05
 0.99991E+00  0.85282E-01 -0.32890E-05
 0.99993E+00  0.85282E-01 -0.32811E-05
 0.99995E+00  0.85282E-01 -0.32761E-05
 0.99997E+00  0.85282E-01 -0.32732E-05
 0.99998E+00  0.85282E-01 -0.32717E-05
 0.10000E+01  0.85282E-01 -0.32711E-05
 0.10000E+01  0.85282E-01  0.00000E+00
 0.00000E+00  0.10204E+00  0.00000E+00
 0.49709E-05  0.10204E+00 -0.38659E-05
 0.16001E-04  0.10204E+00 -0.38667E-05
 0.29447E-04  0.10204E+00 -0.38687E-05
 0.45836E-04  0.10204E+00 -0.38726E-05
 0.65814E-04  0.10204E+00 -0.38795E-05
 0.90165E-04  0.10204E+00 -0.38905E-05
 0.11985E-03  0.10204E+00 -0.39075E-05
 0.15603E-03  0.10204E+00 -0.39327E-05
 0.20013E-03  0.10204E+00 -0.39686E-05
 0.25388E-03  0.10204E+00 -0.40185E-05
 0.31939E-03  0.10204E+00 -0.40858E-05
 0.39924E-03  0.10204E+00 -0.41745E-05
 0.49656E-03  0.10204E+00 -0.42892E-05
 0.61516E-03  0.10204E+00 -0.44363E-05
 0.75970E-03  0.10204E+00 -0.46250E-05
 0.93583E-03  0.10204E+00 -0.48662E-05
 0.11504E-02  0.10204E+00 -0.51642E-05
 0.14119E-02  0.10204E+00 -0.55047E-05
 0.17305E-02  0.10204E+00 -0.58454E-05
 0.21186E-02  0.10204E+00 -0.61164E-05
 0.25912E-02  0.10204E+00 -0.62442E-05
 0.31667E-02  0.10204E+00 -0.62479E-05
 0.38673E-02  0.10204E+00 -0.62274E-05
 0.47200E-02  0.10204E+00 -0.61950E-05
 0.57574E-02  0.10204E+00 -0.61409E-05
 0.70191E-02  0.10204E+00 -0.61271E-05
 0.85527E-02  0.10204E+00 -0.61902E-05
 0.10416E-01  0.10204E+00 -0.63136E-05
 0.12677E-01  0.10204E+00 -0.64473E-05
 0.15420E-01  0.10204E+00 -0.65436E-05
 0.18742E-01  0.10204E+00 -0.65995E-05
 0.22762E-01  0.10204E+00 -0.66312E-05
 0.27617E-01  0.10204E+00 -0.66325E-05
 0.33469E-01  0.10204E+00 -0.66113E-05
 0.40509E-01  0.10204E+00 -0.65638E-05
 0.48950E-01  0.10204E+00 -0.64711E-05
 0.59040E-01  0.10204E+00 -0.62956E-05
 0.71052E-01  0.10204E+00 -0.60123E-05
 0.85282E-01  0.10204E+00 -0.56371E-05
 0.10204E+00  0.10204E+00 -0.52001E-05
 0.12166E+00  0.10204E+00 -0.47051E-05
 0.14443E+00  0.10204E+00 -0.50825E-05
 0.17063E+00  0.10204E+00 -0.52607E-05
 0.20047E+00  0.10204E+00 -0.53679E-05
 0.23404E+00  0.10204E+00 -0.53698E-05
 0.27131E+00  0.10204E+00 -0.52992E-05
 0.31210E+00  0.10204E+00 -0.51767E-05
 0.35601E+00  0.10204E+00 -0.51434E-05
 0.40249E+00  0.10204E+00 -0.54034E-05
 0.45077E+00  0.10204E+00 -0.60957E-05
 0.50000E+00  0.10204E+00 -0.68383E-05
 0.54923E+00  0.10204E+00 -0.72795E-05
 0.59751E+00  0.10204E+00 -0.75570E-05
 0.64399E+00  0.10204E+00 -0.78194E-05
 0.68790E+00  0.10204E+00 -0.80688E-05
 0.72869E+00  0.10204E+00 -0.82704E-05
 0.76596E+00  0.10204E+00 -0.83230E-05
 0.79953E+00  0.10204E+00 -0.82128E-05
 0.82937E+00  0.10204E+00 -0.81196E-05
 0.85557E+00  0.10204E+00 -0.81056E-05
 0.87834E+00  0.10204E+00 -0.80480E-05
 0.89796E+00  0.10204E+00 -0.78407E-05
 0.91472E+00  0.10204E+00 -0.75435E-05
 0.92895E+00  0.10204E+00 -0.72104E-05
 0.94096E+00  0.10204E+00 -0.68816E-05
 0.95105E+00  0.10204E+00 -0.65959E-05
 0.95949E+00  0.10204E+00 -0.63854E-05
 0.96653E+00  0.10204E+00 -0.62571E-05
 0.97238E+00  0.10204E+00 -0.61976E-05
 0.97724E+00  0.10204E+00 -0.62067E-05
 0.98126E+00  0.10204E+00 -0.62851E-05
 0.98458E+00  0.10204E+00 -0.62510E-05
 0.98732E+00  0.10204E+00 -0.65955E-05
 0.98958E+00  0.10204E+00 -0.66430E-05
 0.99145E+00  0.10204E+00 -0.66324E-05
 0.99298E+00  0.10204E+00 -0.66086E-05
 0.99424E+00  0.10204E+00 -0.65653E-05
 0.99528E+00  0.10204E+00 -0.64857E-05
 0.99613E+00  0.10204E+00 -0.63594E-05
 0.99683E+00  0.10204E+00 -0.61995E-05
 0.99741E+00  0.10204E+00 -0.60480E-05
 0.99788E+00  0.10204E+00 -0.59585E-05
 0.99827E+00  0.10204E+00 -0.59151E-05
 0.99859E+00  0.10204E+00 -0.58293E-05
 0.99885E+00  0.10204E+00 -0.56896E-05
 0.99906E+00  0.10204E+00 -0.55263E-05
 0.99924E+00  0.10204E+00 -0.53722E-05
 0.99938E+00  0.10204E+00 -0.52435E-05
 0.99950E+00  0.10204E+00 -0.51396E-05
 0.99960E+00  0.10204E+00 -0.50546E-05
 0.99968E+00  0.10204E+00 -0.49848E-05
 0.99975E+00  0.10204E+00 -0.49287E-05
 0.99980E+00  0.10204E+00 -0.48850E-05
 0.99984E+00  0.10204E+00 -0.48521E-05
 0.99988E+00  0.10204E+00 -0.48284E-05
 0.99991E+00  0.10204E+00 -0.48119E-05
 0.99993E+00  0.10204E+00 -0.48010E-05
 0.99995E+00  0.10204E+00 -0.47941E-05
 0.99997E+00  0.10204E+00 -0.47900E-05
 0.99998E+00  0.10204E+00 -0.47879E-05
 0.10000E+01  0.10204E+00 -0.47871E-05
 0.10000E+01  0.10204E+00  0.00000E+00
 0.00000E+00  0.12166E+00  0.00000E+00
 0.49709E-05  0.12166E+00 -0.50081E-05
 0.16001E-04  0.12166E+00 -0.50091E-05
 0.29447E-04  0.12166E+00 -0.50115E-05
 0.45836E-04  0.12166E+00 -0.50162E-05
 0.65814E-04  0.12166E+00 -0.50244E-05
 0.90165E-04  0.12166E+00 -0.50376E-05
 0.11985E-03  0.12166E+00 -0.50578E-05
 0.15603E-03  0.12166E+00 -0.50874E-05
 0.20013E-03  0.12166E+00 -0.51295E-05
 0.25388E-03  0.12166E+00 -0.51875E-05
 0.31939E-03  0.12166E+00 -0.52651E-05
 0.39924E-03  0.12166E+00 -0.53660E-05
 0.49656E-03  0.12166E+00 -0.54942E-05
 0.61516E-03  0.12166E+00 -0.56549E-05
 0.75970E-03  0.12166E+00 -0.58558E-05
 0.93583E-03  0.12166E+00 -0.61077E-05
 0.11504E-02  0.12166E+00 -0.64165E-05
 0.14119E-02  0.12166E+00 -0.67703E-05
 0.17305E-02  0.12166E+00 -0.71288E-05
 0.21186E-02  0.12166E+00 -0.74250E-05
 0.25912E-02  0.12166E+00 -0.75825E-05
 0.31667E-02  0.12166E+00 -0.75679E-05
 0.38673E-02  0.12166E+00 -0.75325E-05
 0.47200E-02  0.12166E+00 -0.74946E-05
 0.57574E-02  0.12166E+00 -0.74469E-05
 0.70191E-02  0.12166E+00 -0.74467E-05
 0.85527E-02  0.12166E+00 -0.75182E-05
 0.10416E-01  0.12166E+00 -0.76406E-05
 0.12677E-01  0.12166E+00 -0.77644E-05
 0.15420E-01  0.12166E+00 -0.78488E-05
 0.18742E-01  0.12166E+00 -0.78927E-05
 0.22762E-01  0.12166E+00 -0.79180E-05
 0.27617E-01  0.12166E+00 -0.79120E-05
 0.33469E-01  0.12166E+00 -0.78852E-05
 0.40509E-01  0.12166E+00 -0.78364E-05
 0.48950E-01  0.12166E+00 -0.77494E-05
 0.59040E-01  0.12166E+00 -0.75966E-05
 0.71052E-01  0.12166E+00 -0.73596E-05
 0.85282E-01  0.12166E+00 -0.70427E-05
 0.10204E+00  0.12166E+00 -0.66966E-05
 0.12166E+00  0.12166E+00 -0.65691E-05
 0.14443E+00  0.12166E+00 -0.64304E-05
 0.17063E+00  0.12166E+00 -0.68142E-05
 0.20047E+00  0.12166E+00 -0.69261E-05
 0.23404E+00  0.12166E+00 -0.69912E-05
 0.27131E+00  0.12166E+00 -0.70153E-05
 0.31210E+00  0.12166E+00 -0.70332E-05
 0.35601E+00  0.12166E+00 -0.71850E-05
 0.40249E+00  0.12166E+00 -0.76425E-05
 0.45077E+00  0.12166E+00 -0.83222E-05
 0.50000E+00  0.12166E+00 -0.88222E-05
 0.54923E+00  0.12166E+00 -0.91114E-05
 0.59751E+00  0.12166E+00 -0.93706E-05
 0.64399E+00  0.12166E+00 -0.96271E-05
 0.68790E+00  0.12166E+00 -0.98362E-05
 0.72869E+00  0.12166E+00 -0.99494E-05
 0.76596E+00  0.12166E+00 -0.98995E-05
 0.79953E+00  0.12166E+00 -0.96927E-05
 0.82937E+00  0.12166E+00 -0.94906E-05
 0.85557E+00  0.12166E+00 -0.93617E-05
 0.87834E+00  0.12166E+00 -0.91875E-05
 0.89796E+00  0.12166E+00 -0.89555E-05
 0.91472E+00  0.12166E+00 -0.86771E-05
 0.92895E+00  0.12166E+00 -0.83763E-05
 0.94096E+00  0.12166E+00 -0.80812E-05
 0.95105E+00  0.12166E+00 -0.78252E-05
 0.95949E+00  0.12166E+00 -0.76428E-05
 0.96653E+00  0.12166E+00 -0.75404E-05
 0.97238E+00  0.12166E+00 -0.75008E-05
 0.97724E+00  0.12166E+00 -0.75161E-05
 0.98126E+00  0.12166E+00 -0.75742E-05
 0.98458E+00  0.12166E+00 -0.74902E-05
 0.98732E+00  0.12166E+00 -0.78700E-05
 0.98958E+00  0.12166E+00 -0.79537E-05
 0.99145E+00  0.12166E+00 -0.79587E-05
 0.99298E+00  0.12166E+00 -0.79517E-05
 0.99424E+00  0.12166E+00 -0.79300E-05
 0.99528E+00  0.12166E+00 -0.78708E-05
 0.99613E+00  0.12166E+00 -0.77596E-05
 0.99683E+00  0.12166E+00 -0.75979E-05
 0.99741E+00  0.12166E+00 -0.74153E-05
 0.99788E+00  0.12166E+00 -0.72598E-05
 0.99827E+00  0.12166E+00 -0.71497E-05
 0.99859E+00  0.12166E+00 -0.70272E-05
 0.99885E+00  0.12166E+00 -0.68643E-05
 0.99906E+00  0.12166E+00 -0.66796E-05
 0.99924E+00  0.12166E+00 -0.65023E-05
 0.99938E+00  0.12166E+00 -0.63505E-05
 0.99950E+00  0.12166E+00 -0.62268E-05
 0.99960E+00  0.12166E+00 -0.61265E-05
 0.99968E+00  0.12166E+00 -0.60452E-05
 0.99975E+00  0.12166E+00 -0.59804E-05
 0.99980E+00  0.12166E+00 -0.59302E-05
 0.99984E+00  0.12166E+00 -0.58925E-05
 0.99988E+00  0.12166E+00 -0.58653E-05
 0.99991E+00  0.12166E+00 -0.58464E-05
 0.99993E+00  0.12166E+00 -0.58338E-05
 0.99995E+00  0.12166E+00 -0.58258E-05
 0.99997E+00  0.12166E+00 -0.58211E-05
 0.99998E+00  0.12166E+00 -0.58187E-05
 0.10000E+01  0.12166E+00 -0.58178E-05
 0.10000E+01  0.12166E+00  0.00000E+00
 0.00000E+00  0.14443E+00  0.00000E+00
 0.49709E-05  0.14443E+00 -0.47674E-05
 0.16001E-04  0.14443E+00 -0.47683E-05
 0.29447E-04  0.14443E+00 -0.47706E-05
 0.45836E-04  0.14443E+00 -0.47750E-05
 0.65814E-04  0.14443E+00 -0.47827E-05
 0.90165E-04  0.14443E+00 -0.47950E-05
 0.11985E-03  0.14443E+00 -0.48138E-05
 0.15603E-03  0.14443E+00 -0.48412E-05
 0.20013E-03  0.14443E+00 -0.48800E-05
 0.25388E-03  0.14443E+00 -0.49331E-05
 0.31939E-03  0.14443E+00 -0.50037E-05
 0.39924E-03  0.14443E+00 -0.50947E-05
 0.49656E-03  0.14443E+00 -0.52092E-05
 0.61516E-03  0.14443E+00 -0.53510E-05
 0.75970E-03  0.14443E+00 -0.55265E-05
 0.93583E-03  0.14443E+00 -0.57461E-05
 0.11504E-02  0.14443E+00 -0.60187E-05
 0.14119E-02  0.14443E+00 -0.63375E-05
 0.17305E-02  0.14443E+00 -0.66680E-05
 0.21186E-02  0.14443E+00 -0.69488E-05
 0.25912E-02  0.14443E+00 -0.71096E-05
 0.31667E-02  0.14443E+00 -0.71064E-05
 0.38673E-02  0.14443E+00 -0.70476E-05
 0.47200E-02  0.14443E+00 -0.70030E-05
 0.57574E-02  0.14443E+00 -0.69655E-05
 0.70191E-02  0.14443E+00 -0.69775E-05
 0.85527E-02  0.14443E+00 -0.70522E-05
 0.10416E-01  0.14443E+00 -0.71678E-05
 0.12677E-01  0.14443E+00 -0.72793E-05
 0.15420E-01  0.14443E+00 -0.73540E-05
 0.18742E-01  0.14443E+00 -0.73992E-05
 0.22762E-01  0.14443E+00 -0.74144E-05
 0.27617E-01  0.14443E+00 -0.74065E-05
 0.33469E-01  0.14443E+00 -0.73811E-05
 0.40509E-01  0.14443E+00 -0.73374E-05
 0.48950E-01  0.14443E+00 -0.72624E-05
 0.59040E-01  0.14443E+00 -0.71374E-05
 0.71052E-01  0.14443E+00 -0.69449E-05
 0.85282E-01  0.14443E+00 -0.66800E-05
 0.10204E+00  0.14443E+00 -0.64395E-05
 0.12166E+00  0.14443E+00 -0.63954E-05
 0.14443E+00  0.14443E+00 -0.64995E-05
 0.17063E+00  0.14443E+00 -0.63848E-05
 0.20047E+00  0.14443E+00 -0.66730E-05
 0.23404E+00  0.14443E+00 -0.67705E-05
 0.27131E+00  0.14443E+00 -0.68384E-05
 0.31210E+00  0.14443E+00 -0.69437E-05
 0.35601E+00  0.14443E+00 -0.72069E-05
 0.40249E+00  0.14443E+00 -0.76843E-05
 0.45077E+00  0.14443E+00 -0.81438E-05
 0.50000E+00  0.14443E+00 -0.84083E-05
 0.54923E+00  0.14443E+00 -0.86229E-05
 0.59751E+00  0.14443E+00 -0.88541E-05
 0.64399E+00  0.14443E+00 -0.90609E-05
 0.68790E+00  0.14443E+00 -0.91834E-05
 0.72869E+00  0.14443E+00 -0.91871E-05
 0.76596E+00  0.14443E+00 -0.90347E-05
 0.79953E+00  0.14443E+00 -0.87478E-05
 0.82937E+00  0.14443E+00 -0.84768E-05
 0.85557E+00  0.14443E+00 -0.82684E-05
 0.87834E+00  0.14443E+00 -0.80823E-05
 0.89796E+00  0.14443E+00 -0.78737E-05
 0.91472E+00  0.14443E+00 -0.76371E-05
 0.92895E+00  0.14443E+00 -0.73835E-05
 0.94096E+00  0.14443E+00 -0.71315E-05
 0.95105E+00  0.14443E+00 -0.69126E-05
 0.95949E+00  0.14443E+00 -0.67632E-05
 0.96653E+00  0.14443E+00 -0.66862E-05
 0.97238E+00  0.14443E+00 -0.66628E-05
 0.97724E+00  0.14443E+00 -0.66812E-05
 0.98126E+00  0.14443E+00 -0.67368E-05
 0.98458E+00  0.14443E+00 -0.68173E-05
 0.98732E+00  0.14443E+00 -0.67770E-05
 0.98958E+00  0.14443E+00 -0.70883E-05
 0.99145E+00  0.14443E+00 -0.71280E-05
 0.99298E+00  0.14443E+00 -0.71256E-05
 0.99424E+00  0.14443E+00 -0.71120E-05
 0.99528E+00  0.14443E+00 -0.70680E-05
 0.99613E+00  0.14443E+00 -0.69732E-05
 0.99683E+00  0.14443E+00 -0.68266E-05
 0.99741E+00  0.14443E+00 -0.66464E-05
 0.99788E+00  0.14443E+00 -0.64719E-05
 0.99827E+00  0.14443E+00 -0.63357E-05
 0.99859E+00  0.14443E+00 -0.62149E-05
 0.99885E+00  0.14443E+00 -0.60729E-05
 0.99906E+00  0.14443E+00 -0.59156E-05
 0.99924E+00  0.14443E+00 -0.57638E-05
 0.99938E+00  0.14443E+00 -0.56333E-05
 0.99950E+00  0.14443E+00 -0.55278E-05
 0.99960E+00  0.14443E+00 -0.54434E-05
 0.99968E+00  0.14443E+00 -0.53754E-05
 0.99975E+00  0.14443E+00 -0.53212E-05
 0.99980E+00  0.14443E+00 -0.52790E-05
 0.99984E+00  0.14443E+00 -0.52472E-05
 0.99988E+00  0.14443E+00 -0.52240E-05
 0.99991E+00  0.14443E+00 -0.52077E-05
 0.99993E+00  0.14443E+00 -0.51969E-05
 0.99995E+00  0.14443E+00 -0.51900E-05
 0.99997E+00  0.14443E+00 -0.51859E-05
 0.99998E+00  0.14443E+00 -0.51838E-05
 0.10000E+01  0.14443E+00 -0.51830E-05
 0.10000E+01  0.14443E+00  0.00000E+00
 0.00000E+00  0.17063E+00  0.00000E+00
 0.49709E-05  0.17063E+00 -0.36863E-05
 0.16001E-04  0.17063E+00 -0.36870E-05
 0.29447E-04  0.17063E+00 -0.36888E-05
 0.45836E-04  0.17063E+00 -0.36924E-05
 0.65814E-04  0.17063E+00 -0.36986E-05
 0.90165E-04  0.17063E+00 -0.37084E-05
 0.11985E-03  0.17063E+00 -0.37234E-05
 0.15603E-03  0.17063E+00 -0.37453E-05
 0.20013E-03  0.17063E+00 -0.37762E-05
 0.25388E-03  0.17063E+00 -0.38183E-05
 0.31939E-03  0.17063E+00 -0.38739E-05
 0.39924E-03  0.17063E+00 -0.39452E-05
 0.49656E-03  0.17063E+00 -0.40342E-05
 0.61516E-03  0.17063E+00 -0.41431E-05
 0.75970E-03  0.17063E+00 -0.42765E-05
 0.93583E-03  0.17063E+00 -0.44429E-05
 0.11504E-02  0.17063E+00 -0.46536E-05
 0.14119E-02  0.17063E+00 -0.49079E-05
 0.17305E-02  0.17063E+00 -0.51801E-05
 0.21186E-02  0.17063E+00 -0.54206E-05
 0.25912E-02  0.17063E+00 -0.55712E-05
 0.31667E-02  0.17063E+00 -0.55874E-05
 0.38673E-02  0.17063E+00 -0.54776E-05
 0.47200E-02  0.17063E+00 -0.54402E-05
 0.57574E-02  0.17063E+00 -0.54144E-05
 0.70191E-02  0.17063E+00 -0.54321E-05
 0.85527E-02  0.17063E+00 -0.55013E-05
 0.10416E-01  0.17063E+00 -0.56047E-05
 0.12677E-01  0.17063E+00 -0.57023E-05
 0.15420E-01  0.17063E+00 -0.57660E-05
 0.18742E-01  0.17063E+00 -0.58098E-05
 0.22762E-01  0.17063E+00 -0.58246E-05
 0.27617E-01  0.17063E+00 -0.58176E-05
 0.33469E-01  0.17063E+00 -0.57956E-05
 0.40509E-01  0.17063E+00 -0.57585E-05
 0.48950E-01  0.17063E+00 -0.56985E-05
 0.59040E-01  0.17063E+00 -0.56026E-05
 0.71052E-01  0.17063E+00 -0.54494E-05
 0.85282E-01  0.17063E+00 -0.52355E-05
 0.10204E+00  0.17063E+00 -0.50877E-05
 0.12166E+00  0.17063E+00 -0.50815E-05
 0.14443E+00  0.17063E+00 -0.51745E-05
 0.17063E+00  0.17063E+00 -0.52543E-05
 0.20047E+00  0.17063E+00 -0.50967E-05
 0.23404E+00  0.17063E+00 -0.53678E-05
 0.27131E+00  0.17063E+00 -0.54427E-05
 0.31210E+00  0.17063E+00 -0.55819E-05
 0.35601E+00  0.17063E+00 -0.58549E-05
 0.40249E+00  0.17063E+00 -0.61800E-05
 0.45077E+00  0.17063E+00 -0.63706E-05
 0.50000E+00  0.17063E+00 -0.64878E-05
 0.54923E+00  0.17063E+00 -0.66434E-05
 0.59751E+00  0.17063E+00 -0.68134E-05
 0.64399E+00  0.17063E+00 -0.69397E-05
 0.68790E+00  0.17063E+00 -0.69686E-05
 0.72869E+00  0.17063E+00 -0.68839E-05
 0.76596E+00  0.17063E+00 -0.66708E-05
 0.79953E+00  0.17063E+00 -0.63659E-05
 0.82937E+00  0.17063E+00 -0.60928E-05
 0.85557E+00  0.17063E+00 -0.59100E-05
 0.87834E+00  0.17063E+00 -0.57622E-05
 0.89796E+00  0.17063E+00 -0.56050E-05
 0.91472E+00  0.17063E+00 -0.54264E-05
 0.92895E+00  0.17063E+00 -0.52289E-05
 0.94096E+00  0.17063E+00 -0.50254E-05
 0.95105E+00  0.17063E+00 -0.48482E-05
 0.95949E+00  0.17063E+00 -0.47319E-05
 0.96653E+00  0.17063E+00 -0.46774E-05
 0.97238E+00  0.17063E+00 -0.46699E-05
 0.97724E+00  0.17063E+00 -0.46959E-05
 0.98126E+00  0.17063E+00 -0.47465E-05
 0.98458E+00  0.17063E+00 -0.48067E-05
 0.98732E+00  0.17063E+00 -0.47312E-05
 0.98958E+00  0.17063E+00 -0.50275E-05
 0.99145E+00  0.17063E+00 -0.51056E-05
 0.99298E+00  0.17063E+00 -0.51119E-05
 0.99424E+00  0.17063E+00 -0.51028E-05
 0.99528E+00  0.17063E+00 -0.50701E-05
 0.99613E+00  0.17063E+00 -0.49939E-05
 0.99683E+00  0.17063E+00 -0.48704E-05
 0.99741E+00  0.17063E+00 -0.47143E-05
 0.99788E+00  0.17063E+00 -0.45546E-05
 0.99827E+00  0.17063E+00 -0.44274E-05
 0.99859E+00  0.17063E+00 -0.43376E-05
 0.99885E+00  0.17063E+00 -0.42385E-05
 0.99906E+00  0.17063E+00 -0.41286E-05
 0.99924E+00  0.17063E+00 -0.40213E-05
 0.99938E+00  0.17063E+00 -0.39292E-05
 0.99950E+00  0.17063E+00 -0.38560E-05
 0.99960E+00  0.17063E+00 -0.37986E-05
 0.99968E+00  0.17063E+00 -0.37529E-05
 0.99975E+00  0.17063E+00 -0.37164E-05
 0.99980E+00  0.17063E+00 -0.36878E-05
 0.99984E+00  0.17063E+00 -0.36659E-05
 0.99988E+00  0.17063E+00 -0.36499E-05
 0.99991E+00  0.17063E+00 -0.36385E-05
 0.99993E+00  0.17063E+00 -0.36309E-05
 0.99995E+00  0.17063E+00 -0.36260E-05
 0.99997E+00  0.17063E+00 -0.36231E-05
 0.99998E+00  0.17063E+00 -0.36216E-05
 0.10000E+01  0.17063E+00 -0.36210E-05
 0.10000E+01  0.17063E+00  0.00000E+00
 0.00000E+00  0.20047E+00  0.00000E+00
 0.49709E-05  0.20047E+00 -0.25065E-05
 0.16001E-04  0.20047E+00 -0.25070E-05
 0.29447E-04  0.20047E+00 -0.25083E-05
 0.45836E-04  0.20047E+00 -0.25109E-05
 0.65814E-04  0.20047E+00 -0.25154E-05
 0.90165E-04  0.20047E+00 -0.25225E-05
 0.11985E-03  0.20047E+00 -0.25333E-05
 0.15603E-03  0.20047E+00 -0.25491E-05
 0.20013E-03  0.20047E+00 -0.25714E-05
 0.25388E-03  0.20047E+00 -0.26019E-05
 0.31939E-03  0.20047E+00 -0.26421E-05
 0.39924E-03  0.20047E+00 -0.26936E-05
 0.49656E-03  0.20047E+00 -0.27576E-05
 0.61516E-03  0.20047E+00 -0.28356E-05
 0.75970E-03  0.20047E+00 -0.29303E-05
 0.93583E-03  0.20047E+00 -0.30477E-05
 0.11504E-02  0.20047E+00 -0.31976E-05
 0.14119E-02  0.20047E+00 -0.33831E-05
 0.17305E-02  0.20047E+00 -0.35884E-05
 0.21186E-02  0.20047E+00 -0.37764E-05
 0.25912E-02  0.20047E+00 -0.39011E-05
 0.31667E-02  0.20047E+00 -0.39238E-05
 0.38673E-02  0.20047E+00 -0.38337E-05
 0.47200E-02  0.20047E+00 -0.37827E-05
 0.57574E-02  0.20047E+00 -0.37546E-05
 0.70191E-02  0.20047E+00 -0.37708E-05
 0.85527E-02  0.20047E+00 -0.38318E-05
 0.10416E-01  0.20047E+00 -0.39228E-05
 0.12677E-01  0.20047E+00 -0.40080E-05
 0.15420E-01  0.20047E+00 -0.40678E-05
 0.18742E-01  0.20047E+00 -0.41035E-05
 0.22762E-01  0.20047E+00 -0.41166E-05
 0.27617E-01  0.20047E+00 -0.41111E-05
 0.33469E-01  0.20047E+00 -0.40940E-05
 0.40509E-01  0.20047E+00 -0.40663E-05
 0.48950E-01  0.20047E+00 -0.40246E-05
 0.59040E-01  0.20047E+00 -0.39558E-05
 0.71052E-01  0.20047E+00 -0.38346E-05
 0.85282E-01  0.20047E+00 -0.36782E-05
 0.10204E+00  0.20047E+00 -0.35887E-05
 0.12166E+00  0.20047E+00 -0.35896E-05
 0.14443E+00  0.20047E+00 -0.36585E-05
 0.17063E+00  0.20047E+00 -0.37156E-05
 0.20047E+00  0.20047E+00 -0.37005E-05
 0.23404E+00  0.20047E+00 -0.36285E-05
 0.27131E+00  0.20047E+00 -0.38298E-05
 0.31210E+00  0.20047E+00 -0.39536E-05
 0.35601E+00  0.20047E+00 -0.41309E-05
 0.40249E+00  0.20047E+00 -0.42329E-05
 0.45077E+00  0.20047E+00 -0.42375E-05
 0.50000E+00  0.20047E+00 -0.42806E-05
 0.54923E+00  0.20047E+00 -0.43858E-05
 0.59751E+00  0.20047E+00 -0.45001E-05
 0.64399E+00  0.20047E+00 -0.45671E-05
 0.68790E+00  0.20047E+00 -0.45463E-05
 0.72869E+00  0.20047E+00 -0.44344E-05
 0.76596E+00  0.20047E+00 -0.42378E-05
 0.79953E+00  0.20047E+00 -0.40009E-05
 0.82937E+00  0.20047E+00 -0.37998E-05
 0.85557E+00  0.20047E+00 -0.36751E-05
 0.87834E+00  0.20047E+00 -0.35819E-05
 0.89796E+00  0.20047E+00 -0.34814E-05
 0.91472E+00  0.20047E+00 -0.33592E-05
 0.92895E+00  0.20047E+00 -0.32130E-05
 0.94096E+00  0.20047E+00 -0.30545E-05
 0.95105E+00  0.20047E+00 -0.29171E-05
 0.95949E+00  0.20047E+00 -0.28272E-05
 0.96653E+00  0.20047E+00 -0.27868E-05
 0.97238E+00  0.20047E+00 -0.27857E-05
 0.97724E+00  0.20047E+00 -0.28093E-05
 0.98126E+00  0.20047E+00 -0.28488E-05
 0.98458E+00  0.20047E+00 -0.29029E-05
 0.98732E+00  0.20047E+00 -0.29479E-05
 0.98958E+00  0.20047E+00 -0.29145E-05
 0.99145E+00  0.20047E+00 -0.31740E-05
 0.99298E+00  0.20047E+00 -0.32129E-05
 0.99424E+00  0.20047E+00 -0.32067E-05
 0.99528E+00  0.20047E+00 -0.31785E-05
 0.99613E+00  0.20047E+00 -0.31163E-05
 0.99683E+00  0.20047E+00 -0.30175E-05
 0.99741E+00  0.20047E+00 -0.28945E-05
 0.99788E+00  0.20047E+00 -0.27675E-05
 0.99827E+00  0.20047E+00 -0.26576E-05
 0.99859E+00  0.20047E+00 -0.25792E-05
 0.99885E+00  0.20047E+00 -0.25117E-05
 0.99906E+00  0.20047E+00 -0.24414E-05
 0.99924E+00  0.20047E+00 -0.23731E-05
 0.99938E+00  0.20047E+00 -0.23148E-05
 0.99950E+00  0.20047E+00 -0.22701E-05
 0.99960E+00  0.20047E+00 -0.22366E-05
 0.99968E+00  0.20047E+00 -0.22108E-05
 0.99975E+00  0.20047E+00 -0.21903E-05
 0.99980E+00  0.20047E+00 -0.21741E-05
 0.99984E+00  0.20047E+00 -0.21615E-05
 0.99988E+00  0.20047E+00 -0.21522E-05
 0.99991E+00  0.20047E+00 -0.21455E-05
 0.99993E+00  0.20047E+00 -0.21410E-05
 0.99995E+00  0.20047E+00 -0.21380E-05
 0.99997E+00  0.20047E+00 -0.21363E-05
 0.99998E+00  0.20047E+00 -0.21354E-05
 0.10000E+01  0.20047E+00 -0.21350E-05
 0.10000E+01  0.20047E+00  0.00000E+00
 0.00000E+00  0.23404E+00  0.00000E+00
 0.49709E-05  0.23404E+00 -0.12126E-05
 0.16001E-04  0.23404E+00 -0.12129E-05
 0.29447E-04  0.23404E+00 -0.12138E-05
 0.45836E-04  0.23404E+00 -0.12154E-05
 0.65814E-04  0.23404E+00 -0.12182E-05
 0.90165E-04  0.23404E+00 -0.12227E-05
 0.11985E-03  0.23404E+00 -0.12295E-05
 0.15603E-03  0.23404E+00 -0.12394E-05
 0.20013E-03  0.23404E+00 -0.12535E-05
 0.25388E-03  0.23404E+00 -0.12729E-05
 0.31939E-03  0.23404E+00 -0.12985E-05
 0.39924E-03  0.23404E+00 -0.13313E-05
 0.49656E-03  0.23404E+00 -0.13720E-05
 0.61516E-03  0.23404E+00 -0.14214E-05
 0.75970E-03  0.23404E+00 -0.14808E-05
 0.93583E-03  0.23404E+00 -0.15539E-05
 0.11504E-02  0.23404E+00 -0.16472E-05
 0.14119E-02  0.23404E+00 -0.17661E-05
 0.17305E-02  0.23404E+00 -0.19053E-05
 0.21186E-02  0.23404E+00 -0.20422E-05
 0.25912E-02  0.23404E+00 -0.21436E-05
 0.31667E-02  0.23404E+00 -0.21797E-05
 0.38673E-02  0.23404E+00 -0.21316E-05
 0.47200E-02  0.23404E+00 -0.20065E-05
 0.57574E-02  0.23404E+00 -0.19919E-05
 0.70191E-02  0.23404E+00 -0.20088E-05
 0.85527E-02  0.23404E+00 -0.20601E-05
 0.10416E-01  0.23404E+00 -0.21379E-05
 0.12677E-01  0.23404E+00 -0.22104E-05
 0.15420E-01  0.23404E+00 -0.22645E-05
 0.18742E-01  0.23404E+00 -0.22975E-05
 0.22762E-01  0.23404E+00 -0.23100E-05
 0.27617E-01  0.23404E+00 -0.23066E-05
 0.33469E-01  0.23404E+00 -0.22949E-05
 0.40509E-01  0.23404E+00 -0.22776E-05
 0.48950E-01  0.23404E+00 -0.22522E-05
 0.59040E-01  0.23404E+00 -0.22020E-05
 0.71052E-01  0.23404E+00 -0.21043E-05
 0.85282E-01  0.23404E+00 -0.20009E-05
 0.10204E+00  0.23404E+00 -0.19323E-05
 0.12166E+00  0.23404E+00 -0.19204E-05
 0.14443E+00  0.23404E+00 -0.19611E-05
 0.17063E+00  0.23404E+00 -0.19847E-05
 0.20047E+00  0.23404E+00 -0.19439E-05
 0.23404E+00  0.23404E+00 -0.18934E-05
 0.27131E+00  0.23404E+00 -0.19251E-05
 0.31210E+00  0.23404E+00 -0.20553E-05
 0.35601E+00  0.23404E+00 -0.20768E-05
 0.40249E+00  0.23404E+00 -0.20066E-05
 0.45077E+00  0.23404E+00 -0.19388E-05
 0.50000E+00  0.23404E+00 -0.19629E-05
 0.54923E+00  0.23404E+00 -0.20537E-05
 0.59751E+00  0.23404E+00 -0.21562E-05
 0.64399E+00  0.23404E+00 -0.22205E-05
 0.68790E+00  0.23404E+00 -0.22173E-05
 0.72869E+00  0.23404E+00 -0.21569E-05
 0.76596E+00  0.23404E+00 -0.20657E-05
 0.79953E+00  0.23404E+00 -0.19211E-05
 0.82937E+00  0.23404E+00 -0.17920E-05
 0.85557E+00  0.23404E+00 -0.17188E-05
 0.87834E+00  0.23404E+00 -0.16688E-05
 0.89796E+00  0.23404E+00 -0.16096E-05
 0.91472E+00  0.23404E+00 -0.15256E-05
 0.92895E+00  0.23404E+00 -0.14144E-05
 0.94096E+00  0.23404E+00 -0.12909E-05
 0.95105E+00  0.23404E+00 -0.11853E-05
 0.95949E+00  0.23404E+00 -0.11132E-05
 0.96653E+00  0.23404E+00 -0.10816E-05
 0.97238E+00  0.23404E+00 -0.10843E-05
 0.97724E+00  0.23404E+00 -0.11084E-05
 0.98126E+00  0.23404E+00 -0.11466E-05
 0.98458E+00  0.23404E+00 -0.11960E-05
 0.98732E+00  0.23404E+00 -0.12297E-05
 0.98958E+00  0.23404E+00 -0.11829E-05
 0.99145E+00  0.23404E+00 -0.13795E-05
 0.99298E+00  0.23404E+00 -0.14558E-05
 0.99424E+00  0.23404E+00 -0.14655E-05
 0.99528E+00  0.23404E+00 -0.14447E-05
 0.99613E+00  0.23404E+00 -0.13905E-05
 0.99683E+00  0.23404E+00 -0.13022E-05
 0.99741E+00  0.23404E+00 -0.11964E-05
 0.99788E+00  0.23404E+00 -0.10955E-05
 0.99827E+00  0.23404E+00 -0.10158E-05
 0.99859E+00  0.23404E+00 -0.96664E-06
 0.99885E+00  0.23404E+00 -0.93968E-06
 0.99906E+00  0.23404E+00 -0.91197E-06
 0.99924E+00  0.23404E+00 -0.88212E-06
 0.99938E+00  0.23404E+00 -0.85594E-06
 0.99950E+00  0.23404E+00 -0.83708E-06
 0.99960E+00  0.23404E+00 -0.82469E-06
 0.99968E+00  0.23404E+00 -0.81599E-06
 0.99975E+00  0.23404E+00 -0.80912E-06
 0.99980E+00  0.23404E+00 -0.80339E-06
 0.99984E+00  0.23404E+00 -0.79866E-06
 0.99988E+00  0.23404E+00 -0.79492E-06
 0.99991E+00  0.23404E+00 -0.79212E-06
 0.99993E+00  0.23404E+00 -0.79014E-06
 0.99995E+00  0.23404E+00 -0.78883E-06
 0.99997E+00  0.23404E+00 -0.78803E-06
 0.99998E+00  0.23404E+00 -0.78761E-06
 0.10000E+01  0.23404E+00 -0.78744E-06
 0.10000E+01  0.23404E+00  0.00000E+00
 0.00000E+00  0.27131E+00  0.00000E+00
 0.49709E-05  0.27131E+00 -0.18493E-06
 0.16001E-04  0.27131E+00 -0.18512E-06
 0.29447E-04  0.27131E+00 -0.18563E-06
 0.45836E-04  0.27131E+00 -0.18661E-06
 0.65814E-04  0.27131E+00 -0.18831E-06
 0.90165E-04  0.27131E+00 -0.19106E-06
 0.11985E-03  0.27131E+00 -0.19530E-06
 0.15603E-03  0.27131E+00 -0.20158E-06
 0.20013E-03  0.27131E+00 -0.21059E-06
 0.25388E-03  0.27131E+00 -0.22314E-06
 0.31939E-03  0.27131E+00 -0.24009E-06
 0.39924E-03  0.27131E+00 -0.26224E-06
 0.49656E-03  0.27131E+00 -0.29009E-06
 0.61516E-03  0.27131E+00 -0.32380E-06
 0.75970E-03  0.27131E+00 -0.36366E-06
 0.93583E-03  0.27131E+00 -0.41092E-06
 0.11504E-02  0.27131E+00 -0.46744E-06
 0.14119E-02  0.27131E+00 -0.53630E-06
 0.17305E-02  0.27131E+00 -0.61967E-06
 0.21186E-02  0.27131E+00 -0.70829E-06
 0.25912E-02  0.27131E+00 -0.78027E-06
 0.31667E-02  0.27131E+00 -0.81156E-06
 0.38673E-02  0.27131E+00 -0.78258E-06
 0.47200E-02  0.27131E+00 -0.67949E-06
 0.57574E-02  0.27131E+00 -0.64399E-06
 0.70191E-02  0.27131E+00 -0.64433E-06
 0.85527E-02  0.27131E+00 -0.68280E-06
 0.10416E-01  0.27131E+00 -0.75003E-06
 0.12677E-01  0.27131E+00 -0.81635E-06
 0.15420E-01  0.27131E+00 -0.86249E-06
 0.18742E-01  0.27131E+00 -0.89256E-06
 0.22762E-01  0.27131E+00 -0.90450E-06
 0.27617E-01  0.27131E+00 -0.90401E-06
 0.33469E-01  0.27131E+00 -0.89820E-06
 0.40509E-01  0.27131E+00 -0.88978E-06
 0.48950E-01  0.27131E+00 -0.87390E-06
 0.59040E-01  0.27131E+00 -0.83240E-06
 0.71052E-01  0.27131E+00 -0.75465E-06
 0.85282E-01  0.27131E+00 -0.68255E-06
 0.10204E+00  0.27131E+00 -0.61141E-06
 0.12166E+00  0.27131E+00 -0.58164E-06
 0.14443E+00  0.27131E+00 -0.59339E-06
 0.17063E+00  0.27131E+00 -0.57509E-06
 0.20047E+00  0.27131E+00 -0.49762E-06
 0.23404E+00  0.27131E+00 -0.41379E-06
 0.27131E+00  0.27131E+00 -0.38670E-06
 0.31210E+00  0.27131E+00 -0.43968E-06
 0.35601E+00  0.27131E+00 -0.35300E-06
 0.40249E+00  0.27131E+00 -0.22168E-06
 0.45077E+00  0.27131E+00 -0.16703E-06
 0.50000E+00  0.27131E+00 -0.21929E-06
 0.54923E+00  0.27131E+00 -0.33875E-06
 0.59751E+00  0.27131E+00 -0.47473E-06
 0.64399E+00  0.27131E+00 -0.58511E-06
 0.68790E+00  0.27131E+00 -0.65418E-06
 0.72869E+00  0.27131E+00 -0.70114E-06
 0.76596E+00  0.27131E+00 -0.67904E-06
 0.79953E+00  0.27131E+00 -0.59117E-06
 0.82937E+00  0.27131E+00 -0.50250E-06
 0.85557E+00  0.27131E+00 -0.45455E-06
 0.87834E+00  0.27131E+00 -0.42477E-06
 0.89796E+00  0.27131E+00 -0.38401E-06
 0.91472E+00  0.27131E+00 -0.31686E-06
 0.92895E+00  0.27131E+00 -0.22400E-06
 0.94096E+00  0.27131E+00 -0.12531E-06
 0.95105E+00  0.27131E+00 -0.40595E-07
 0.95949E+00  0.27131E+00  0.21631E-07
 0.96653E+00  0.27131E+00  0.50140E-07
 0.97238E+00  0.27131E+00  0.48954E-07
 0.97724E+00  0.27131E+00  0.29620E-07
 0.98126E+00  0.27131E+00 -0.29925E-08
 0.98458E+00  0.27131E+00 -0.41715E-07
 0.98732E+00  0.27131E+00 -0.70167E-07
 0.98958E+00  0.27131E+00 -0.84190E-07
 0.99145E+00  0.27131E+00 -0.10951E-06
 0.99298E+00  0.27131E+00 -0.28340E-06
 0.99424E+00  0.27131E+00 -0.32351E-06
 0.99528E+00  0.27131E+00 -0.31431E-06
 0.99613E+00  0.27131E+00 -0.26764E-06
 0.99683E+00  0.27131E+00 -0.18472E-06
 0.99741E+00  0.27131E+00 -0.82885E-07
 0.99788E+00  0.27131E+00  0.10784E-07
 0.99827E+00  0.27131E+00  0.76900E-07
 0.99859E+00  0.27131E+00  0.10756E-06
 0.99885E+00  0.27131E+00  0.10453E-06
 0.99906E+00  0.27131E+00  0.99238E-07
 0.99924E+00  0.27131E+00  0.10074E-06
 0.99938E+00  0.27131E+00  0.10518E-06
 0.99950E+00  0.27131E+00  0.10819E-06
 0.99960E+00  0.27131E+00  0.10877E-06
 0.99968E+00  0.27131E+00  0.10826E-06
 0.99975E+00  0.27131E+00  0.10787E-06
 0.99980E+00  0.27131E+00  0.10799E-06
 0.99984E+00  0.27131E+00  0.10851E-06
 0.99988E+00  0.27131E+00  0.10919E-06
 0.99991E+00  0.27131E+00  0.10985E-06
 0.99993E+00  0.27131E+00  0.11040E-06
 0.99995E+00  0.27131E+00  0.11081E-06
 0.99997E+00  0.27131E+00  0.11107E-06
 0.99998E+00  0.27131E+00  0.11122E-06
 0.10000E+01  0.27131E+00  0.11128E-06
 0.10000E+01  0.27131E+00  0.00000E+00
 0.00000E+00  0.31210E+00  0.00000E+00
 0.49709E-05  0.31210E+00  0.39089E-06
 0.16001E-04  0.31210E+00  0.39077E-06
 0.29447E-04  0.31210E+00  0.39045E-06
 0.45836E-04  0.31210E+00  0.38981E-06
 0.65814E-04  0.31210E+00  0.38868E-06
 0.90165E-04  0.31210E+00  0.38684E-06
 0.11985E-03  0.31210E+00  0.38396E-06
 0.15603E-03  0.31210E+00  0.37959E-06
 0.20013E-03  0.31210E+00  0.37317E-06
 0.25388E-03  0.31210E+00  0.36395E-06
 0.31939E-03  0.31210E+00  0.35102E-06
 0.39924E-03  0.31210E+00  0.33340E-06
 0.49656E-03  0.31210E+00  0.31028E-06
 0.61516E-03  0.31210E+00  0.28147E-06
 0.75970E-03  0.31210E+00  0.24750E-06
 0.93583E-03  0.31210E+00  0.20922E-06
 0.11504E-02  0.31210E+00  0.16855E-06
 0.14119E-02  0.31210E+00  0.12999E-06
 0.17305E-02  0.31210E+00  0.87511E-07
 0.21186E-02  0.31210E+00  0.37635E-07
 0.25912E-02  0.31210E+00 -0.91742E-08
 0.31667E-02  0.31210E+00 -0.36526E-07
 0.38673E-02  0.31210E+00 -0.30642E-07
 0.47200E-02  0.31210E+00  0.24471E-07
 0.57574E-02  0.31210E+00  0.15259E-06
 0.70191E-02  0.31210E+00  0.14395E-06
 0.85527E-02  0.31210E+00  0.10860E-06
 0.10416E-01  0.31210E+00  0.48881E-07
 0.12677E-01  0.31210E+00 -0.12253E-07
 0.15420E-01  0.31210E+00 -0.55676E-07
 0.18742E-01  0.31210E+00 -0.84383E-07
 0.22762E-01  0.31210E+00 -0.96743E-07
 0.27617E-01  0.31210E+00 -0.99225E-07
 0.33469E-01  0.31210E+00 -0.98263E-07
 0.40509E-01  0.31210E+00 -0.94894E-07
 0.48950E-01  0.31210E+00 -0.81255E-07
 0.59040E-01  0.31210E+00 -0.42104E-07
 0.71052E-01  0.31210E+00  0.19103E-07
 0.85282E-01  0.31210E+00  0.89670E-07
 0.10204E+00  0.31210E+00  0.16419E-06
 0.12166E+00  0.31210E+00  0.20631E-06
 0.14443E+00  0.31210E+00  0.22129E-06
 0.17063E+00  0.31210E+00  0.27780E-06
 0.20047E+00  0.31210E+00  0.38437E-06
 0.23404E+00  0.31210E+00  0.49116E-06
 0.27131E+00  0.31210E+00  0.55629E-06
 0.31210E+00  0.31210E+00  0.61393E-06
 0.35601E+00  0.31210E+00  0.65812E-06
 0.40249E+00  0.31210E+00  0.77633E-06
 0.45077E+00  0.31210E+00  0.77050E-06
 0.50000E+00  0.31210E+00  0.65956E-06
 0.54923E+00  0.31210E+00  0.48476E-06
 0.59751E+00  0.31210E+00  0.29217E-06
 0.64399E+00  0.31210E+00  0.11104E-06
 0.68790E+00  0.31210E+00 -0.39362E-07
 0.72869E+00  0.31210E+00 -0.11211E-06
 0.76596E+00  0.31210E+00 -0.10677E-06
 0.79953E+00  0.31210E+00 -0.33163E-07
 0.82937E+00  0.31210E+00  0.47469E-07
 0.85557E+00  0.31210E+00  0.92402E-07
 0.87834E+00  0.31210E+00  0.11955E-06
 0.89796E+00  0.31210E+00  0.15809E-06
 0.91472E+00  0.31210E+00  0.22190E-06
 0.92895E+00  0.31210E+00  0.30474E-06
 0.94096E+00  0.31210E+00  0.38486E-06
 0.95105E+00  0.31210E+00  0.45658E-06
 0.95949E+00  0.31210E+00  0.51238E-06
 0.96653E+00  0.31210E+00  0.53944E-06
 0.97238E+00  0.31210E+00  0.54045E-06
 0.97724E+00  0.31210E+00  0.52412E-06
 0.98126E+00  0.31210E+00  0.49432E-06
 0.98458E+00  0.31210E+00  0.46216E-06
 0.98732E+00  0.31210E+00  0.43443E-06
 0.98958E+00  0.31210E+00  0.41473E-06
 0.99145E+00  0.31210E+00  0.39313E-06
 0.99298E+00  0.31210E+00  0.29487E-06
 0.99424E+00  0.31210E+00  0.23137E-06
 0.99528E+00  0.31210E+00  0.21505E-06
 0.99613E+00  0.31210E+00  0.24254E-06
 0.99683E+00  0.31210E+00  0.31431E-06
 0.99741E+00  0.31210E+00  0.41375E-06
 0.99788E+00  0.31210E+00  0.51025E-06
 0.99827E+00  0.31210E+00  0.57734E-06
 0.99859E+00  0.31210E+00  0.60430E-06
 0.99885E+00  0.31210E+00  0.59255E-06
 0.99906E+00  0.31210E+00  0.56161E-06
 0.99924E+00  0.31210E+00  0.53813E-06
 0.99938E+00  0.31210E+00  0.52430E-06
 0.99950E+00  0.31210E+00  0.51553E-06
 0.99960E+00  0.31210E+00  0.50878E-06
 0.99968E+00  0.31210E+00  0.50344E-06
 0.99975E+00  0.31210E+00  0.49966E-06
 0.99980E+00  0.31210E+00  0.49732E-06
 0.99984E+00  0.31210E+00  0.49606E-06
 0.99988E+00  0.31210E+00  0.49548E-06
 0.99991E+00  0.31210E+00  0.49527E-06
 0.99993E+00  0.31210E+00  0.49524E-06
 0.99995E+00  0.31210E+00  0.49528E-06
 0.99997E+00  0.31210E+00  0.49532E-06
 0.99998E+00  0.31210E+00  0.49536E-06
 0.10000E+01  0.31210E+00  0.49538E-06
 0.10000E+01  0.31210E+00  0.00000E+00
 0.00000E+00  0.35601E+00  0.00000E+00
 0.49709E-05  0.35601E+00  0.68245E-06
 0.16001E-04  0.35601E+00  0.68237E-06
 0.29447E-04  0.35601E+00  0.68214E-06
 0.45836E-04  0.35601E+00  0.68169E-06
 0.65814E-04  0.35601E+00  0.68089E-06
 0.90165E-04  0.35601E+00  0.67954E-06
 0.11985E-03  0.35601E+00  0.67740E-06
 0.15603E-03  0.35601E+00  0.67407E-06
 0.20013E-03  0.35601E+00  0.66902E-06
 0.25388E-03  0.35601E+00  0.66149E-06
 0.31939E-03  0.35601E+00  0.65043E-06
 0.39924E-03  0.35601E+00  0.63450E-06
 0.49656E-03  0.35601E+00  0.61219E-06
 0.61516E-03  0.35601E+00  0.58248E-06
 0.75970E-03  0.35601E+00  0.54589E-06
 0.93583E-03  0.35601E+00  0.50504E-06
 0.11504E-02  0.35601E+00  0.46574E-06
 0.14119E-02  0.35601E+00  0.44017E-06
 0.17305E-02  0.35601E+00  0.42564E-06
 0.21186E-02  0.35601E+00  0.40903E-06
 0.25912E-02  0.35601E+00  0.38942E-06
 0.31667E-02  0.35601E+00  0.37601E-06
 0.38673E-02  0.35601E+00  0.37971E-06
 0.47200E-02  0.35601E+00  0.41682E-06
 0.57574E-02  0.35601E+00  0.51930E-06
 0.70191E-02  0.35601E+00  0.54095E-06
 0.85527E-02  0.35601E+00  0.51873E-06
 0.10416E-01  0.35601E+00  0.46437E-06
 0.12677E-01  0.35601E+00  0.40891E-06
 0.15420E-01  0.35601E+00  0.36798E-06
 0.18742E-01  0.35601E+00  0.34082E-06
 0.22762E-01  0.35601E+00  0.32797E-06
 0.27617E-01  0.35601E+00  0.32267E-06
 0.33469E-01  0.35601E+00  0.31978E-06
 0.40509E-01  0.35601E+00  0.32088E-06
 0.48950E-01  0.35601E+00  0.33536E-06
 0.59040E-01  0.35601E+00  0.37203E-06
 0.71052E-01  0.35601E+00  0.42125E-06
 0.85282E-01  0.35601E+00  0.49988E-06
 0.10204E+00  0.35601E+00  0.58067E-06
 0.12166E+00  0.35601E+00  0.63112E-06
 0.14443E+00  0.35601E+00  0.67005E-06
 0.17063E+00  0.35601E+00  0.75196E-06
 0.20047E+00  0.35601E+00  0.87236E-06
 0.23404E+00  0.35601E+00  0.99075E-06
 0.27131E+00  0.35601E+00  0.10797E-05
 0.31210E+00  0.35601E+00  0.11528E-05
 0.35601E+00  0.35601E+00  0.12019E-05
 0.40249E+00  0.35601E+00  0.11587E-05
 0.45077E+00  0.35601E+00  0.10922E-05
 0.50000E+00  0.35601E+00  0.90528E-06
 0.54923E+00  0.35601E+00  0.66248E-06
 0.59751E+00  0.35601E+00  0.40326E-06
 0.64399E+00  0.35601E+00  0.17013E-06
 0.68790E+00  0.35601E+00  0.33032E-07
 0.72869E+00  0.35601E+00 -0.19646E-07
 0.76596E+00  0.35601E+00  0.39251E-08
 0.79953E+00  0.35601E+00  0.90632E-07
 0.82937E+00  0.35601E+00  0.18020E-06
 0.85557E+00  0.35601E+00  0.23193E-06
 0.87834E+00  0.35601E+00  0.26393E-06
 0.89796E+00  0.35601E+00  0.30758E-06
 0.91472E+00  0.35601E+00  0.37332E-06
 0.92895E+00  0.35601E+00  0.44763E-06
 0.94096E+00  0.35601E+00  0.51347E-06
 0.95105E+00  0.35601E+00  0.57622E-06
 0.95949E+00  0.35601E+00  0.62685E-06
 0.96653E+00  0.35601E+00  0.65334E-06
 0.97238E+00  0.35601E+00  0.65731E-06
 0.97724E+00  0.35601E+00  0.64501E-06
 0.98126E+00  0.35601E+00  0.62196E-06
 0.98458E+00  0.35601E+00  0.59977E-06
 0.98732E+00  0.35601E+00  0.57940E-06
 0.98958E+00  0.35601E+00  0.56692E-06
 0.99145E+00  0.35601E+00  0.54888E-06
 0.99298E+00  0.35601E+00  0.43919E-06
 0.99424E+00  0.35601E+00  0.36880E-06
 0.99528E+00  0.35601E+00  0.33954E-06
 0.99613E+00  0.35601E+00  0.34897E-06
 0.99683E+00  0.35601E+00  0.40528E-06
 0.99741E+00  0.35601E+00  0.49956E-06
 0.99788E+00  0.35601E+00  0.60238E-06
 0.99827E+00  0.35601E+00  0.68207E-06
 0.99859E+00  0.35601E+00  0.71901E-06
 0.99885E+00  0.35601E+00  0.70777E-06
 0.99906E+00  0.35601E+00  0.66258E-06
 0.99924E+00  0.35601E+00  0.61988E-06
 0.99938E+00  0.35601E+00  0.59125E-06
 0.99950E+00  0.35601E+00  0.57354E-06
 0.99960E+00  0.35601E+00  0.56219E-06
 0.99968E+00  0.35601E+00  0.55466E-06
 0.99975E+00  0.35601E+00  0.54983E-06
 0.99980E+00  0.35601E+00  0.54695E-06
 0.99984E+00  0.35601E+00  0.54539E-06
 0.99988E+00  0.35601E+00  0.54463E-06
 0.99991E+00  0.35601E+00  0.54431E-06
 0.99993E+00  0.35601E+00  0.54422E-06
 0.99995E+00  0.35601E+00  0.54422E-06
 0.99997E+00  0.35601E+00  0.54424E-06
 0.99998E+00  0.35601E+00  0.54427E-06
 0.10000E+01  0.35601E+00  0.54428E-06
 0.10000E+01  0.35601E+00  0.00000E+00
 0.00000E+00  0.40249E+00  0.00000E+00
 0.49709E-05  0.40249E+00  0.85147E-06
 0.16001E-04  0.40249E+00  0.85141E-06
 0.29447E-04  0.40249E+00  0.85125E-06
 0.45836E-04  0.40249E+00  0.85093E-06
 0.65814E-04  0.40249E+00  0.85034E-06
 0.90165E-04  0.40249E+00  0.84935E-06
 0.11985E-03  0.40249E+00  0.84772E-06
 0.15603E-03  0.40249E+00  0.84510E-06
 0.20013E-03  0.40249E+00  0.84099E-06
 0.25388E-03  0.40249E+00  0.83459E-06
 0.31939E-03  0.40249E+00  0.82470E-06
 0.39924E-03  0.40249E+00  0.80958E-06
 0.49656E-03  0.40249E+00  0.78683E-06
 0.61516E-03  0.40249E+00  0.75385E-06
 0.75970E-03  0.40249E+00  0.70952E-06
 0.93583E-03  0.40249E+00  0.65669E-06
 0.11504E-02  0.40249E+00  0.60387E-06
 0.14119E-02  0.40249E+00  0.56894E-06
 0.17305E-02  0.40249E+00  0.56680E-06
 0.21186E-02  0.40249E+00  0.57845E-06
 0.25912E-02  0.40249E+00  0.58755E-06
 0.31667E-02  0.40249E+00  0.59162E-06
 0.38673E-02  0.40249E+00  0.59447E-06
 0.47200E-02  0.40249E+00  0.60704E-06
 0.57574E-02  0.40249E+00  0.65489E-06
 0.70191E-02  0.40249E+00  0.77729E-06
 0.85527E-02  0.40249E+00  0.74339E-06
 0.10416E-01  0.40249E+00  0.68768E-06
 0.12677E-01  0.40249E+00  0.63367E-06
 0.15420E-01  0.40249E+00  0.59413E-06
 0.18742E-01  0.40249E+00  0.56835E-06
 0.22762E-01  0.40249E+00  0.55470E-06
 0.27617E-01  0.40249E+00  0.54651E-06
 0.33469E-01  0.40249E+00  0.54035E-06
 0.40509E-01  0.40249E+00  0.54092E-06
 0.48950E-01  0.40249E+00  0.55676E-06
 0.59040E-01  0.40249E+00  0.58992E-06
 0.71052E-01  0.40249E+00  0.63676E-06
 0.85282E-01  0.40249E+00  0.72334E-06
 0.10204E+00  0.40249E+00  0.80432E-06
 0.12166E+00  0.40249E+00  0.85743E-06
 0.14443E+00  0.40249E+00  0.91278E-06
 0.17063E+00  0.40249E+00  0.10039E-05
 0.20047E+00  0.40249E+00  0.11235E-05
 0.23404E+00  0.40249E+00  0.12406E-05
 0.27131E+00  0.40249E+00  0.13268E-05
 0.31210E+00  0.40249E+00  0.13673E-05
 0.35601E+00  0.40249E+00  0.13401E-05
 0.40249E+00  0.40249E+00  0.12246E-05
 0.45077E+00  0.40249E+00  0.10101E-05
 0.50000E+00  0.40249E+00  0.75972E-06
 0.54923E+00  0.40249E+00  0.45143E-06
 0.59751E+00  0.40249E+00  0.16057E-06
 0.64399E+00  0.40249E+00 -0.28758E-07
 0.68790E+00  0.40249E+00 -0.11744E-06
 0.72869E+00  0.40249E+00 -0.12593E-06
 0.76596E+00  0.40249E+00 -0.66818E-07
 0.79953E+00  0.40249E+00  0.42397E-07
 0.82937E+00  0.40249E+00  0.14435E-06
 0.85557E+00  0.40249E+00  0.20292E-06
 0.87834E+00  0.40249E+00  0.24079E-06
 0.89796E+00  0.40249E+00  0.29191E-06
 0.91472E+00  0.40249E+00  0.36103E-06
 0.92895E+00  0.40249E+00  0.42475E-06
 0.94096E+00  0.40249E+00  0.47985E-06
 0.95105E+00  0.40249E+00  0.53474E-06
 0.95949E+00  0.40249E+00  0.57996E-06
 0.96653E+00  0.40249E+00  0.60529E-06
 0.97238E+00  0.40249E+00  0.61090E-06
 0.97724E+00  0.40249E+00  0.60120E-06
 0.98126E+00  0.40249E+00  0.58467E-06
 0.98458E+00  0.40249E+00  0.56829E-06
 0.98732E+00  0.40249E+00  0.54984E-06
 0.98958E+00  0.40249E+00  0.53171E-06
 0.99145E+00  0.40249E+00  0.49883E-06
 0.99298E+00  0.40249E+00  0.39792E-06
 0.99424E+00  0.40249E+00  0.38167E-06
 0.99528E+00  0.40249E+00  0.35537E-06
 0.99613E+00  0.40249E+00  0.34381E-06
 0.99683E+00  0.40249E+00  0.37293E-06
 0.99741E+00  0.40249E+00  0.44683E-06
 0.99788E+00  0.40249E+00  0.54298E-06
 0.99827E+00  0.40249E+00  0.62967E-06
 0.99859E+00  0.40249E+00  0.68294E-06
 0.99885E+00  0.40249E+00  0.69019E-06
 0.99906E+00  0.40249E+00  0.65474E-06
 0.99924E+00  0.40249E+00  0.60691E-06
 0.99938E+00  0.40249E+00  0.56957E-06
 0.99950E+00  0.40249E+00  0.54536E-06
 0.99960E+00  0.40249E+00  0.53044E-06
 0.99968E+00  0.40249E+00  0.52133E-06
 0.99975E+00  0.40249E+00  0.51591E-06
 0.99980E+00  0.40249E+00  0.51285E-06
 0.99984E+00  0.40249E+00  0.51127E-06
 0.99988E+00  0.40249E+00  0.51054E-06
 0.99991E+00  0.40249E+00  0.51026E-06
 0.99993E+00  0.40249E+00  0.51019E-06
 0.99995E+00  0.40249E+00  0.51021E-06
 0.99997E+00  0.40249E+00  0.51025E-06
 0.99998E+00  0.40249E+00  0.51029E-06
 0.10000E+01  0.40249E+00  0.51030E-06
 0.10000E+01  0.40249E+00  0.00000E+00
 0.00000E+00  0.45077E+00  0.00000E+00
 0.49709E-05  0.45077E+00  0.10027E-05
 0.16001E-04  0.45077E+00  0.10027E-05
 0.29447E-04  0.45077E+00  0.10026E-05
 0.45836E-04  0.45077E+00  0.10024E-05
 0.65814E-04  0.45077E+00  0.10021E-05
 0.90165E-04  0.45077E+00  0.10014E-05
 0.11985E-03  0.45077E+00  0.10003E-05
 0.15603E-03  0.45077E+00  0.99848E-06
 0.20013E-03  0.45077E+00  0.99539E-06
 0.25388E-03  0.45077E+00  0.99029E-06
 0.31939E-03  0.45077E+00  0.98187E-06
 0.39924E-03  0.45077E+00  0.96808E-06
 0.49656E-03  0.45077E+00  0.94573E-06
 0.61516E-03  0.45077E+00  0.91047E-06
 0.75970E-03  0.45077E+00  0.85811E-06
 0.93583E-03  0.45077E+00  0.78921E-06
 0.11504E-02  0.45077E+00  0.71450E-06
 0.14119E-02  0.45077E+00  0.65808E-06
 0.17305E-02  0.45077E+00  0.65401E-06
 0.21186E-02  0.45077E+00  0.68717E-06
 0.25912E-02  0.45077E+00  0.72652E-06
 0.31667E-02  0.45077E+00  0.75389E-06
 0.38673E-02  0.45077E+00  0.76509E-06
 0.47200E-02  0.45077E+00  0.77016E-06
 0.57574E-02  0.45077E+00  0.79652E-06
 0.70191E-02  0.45077E+00  0.88626E-06
 0.85527E-02  0.45077E+00  0.88587E-06
 0.10416E-01  0.45077E+00  0.84410E-06
 0.12677E-01  0.45077E+00  0.79582E-06
 0.15420E-01  0.45077E+00  0.75943E-06
 0.18742E-01  0.45077E+00  0.73556E-06
 0.22762E-01  0.45077E+00  0.72084E-06
 0.27617E-01  0.45077E+00  0.70911E-06
 0.33469E-01  0.45077E+00  0.69954E-06
 0.40509E-01  0.45077E+00  0.69971E-06
 0.48950E-01  0.45077E+00  0.71602E-06
 0.59040E-01  0.45077E+00  0.74592E-06
 0.71052E-01  0.45077E+00  0.79853E-06
 0.85282E-01  0.45077E+00  0.88497E-06
 0.10204E+00  0.45077E+00  0.95785E-06
 0.12166E+00  0.45077E+00  0.10081E-05
 0.14443E+00  0.45077E+00  0.10692E-05
 0.17063E+00  0.45077E+00  0.11560E-05
 0.20047E+00  0.45077E+00  0.12632E-05
 0.23404E+00  0.45077E+00  0.13637E-05
 0.27131E+00  0.45077E+00  0.14193E-05
 0.31210E+00  0.45077E+00  0.14008E-05
 0.35601E+00  0.45077E+00  0.12914E-05
 0.40249E+00  0.45077E+00  0.10871E-05
 0.45077E+00  0.45077E+00  0.80016E-06
 0.50000E+00  0.45077E+00  0.47500E-06
 0.54923E+00  0.45077E+00  0.15396E-06
 0.59751E+00  0.45077E+00 -0.68109E-07
 0.64399E+00  0.45077E+00 -0.18426E-06
 0.68790E+00  0.45077E+00 -0.20802E-06
 0.72869E+00  0.45077E+00 -0.16504E-06
 0.76596E+00  0.45077E+00 -0.72550E-07
 0.79953E+00  0.45077E+00  0.53914E-07
 0.82937E+00  0.45077E+00  0.16108E-06
 0.85557E+00  0.45077E+00  0.21923E-06
 0.87834E+00  0.45077E+00  0.25938E-06
 0.89796E+00  0.45077E+00  0.31580E-06
 0.91472E+00  0.45077E+00  0.38440E-06
 0.92895E+00  0.45077E+00  0.43652E-06
 0.94096E+00  0.45077E+00  0.48371E-06
 0.95105E+00  0.45077E+00  0.53110E-06
 0.95949E+00  0.45077E+00  0.57098E-06
 0.96653E+00  0.45077E+00  0.59543E-06
 0.97238E+00  0.45077E+00  0.60290E-06
 0.97724E+00  0.45077E+00  0.59727E-06
 0.98126E+00  0.45077E+00  0.58863E-06
 0.98458E+00  0.45077E+00  0.57888E-06
 0.98732E+00  0.45077E+00  0.56625E-06
 0.98958E+00  0.45077E+00  0.55336E-06
 0.99145E+00  0.45077E+00  0.53229E-06
 0.99298E+00  0.45077E+00  0.46495E-06
 0.99424E+00  0.45077E+00  0.32968E-06
 0.99528E+00  0.45077E+00  0.34735E-06
 0.99613E+00  0.45077E+00  0.34658E-06
 0.99683E+00  0.45077E+00  0.36130E-06
 0.99741E+00  0.45077E+00  0.41377E-06
 0.99788E+00  0.45077E+00  0.49490E-06
 0.99827E+00  0.45077E+00  0.57888E-06
 0.99859E+00  0.45077E+00  0.64188E-06
 0.99885E+00  0.45077E+00  0.66833E-06
 0.99906E+00  0.45077E+00  0.65320E-06
 0.99924E+00  0.45077E+00  0.61179E-06
 0.99938E+00  0.45077E+00  0.57149E-06
 0.99950E+00  0.45077E+00  0.54257E-06
 0.99960E+00  0.45077E+00  0.52410E-06
 0.99968E+00  0.45077E+00  0.51284E-06
 0.99975E+00  0.45077E+00  0.50620E-06
 0.99980E+00  0.45077E+00  0.50246E-06
 0.99984E+00  0.45077E+00  0.50048E-06
 0.99988E+00  0.45077E+00  0.49952E-06
 0.99991E+00  0.45077E+00  0.49910E-06
 0.99993E+00  0.45077E+00  0.49895E-06
 0.99995E+00  0.45077E+00  0.49892E-06
 0.99997E+00  0.45077E+00  0.49894E-06
 0.99998E+00  0.45077E+00  0.49896E-06
 0.10000E+01  0.45077E+00  0.49897E-06
 0.10000E+01  0.45077E+00  0.00000E+00
 0.00000E+00  0.50000E+00  0.00000E+00
 0.49709E-05  0.50000E+00  0.12697E-05
 0.16001E-04  0.50000E+00  0.12697E-05
 0.29447E-04  0.50000E+00  0.12697E-05
 0.45836E-04  0.50000E+00  0.12697E-05
 0.65814E-04  0.50000E+00  0.12697E-05
 0.90165E-04  0.50000E+00  0.12696E-05
 0.11985E-03  0.50000E+00  0.12693E-05
 0.15603E-03  0.50000E+00  0.12686E-05
 0.20013E-03  0.50000E+00  0.12671E-05
 0.25388E-03  0.50000E+00  0.12642E-05
 0.31939E-03  0.50000E+00  0.12585E-05
 0.39924E-03  0.50000E+00  0.12480E-05
 0.49656E-03  0.50000E+00  0.12290E-05
 0.61516E-03  0.50000E+00  0.11957E-05
 0.75970E-03  0.50000E+00  0.11405E-05
 0.93583E-03  0.50000E+00  0.10584E-05
 0.11504E-02  0.50000E+00  0.95789E-06
 0.14119E-02  0.50000E+00  0.87033E-06
 0.17305E-02  0.50000E+00  0.84793E-06
 0.21186E-02  0.50000E+00  0.89060E-06
 0.25912E-02  0.50000E+00  0.95630E-06
 0.31667E-02  0.50000E+00  0.10093E-05
 0.38673E-02  0.50000E+00  0.10319E-05
 0.47200E-02  0.50000E+00  0.10299E-05
 0.57574E-02  0.50000E+00  0.10277E-05
 0.70191E-02  0.50000E+00  0.10574E-05
 0.85527E-02  0.50000E+00  0.11673E-05
 0.10416E-01  0.50000E+00  0.11129E-05
 0.12677E-01  0.50000E+00  0.10620E-05
 0.15420E-01  0.50000E+00  0.10266E-05
 0.18742E-01  0.50000E+00  0.10040E-05
 0.22762E-01  0.50000E+00  0.98803E-06
 0.27617E-01  0.50000E+00  0.97263E-06
 0.33469E-01  0.50000E+00  0.95988E-06
 0.40509E-01  0.50000E+00  0.95942E-06
 0.48950E-01  0.50000E+00  0.97546E-06
 0.59040E-01  0.50000E+00  0.10051E-05
 0.71052E-01  0.50000E+00  0.10672E-05
 0.85282E-01  0.50000E+00  0.11442E-05
 0.10204E+00  0.50000E+00  0.12045E-05
 0.12166E+00  0.50000E+00  0.12498E-05
 0.14443E+00  0.50000E+00  0.13097E-05
 0.17063E+00  0.50000E+00  0.13860E-05
 0.20047E+00  0.50000E+00  0.14757E-05
 0.23404E+00  0.50000E+00  0.15500E-05
 0.27131E+00  0.50000E+00  0.15644E-05
 0.31210E+00  0.50000E+00  0.14903E-05
 0.35601E+00  0.50000E+00  0.13205E-05
 0.40249E+00  0.50000E+00  0.10616E-05
 0.45077E+00  0.50000E+00  0.73460E-06
 0.50000E+00  0.50000E+00  0.39021E-06
 0.54923E+00  0.50000E+00  0.17693E-06
 0.59751E+00  0.50000E+00  0.32017E-07
 0.64399E+00  0.50000E+00 -0.24986E-08
 0.68790E+00  0.50000E+00  0.37111E-07
 0.72869E+00  0.50000E+00  0.11695E-06
 0.76596E+00  0.50000E+00  0.22457E-06
 0.79953E+00  0.50000E+00  0.35290E-06
 0.82937E+00  0.50000E+00  0.45124E-06
 0.85557E+00  0.50000E+00  0.49753E-06
 0.87834E+00  0.50000E+00  0.53429E-06
 0.89796E+00  0.50000E+00  0.59077E-06
 0.91472E+00  0.50000E+00  0.65148E-06
 0.92895E+00  0.50000E+00  0.69176E-06
 0.94096E+00  0.50000E+00  0.73203E-06
 0.95105E+00  0.50000E+00  0.77120E-06
 0.95949E+00  0.50000E+00  0.80540E-06
 0.96653E+00  0.50000E+00  0.82864E-06
 0.97238E+00  0.50000E+00  0.83782E-06
 0.97724E+00  0.50000E+00  0.83680E-06
 0.98126E+00  0.50000E+00  0.83454E-06
 0.98458E+00  0.50000E+00  0.82913E-06
 0.98732E+00  0.50000E+00  0.81785E-06
 0.98958E+00  0.50000E+00  0.80111E-06
 0.99145E+00  0.50000E+00  0.77047E-06
 0.99298E+00  0.50000E+00  0.69286E-06
 0.99424E+00  0.50000E+00  0.56721E-06
 0.99528E+00  0.50000E+00  0.63302E-06
 0.99613E+00  0.50000E+00  0.64675E-06
 0.99683E+00  0.50000E+00  0.64840E-06
 0.99741E+00  0.50000E+00  0.67429E-06
 0.99788E+00  0.50000E+00  0.72915E-06
 0.99827E+00  0.50000E+00  0.79579E-06
 0.99859E+00  0.50000E+00  0.85301E-06
 0.99885E+00  0.50000E+00  0.88416E-06
 0.99906E+00  0.50000E+00  0.87949E-06
 0.99924E+00  0.50000E+00  0.84448E-06
 0.99938E+00  0.50000E+00  0.80226E-06
 0.99950E+00  0.50000E+00  0.76756E-06
 0.99960E+00  0.50000E+00  0.74333E-06
 0.99968E+00  0.50000E+00  0.72756E-06
 0.99975E+00  0.50000E+00  0.71766E-06
 0.99980E+00  0.50000E+00  0.71163E-06
 0.99984E+00  0.50000E+00  0.70806E-06
 0.99988E+00  0.50000E+00  0.70601E-06
 0.99991E+00  0.50000E+00  0.70487E-06
 0.99993E+00  0.50000E+00  0.70426E-06
 0.99995E+00  0.50000E+00  0.70395E-06
 0.99997E+00  0.50000E+00  0.70380E-06
 0.99998E+00  0.50000E+00  0.70374E-06
 0.10000E+01  0.50000E+00  0.70372E-06
 0.10000E+01  0.50000E+00  0.00000E+00
 0.00000E+00  0.54923E+00  0.00000E+00
 0.49709E-05  0.54923E+00  0.17951E-05
 0.16001E-04  0.54923E+00  0.17951E-05
 0.29447E-04  0.54923E+00  0.17953E-05
 0.45836E-04  0.54923E+00  0.17956E-05
 0.65814E-04  0.54923E+00  0.17962E-05
 0.90165E-04  0.54923E+00  0.17969E-05
 0.11985E-03  0.54923E+00  0.17980E-05
 0.15603E-03  0.54923E+00  0.17993E-05
 0.20013E-03  0.54923E+00  0.18005E-05
 0.25388E-03  0.54923E+00  0.18014E-05
 0.31939E-03  0.54923E+00  0.18007E-05
 0.39924E-03  0.54923E+00  0.17966E-05
 0.49656E-03  0.54923E+00  0.17855E-05
 0.61516E-03  0.54923E+00  0.17610E-05
 0.75970E-03  0.54923E+00  0.17131E-05
 0.93583E-03  0.54923E+00  0.16299E-05
 0.11504E-02  0.54923E+00  0.15091E-05
 0.14119E-02  0.54923E+00  0.13804E-05
 0.17305E-02  0.54923E+00  0.13098E-05
 0.21186E-02  0.54923E+00  0.13423E-05
 0.25912E-02  0.54923E+00  0.14285E-05
 0.31667E-02  0.54923E+00  0.15110E-05
 0.38673E-02  0.54923E+00  0.15568E-05
 0.47200E-02  0.54923E+00  0.15637E-05
 0.57574E-02  0.54923E+00  0.15568E-05
 0.70191E-02  0.54923E+00  0.15679E-05
 0.85527E-02  0.54923E+00  0.16423E-05
 0.10416E-01  0.54923E+00  0.16239E-05
 0.12677E-01  0.54923E+00  0.15852E-05
 0.15420E-01  0.54923E+00  0.15556E-05
 0.18742E-01  0.54923E+00  0.15358E-05
 0.22762E-01  0.54923E+00  0.15193E-05
 0.27617E-01  0.54923E+00  0.15002E-05
 0.33469E-01  0.54923E+00  0.14845E-05
 0.40509E-01  0.54923E+00  0.14826E-05
 0.48950E-01  0.54923E+00  0.14976E-05
 0.59040E-01  0.54923E+00  0.15307E-05
 0.71052E-01  0.54923E+00  0.15980E-05
 0.85282E-01  0.54923E+00  0.16661E-05
 0.10204E+00  0.54923E+00  0.17171E-05
 0.12166E+00  0.54923E+00  0.17617E-05
 0.14443E+00  0.54923E+00  0.18212E-05
 0.17063E+00  0.54923E+00  0.18901E-05
 0.20047E+00  0.54923E+00  0.19667E-05
 0.23404E+00  0.54923E+00  0.20193E-05
 0.27131E+00  0.54923E+00  0.20043E-05
 0.31210E+00  0.54923E+00  0.18998E-05
 0.35601E+00  0.54923E+00  0.17047E-05
 0.40249E+00  0.54923E+00  0.14281E-05
 0.45077E+00  0.54923E+00  0.10973E-05
 0.50000E+00  0.54923E+00  0.83818E-06
 0.54923E+00  0.54923E+00  0.68477E-06
 0.59751E+00  0.54923E+00  0.67950E-06
 0.64399E+00  0.54923E+00  0.68699E-06
 0.68790E+00  0.54923E+00  0.76628E-06
 0.72869E+00  0.54923E+00  0.85293E-06
 0.76596E+00  0.54923E+00  0.95125E-06
 0.79953E+00  0.54923E+00  0.10631E-05
 0.82937E+00  0.54923E+00  0.11363E-05
 0.85557E+00  0.54923E+00  0.11601E-05
 0.87834E+00  0.54923E+00  0.11886E-05
 0.89796E+00  0.54923E+00  0.12389E-05
 0.91472E+00  0.54923E+00  0.12834E-05
 0.92895E+00  0.54923E+00  0.13139E-05
 0.94096E+00  0.54923E+00  0.13472E-05
 0.95105E+00  0.54923E+00  0.13778E-05
 0.95949E+00  0.54923E+00  0.14070E-05
 0.96653E+00  0.54923E+00  0.14299E-05
 0.97238E+00  0.54923E+00  0.14418E-05
 0.97724E+00  0.54923E+00  0.14472E-05
 0.98126E+00  0.54923E+00  0.14515E-05
 0.98458E+00  0.54923E+00  0.14511E-05
 0.98732E+00  0.54923E+00  0.14420E-05
 0.98958E+00  0.54923E+00  0.14248E-05
 0.99145E+00  0.54923E+00  0.13956E-05
 0.99298E+00  0.54923E+00  0.13310E-05
 0.99424E+00  0.54923E+00  0.12426E-05
 0.99528E+00  0.54923E+00  0.11889E-05
 0.99613E+00  0.54923E+00  0.12537E-05
 0.99683E+00  0.54923E+00  0.12695E-05
 0.99741E+00  0.54923E+00  0.12792E-05
 0.99788E+00  0.54923E+00  0.13053E-05
 0.99827E+00  0.54923E+00  0.13441E-05
 0.99859E+00  0.54923E+00  0.13819E-05
 0.99885E+00  0.54923E+00  0.14044E-05
 0.99906E+00  0.54923E+00  0.14007E-05
 0.99924E+00  0.54923E+00  0.13696E-05
 0.99938E+00  0.54923E+00  0.13258E-05
 0.99950E+00  0.54923E+00  0.12850E-05
 0.99960E+00  0.54923E+00  0.12536E-05
 0.99968E+00  0.54923E+00  0.12315E-05
 0.99975E+00  0.54923E+00  0.12166E-05
 0.99980E+00  0.54923E+00  0.12068E-05
 0.99984E+00  0.54923E+00  0.12005E-05
 0.99988E+00  0.54923E+00  0.11965E-05
 0.99991E+00  0.54923E+00  0.11940E-05
 0.99993E+00  0.54923E+00  0.11926E-05
 0.99995E+00  0.54923E+00  0.11917E-05
 0.99997E+00  0.54923E+00  0.11912E-05
 0.99998E+00  0.54923E+00  0.11910E-05
 0.10000E+01  0.54923E+00  0.11909E-05
 0.10000E+01  0.54923E+00  0.00000E+00
 0.00000E+00  0.59751E+00  0.00000E+00
 0.49709E-05  0.59751E+00  0.26861E-05
 0.16001E-04  0.59751E+00  0.26862E-05
 0.29447E-04  0.59751E+00  0.26867E-05
 0.45836E-04  0.59751E+00  0.26875E-05
 0.65814E-04  0.59751E+00  0.26889E-05
 0.90165E-04  0.59751E+00  0.26911E-05
 0.11985E-03  0.59751E+00  0.26943E-05
 0.15603E-03  0.59751E+00  0.26986E-05
 0.20013E-03  0.59751E+00  0.27041E-05
 0.25388E-03  0.59751E+00  0.27107E-05
 0.31939E-03  0.59751E+00  0.27177E-05
 0.39924E-03  0.59751E+00  0.27236E-05
 0.49656E-03  0.59751E+00  0.27252E-05
 0.61516E-03  0.59751E+00  0.27165E-05
 0.75970E-03  0.59751E+00  0.26869E-05
 0.93583E-03  0.59751E+00  0.26198E-05
 0.11504E-02  0.59751E+00  0.24998E-05
 0.14119E-02  0.59751E+00  0.23399E-05
 0.17305E-02  0.59751E+00  0.22132E-05
 0.21186E-02  0.59751E+00  0.22150E-05
 0.25912E-02  0.59751E+00  0.23038E-05
 0.31667E-02  0.59751E+00  0.24073E-05
 0.38673E-02  0.59751E+00  0.24770E-05
 0.47200E-02  0.59751E+00  0.25018E-05
 0.57574E-02  0.59751E+00  0.24984E-05
 0.70191E-02  0.59751E+00  0.24898E-05
 0.85527E-02  0.59751E+00  0.25019E-05
 0.10416E-01  0.59751E+00  0.25968E-05
 0.12677E-01  0.59751E+00  0.25385E-05
 0.15420E-01  0.59751E+00  0.25058E-05
 0.18742E-01  0.59751E+00  0.24877E-05
 0.22762E-01  0.59751E+00  0.24706E-05
 0.27617E-01  0.59751E+00  0.24482E-05
 0.33469E-01  0.59751E+00  0.24302E-05
 0.40509E-01  0.59751E+00  0.24275E-05
 0.48950E-01  0.59751E+00  0.24430E-05
 0.59040E-01  0.59751E+00  0.24849E-05
 0.71052E-01  0.59751E+00  0.25554E-05
 0.85282E-01  0.59751E+00  0.26185E-05
 0.10204E+00  0.59751E+00  0.26681E-05
 0.12166E+00  0.59751E+00  0.27206E-05
 0.14443E+00  0.59751E+00  0.27879E-05
 0.17063E+00  0.59751E+00  0.28613E-05
 0.20047E+00  0.59751E+00  0.29387E-05
 0.23404E+00  0.59751E+00  0.29887E-05
 0.27131E+00  0.59751E+00  0.29717E-05
 0.31210E+00  0.59751E+00  0.28692E-05
 0.35601E+00  0.59751E+00  0.26741E-05
 0.40249E+00  0.59751E+00  0.23923E-05
 0.45077E+00  0.59751E+00  0.21376E-05
 0.50000E+00  0.59751E+00  0.19480E-05
 0.54923E+00  0.59751E+00  0.18561E-05
 0.59751E+00  0.59751E+00  0.18712E-05
 0.64399E+00  0.59751E+00  0.19945E-05
 0.68790E+00  0.59751E+00  0.20373E-05
 0.72869E+00  0.59751E+00  0.20982E-05
 0.76596E+00  0.59751E+00  0.21667E-05
 0.79953E+00  0.59751E+00  0.22455E-05
 0.82937E+00  0.59751E+00  0.22785E-05
 0.85557E+00  0.59751E+00  0.22733E-05
 0.87834E+00  0.59751E+00  0.22899E-05
 0.89796E+00  0.59751E+00  0.23304E-05
 0.91472E+00  0.59751E+00  0.23514E-05
 0.92895E+00  0.59751E+00  0.23760E-05
 0.94096E+00  0.59751E+00  0.24021E-05
 0.95105E+00  0.59751E+00  0.24250E-05
 0.95949E+00  0.59751E+00  0.24515E-05
 0.96653E+00  0.59751E+00  0.24759E-05
 0.97238E+00  0.59751E+00  0.24922E-05
 0.97724E+00  0.59751E+00  0.25046E-05
 0.98126E+00  0.59751E+00  0.25147E-05
 0.98458E+00  0.59751E+00  0.25177E-05
 0.98732E+00  0.59751E+00  0.25076E-05
 0.98958E+00  0.59751E+00  0.24854E-05
 0.99145E+00  0.59751E+00  0.24505E-05
 0.99298E+00  0.59751E+00  0.23829E-05
 0.99424E+00  0.59751E+00  0.22957E-05
 0.99528E+00  0.59751E+00  0.22425E-05
 0.99613E+00  0.59751E+00  0.23442E-05
 0.99683E+00  0.59751E+00  0.23665E-05
 0.99741E+00  0.59751E+00  0.23546E-05
 0.99788E+00  0.59751E+00  0.23438E-05
 0.99827E+00  0.59751E+00  0.23431E-05
 0.99859E+00  0.59751E+00  0.23475E-05
 0.99885E+00  0.59751E+00  0.23474E-05
 0.99906E+00  0.59751E+00  0.23321E-05
 0.99924E+00  0.59751E+00  0.22960E-05
 0.99938E+00  0.59751E+00  0.22464E-05
 0.99950E+00  0.59751E+00  0.21972E-05
 0.99960E+00  0.59751E+00  0.21562E-05
 0.99968E+00  0.59751E+00  0.21252E-05
 0.99975E+00  0.59751E+00  0.21030E-05
 0.99980E+00  0.59751E+00  0.20875E-05
 0.99984E+00  0.59751E+00  0.20769E-05
 0.99988E+00  0.59751E+00  0.20699E-05
 0.99991E+00  0.59751E+00  0.20653E-05
 0.99993E+00  0.59751E+00  0.20624E-05
 0.99995E+00  0.59751E+00  0.20606E-05
 0.99997E+00  0.59751E+00  0.20596E-05
 0.99998E+00  0.59751E+00  0.20591E-05
 0.10000E+01  0.59751E+00  0.20590E-05
 0.10000E+01  0.59751E+00  0.00000E+00
 0.00000E+00  0.64399E+00  0.00000E+00
 0.49709E-05  0.64399E+00  0.39577E-05
 0.16001E-04  0.64399E+00  0.39580E-05
 0.29447E-04  0.64399E+00  0.39588E-05
 0.45836E-04  0.64399E+00  0.39605E-05
 0.65814E-04  0.64399E+00  0.39632E-05
 0.90165E-04  0.64399E+00  0.39675E-05
 0.11985E-03  0.64399E+00  0.39739E-05
 0.15603E-03  0.64399E+00  0.39828E-05
 0.20013E-03  0.64399E+00  0.39948E-05
 0.25388E-03  0.64399E+00  0.40102E-05
 0.31939E-03  0.64399E+00  0.40287E-05
 0.39924E-03  0.64399E+00  0.40496E-05
 0.49656E-03  0.64399E+00  0.40705E-05
 0.61516E-03  0.64399E+00  0.40865E-05
 0.75970E-03  0.64399E+00  0.40876E-05
 0.93583E-03  0.64399E+00  0.40564E-05
 0.11504E-02  0.64399E+00  0.39687E-05
 0.14119E-02  0.64399E+00  0.38125E-05
 0.17305E-02  0.64399E+00  0.36435E-05
 0.21186E-02  0.64399E+00  0.35994E-05
 0.25912E-02  0.64399E+00  0.36724E-05
 0.31667E-02  0.64399E+00  0.37811E-05
 0.38673E-02  0.64399E+00  0.38697E-05
 0.47200E-02  0.64399E+00  0.39189E-05
 0.57574E-02  0.64399E+00  0.39364E-05
 0.70191E-02  0.64399E+00  0.39378E-05
 0.85527E-02  0.64399E+00  0.39427E-05
 0.10416E-01  0.64399E+00  0.39822E-05
 0.12677E-01  0.64399E+00  0.39536E-05
 0.15420E-01  0.64399E+00  0.39325E-05
 0.18742E-01  0.64399E+00  0.39223E-05
 0.22762E-01  0.64399E+00  0.39072E-05
 0.27617E-01  0.64399E+00  0.38832E-05
 0.33469E-01  0.64399E+00  0.38642E-05
 0.40509E-01  0.64399E+00  0.38620E-05
 0.48950E-01  0.64399E+00  0.38828E-05
 0.59040E-01  0.64399E+00  0.39382E-05
 0.71052E-01  0.64399E+00  0.40131E-05
 0.85282E-01  0.64399E+00  0.40790E-05
 0.10204E+00  0.64399E+00  0.41396E-05
 0.12166E+00  0.64399E+00  0.42131E-05
 0.14443E+00  0.64399E+00  0.43023E-05
 0.17063E+00  0.64399E+00  0.43973E-05
 0.20047E+00  0.64399E+00  0.44964E-05
 0.23404E+00  0.64399E+00  0.45701E-05
 0.27131E+00  0.64399E+00  0.45795E-05
 0.31210E+00  0.64399E+00  0.44910E-05
 0.35601E+00  0.64399E+00  0.42859E-05
 0.40249E+00  0.64399E+00  0.40652E-05
 0.45077E+00  0.64399E+00  0.38580E-05
 0.50000E+00  0.64399E+00  0.37034E-05
 0.54923E+00  0.64399E+00  0.36393E-05
 0.59751E+00  0.64399E+00  0.36676E-05
 0.64399E+00  0.64399E+00  0.37318E-05
 0.68790E+00  0.64399E+00  0.38266E-05
 0.72869E+00  0.64399E+00  0.38062E-05
 0.76596E+00  0.64399E+00  0.38344E-05
 0.79953E+00  0.64399E+00  0.38681E-05
 0.82937E+00  0.64399E+00  0.38504E-05
 0.85557E+00  0.64399E+00  0.38139E-05
 0.87834E+00  0.64399E+00  0.38110E-05
 0.89796E+00  0.64399E+00  0.38319E-05
 0.91472E+00  0.64399E+00  0.38391E-05
 0.92895E+00  0.64399E+00  0.38642E-05
 0.94096E+00  0.64399E+00  0.38855E-05
 0.95105E+00  0.64399E+00  0.39057E-05
 0.95949E+00  0.64399E+00  0.39342E-05
 0.96653E+00  0.64399E+00  0.39638E-05
 0.97238E+00  0.64399E+00  0.39877E-05
 0.97724E+00  0.64399E+00  0.40085E-05
 0.98126E+00  0.64399E+00  0.40250E-05
 0.98458E+00  0.64399E+00  0.40314E-05
 0.98732E+00  0.64399E+00  0.40206E-05
 0.98958E+00  0.64399E+00  0.39962E-05
 0.99145E+00  0.64399E+00  0.39566E-05
 0.99298E+00  0.64399E+00  0.38913E-05
 0.99424E+00  0.64399E+00  0.38208E-05
 0.99528E+00  0.64399E+00  0.37865E-05
 0.99613E+00  0.64399E+00  0.38092E-05
 0.99683E+00  0.64399E+00  0.38572E-05
 0.99741E+00  0.64399E+00  0.38424E-05
 0.99788E+00  0.64399E+00  0.38024E-05
 0.99827E+00  0.64399E+00  0.37604E-05
 0.99859E+00  0.64399E+00  0.37228E-05
 0.99885E+00  0.64399E+00  0.36867E-05
 0.99906E+00  0.64399E+00  0.36444E-05
 0.99924E+00  0.64399E+00  0.35891E-05
 0.99938E+00  0.64399E+00  0.35231E-05
 0.99950E+00  0.64399E+00  0.34583E-05
 0.99960E+00  0.64399E+00  0.34025E-05
 0.99968E+00  0.64399E+00  0.33584E-05
 0.99975E+00  0.64399E+00  0.33253E-05
 0.99980E+00  0.64399E+00  0.33013E-05
 0.99984E+00  0.64399E+00  0.32844E-05
 0.99988E+00  0.64399E+00  0.32728E-05
 0.99991E+00  0.64399E+00  0.32651E-05
 0.99993E+00  0.64399E+00  0.32601E-05
 0.99995E+00  0.64399E+00  0.32571E-05
 0.99997E+00  0.64399E+00  0.32553E-05
 0.99998E+00  0.64399E+00  0.32544E-05
 0.10000E+01  0.64399E+00  0.32541E-05
 0.10000E+01  0.64399E+00  0.00000E+00
 0.00000E+00  0.68790E+00  0.00000E+00
 0.49709E-05  0.68790E+00  0.52261E-05
 0.16001E-04  0.68790E+00  0.52267E-05
 0.29447E-04  0.68790E+00  0.52280E-05
 0.45836E-04  0.68790E+00  0.52306E-05
 0.65814E-04  0.68790E+00  0.52350E-05
 0.90165E-04  0.68790E+00  0.52419E-05
 0.11985E-03  0.68790E+00  0.52523E-05
 0.15603E-03  0.68790E+00  0.52671E-05
 0.20013E-03  0.68790E+00  0.52874E-05
 0.25388E-03  0.68790E+00  0.53140E-05
 0.31939E-03  0.68790E+00  0.53475E-05
 0.39924E-03  0.68790E+00  0.53876E-05
 0.49656E-03  0.68790E+00  0.54328E-05
 0.61516E-03  0.68790E+00  0.54792E-05
 0.75970E-03  0.68790E+00  0.55184E-05
 0.93583E-03  0.68790E+00  0.55345E-05
 0.11504E-02  0.68790E+00  0.55003E-05
 0.14119E-02  0.68790E+00  0.53858E-05
 0.17305E-02  0.68790E+00  0.52037E-05
 0.21186E-02  0.68790E+00  0.50794E-05
 0.25912E-02  0.68790E+00  0.51121E-05
 0.31667E-02  0.68790E+00  0.52104E-05
 0.38673E-02  0.68790E+00  0.53042E-05
 0.47200E-02  0.68790E+00  0.53720E-05
 0.57574E-02  0.68790E+00  0.54112E-05
 0.70191E-02  0.68790E+00  0.54253E-05
 0.85527E-02  0.68790E+00  0.54240E-05
 0.10416E-01  0.68790E+00  0.54106E-05
 0.12677E-01  0.68790E+00  0.54868E-05
 0.15420E-01  0.68790E+00  0.54416E-05
 0.18742E-01  0.68790E+00  0.54292E-05
 0.22762E-01  0.68790E+00  0.54106E-05
 0.27617E-01  0.68790E+00  0.53827E-05
 0.33469E-01  0.68790E+00  0.53623E-05
 0.40509E-01  0.68790E+00  0.53626E-05
 0.48950E-01  0.68790E+00  0.53954E-05
 0.59040E-01  0.68790E+00  0.54687E-05
 0.71052E-01  0.68790E+00  0.55525E-05
 0.85282E-01  0.68790E+00  0.56327E-05
 0.10204E+00  0.68790E+00  0.57202E-05
 0.12166E+00  0.68790E+00  0.58303E-05
 0.14443E+00  0.68790E+00  0.59570E-05
 0.17063E+00  0.68790E+00  0.60908E-05
 0.20047E+00  0.68790E+00  0.62310E-05
 0.23404E+00  0.68790E+00  0.63463E-05
 0.27131E+00  0.68790E+00  0.63797E-05
 0.31210E+00  0.68790E+00  0.62729E-05
 0.35601E+00  0.68790E+00  0.61102E-05
 0.40249E+00  0.68790E+00  0.59136E-05
 0.45077E+00  0.68790E+00  0.57153E-05
 0.50000E+00  0.68790E+00  0.55601E-05
 0.54923E+00  0.68790E+00  0.54857E-05
 0.59751E+00  0.68790E+00  0.54737E-05
 0.64399E+00  0.68790E+00  0.54618E-05
 0.68790E+00  0.68790E+00  0.54411E-05
 0.72869E+00  0.68790E+00  0.54905E-05
 0.76596E+00  0.68790E+00  0.54574E-05
 0.79953E+00  0.68790E+00  0.54392E-05
 0.82937E+00  0.68790E+00  0.53701E-05
 0.85557E+00  0.68790E+00  0.53040E-05
 0.87834E+00  0.68790E+00  0.52734E-05
 0.89796E+00  0.68790E+00  0.52719E-05
 0.91472E+00  0.68790E+00  0.52820E-05
 0.92895E+00  0.68790E+00  0.53118E-05
 0.94096E+00  0.68790E+00  0.53340E-05
 0.95105E+00  0.68790E+00  0.53599E-05
 0.95949E+00  0.68790E+00  0.53969E-05
 0.96653E+00  0.68790E+00  0.54359E-05
 0.97238E+00  0.68790E+00  0.54704E-05
 0.97724E+00  0.68790E+00  0.54999E-05
 0.98126E+00  0.68790E+00  0.55224E-05
 0.98458E+00  0.68790E+00  0.55304E-05
 0.98732E+00  0.68790E+00  0.55165E-05
 0.98958E+00  0.68790E+00  0.54874E-05
 0.99145E+00  0.68790E+00  0.54424E-05
 0.99298E+00  0.68790E+00  0.53748E-05
 0.99424E+00  0.68790E+00  0.53082E-05
 0.99528E+00  0.68790E+00  0.52747E-05
 0.99613E+00  0.68790E+00  0.52899E-05
 0.99683E+00  0.68790E+00  0.53611E-05
 0.99741E+00  0.68790E+00  0.53478E-05
 0.99788E+00  0.68790E+00  0.52857E-05
 0.99827E+00  0.68790E+00  0.52060E-05
 0.99859E+00  0.68790E+00  0.51241E-05
 0.99885E+00  0.68790E+00  0.50447E-05
 0.99906E+00  0.68790E+00  0.49652E-05
 0.99924E+00  0.68790E+00  0.48804E-05
 0.99938E+00  0.68790E+00  0.47904E-05
 0.99950E+00  0.68790E+00  0.47036E-05
 0.99960E+00  0.68790E+00  0.46280E-05
 0.99968E+00  0.68790E+00  0.45668E-05
 0.99975E+00  0.68790E+00  0.45197E-05
 0.99980E+00  0.68790E+00  0.44850E-05
 0.99984E+00  0.68790E+00  0.44601E-05
 0.99988E+00  0.68790E+00  0.44428E-05
 0.99991E+00  0.68790E+00  0.44312E-05
 0.99993E+00  0.68790E+00  0.44236E-05
 0.99995E+00  0.68790E+00  0.44189E-05
 0.99997E+00  0.68790E+00  0.44162E-05
 0.99998E+00  0.68790E+00  0.44149E-05
 0.10000E+01  0.68790E+00  0.44143E-05
 0.10000E+01  0.68790E+00  0.00000E+00
 0.00000E+00  0.72869E+00  0.00000E+00
 0.49709E-05  0.72869E+00  0.63393E-05
 0.16001E-04  0.72869E+00  0.63400E-05
 0.29447E-04  0.72869E+00  0.63418E-05
 0.45836E-04  0.72869E+00  0.63453E-05
 0.65814E-04  0.72869E+00  0.63513E-05
 0.90165E-04  0.72869E+00  0.63607E-05
 0.11985E-03  0.72869E+00  0.63748E-05
 0.15603E-03  0.72869E+00  0.63949E-05
 0.20013E-03  0.72869E+00  0.64225E-05
 0.25388E-03  0.72869E+00  0.64589E-05
 0.31939E-03  0.72869E+00  0.65048E-05
 0.39924E-03  0.72869E+00  0.65604E-05
 0.49656E-03  0.72869E+00  0.66246E-05
 0.61516E-03  0.72869E+00  0.66943E-05
 0.75970E-03  0.72869E+00  0.67632E-05
 0.93583E-03  0.72869E+00  0.68183E-05
 0.11504E-02  0.72869E+00  0.68352E-05
 0.14119E-02  0.72869E+00  0.67791E-05
 0.17305E-02  0.72869E+00  0.66300E-05
 0.21186E-02  0.72869E+00  0.64644E-05
 0.25912E-02  0.72869E+00  0.64570E-05
 0.31667E-02  0.72869E+00  0.65330E-05
 0.38673E-02  0.72869E+00  0.66193E-05
 0.47200E-02  0.72869E+00  0.66939E-05
 0.57574E-02  0.72869E+00  0.67535E-05
 0.70191E-02  0.72869E+00  0.67888E-05
 0.85527E-02  0.72869E+00  0.68079E-05
 0.10416E-01  0.72869E+00  0.68189E-05
 0.12677E-01  0.72869E+00  0.68153E-05
 0.15420E-01  0.72869E+00  0.67987E-05
 0.18742E-01  0.72869E+00  0.67990E-05
 0.22762E-01  0.72869E+00  0.67808E-05
 0.27617E-01  0.72869E+00  0.67511E-05
 0.33469E-01  0.72869E+00  0.67318E-05
 0.40509E-01  0.72869E+00  0.67390E-05
 0.48950E-01  0.72869E+00  0.67896E-05
 0.59040E-01  0.72869E+00  0.68822E-05
 0.71052E-01  0.72869E+00  0.69850E-05
 0.85282E-01  0.72869E+00  0.70950E-05
 0.10204E+00  0.72869E+00  0.72272E-05
 0.12166E+00  0.72869E+00  0.73889E-05
 0.14443E+00  0.72869E+00  0.75656E-05
 0.17063E+00  0.72869E+00  0.77465E-05
 0.20047E+00  0.72869E+00  0.79292E-05
 0.23404E+00  0.72869E+00  0.80715E-05
 0.27131E+00  0.72869E+00  0.80747E-05
 0.31210E+00  0.72869E+00  0.79885E-05
 0.35601E+00  0.72869E+00  0.78251E-05
 0.40249E+00  0.72869E+00  0.76121E-05
 0.45077E+00  0.72869E+00  0.73894E-05
 0.50000E+00  0.72869E+00  0.72033E-05
 0.54923E+00  0.72869E+00  0.70757E-05
 0.59751E+00  0.72869E+00  0.69627E-05
 0.64399E+00  0.72869E+00  0.68414E-05
 0.68790E+00  0.72869E+00  0.67589E-05
 0.72869E+00  0.72869E+00  0.67304E-05
 0.76596E+00  0.72869E+00  0.68024E-05
 0.79953E+00  0.72869E+00  0.67294E-05
 0.82937E+00  0.72869E+00  0.66128E-05
 0.85557E+00  0.72869E+00  0.65102E-05
 0.87834E+00  0.72869E+00  0.64445E-05
 0.89796E+00  0.72869E+00  0.64244E-05
 0.91472E+00  0.72869E+00  0.64483E-05
 0.92895E+00  0.72869E+00  0.64841E-05
 0.94096E+00  0.72869E+00  0.65160E-05
 0.95105E+00  0.72869E+00  0.65562E-05
 0.95949E+00  0.72869E+00  0.66062E-05
 0.96653E+00  0.72869E+00  0.66575E-05
 0.97238E+00  0.72869E+00  0.67038E-05
 0.97724E+00  0.72869E+00  0.67424E-05
 0.98126E+00  0.72869E+00  0.67713E-05
 0.98458E+00  0.72869E+00  0.67821E-05
 0.98732E+00  0.72869E+00  0.67688E-05
 0.98958E+00  0.72869E+00  0.67321E-05
 0.99145E+00  0.72869E+00  0.66782E-05
 0.99298E+00  0.72869E+00  0.66049E-05
 0.99424E+00  0.72869E+00  0.65409E-05
 0.99528E+00  0.72869E+00  0.65137E-05
 0.99613E+00  0.72869E+00  0.65294E-05
 0.99683E+00  0.72869E+00  0.65756E-05
 0.99741E+00  0.72869E+00  0.65762E-05
 0.99788E+00  0.72869E+00  0.65111E-05
 0.99827E+00  0.72869E+00  0.64094E-05
 0.99859E+00  0.72869E+00  0.62942E-05
 0.99885E+00  0.72869E+00  0.61778E-05
 0.99906E+00  0.72869E+00  0.60637E-05
 0.99924E+00  0.72869E+00  0.59502E-05
 0.99938E+00  0.72869E+00  0.58371E-05
 0.99950E+00  0.72869E+00  0.57304E-05
 0.99960E+00  0.72869E+00  0.56375E-05
 0.99968E+00  0.72869E+00  0.55616E-05
 0.99975E+00  0.72869E+00  0.55025E-05
 0.99980E+00  0.72869E+00  0.54584E-05
 0.99984E+00  0.72869E+00  0.54264E-05
 0.99988E+00  0.72869E+00  0.54040E-05
 0.99991E+00  0.72869E+00  0.53888E-05
 0.99993E+00  0.72869E+00  0.53789E-05
 0.99995E+00  0.72869E+00  0.53728E-05
 0.99997E+00  0.72869E+00  0.53692E-05
 0.99998E+00  0.72869E+00  0.53674E-05
 0.10000E+01  0.72869E+00  0.53667E-05
 0.10000E+01  0.72869E+00  0.00000E+00
 0.00000E+00  0.76596E+00  0.00000E+00
 0.49709E-05  0.76596E+00  0.80589E-05
 0.16001E-04  0.76596E+00  0.80599E-05
 0.29447E-04  0.76596E+00  0.80623E-05
 0.45836E-04  0.76596E+00  0.80671E-05
 0.65814E-04  0.76596E+00  0.80751E-05
 0.90165E-04  0.76596E+00  0.80878E-05
 0.11985E-03  0.76596E+00  0.81068E-05
 0.15603E-03  0.76596E+00  0.81340E-05
 0.20013E-03  0.76596E+00  0.81713E-05
 0.25388E-03  0.76596E+00  0.82207E-05
 0.31939E-03  0.76596E+00  0.82835E-05
 0.39924E-03  0.76596E+00  0.83604E-05
 0.49656E-03  0.76596E+00  0.84508E-05
 0.61516E-03  0.76596E+00  0.85527E-05
 0.75970E-03  0.76596E+00  0.86617E-05
 0.93583E-03  0.76596E+00  0.87678E-05
 0.11504E-02  0.76596E+00  0.88512E-05
 0.14119E-02  0.76596E+00  0.88783E-05
 0.17305E-02  0.76596E+00  0.88161E-05
 0.21186E-02  0.76596E+00  0.86941E-05
 0.25912E-02  0.76596E+00  0.86864E-05
 0.31667E-02  0.76596E+00  0.87504E-05
 0.38673E-02  0.76596E+00  0.88176E-05
 0.47200E-02  0.76596E+00  0.88837E-05
 0.57574E-02  0.76596E+00  0.89466E-05
 0.70191E-02  0.76596E+00  0.89907E-05
 0.85527E-02  0.76596E+00  0.90129E-05
 0.10416E-01  0.76596E+00  0.90208E-05
 0.12677E-01  0.76596E+00  0.89946E-05
 0.15420E-01  0.76596E+00  0.90739E-05
 0.18742E-01  0.76596E+00  0.90460E-05
 0.22762E-01  0.76596E+00  0.90124E-05
 0.27617E-01  0.76596E+00  0.89765E-05
 0.33469E-01  0.76596E+00  0.89612E-05
 0.40509E-01  0.76596E+00  0.89835E-05
 0.48950E-01  0.76596E+00  0.90573E-05
 0.59040E-01  0.76596E+00  0.91728E-05
 0.71052E-01  0.76596E+00  0.93040E-05
 0.85282E-01  0.76596E+00  0.94565E-05
 0.10204E+00  0.76596E+00  0.96442E-05
 0.12166E+00  0.76596E+00  0.98624E-05
 0.14443E+00  0.76596E+00  0.10086E-04
 0.17063E+00  0.76596E+00  0.10301E-04
 0.20047E+00  0.76596E+00  0.10504E-04
 0.23404E+00  0.76596E+00  0.10600E-04
 0.27131E+00  0.76596E+00  0.10603E-04
 0.31210E+00  0.76596E+00  0.10492E-04
 0.35601E+00  0.76596E+00  0.10291E-04
 0.40249E+00  0.76596E+00  0.10038E-04
 0.45077E+00  0.76596E+00  0.97738E-05
 0.50000E+00  0.76596E+00  0.95329E-05
 0.54923E+00  0.76596E+00  0.92926E-05
 0.59751E+00  0.76596E+00  0.90225E-05
 0.64399E+00  0.76596E+00  0.87941E-05
 0.68790E+00  0.76596E+00  0.86729E-05
 0.72869E+00  0.76596E+00  0.86274E-05
 0.76596E+00  0.76596E+00  0.86231E-05
 0.79953E+00  0.76596E+00  0.86638E-05
 0.82937E+00  0.76596E+00  0.85161E-05
 0.85557E+00  0.76596E+00  0.83518E-05
 0.87834E+00  0.76596E+00  0.82524E-05
 0.89796E+00  0.76596E+00  0.82084E-05
 0.91472E+00  0.76596E+00  0.82393E-05
 0.92895E+00  0.76596E+00  0.82820E-05
 0.94096E+00  0.76596E+00  0.83316E-05
 0.95105E+00  0.76596E+00  0.83890E-05
 0.95949E+00  0.76596E+00  0.84517E-05
 0.96653E+00  0.76596E+00  0.85150E-05
 0.97238E+00  0.76596E+00  0.85713E-05
 0.97724E+00  0.76596E+00  0.86181E-05
 0.98126E+00  0.76596E+00  0.86526E-05
 0.98458E+00  0.76596E+00  0.86638E-05
 0.98732E+00  0.76596E+00  0.86494E-05
 0.98958E+00  0.76596E+00  0.86073E-05
 0.99145E+00  0.76596E+00  0.85419E-05
 0.99298E+00  0.76596E+00  0.84574E-05
 0.99424E+00  0.76596E+00  0.83869E-05
 0.99528E+00  0.76596E+00  0.83562E-05
 0.99613E+00  0.76596E+00  0.83684E-05
 0.99683E+00  0.76596E+00  0.84115E-05
 0.99741E+00  0.76596E+00  0.84283E-05
 0.99788E+00  0.76596E+00  0.83612E-05
 0.99827E+00  0.76596E+00  0.82349E-05
 0.99859E+00  0.76596E+00  0.80776E-05
 0.99885E+00  0.76596E+00  0.79100E-05
 0.99906E+00  0.76596E+00  0.77437E-05
 0.99924E+00  0.76596E+00  0.75827E-05
 0.99938E+00  0.76596E+00  0.74298E-05
 0.99950E+00  0.76596E+00  0.72903E-05
 0.99960E+00  0.76596E+00  0.71705E-05
 0.99968E+00  0.76596E+00  0.70731E-05
 0.99975E+00  0.76596E+00  0.69972E-05
 0.99980E+00  0.76596E+00  0.69403E-05
 0.99984E+00  0.76596E+00  0.68989E-05
 0.99988E+00  0.76596E+00  0.68698E-05
 0.99991E+00  0.76596E+00  0.68499E-05
 0.99993E+00  0.76596E+00  0.68370E-05
 0.99995E+00  0.76596E+00  0.68289E-05
 0.99997E+00  0.76596E+00  0.68243E-05
 0.99998E+00  0.76596E+00  0.68219E-05
 0.10000E+01  0.76596E+00  0.68209E-05
 0.10000E+01  0.76596E+00  0.00000E+00
 0.00000E+00  0.79953E+00  0.00000E+00
 0.49709E-05  0.79953E+00  0.97925E-05
 0.16001E-04  0.79953E+00  0.97937E-05
 0.29447E-04  0.79953E+00  0.97968E-05
 0.45836E-04  0.79953E+00  0.98029E-05
 0.65814E-04  0.79953E+00  0.98132E-05
 0.90165E-04  0.79953E+00  0.98296E-05
 0.11985E-03  0.79953E+00  0.98541E-05
 0.15603E-03  0.79953E+00  0.98895E-05
 0.20013E-03  0.79953E+00  0.99384E-05
 0.25388E-03  0.79953E+00  0.10004E-04
 0.31939E-03  0.79953E+00  0.10088E-04
 0.39924E-03  0.79953E+00  0.10192E-04
 0.49656E-03  0.79953E+00  0.10316E-04
 0.61516E-03  0.79953E+00  0.10460E-04
 0.75970E-03  0.79953E+00  0.10620E-04
 0.93583E-03  0.79953E+00  0.10788E-04
 0.11504E-02  0.79953E+00  0.10948E-04
 0.14119E-02  0.79953E+00  0.11068E-04
 0.17305E-02  0.79953E+00  0.11110E-04
 0.21186E-02  0.79953E+00  0.11064E-04
 0.25912E-02  0.79953E+00  0.11024E-04
 0.31667E-02  0.79953E+00  0.11083E-04
 0.38673E-02  0.79953E+00  0.11142E-04
 0.47200E-02  0.79953E+00  0.11194E-04
 0.57574E-02  0.79953E+00  0.11252E-04
 0.70191E-02  0.79953E+00  0.11299E-04
 0.85527E-02  0.79953E+00  0.11326E-04
 0.10416E-01  0.79953E+00  0.11346E-04
 0.12677E-01  0.79953E+00  0.11372E-04
 0.15420E-01  0.79953E+00  0.11370E-04
 0.18742E-01  0.79953E+00  0.11359E-04
 0.22762E-01  0.79953E+00  0.11328E-04
 0.27617E-01  0.79953E+00  0.11295E-04
 0.33469E-01  0.79953E+00  0.11293E-04
 0.40509E-01  0.79953E+00  0.11338E-04
 0.48950E-01  0.79953E+00  0.11436E-04
 0.59040E-01  0.79953E+00  0.11574E-04
 0.71052E-01  0.79953E+00  0.11735E-04
 0.85282E-01  0.79953E+00  0.11932E-04
 0.10204E+00  0.79953E+00  0.12170E-04
 0.12166E+00  0.79953E+00  0.12433E-04
 0.14443E+00  0.79953E+00  0.12686E-04
 0.17063E+00  0.79953E+00  0.12910E-04
 0.20047E+00  0.79953E+00  0.13047E-04
 0.23404E+00  0.79953E+00  0.13127E-04
 0.27131E+00  0.79953E+00  0.13094E-04
 0.31210E+00  0.79953E+00  0.12937E-04
 0.35601E+00  0.79953E+00  0.12693E-04
 0.40249E+00  0.79953E+00  0.12406E-04
 0.45077E+00  0.79953E+00  0.12104E-04
 0.50000E+00  0.79953E+00  0.11769E-04
 0.54923E+00  0.79953E+00  0.11345E-04
 0.59751E+00  0.79953E+00  0.10913E-04
 0.64399E+00  0.79953E+00  0.10631E-04
 0.68790E+00  0.79953E+00  0.10509E-04
 0.72869E+00  0.79953E+00  0.10470E-04
 0.76596E+00  0.79953E+00  0.10466E-04
 0.79953E+00  0.79953E+00  0.10391E-04
 0.82937E+00  0.79953E+00  0.10429E-04
 0.85557E+00  0.79953E+00  0.10187E-04
 0.87834E+00  0.79953E+00  0.10041E-04
 0.89796E+00  0.79953E+00  0.99970E-05
 0.91472E+00  0.79953E+00  0.10029E-04
 0.92895E+00  0.79953E+00  0.10087E-04
 0.94096E+00  0.79953E+00  0.10161E-04
 0.95105E+00  0.79953E+00  0.10234E-04
 0.95949E+00  0.79953E+00  0.10308E-04
 0.96653E+00  0.79953E+00  0.10382E-04
 0.97238E+00  0.79953E+00  0.10448E-04
 0.97724E+00  0.79953E+00  0.10505E-04
 0.98126E+00  0.79953E+00  0.10549E-04
 0.98458E+00  0.79953E+00  0.10570E-04
 0.98732E+00  0.79953E+00  0.10552E-04
 0.98958E+00  0.79953E+00  0.10504E-04
 0.99145E+00  0.79953E+00  0.10428E-04
 0.99298E+00  0.79953E+00  0.10334E-04
 0.99424E+00  0.79953E+00  0.10259E-04
 0.99528E+00  0.79953E+00  0.10228E-04
 0.99613E+00  0.79953E+00  0.10243E-04
 0.99683E+00  0.79953E+00  0.10286E-04
 0.99741E+00  0.79953E+00  0.10316E-04
 0.99788E+00  0.79953E+00  0.10253E-04
 0.99827E+00  0.79953E+00  0.10112E-04
 0.99859E+00  0.79953E+00  0.99198E-05
 0.99885E+00  0.79953E+00  0.97020E-05
 0.99906E+00  0.79953E+00  0.94789E-05
 0.99924E+00  0.79953E+00  0.92629E-05
 0.99938E+00  0.79953E+00  0.90619E-05
 0.99950E+00  0.79953E+00  0.88826E-05
 0.99960E+00  0.79953E+00  0.87301E-05
 0.99968E+00  0.79953E+00  0.86065E-05
 0.99975E+00  0.79953E+00  0.85105E-05
 0.99980E+00  0.79953E+00  0.84386E-05
 0.99984E+00  0.79953E+00  0.83865E-05
 0.99988E+00  0.79953E+00  0.83498E-05
 0.99991E+00  0.79953E+00  0.83249E-05
 0.99993E+00  0.79953E+00  0.83086E-05
 0.99995E+00  0.79953E+00  0.82985E-05
 0.99997E+00  0.79953E+00  0.82926E-05
 0.99998E+00  0.79953E+00  0.82896E-05
 0.10000E+01  0.79953E+00  0.82885E-05
 0.10000E+01  0.79953E+00  0.00000E+00
 0.00000E+00  0.82937E+00  0.00000E+00
 0.49709E-05  0.82937E+00  0.98175E-05
 0.16001E-04  0.82937E+00  0.98188E-05
 0.29447E-04  0.82937E+00  0.98220E-05
 0.45836E-04  0.82937E+00  0.98283E-05
 0.65814E-04  0.82937E+00  0.98390E-05
 0.90165E-04  0.82937E+00  0.98560E-05
 0.11985E-03  0.82937E+00  0.98817E-05
 0.15603E-03  0.82937E+00  0.99187E-05
 0.20013E-03  0.82937E+00  0.99702E-05
 0.25388E-03  0.82937E+00  0.10039E-04
 0.31939E-03  0.82937E+00  0.10129E-04
 0.39924E-03  0.82937E+00  0.10240E-04
 0.49656E-03  0.82937E+00  0.10374E-04
 0.61516E-03  0.82937E+00  0.10530E-04
 0.75970E-03  0.82937E+00  0.10705E-04
 0.93583E-03  0.82937E+00  0.10894E-04
 0.11504E-02  0.82937E+00  0.11085E-04
 0.14119E-02  0.82937E+00  0.11252E-04
 0.17305E-02  0.82937E+00  0.11356E-04
 0.21186E-02  0.82937E+00  0.11369E-04
 0.25912E-02  0.82937E+00  0.11340E-04
 0.31667E-02  0.82937E+00  0.11389E-04
 0.38673E-02  0.82937E+00  0.11435E-04
 0.47200E-02  0.82937E+00  0.11463E-04
 0.57574E-02  0.82937E+00  0.11499E-04
 0.70191E-02  0.82937E+00  0.11536E-04
 0.85527E-02  0.82937E+00  0.11558E-04
 0.10416E-01  0.82937E+00  0.11573E-04
 0.12677E-01  0.82937E+00  0.11595E-04
 0.15420E-01  0.82937E+00  0.11589E-04
 0.18742E-01  0.82937E+00  0.11670E-04
 0.22762E-01  0.82937E+00  0.11603E-04
 0.27617E-01  0.82937E+00  0.11554E-04
 0.33469E-01  0.82937E+00  0.11558E-04
 0.40509E-01  0.82937E+00  0.11623E-04
 0.48950E-01  0.82937E+00  0.11741E-04
 0.59040E-01  0.82937E+00  0.11898E-04
 0.71052E-01  0.82937E+00  0.12086E-04
 0.85282E-01  0.82937E+00  0.12317E-04
 0.10204E+00  0.82937E+00  0.12591E-04
 0.12166E+00  0.82937E+00  0.12878E-04
 0.14443E+00  0.82937E+00  0.13132E-04
 0.17063E+00  0.82937E+00  0.13267E-04
 0.20047E+00  0.82937E+00  0.13369E-04
 0.23404E+00  0.82937E+00  0.13406E-04
 0.27131E+00  0.82937E+00  0.13328E-04
 0.31210E+00  0.82937E+00  0.13133E-04
 0.35601E+00  0.82937E+00  0.12867E-04
 0.40249E+00  0.82937E+00  0.12567E-04
 0.45077E+00  0.82937E+00  0.12218E-04
 0.50000E+00  0.82937E+00  0.11729E-04
 0.54923E+00  0.82937E+00  0.11119E-04
 0.59751E+00  0.82937E+00  0.10635E-04
 0.64399E+00  0.82937E+00  0.10415E-04
 0.68790E+00  0.82937E+00  0.10366E-04
 0.72869E+00  0.82937E+00  0.10390E-04
 0.76596E+00  0.82937E+00  0.10432E-04
 0.79953E+00  0.82937E+00  0.10351E-04
 0.82937E+00  0.82937E+00  0.10195E-04
 0.85557E+00  0.82937E+00  0.10288E-04
 0.87834E+00  0.82937E+00  0.10095E-04
 0.89796E+00  0.82937E+00  0.10047E-04
 0.91472E+00  0.82937E+00  0.10083E-04
 0.92895E+00  0.82937E+00  0.10165E-04
 0.94096E+00  0.82937E+00  0.10259E-04
 0.95105E+00  0.82937E+00  0.10341E-04
 0.95949E+00  0.82937E+00  0.10425E-04
 0.96653E+00  0.82937E+00  0.10510E-04
 0.97238E+00  0.82937E+00  0.10589E-04
 0.97724E+00  0.82937E+00  0.10659E-04
 0.98126E+00  0.82937E+00  0.10711E-04
 0.98458E+00  0.82937E+00  0.10738E-04
 0.98732E+00  0.82937E+00  0.10721E-04
 0.98958E+00  0.82937E+00  0.10669E-04
 0.99145E+00  0.82937E+00  0.10587E-04
 0.99298E+00  0.82937E+00  0.10489E-04
 0.99424E+00  0.82937E+00  0.10415E-04
 0.99528E+00  0.82937E+00  0.10391E-04
 0.99613E+00  0.82937E+00  0.10417E-04
 0.99683E+00  0.82937E+00  0.10472E-04
 0.99741E+00  0.82937E+00  0.10519E-04
 0.99788E+00  0.82937E+00  0.10483E-04
 0.99827E+00  0.82937E+00  0.10360E-04
 0.99859E+00  0.82937E+00  0.10170E-04
 0.99885E+00  0.82937E+00  0.99414E-05
 0.99906E+00  0.82937E+00  0.97000E-05
 0.99924E+00  0.82937E+00  0.94634E-05
 0.99938E+00  0.82937E+00  0.92439E-05
 0.99950E+00  0.82937E+00  0.90496E-05
 0.99960E+00  0.82937E+00  0.88855E-05
 0.99968E+00  0.82937E+00  0.87530E-05
 0.99975E+00  0.82937E+00  0.86504E-05
 0.99980E+00  0.82937E+00  0.85738E-05
 0.99984E+00  0.82937E+00  0.85184E-05
 0.99988E+00  0.82937E+00  0.84796E-05
 0.99991E+00  0.82937E+00  0.84534E-05
 0.99993E+00  0.82937E+00  0.84363E-05
 0.99995E+00  0.82937E+00  0.84257E-05
 0.99997E+00  0.82937E+00  0.84196E-05
 0.99998E+00  0.82937E+00  0.84164E-05
 0.10000E+01  0.82937E+00  0.84152E-05
 0.10000E+01  0.82937E+00  0.00000E+00
 0.00000E+00  0.85557E+00  0.00000E+00
 0.49709E-05  0.85557E+00  0.80350E-05
 0.16001E-04  0.85557E+00  0.80360E-05
 0.29447E-04  0.85557E+00  0.80386E-05
 0.45836E-04  0.85557E+00  0.80437E-05
 0.65814E-04  0.85557E+00  0.80525E-05
 0.90165E-04  0.85557E+00  0.80663E-05
 0.11985E-03  0.85557E+00  0.80872E-05
 0.15603E-03  0.85557E+00  0.81174E-05
 0.20013E-03  0.85557E+00  0.81594E-05
 0.25388E-03  0.85557E+00  0.82156E-05
 0.31939E-03  0.85557E+00  0.82881E-05
 0.39924E-03  0.85557E+00  0.83783E-05
 0.49656E-03  0.85557E+00  0.84865E-05
 0.61516E-03  0.85557E+00  0.86121E-05
 0.75970E-03  0.85557E+00  0.87544E-05
 0.93583E-03  0.85557E+00  0.89118E-05
 0.11504E-02  0.85557E+00  0.90792E-05
 0.14119E-02  0.85557E+00  0.92397E-05
 0.17305E-02  0.85557E+00  0.93622E-05
 0.21186E-02  0.85557E+00  0.94152E-05
 0.25912E-02  0.85557E+00  0.94139E-05
 0.31667E-02  0.85557E+00  0.94548E-05
 0.38673E-02  0.85557E+00  0.95016E-05
 0.47200E-02  0.85557E+00  0.95088E-05
 0.57574E-02  0.85557E+00  0.95159E-05
 0.70191E-02  0.85557E+00  0.95309E-05
 0.85527E-02  0.85557E+00  0.95489E-05
 0.10416E-01  0.85557E+00  0.95674E-05
 0.12677E-01  0.85557E+00  0.96013E-05
 0.15420E-01  0.85557E+00  0.96559E-05
 0.18742E-01  0.85557E+00  0.96890E-05
 0.22762E-01  0.85557E+00  0.96344E-05
 0.27617E-01  0.85557E+00  0.95788E-05
 0.33469E-01  0.85557E+00  0.95896E-05
 0.40509E-01  0.85557E+00  0.96668E-05
 0.48950E-01  0.85557E+00  0.97978E-05
 0.59040E-01  0.85557E+00  0.99667E-05
 0.71052E-01  0.85557E+00  0.10172E-04
 0.85282E-01  0.85557E+00  0.10424E-04
 0.10204E+00  0.85557E+00  0.10715E-04
 0.12166E+00  0.85557E+00  0.11000E-04
 0.14443E+00  0.85557E+00  0.11155E-04
 0.17063E+00  0.85557E+00  0.11237E-04
 0.20047E+00  0.85557E+00  0.11278E-04
 0.23404E+00  0.85557E+00  0.11267E-04
 0.27131E+00  0.85557E+00  0.11154E-04
 0.31210E+00  0.85557E+00  0.10942E-04
 0.35601E+00  0.85557E+00  0.10672E-04
 0.40249E+00  0.85557E+00  0.10358E-04
 0.45077E+00  0.85557E+00  0.99080E-05
 0.50000E+00  0.85557E+00  0.92355E-05
 0.54923E+00  0.85557E+00  0.85699E-05
 0.59751E+00  0.85557E+00  0.82162E-05
 0.64399E+00  0.85557E+00  0.81769E-05
 0.68790E+00  0.85557E+00  0.82727E-05
 0.72869E+00  0.85557E+00  0.84239E-05
 0.76596E+00  0.85557E+00  0.85459E-05
 0.79953E+00  0.85557E+00  0.84639E-05
 0.82937E+00  0.85557E+00  0.82839E-05
 0.85557E+00  0.85557E+00  0.82276E-05
 0.87834E+00  0.85557E+00  0.85745E-05
 0.89796E+00  0.85557E+00  0.84674E-05
 0.91472E+00  0.85557E+00  0.84552E-05
 0.92895E+00  0.85557E+00  0.85465E-05
 0.94096E+00  0.85557E+00  0.86404E-05
 0.95105E+00  0.85557E+00  0.87199E-05
 0.95949E+00  0.85557E+00  0.88082E-05
 0.96653E+00  0.85557E+00  0.89036E-05
 0.97238E+00  0.85557E+00  0.89968E-05
 0.97724E+00  0.85557E+00  0.90808E-05
 0.98126E+00  0.85557E+00  0.91482E-05
 0.98458E+00  0.85557E+00  0.91673E-05
 0.98732E+00  0.85557E+00  0.91435E-05
 0.98958E+00  0.85557E+00  0.90842E-05
 0.99145E+00  0.85557E+00  0.89971E-05
 0.99298E+00  0.85557E+00  0.89023E-05
 0.99424E+00  0.85557E+00  0.88374E-05
 0.99528E+00  0.85557E+00  0.88278E-05
 0.99613E+00  0.85557E+00  0.88715E-05
 0.99683E+00  0.85557E+00  0.89420E-05
 0.99741E+00  0.85557E+00  0.90022E-05
 0.99788E+00  0.85557E+00  0.90082E-05
 0.99827E+00  0.85557E+00  0.89168E-05
 0.99859E+00  0.85557E+00  0.87575E-05
 0.99885E+00  0.85557E+00  0.85570E-05
 0.99906E+00  0.85557E+00  0.83407E-05
 0.99924E+00  0.85557E+00  0.81275E-05
 0.99938E+00  0.85557E+00  0.79304E-05
 0.99950E+00  0.85557E+00  0.77571E-05
 0.99960E+00  0.85557E+00  0.76116E-05
 0.99968E+00  0.85557E+00  0.74947E-05
 0.99975E+00  0.85557E+00  0.74044E-05
 0.99980E+00  0.85557E+00  0.73371E-05
 0.99984E+00  0.85557E+00  0.72887E-05
 0.99988E+00  0.85557E+00  0.72550E-05
 0.99991E+00  0.85557E+00  0.72322E-05
 0.99993E+00  0.85557E+00  0.72175E-05
 0.99995E+00  0.85557E+00  0.72084E-05
 0.99997E+00  0.85557E+00  0.72031E-05
 0.99998E+00  0.85557E+00  0.72004E-05
 0.10000E+01  0.85557E+00  0.71994E-05
 0.10000E+01  0.85557E+00  0.00000E+00
 0.00000E+00  0.87834E+00  0.00000E+00
 0.49709E-05  0.87834E+00  0.60213E-05
 0.16001E-04  0.87834E+00  0.60220E-05
 0.29447E-04  0.87834E+00  0.60239E-05
 0.45836E-04  0.87834E+00  0.60275E-05
 0.65814E-04  0.87834E+00  0.60336E-05
 0.90165E-04  0.87834E+00  0.60434E-05
 0.11985E-03  0.87834E+00  0.60581E-05
 0.15603E-03  0.87834E+00  0.60793E-05
 0.20013E-03  0.87834E+00  0.61086E-05
 0.25388E-03  0.87834E+00  0.61475E-05
 0.31939E-03  0.87834E+00  0.61972E-05
 0.39924E-03  0.87834E+00  0.62582E-05
 0.49656E-03  0.87834E+00  0.63304E-05
 0.61516E-03  0.87834E+00  0.64132E-05
 0.75970E-03  0.87834E+00  0.65077E-05
 0.93583E-03  0.87834E+00  0.66170E-05
 0.11504E-02  0.87834E+00  0.67443E-05
 0.14119E-02  0.87834E+00  0.68826E-05
 0.17305E-02  0.87834E+00  0.70079E-05
 0.21186E-02  0.87834E+00  0.70855E-05
 0.25912E-02  0.87834E+00  0.70974E-05
 0.31667E-02  0.87834E+00  0.70741E-05
 0.38673E-02  0.87834E+00  0.71053E-05
 0.47200E-02  0.87834E+00  0.71212E-05
 0.57574E-02  0.87834E+00  0.71206E-05
 0.70191E-02  0.87834E+00  0.71242E-05
 0.85527E-02  0.87834E+00  0.71379E-05
 0.10416E-01  0.87834E+00  0.71618E-05
 0.12677E-01  0.87834E+00  0.72027E-05
 0.15420E-01  0.87834E+00  0.72575E-05
 0.18742E-01  0.87834E+00  0.72869E-05
 0.22762E-01  0.87834E+00  0.73653E-05
 0.27617E-01  0.87834E+00  0.72728E-05
 0.33469E-01  0.87834E+00  0.72585E-05
 0.40509E-01  0.87834E+00  0.73297E-05
 0.48950E-01  0.87834E+00  0.74629E-05
 0.59040E-01  0.87834E+00  0.76371E-05
 0.71052E-01  0.87834E+00  0.78516E-05
 0.85282E-01  0.87834E+00  0.81150E-05
 0.10204E+00  0.87834E+00  0.84060E-05
 0.12166E+00  0.87834E+00  0.86043E-05
 0.14443E+00  0.87834E+00  0.87082E-05
 0.17063E+00  0.87834E+00  0.87123E-05
 0.20047E+00  0.87834E+00  0.86953E-05
 0.23404E+00  0.87834E+00  0.86521E-05
 0.27131E+00  0.87834E+00  0.85220E-05
 0.31210E+00  0.87834E+00  0.82999E-05
 0.35601E+00  0.87834E+00  0.80097E-05
 0.40249E+00  0.87834E+00  0.76178E-05
 0.45077E+00  0.87834E+00  0.69897E-05
 0.50000E+00  0.87834E+00  0.62169E-05
 0.54923E+00  0.87834E+00  0.56944E-05
 0.59751E+00  0.87834E+00  0.55889E-05
 0.64399E+00  0.87834E+00  0.57696E-05
 0.68790E+00  0.87834E+00  0.60215E-05
 0.72869E+00  0.87834E+00  0.63167E-05
 0.76596E+00  0.87834E+00  0.64950E-05
 0.79953E+00  0.87834E+00  0.63916E-05
 0.82937E+00  0.87834E+00  0.62467E-05
 0.85557E+00  0.87834E+00  0.63197E-05
 0.87834E+00  0.87834E+00  0.65047E-05
 0.89796E+00  0.87834E+00  0.68592E-05
 0.91472E+00  0.87834E+00  0.68065E-05
 0.92895E+00  0.87834E+00  0.67904E-05
 0.94096E+00  0.87834E+00  0.68389E-05
 0.95105E+00  0.87834E+00  0.68986E-05
 0.95949E+00  0.87834E+00  0.69844E-05
 0.96653E+00  0.87834E+00  0.70844E-05
 0.97238E+00  0.87834E+00  0.71805E-05
 0.97724E+00  0.87834E+00  0.72552E-05
 0.98126E+00  0.87834E+00  0.73106E-05
 0.98458E+00  0.87834E+00  0.73167E-05
 0.98732E+00  0.87834E+00  0.72807E-05
 0.98958E+00  0.87834E+00  0.72134E-05
 0.99145E+00  0.87834E+00  0.71253E-05
 0.99298E+00  0.87834E+00  0.70381E-05
 0.99424E+00  0.87834E+00  0.69845E-05
 0.99528E+00  0.87834E+00  0.69878E-05
 0.99613E+00  0.87834E+00  0.70449E-05
 0.99683E+00  0.87834E+00  0.71268E-05
 0.99741E+00  0.87834E+00  0.71959E-05
 0.99788E+00  0.87834E+00  0.72180E-05
 0.99827E+00  0.87834E+00  0.71566E-05
 0.99859E+00  0.87834E+00  0.70315E-05
 0.99885E+00  0.87834E+00  0.68677E-05
 0.99906E+00  0.87834E+00  0.66894E-05
 0.99924E+00  0.87834E+00  0.65142E-05
 0.99938E+00  0.87834E+00  0.63536E-05
 0.99950E+00  0.87834E+00  0.62139E-05
 0.99960E+00  0.87834E+00  0.60977E-05
 0.99968E+00  0.87834E+00  0.60050E-05
 0.99975E+00  0.87834E+00  0.59336E-05
 0.99980E+00  0.87834E+00  0.58806E-05
 0.99984E+00  0.87834E+00  0.58426E-05
 0.99988E+00  0.87834E+00  0.58162E-05
 0.99991E+00  0.87834E+00  0.57985E-05
 0.99993E+00  0.87834E+00  0.57870E-05
 0.99995E+00  0.87834E+00  0.57800E-05
 0.99997E+00  0.87834E+00  0.57759E-05
 0.99998E+00  0.87834E+00  0.57738E-05
 0.10000E+01  0.87834E+00  0.57731E-05
 0.10000E+01  0.87834E+00  0.00000E+00
 0.00000E+00  0.89796E+00  0.00000E+00
 0.49709E-05  0.89796E+00  0.49503E-05
 0.16001E-04  0.89796E+00  0.49508E-05
 0.29447E-04  0.89796E+00  0.49522E-05
 0.45836E-04  0.89796E+00  0.49550E-05
 0.65814E-04  0.89796E+00  0.49597E-05
 0.90165E-04  0.89796E+00  0.49671E-05
 0.11985E-03  0.89796E+00  0.49782E-05
 0.15603E-03  0.89796E+00  0.49941E-05
 0.20013E-03  0.89796E+00  0.50158E-05
 0.25388E-03  0.89796E+00  0.50445E-05
 0.31939E-03  0.89796E+00  0.50805E-05
 0.39924E-03  0.89796E+00  0.51236E-05
 0.49656E-03  0.89796E+00  0.51731E-05
 0.61516E-03  0.89796E+00  0.52280E-05
 0.75970E-03  0.89796E+00  0.52894E-05
 0.93583E-03  0.89796E+00  0.53632E-05
 0.11504E-02  0.89796E+00  0.54593E-05
 0.14119E-02  0.89796E+00  0.55821E-05
 0.17305E-02  0.89796E+00  0.57133E-05
 0.21186E-02  0.89796E+00  0.58174E-05
 0.25912E-02  0.89796E+00  0.58627E-05
 0.31667E-02  0.89796E+00  0.58655E-05
 0.38673E-02  0.89796E+00  0.58757E-05
 0.47200E-02  0.89796E+00  0.58932E-05
 0.57574E-02  0.89796E+00  0.58931E-05
 0.70191E-02  0.89796E+00  0.58859E-05
 0.85527E-02  0.89796E+00  0.58940E-05
 0.10416E-01  0.89796E+00  0.59216E-05
 0.12677E-01  0.89796E+00  0.59748E-05
 0.15420E-01  0.89796E+00  0.60461E-05
 0.18742E-01  0.89796E+00  0.61303E-05
 0.22762E-01  0.89796E+00  0.62209E-05
 0.27617E-01  0.89796E+00  0.61348E-05
 0.33469E-01  0.89796E+00  0.60956E-05
 0.40509E-01  0.89796E+00  0.61563E-05
 0.48950E-01  0.89796E+00  0.62861E-05
 0.59040E-01  0.89796E+00  0.64612E-05
 0.71052E-01  0.89796E+00  0.66818E-05
 0.85282E-01  0.89796E+00  0.69510E-05
 0.10204E+00  0.89796E+00  0.71739E-05
 0.12166E+00  0.89796E+00  0.73439E-05
 0.14443E+00  0.89796E+00  0.73728E-05
 0.17063E+00  0.89796E+00  0.73015E-05
 0.20047E+00  0.89796E+00  0.72413E-05
 0.23404E+00  0.89796E+00  0.71796E-05
 0.27131E+00  0.89796E+00  0.70338E-05
 0.31210E+00  0.89796E+00  0.67717E-05
 0.35601E+00  0.89796E+00  0.63986E-05
 0.40249E+00  0.89796E+00  0.58377E-05
 0.45077E+00  0.89796E+00  0.50496E-05
 0.50000E+00  0.89796E+00  0.43575E-05
 0.54923E+00  0.89796E+00  0.40844E-05
 0.59751E+00  0.89796E+00  0.42014E-05
 0.64399E+00  0.89796E+00  0.45407E-05
 0.68790E+00  0.89796E+00  0.48900E-05
 0.72869E+00  0.89796E+00  0.52943E-05
 0.76596E+00  0.89796E+00  0.54411E-05
 0.79953E+00  0.89796E+00  0.53055E-05
 0.82937E+00  0.89796E+00  0.52370E-05
 0.85557E+00  0.89796E+00  0.53975E-05
 0.87834E+00  0.89796E+00  0.55992E-05
 0.89796E+00  0.89796E+00  0.57518E-05
 0.91472E+00  0.89796E+00  0.60062E-05
 0.92895E+00  0.89796E+00  0.59932E-05
 0.94096E+00  0.89796E+00  0.58790E-05
 0.95105E+00  0.89796E+00  0.58902E-05
 0.95949E+00  0.89796E+00  0.59565E-05
 0.96653E+00  0.89796E+00  0.60409E-05
 0.97238E+00  0.89796E+00  0.61167E-05
 0.97724E+00  0.89796E+00  0.61834E-05
 0.98126E+00  0.89796E+00  0.61980E-05
 0.98458E+00  0.89796E+00  0.61801E-05
 0.98732E+00  0.89796E+00  0.61299E-05
 0.98958E+00  0.89796E+00  0.60583E-05
 0.99145E+00  0.89796E+00  0.59745E-05
 0.99298E+00  0.89796E+00  0.58985E-05
 0.99424E+00  0.89796E+00  0.58541E-05
 0.99528E+00  0.89796E+00  0.58630E-05
 0.99613E+00  0.89796E+00  0.59233E-05
 0.99683E+00  0.89796E+00  0.60043E-05
 0.99741E+00  0.89796E+00  0.60679E-05
 0.99788E+00  0.89796E+00  0.60879E-05
 0.99827E+00  0.89796E+00  0.60507E-05
 0.99859E+00  0.89796E+00  0.59424E-05
 0.99885E+00  0.89796E+00  0.57981E-05
 0.99906E+00  0.89796E+00  0.56425E-05
 0.99924E+00  0.89796E+00  0.54920E-05
 0.99938E+00  0.89796E+00  0.53560E-05
 0.99950E+00  0.89796E+00  0.52392E-05
 0.99960E+00  0.89796E+00  0.51433E-05
 0.99968E+00  0.89796E+00  0.50674E-05
 0.99975E+00  0.89796E+00  0.50094E-05
 0.99980E+00  0.89796E+00  0.49665E-05
 0.99984E+00  0.89796E+00  0.49359E-05
 0.99988E+00  0.89796E+00  0.49147E-05
 0.99991E+00  0.89796E+00  0.49005E-05
 0.99993E+00  0.89796E+00  0.48913E-05
 0.99995E+00  0.89796E+00  0.48856E-05
 0.99997E+00  0.89796E+00  0.48824E-05
 0.99998E+00  0.89796E+00  0.48808E-05
 0.10000E+01  0.89796E+00  0.48801E-05
 0.10000E+01  0.89796E+00  0.00000E+00
 0.00000E+00  0.91472E+00  0.00000E+00
 0.49709E-05  0.91472E+00  0.48331E-05
 0.16001E-04  0.91472E+00  0.48336E-05
 0.29447E-04  0.91472E+00  0.48350E-05
 0.45836E-04  0.91472E+00  0.48376E-05
 0.65814E-04  0.91472E+00  0.48421E-05
 0.90165E-04  0.91472E+00  0.48492E-05
 0.11985E-03  0.91472E+00  0.48599E-05
 0.15603E-03  0.91472E+00  0.48752E-05
 0.20013E-03  0.91472E+00  0.48960E-05
 0.25388E-03  0.91472E+00  0.49233E-05
 0.31939E-03  0.91472E+00  0.49574E-05
 0.39924E-03  0.91472E+00  0.49977E-05
 0.49656E-03  0.91472E+00  0.50428E-05
 0.61516E-03  0.91472E+00  0.50910E-05
 0.75970E-03  0.91472E+00  0.51422E-05
 0.93583E-03  0.91472E+00  0.52022E-05
 0.11504E-02  0.91472E+00  0.52855E-05
 0.14119E-02  0.91472E+00  0.54076E-05
 0.17305E-02  0.91472E+00  0.55586E-05
 0.21186E-02  0.91472E+00  0.57016E-05
 0.25912E-02  0.91472E+00  0.57960E-05
 0.31667E-02  0.91472E+00  0.58279E-05
 0.38673E-02  0.91472E+00  0.58282E-05
 0.47200E-02  0.91472E+00  0.58509E-05
 0.57574E-02  0.91472E+00  0.58602E-05
 0.70191E-02  0.91472E+00  0.58536E-05
 0.85527E-02  0.91472E+00  0.58513E-05
 0.10416E-01  0.91472E+00  0.58756E-05
 0.12677E-01  0.91472E+00  0.59311E-05
 0.15420E-01  0.91472E+00  0.60074E-05
 0.18742E-01  0.91472E+00  0.60880E-05
 0.22762E-01  0.91472E+00  0.61461E-05
 0.27617E-01  0.91472E+00  0.62311E-05
 0.33469E-01  0.91472E+00  0.61317E-05
 0.40509E-01  0.91472E+00  0.61566E-05
 0.48950E-01  0.91472E+00  0.62724E-05
 0.59040E-01  0.91472E+00  0.64444E-05
 0.71052E-01  0.91472E+00  0.66747E-05
 0.85282E-01  0.91472E+00  0.68861E-05
 0.10204E+00  0.91472E+00  0.71138E-05
 0.12166E+00  0.91472E+00  0.72246E-05
 0.14443E+00  0.91472E+00  0.71719E-05
 0.17063E+00  0.91472E+00  0.70305E-05
 0.20047E+00  0.91472E+00  0.69397E-05
 0.23404E+00  0.91472E+00  0.68657E-05
 0.27131E+00  0.91472E+00  0.66912E-05
 0.31210E+00  0.91472E+00  0.63545E-05
 0.35601E+00  0.91472E+00  0.58482E-05
 0.40249E+00  0.91472E+00  0.51059E-05
 0.45077E+00  0.91472E+00  0.43016E-05
 0.50000E+00  0.91472E+00  0.38040E-05
 0.54923E+00  0.91472E+00  0.37165E-05
 0.59751E+00  0.91472E+00  0.39455E-05
 0.64399E+00  0.91472E+00  0.43320E-05
 0.68790E+00  0.91472E+00  0.46997E-05
 0.72869E+00  0.91472E+00  0.51236E-05
 0.76596E+00  0.91472E+00  0.51683E-05
 0.79953E+00  0.91472E+00  0.50186E-05
 0.82937E+00  0.91472E+00  0.50046E-05
 0.85557E+00  0.91472E+00  0.51920E-05
 0.87834E+00  0.91472E+00  0.53497E-05
 0.89796E+00  0.91472E+00  0.54499E-05
 0.91472E+00  0.91472E+00  0.54851E-05
 0.92895E+00  0.91472E+00  0.56242E-05
 0.94096E+00  0.91472E+00  0.56030E-05
 0.95105E+00  0.91472E+00  0.54628E-05
 0.95949E+00  0.91472E+00  0.54890E-05
 0.96653E+00  0.91472E+00  0.55382E-05
 0.97238E+00  0.91472E+00  0.55706E-05
 0.97724E+00  0.91472E+00  0.55911E-05
 0.98126E+00  0.91472E+00  0.55819E-05
 0.98458E+00  0.91472E+00  0.55525E-05
 0.98732E+00  0.91472E+00  0.55030E-05
 0.98958E+00  0.91472E+00  0.54385E-05
 0.99145E+00  0.91472E+00  0.53661E-05
 0.99298E+00  0.91472E+00  0.53010E-05
 0.99424E+00  0.91472E+00  0.52563E-05
 0.99528E+00  0.91472E+00  0.52588E-05
 0.99613E+00  0.91472E+00  0.53105E-05
 0.99683E+00  0.91472E+00  0.53842E-05
 0.99741E+00  0.91472E+00  0.54400E-05
 0.99788E+00  0.91472E+00  0.54531E-05
 0.99827E+00  0.91472E+00  0.54164E-05
 0.99859E+00  0.91472E+00  0.53170E-05
 0.99885E+00  0.91472E+00  0.51839E-05
 0.99906E+00  0.91472E+00  0.50418E-05
 0.99924E+00  0.91472E+00  0.49059E-05
 0.99938E+00  0.91472E+00  0.47844E-05
 0.99950E+00  0.91472E+00  0.46810E-05
 0.99960E+00  0.91472E+00  0.45967E-05
 0.99968E+00  0.91472E+00  0.45305E-05
 0.99975E+00  0.91472E+00  0.44802E-05
 0.99980E+00  0.91472E+00  0.44432E-05
 0.99984E+00  0.91472E+00  0.44169E-05
 0.99988E+00  0.91472E+00  0.43987E-05
 0.99991E+00  0.91472E+00  0.43865E-05
 0.99993E+00  0.91472E+00  0.43787E-05
 0.99995E+00  0.91472E+00  0.43739E-05
 0.99997E+00  0.91472E+00  0.43711E-05
 0.99998E+00  0.91472E+00  0.43697E-05
 0.10000E+01  0.91472E+00  0.43692E-05
 0.10000E+01  0.91472E+00  0.00000E+00
 0.00000E+00  0.92895E+00  0.00000E+00
 0.49709E-05  0.92895E+00  0.51988E-05
 0.16001E-04  0.92895E+00  0.51994E-05
 0.29447E-04  0.92895E+00  0.52009E-05
 0.45836E-04  0.92895E+00  0.52039E-05
 0.65814E-04  0.92895E+00  0.52089E-05
 0.90165E-04  0.92895E+00  0.52168E-05
 0.11985E-03  0.92895E+00  0.52288E-05
 0.15603E-03  0.92895E+00  0.52459E-05
 0.20013E-03  0.92895E+00  0.52694E-05
 0.25388E-03  0.92895E+00  0.53002E-05
 0.31939E-03  0.92895E+00  0.53389E-05
 0.39924E-03  0.92895E+00  0.53847E-05
 0.49656E-03  0.92895E+00  0.54359E-05
 0.61516E-03  0.92895E+00  0.54897E-05
 0.75970E-03  0.92895E+00  0.55441E-05
 0.93583E-03  0.92895E+00  0.56022E-05
 0.11504E-02  0.92895E+00  0.56787E-05
 0.14119E-02  0.92895E+00  0.57987E-05
 0.17305E-02  0.92895E+00  0.59658E-05
 0.21186E-02  0.92895E+00  0.61424E-05
 0.25912E-02  0.92895E+00  0.62756E-05
 0.31667E-02  0.92895E+00  0.63313E-05
 0.38673E-02  0.92895E+00  0.63010E-05
 0.47200E-02  0.92895E+00  0.63041E-05
 0.57574E-02  0.92895E+00  0.63158E-05
 0.70191E-02  0.92895E+00  0.63136E-05
 0.85527E-02  0.92895E+00  0.63087E-05
 0.10416E-01  0.92895E+00  0.63249E-05
 0.12677E-01  0.92895E+00  0.63765E-05
 0.15420E-01  0.92895E+00  0.64544E-05
 0.18742E-01  0.92895E+00  0.65376E-05
 0.22762E-01  0.92895E+00  0.66192E-05
 0.27617E-01  0.92895E+00  0.67338E-05
 0.33469E-01  0.92895E+00  0.66249E-05
 0.40509E-01  0.92895E+00  0.66144E-05
 0.48950E-01  0.92895E+00  0.67160E-05
 0.59040E-01  0.92895E+00  0.68935E-05
 0.71052E-01  0.92895E+00  0.70648E-05
 0.85282E-01  0.92895E+00  0.73199E-05
 0.10204E+00  0.92895E+00  0.75111E-05
 0.12166E+00  0.92895E+00  0.75524E-05
 0.14443E+00  0.92895E+00  0.74159E-05
 0.17063E+00  0.92895E+00  0.72131E-05
 0.20047E+00  0.92895E+00  0.71082E-05
 0.23404E+00  0.92895E+00  0.70379E-05
 0.27131E+00  0.92895E+00  0.68422E-05
 0.31210E+00  0.92895E+00  0.64384E-05
 0.35601E+00  0.92895E+00  0.57925E-05
 0.40249E+00  0.92895E+00  0.49525E-05
 0.45077E+00  0.92895E+00  0.42563E-05
 0.50000E+00  0.92895E+00  0.39024E-05
 0.54923E+00  0.92895E+00  0.38702E-05
 0.59751E+00  0.92895E+00  0.41123E-05
 0.64399E+00  0.92895E+00  0.44385E-05
 0.68790E+00  0.92895E+00  0.47739E-05
 0.72869E+00  0.92895E+00  0.51255E-05
 0.76596E+00  0.92895E+00  0.50373E-05
 0.79953E+00  0.92895E+00  0.48916E-05
 0.82937E+00  0.92895E+00  0.48746E-05
 0.85557E+00  0.92895E+00  0.50283E-05
 0.87834E+00  0.92895E+00  0.51002E-05
 0.89796E+00  0.92895E+00  0.51300E-05
 0.91472E+00  0.92895E+00  0.51067E-05
 0.92895E+00  0.92895E+00  0.49883E-05
 0.94096E+00  0.92895E+00  0.51859E-05
 0.95105E+00  0.92895E+00  0.51597E-05
 0.95949E+00  0.92895E+00  0.50173E-05
 0.96653E+00  0.92895E+00  0.50216E-05
 0.97238E+00  0.92895E+00  0.50473E-05
 0.97724E+00  0.92895E+00  0.50292E-05
 0.98126E+00  0.92895E+00  0.50101E-05
 0.98458E+00  0.92895E+00  0.49868E-05
 0.98732E+00  0.92895E+00  0.49471E-05
 0.98958E+00  0.92895E+00  0.48927E-05
 0.99145E+00  0.92895E+00  0.48280E-05
 0.99298E+00  0.92895E+00  0.47614E-05
 0.99424E+00  0.92895E+00  0.47042E-05
 0.99528E+00  0.92895E+00  0.46896E-05
 0.99613E+00  0.92895E+00  0.47285E-05
 0.99683E+00  0.92895E+00  0.47920E-05
 0.99741E+00  0.92895E+00  0.48390E-05
 0.99788E+00  0.92895E+00  0.48451E-05
 0.99827E+00  0.92895E+00  0.48101E-05
 0.99859E+00  0.92895E+00  0.47311E-05
 0.99885E+00  0.92895E+00  0.46108E-05
 0.99906E+00  0.92895E+00  0.44802E-05
 0.99924E+00  0.92895E+00  0.43560E-05
 0.99938E+00  0.92895E+00  0.42460E-05
 0.99950E+00  0.92895E+00  0.41531E-05
 0.99960E+00  0.92895E+00  0.40779E-05
 0.99968E+00  0.92895E+00  0.40193E-05
 0.99975E+00  0.92895E+00  0.39751E-05
 0.99980E+00  0.92895E+00  0.39428E-05
 0.99984E+00  0.92895E+00  0.39199E-05
 0.99988E+00  0.92895E+00  0.39042E-05
 0.99991E+00  0.92895E+00  0.38937E-05
 0.99993E+00  0.92895E+00  0.38870E-05
 0.99995E+00  0.92895E+00  0.38828E-05
 0.99997E+00  0.92895E+00  0.38805E-05
 0.99998E+00  0.92895E+00  0.38793E-05
 0.10000E+01  0.92895E+00  0.38789E-05
 0.10000E+01  0.92895E+00  0.00000E+00
 0.00000E+00  0.94096E+00  0.00000E+00
 0.49709E-05  0.94096E+00  0.55716E-05
 0.16001E-04  0.94096E+00  0.55722E-05
 0.29447E-04  0.94096E+00  0.55739E-05
 0.45836E-04  0.94096E+00  0.55772E-05
 0.65814E-04  0.94096E+00  0.55828E-05
 0.90165E-04  0.94096E+00  0.55917E-05
 0.11985E-03  0.94096E+00  0.56051E-05
 0.15603E-03  0.94096E+00  0.56243E-05
 0.20013E-03  0.94096E+00  0.56509E-05
 0.25388E-03  0.94096E+00  0.56860E-05
 0.31939E-03  0.94096E+00  0.57304E-05
 0.39924E-03  0.94096E+00  0.57836E-05
 0.49656E-03  0.94096E+00  0.58436E-05
 0.61516E-03  0.94096E+00  0.59070E-05
 0.75970E-03  0.94096E+00  0.59700E-05
 0.93583E-03  0.94096E+00  0.60324E-05
 0.11504E-02  0.94096E+00  0.61049E-05
 0.14119E-02  0.94096E+00  0.62160E-05
 0.17305E-02  0.94096E+00  0.63870E-05
 0.21186E-02  0.94096E+00  0.65886E-05
 0.25912E-02  0.94096E+00  0.67561E-05
 0.31667E-02  0.94096E+00  0.68406E-05
 0.38673E-02  0.94096E+00  0.68504E-05
 0.47200E-02  0.94096E+00  0.68367E-05
 0.57574E-02  0.94096E+00  0.68383E-05
 0.70191E-02  0.94096E+00  0.68295E-05
 0.85527E-02  0.94096E+00  0.68086E-05
 0.10416E-01  0.94096E+00  0.68050E-05
 0.12677E-01  0.94096E+00  0.68374E-05
 0.15420E-01  0.94096E+00  0.69037E-05
 0.18742E-01  0.94096E+00  0.69777E-05
 0.22762E-01  0.94096E+00  0.70363E-05
 0.27617E-01  0.94096E+00  0.70710E-05
 0.33469E-01  0.94096E+00  0.71599E-05
 0.40509E-01  0.94096E+00  0.70588E-05
 0.48950E-01  0.94096E+00  0.71291E-05
 0.59040E-01  0.94096E+00  0.72359E-05
 0.71052E-01  0.94096E+00  0.74831E-05
 0.85282E-01  0.94096E+00  0.77222E-05
 0.10204E+00  0.94096E+00  0.78660E-05
 0.12166E+00  0.94096E+00  0.78327E-05
 0.14443E+00  0.94096E+00  0.76161E-05
 0.17063E+00  0.94096E+00  0.73675E-05
 0.20047E+00  0.94096E+00  0.72769E-05
 0.23404E+00  0.94096E+00  0.72481E-05
 0.27131E+00  0.94096E+00  0.70616E-05
 0.31210E+00  0.94096E+00  0.65926E-05
 0.35601E+00  0.94096E+00  0.58269E-05
 0.40249E+00  0.94096E+00  0.49907E-05
 0.45077E+00  0.94096E+00  0.44132E-05
 0.50000E+00  0.94096E+00  0.40964E-05
 0.54923E+00  0.94096E+00  0.40470E-05
 0.59751E+00  0.94096E+00  0.42441E-05
 0.64399E+00  0.94096E+00  0.44497E-05
 0.68790E+00  0.94096E+00  0.47384E-05
 0.72869E+00  0.94096E+00  0.49465E-05
 0.76596E+00  0.94096E+00  0.47417E-05
 0.79953E+00  0.94096E+00  0.45856E-05
 0.82937E+00  0.94096E+00  0.45830E-05
 0.85557E+00  0.94096E+00  0.46145E-05
 0.87834E+00  0.94096E+00  0.45998E-05
 0.89796E+00  0.94096E+00  0.45609E-05
 0.91472E+00  0.94096E+00  0.44684E-05
 0.92895E+00  0.94096E+00  0.43284E-05
 0.94096E+00  0.94096E+00  0.42117E-05
 0.95105E+00  0.94096E+00  0.45963E-05
 0.95949E+00  0.94096E+00  0.44652E-05
 0.96653E+00  0.94096E+00  0.43273E-05
 0.97238E+00  0.94096E+00  0.43265E-05
 0.97724E+00  0.94096E+00  0.43118E-05
 0.98126E+00  0.94096E+00  0.43144E-05
 0.98458E+00  0.94096E+00  0.43068E-05
 0.98732E+00  0.94096E+00  0.42765E-05
 0.98958E+00  0.94096E+00  0.42235E-05
 0.99145E+00  0.94096E+00  0.41490E-05
 0.99298E+00  0.94096E+00  0.40678E-05
 0.99424E+00  0.94096E+00  0.39871E-05
 0.99528E+00  0.94096E+00  0.39559E-05
 0.99613E+00  0.94096E+00  0.39819E-05
 0.99683E+00  0.94096E+00  0.40363E-05
 0.99741E+00  0.94096E+00  0.40790E-05
 0.99788E+00  0.94096E+00  0.40871E-05
 0.99827E+00  0.94096E+00  0.40586E-05
 0.99859E+00  0.94096E+00  0.39930E-05
 0.99885E+00  0.94096E+00  0.38898E-05
 0.99906E+00  0.94096E+00  0.37756E-05
 0.99924E+00  0.94096E+00  0.36672E-05
 0.99938E+00  0.94096E+00  0.35718E-05
 0.99950E+00  0.94096E+00  0.34919E-05
 0.99960E+00  0.94096E+00  0.34275E-05
 0.99968E+00  0.94096E+00  0.33777E-05
 0.99975E+00  0.94096E+00  0.33404E-05
 0.99980E+00  0.94096E+00  0.33134E-05
 0.99984E+00  0.94096E+00  0.32944E-05
 0.99988E+00  0.94096E+00  0.32814E-05
 0.99991E+00  0.94096E+00  0.32729E-05
 0.99993E+00  0.94096E+00  0.32674E-05
 0.99995E+00  0.94096E+00  0.32641E-05
 0.99997E+00  0.94096E+00  0.32622E-05
 0.99998E+00  0.94096E+00  0.32613E-05
 0.10000E+01  0.94096E+00  0.32609E-05
 0.10000E+01  0.94096E+00  0.00000E+00
 0.00000E+00  0.95105E+00  0.00000E+00
 0.49709E-05  0.95105E+00  0.57436E-05
 0.16001E-04  0.95105E+00  0.57443E-05
 0.29447E-04  0.95105E+00  0.57461E-05
 0.45836E-04  0.95105E+00  0.57496E-05
 0.65814E-04  0.95105E+00  0.57556E-05
 0.90165E-04  0.95105E+00  0.57651E-05
 0.11985E-03  0.95105E+00  0.57795E-05
 0.15603E-03  0.95105E+00  0.58003E-05
 0.20013E-03  0.95105E+00  0.58292E-05
 0.25388E-03  0.95105E+00  0.58677E-05
 0.31939E-03  0.95105E+00  0.59168E-05
 0.39924E-03  0.95105E+00  0.59764E-05
 0.49656E-03  0.95105E+00  0.60447E-05
 0.61516E-03  0.95105E+00  0.61181E-05
 0.75970E-03  0.95105E+00  0.61918E-05
 0.93583E-03  0.95105E+00  0.62625E-05
 0.11504E-02  0.95105E+00  0.63353E-05
 0.14119E-02  0.95105E+00  0.64343E-05
 0.17305E-02  0.95105E+00  0.65966E-05
 0.21186E-02  0.95105E+00  0.68139E-05
 0.25912E-02  0.95105E+00  0.70157E-05
 0.31667E-02  0.95105E+00  0.71289E-05
 0.38673E-02  0.95105E+00  0.71427E-05
 0.47200E-02  0.95105E+00  0.71154E-05
 0.57574E-02  0.95105E+00  0.71161E-05
 0.70191E-02  0.95105E+00  0.70994E-05
 0.85527E-02  0.95105E+00  0.70614E-05
 0.10416E-01  0.95105E+00  0.70286E-05
 0.12677E-01  0.95105E+00  0.70308E-05
 0.15420E-01  0.95105E+00  0.70715E-05
 0.18742E-01  0.95105E+00  0.71226E-05
 0.22762E-01  0.95105E+00  0.71651E-05
 0.27617E-01  0.95105E+00  0.71869E-05
 0.33469E-01  0.95105E+00  0.73065E-05
 0.40509E-01  0.95105E+00  0.71912E-05
 0.48950E-01  0.95105E+00  0.71648E-05
 0.59040E-01  0.95105E+00  0.73563E-05
 0.71052E-01  0.95105E+00  0.75906E-05
 0.85282E-01  0.95105E+00  0.77982E-05
 0.10204E+00  0.95105E+00  0.78814E-05
 0.12166E+00  0.95105E+00  0.77684E-05
 0.14443E+00  0.95105E+00  0.74770E-05
 0.17063E+00  0.95105E+00  0.72029E-05
 0.20047E+00  0.95105E+00  0.71626E-05
 0.23404E+00  0.95105E+00  0.72074E-05
 0.27131E+00  0.95105E+00  0.70198E-05
 0.31210E+00  0.95105E+00  0.64598E-05
 0.35601E+00  0.95105E+00  0.56248E-05
 0.40249E+00  0.95105E+00  0.48622E-05
 0.45077E+00  0.95105E+00  0.43593E-05
 0.50000E+00  0.95105E+00  0.40403E-05
 0.54923E+00  0.95105E+00  0.39635E-05
 0.59751E+00  0.95105E+00  0.40969E-05
 0.64399E+00  0.95105E+00  0.41850E-05
 0.68790E+00  0.95105E+00  0.44353E-05
 0.72869E+00  0.95105E+00  0.44740E-05
 0.76596E+00  0.95105E+00  0.42071E-05
 0.79953E+00  0.95105E+00  0.39988E-05
 0.82937E+00  0.95105E+00  0.39631E-05
 0.85557E+00  0.95105E+00  0.39294E-05
 0.87834E+00  0.95105E+00  0.38470E-05
 0.89796E+00  0.95105E+00  0.37391E-05
 0.91472E+00  0.95105E+00  0.35780E-05
 0.92895E+00  0.95105E+00  0.34103E-05
 0.94096E+00  0.95105E+00  0.32827E-05
 0.95105E+00  0.95105E+00  0.32477E-05
 0.95949E+00  0.95105E+00  0.37604E-05
 0.96653E+00  0.95105E+00  0.35693E-05
 0.97238E+00  0.95105E+00  0.34495E-05
 0.97724E+00  0.95105E+00  0.34532E-05
 0.98126E+00  0.95105E+00  0.34707E-05
 0.98458E+00  0.95105E+00  0.34702E-05
 0.98732E+00  0.95105E+00  0.34329E-05
 0.98958E+00  0.95105E+00  0.33540E-05
 0.99145E+00  0.95105E+00  0.32536E-05
 0.99298E+00  0.95105E+00  0.31451E-05
 0.99424E+00  0.95105E+00  0.30481E-05
 0.99528E+00  0.95105E+00  0.30052E-05
 0.99613E+00  0.95105E+00  0.30215E-05
 0.99683E+00  0.95105E+00  0.30685E-05
 0.99741E+00  0.95105E+00  0.31119E-05
 0.99788E+00  0.95105E+00  0.31277E-05
 0.99827E+00  0.95105E+00  0.31126E-05
 0.99859E+00  0.95105E+00  0.30695E-05
 0.99885E+00  0.95105E+00  0.29988E-05
 0.99906E+00  0.95105E+00  0.29100E-05
 0.99924E+00  0.95105E+00  0.28228E-05
 0.99938E+00  0.95105E+00  0.27456E-05
 0.99950E+00  0.95105E+00  0.26811E-05
 0.99960E+00  0.95105E+00  0.26296E-05
 0.99968E+00  0.95105E+00  0.25902E-05
 0.99975E+00  0.95105E+00  0.25610E-05
 0.99980E+00  0.95105E+00  0.25401E-05
 0.99984E+00  0.95105E+00  0.25256E-05
 0.99988E+00  0.95105E+00  0.25159E-05
 0.99991E+00  0.95105E+00  0.25096E-05
 0.99993E+00  0.95105E+00  0.25056E-05
 0.99995E+00  0.95105E+00  0.25032E-05
 0.99997E+00  0.95105E+00  0.25019E-05
 0.99998E+00  0.95105E+00  0.25012E-05
 0.10000E+01  0.95105E+00  0.25010E-05
 0.10000E+01  0.95105E+00  0.00000E+00
 0.00000E+00  0.95949E+00  0.00000E+00
 0.49709E-05  0.95949E+00  0.55347E-05
 0.16001E-04  0.95949E+00  0.55354E-05
 0.29447E-04  0.95949E+00  0.55372E-05
 0.45836E-04  0.95949E+00  0.55407E-05
 0.65814E-04  0.95949E+00  0.55466E-05
 0.90165E-04  0.95949E+00  0.55561E-05
 0.11985E-03  0.95949E+00  0.55706E-05
 0.15603E-03  0.95949E+00  0.55915E-05
 0.20013E-03  0.95949E+00  0.56208E-05
 0.25388E-03  0.95949E+00  0.56602E-05
 0.31939E-03  0.95949E+00  0.57109E-05
 0.39924E-03  0.95949E+00  0.57733E-05
 0.49656E-03  0.95949E+00  0.58461E-05
 0.61516E-03  0.95949E+00  0.59263E-05
 0.75970E-03  0.95949E+00  0.60089E-05
 0.93583E-03  0.95949E+00  0.60895E-05
 0.11504E-02  0.95949E+00  0.61687E-05
 0.14119E-02  0.95949E+00  0.62636E-05
 0.17305E-02  0.95949E+00  0.64120E-05
 0.21186E-02  0.95949E+00  0.66279E-05
 0.25912E-02  0.95949E+00  0.68516E-05
 0.31667E-02  0.95949E+00  0.69864E-05
 0.38673E-02  0.95949E+00  0.69961E-05
 0.47200E-02  0.95949E+00  0.69318E-05
 0.57574E-02  0.95949E+00  0.69239E-05
 0.70191E-02  0.95949E+00  0.69060E-05
 0.85527E-02  0.95949E+00  0.68527E-05
 0.10416E-01  0.95949E+00  0.67954E-05
 0.12677E-01  0.95949E+00  0.67655E-05
 0.15420E-01  0.95949E+00  0.67695E-05
 0.18742E-01  0.95949E+00  0.67920E-05
 0.22762E-01  0.95949E+00  0.68037E-05
 0.27617E-01  0.95949E+00  0.68090E-05
 0.33469E-01  0.95949E+00  0.67937E-05
 0.40509E-01  0.95949E+00  0.68468E-05
 0.48950E-01  0.95949E+00  0.68112E-05
 0.59040E-01  0.95949E+00  0.69638E-05
 0.71052E-01  0.95949E+00  0.71675E-05
 0.85282E-01  0.95949E+00  0.73182E-05
 0.10204E+00  0.95949E+00  0.73217E-05
 0.12166E+00  0.95949E+00  0.71195E-05
 0.14443E+00  0.95949E+00  0.67563E-05
 0.17063E+00  0.95949E+00  0.64770E-05
 0.20047E+00  0.95949E+00  0.65102E-05
 0.23404E+00  0.95949E+00  0.66047E-05
 0.27131E+00  0.95949E+00  0.63671E-05
 0.31210E+00  0.95949E+00  0.57273E-05
 0.35601E+00  0.95949E+00  0.48979E-05
 0.40249E+00  0.95949E+00  0.42450E-05
 0.45077E+00  0.95949E+00  0.37866E-05
 0.50000E+00  0.95949E+00  0.34892E-05
 0.54923E+00  0.95949E+00  0.34015E-05
 0.59751E+00  0.95949E+00  0.34825E-05
 0.64399E+00  0.95949E+00  0.35109E-05
 0.68790E+00  0.95949E+00  0.37583E-05
 0.72869E+00  0.95949E+00  0.36532E-05
 0.76596E+00  0.95949E+00  0.33846E-05
 0.79953E+00  0.95949E+00  0.31035E-05
 0.82937E+00  0.95949E+00  0.30801E-05
 0.85557E+00  0.95949E+00  0.29950E-05
 0.87834E+00  0.95949E+00  0.28531E-05
 0.89796E+00  0.95949E+00  0.26690E-05
 0.91472E+00  0.95949E+00  0.24450E-05
 0.92895E+00  0.95949E+00  0.22446E-05
 0.94096E+00  0.95949E+00  0.20967E-05
 0.95105E+00  0.95949E+00  0.20378E-05
 0.95949E+00  0.95949E+00  0.21309E-05
 0.96653E+00  0.95949E+00  0.27685E-05
 0.97238E+00  0.95949E+00  0.24728E-05
 0.97724E+00  0.95949E+00  0.24238E-05
 0.98126E+00  0.95949E+00  0.24376E-05
 0.98458E+00  0.95949E+00  0.24221E-05
 0.98732E+00  0.95949E+00  0.23435E-05
 0.98958E+00  0.95949E+00  0.22240E-05
 0.99145E+00  0.95949E+00  0.20877E-05
 0.99298E+00  0.95949E+00  0.19702E-05
 0.99424E+00  0.95949E+00  0.18678E-05
 0.99528E+00  0.95949E+00  0.18210E-05
 0.99613E+00  0.95949E+00  0.18312E-05
 0.99683E+00  0.95949E+00  0.18786E-05
 0.99741E+00  0.95949E+00  0.19306E-05
 0.99788E+00  0.95949E+00  0.19636E-05
 0.99827E+00  0.95949E+00  0.19709E-05
 0.99859E+00  0.95949E+00  0.19544E-05
 0.99885E+00  0.95949E+00  0.19139E-05
 0.99906E+00  0.95949E+00  0.18545E-05
 0.99924E+00  0.95949E+00  0.17931E-05
 0.99938E+00  0.95949E+00  0.17384E-05
 0.99950E+00  0.95949E+00  0.16931E-05
 0.99960E+00  0.95949E+00  0.16574E-05
 0.99968E+00  0.95949E+00  0.16306E-05
 0.99975E+00  0.95949E+00  0.16112E-05
 0.99980E+00  0.95949E+00  0.15977E-05
 0.99984E+00  0.95949E+00  0.15887E-05
 0.99988E+00  0.95949E+00  0.15828E-05
 0.99991E+00  0.95949E+00  0.15792E-05
 0.99993E+00  0.95949E+00  0.15769E-05
 0.99995E+00  0.95949E+00  0.15757E-05
 0.99997E+00  0.95949E+00  0.15750E-05
 0.99998E+00  0.95949E+00  0.15746E-05
 0.10000E+01  0.95949E+00  0.15745E-05
 0.10000E+01  0.95949E+00  0.00000E+00
 0.00000E+00  0.96653E+00  0.00000E+00
 0.49709E-05  0.96653E+00  0.48817E-05
 0.16001E-04  0.96653E+00  0.48823E-05
 0.29447E-04  0.96653E+00  0.48839E-05
 0.45836E-04  0.96653E+00  0.48870E-05
 0.65814E-04  0.96653E+00  0.48924E-05
 0.90165E-04  0.96653E+00  0.49011E-05
 0.11985E-03  0.96653E+00  0.49142E-05
 0.15603E-03  0.96653E+00  0.49334E-05
 0.20013E-03  0.96653E+00  0.49604E-05
 0.25388E-03  0.96653E+00  0.49970E-05
 0.31939E-03  0.96653E+00  0.50446E-05
 0.39924E-03  0.96653E+00  0.51040E-05
 0.49656E-03  0.96653E+00  0.51744E-05
 0.61516E-03  0.96653E+00  0.52535E-05
 0.75970E-03  0.96653E+00  0.53372E-05
 0.93583E-03  0.96653E+00  0.54208E-05
 0.11504E-02  0.96653E+00  0.55025E-05
 0.14119E-02  0.96653E+00  0.55919E-05
 0.17305E-02  0.96653E+00  0.57205E-05
 0.21186E-02  0.96653E+00  0.59156E-05
 0.25912E-02  0.96653E+00  0.61413E-05
 0.31667E-02  0.96653E+00  0.62963E-05
 0.38673E-02  0.96653E+00  0.63120E-05
 0.47200E-02  0.96653E+00  0.62495E-05
 0.57574E-02  0.96653E+00  0.62331E-05
 0.70191E-02  0.96653E+00  0.62135E-05
 0.85527E-02  0.96653E+00  0.61419E-05
 0.10416E-01  0.96653E+00  0.60518E-05
 0.12677E-01  0.96653E+00  0.59857E-05
 0.15420E-01  0.96653E+00  0.59504E-05
 0.18742E-01  0.96653E+00  0.59269E-05
 0.22762E-01  0.96653E+00  0.59109E-05
 0.27617E-01  0.96653E+00  0.58687E-05
 0.33469E-01  0.96653E+00  0.57671E-05
 0.40509E-01  0.96653E+00  0.59323E-05
 0.48950E-01  0.96653E+00  0.58929E-05
 0.59040E-01  0.96653E+00  0.59963E-05
 0.71052E-01  0.96653E+00  0.61375E-05
 0.85282E-01  0.96653E+00  0.62032E-05
 0.10204E+00  0.96653E+00  0.61048E-05
 0.12166E+00  0.96653E+00  0.58012E-05
 0.14443E+00  0.96653E+00  0.53686E-05
 0.17063E+00  0.96653E+00  0.50990E-05
 0.20047E+00  0.96653E+00  0.51982E-05
 0.23404E+00  0.96653E+00  0.52764E-05
 0.27131E+00  0.96653E+00  0.49772E-05
 0.31210E+00  0.96653E+00  0.43228E-05
 0.35601E+00  0.96653E+00  0.35536E-05
 0.40249E+00  0.96653E+00  0.30167E-05
 0.45077E+00  0.96653E+00  0.25988E-05
 0.50000E+00  0.96653E+00  0.23514E-05
 0.54923E+00  0.96653E+00  0.22801E-05
 0.59751E+00  0.96653E+00  0.23464E-05
 0.64399E+00  0.96653E+00  0.24150E-05
 0.68790E+00  0.96653E+00  0.27083E-05
 0.72869E+00  0.96653E+00  0.25166E-05
 0.76596E+00  0.96653E+00  0.22777E-05
 0.79953E+00  0.96653E+00  0.19948E-05
 0.82937E+00  0.96653E+00  0.20038E-05
 0.85557E+00  0.96653E+00  0.18710E-05
 0.87834E+00  0.96653E+00  0.16681E-05
 0.89796E+00  0.96653E+00  0.14100E-05
 0.91472E+00  0.96653E+00  0.11373E-05
 0.92895E+00  0.96653E+00  0.90509E-06
 0.94096E+00  0.96653E+00  0.73858E-06
 0.95105E+00  0.96653E+00  0.66604E-06
 0.95949E+00  0.96653E+00  0.77628E-06
 0.96653E+00  0.96653E+00  0.97060E-06
 0.97238E+00  0.96653E+00  0.16471E-05
 0.97724E+00  0.96653E+00  0.13188E-05
 0.98126E+00  0.96653E+00  0.12468E-05
 0.98458E+00  0.96653E+00  0.11628E-05
 0.98732E+00  0.96653E+00  0.10301E-05
 0.98958E+00  0.96653E+00  0.86544E-06
 0.99145E+00  0.96653E+00  0.72736E-06
 0.99298E+00  0.96653E+00  0.61429E-06
 0.99424E+00  0.96653E+00  0.51359E-06
 0.99528E+00  0.96653E+00  0.46222E-06
 0.99613E+00  0.96653E+00  0.47375E-06
 0.99683E+00  0.96653E+00  0.52727E-06
 0.99741E+00  0.96653E+00  0.59363E-06
 0.99788E+00  0.96653E+00  0.64925E-06
 0.99827E+00  0.96653E+00  0.68504E-06
 0.99859E+00  0.96653E+00  0.70135E-06
 0.99885E+00  0.96653E+00  0.69827E-06
 0.99906E+00  0.96653E+00  0.67785E-06
 0.99924E+00  0.96653E+00  0.64912E-06
 0.99938E+00  0.96653E+00  0.62149E-06
 0.99950E+00  0.96653E+00  0.59854E-06
 0.99960E+00  0.96653E+00  0.58101E-06
 0.99968E+00  0.96653E+00  0.56853E-06
 0.99975E+00  0.96653E+00  0.56023E-06
 0.99980E+00  0.96653E+00  0.55509E-06
 0.99984E+00  0.96653E+00  0.55215E-06
 0.99988E+00  0.96653E+00  0.55060E-06
 0.99991E+00  0.96653E+00  0.54987E-06
 0.99993E+00  0.96653E+00  0.54958E-06
 0.99995E+00  0.96653E+00  0.54951E-06
 0.99997E+00  0.96653E+00  0.54952E-06
 0.99998E+00  0.96653E+00  0.54955E-06
 0.10000E+01  0.96653E+00  0.54957E-06
 0.10000E+01  0.96653E+00  0.00000E+00
 0.00000E+00  0.97238E+00  0.00000E+00
 0.49709E-05  0.97238E+00  0.39290E-05
 0.16001E-04  0.97238E+00  0.39295E-05
 0.29447E-04  0.97238E+00  0.39308E-05
 0.45836E-04  0.97238E+00  0.39333E-05
 0.65814E-04  0.97238E+00  0.39377E-05
 0.90165E-04  0.97238E+00  0.39447E-05
 0.11985E-03  0.97238E+00  0.39556E-05
 0.15603E-03  0.97238E+00  0.39715E-05
 0.20013E-03  0.97238E+00  0.39940E-05
 0.25388E-03  0.97238E+00  0.40247E-05
 0.31939E-03  0.97238E+00  0.40651E-05
 0.39924E-03  0.97238E+00  0.41161E-05
 0.49656E-03  0.97238E+00  0.41775E-05
 0.61516E-03  0.97238E+00  0.42477E-05
 0.75970E-03  0.97238E+00  0.43237E-05
 0.93583E-03  0.97238E+00  0.44017E-05
 0.11504E-02  0.97238E+00  0.44791E-05
 0.14119E-02  0.97238E+00  0.45601E-05
 0.17305E-02  0.97238E+00  0.46675E-05
 0.21186E-02  0.97238E+00  0.48315E-05
 0.25912E-02  0.97238E+00  0.50408E-05
 0.31667E-02  0.97238E+00  0.52116E-05
 0.38673E-02  0.97238E+00  0.52526E-05
 0.47200E-02  0.97238E+00  0.51852E-05
 0.57574E-02  0.97238E+00  0.51519E-05
 0.70191E-02  0.97238E+00  0.51326E-05
 0.85527E-02  0.97238E+00  0.50449E-05
 0.10416E-01  0.97238E+00  0.49203E-05
 0.12677E-01  0.97238E+00  0.48123E-05
 0.15420E-01  0.97238E+00  0.47317E-05
 0.18742E-01  0.97238E+00  0.46661E-05
 0.22762E-01  0.97238E+00  0.45883E-05
 0.27617E-01  0.97238E+00  0.44511E-05
 0.33469E-01  0.97238E+00  0.44320E-05
 0.40509E-01  0.97238E+00  0.44555E-05
 0.48950E-01  0.97238E+00  0.46348E-05
 0.59040E-01  0.97238E+00  0.45908E-05
 0.71052E-01  0.97238E+00  0.46401E-05
 0.85282E-01  0.97238E+00  0.45982E-05
 0.10204E+00  0.97238E+00  0.43813E-05
 0.12166E+00  0.97238E+00  0.39697E-05
 0.14443E+00  0.97238E+00  0.34756E-05
 0.17063E+00  0.97238E+00  0.32260E-05
 0.20047E+00  0.97238E+00  0.33528E-05
 0.23404E+00  0.97238E+00  0.33769E-05
 0.27131E+00  0.97238E+00  0.30782E-05
 0.31210E+00  0.97238E+00  0.24580E-05
 0.35601E+00  0.97238E+00  0.17643E-05
 0.40249E+00  0.97238E+00  0.13178E-05
 0.45077E+00  0.97238E+00  0.94038E-06
 0.50000E+00  0.97238E+00  0.74961E-06
 0.54923E+00  0.97238E+00  0.74139E-06
 0.59751E+00  0.97238E+00  0.85547E-06
 0.64399E+00  0.97238E+00  0.10747E-05
 0.68790E+00  0.97238E+00  0.13976E-05
 0.72869E+00  0.97238E+00  0.12279E-05
 0.76596E+00  0.97238E+00  0.10142E-05
 0.79953E+00  0.97238E+00  0.89687E-06
 0.82937E+00  0.97238E+00  0.87548E-06
 0.85557E+00  0.97238E+00  0.70262E-06
 0.87834E+00  0.97238E+00  0.44815E-06
 0.89796E+00  0.97238E+00  0.13849E-06
 0.91472E+00  0.97238E+00 -0.16356E-06
 0.92895E+00  0.97238E+00 -0.41998E-06
 0.94096E+00  0.97238E+00 -0.60242E-06
 0.95105E+00  0.97238E+00 -0.66079E-06
 0.95949E+00  0.97238E+00 -0.59704E-06
 0.96653E+00  0.97238E+00 -0.44340E-06
 0.97238E+00  0.97238E+00 -0.13375E-06
 0.97724E+00  0.97238E+00  0.49077E-06
 0.98126E+00  0.97238E+00  0.48339E-07
 0.98458E+00  0.97238E+00 -0.15511E-06
 0.98732E+00  0.97238E+00 -0.34501E-06
 0.98958E+00  0.97238E+00 -0.50250E-06
 0.99145E+00  0.97238E+00 -0.62704E-06
 0.99298E+00  0.97238E+00 -0.73352E-06
 0.99424E+00  0.97238E+00 -0.84194E-06
 0.99528E+00  0.97238E+00 -0.89238E-06
 0.99613E+00  0.97238E+00 -0.87639E-06
 0.99683E+00  0.97238E+00 -0.81157E-06
 0.99741E+00  0.97238E+00 -0.72624E-06
 0.99788E+00  0.97238E+00 -0.64385E-06
 0.99827E+00  0.97238E+00 -0.57696E-06
 0.99859E+00  0.97238E+00 -0.52754E-06
 0.99885E+00  0.97238E+00 -0.49615E-06
 0.99906E+00  0.97238E+00 -0.48219E-06
 0.99924E+00  0.97238E+00 -0.47979E-06
 0.99938E+00  0.97238E+00 -0.48071E-06
 0.99950E+00  0.97238E+00 -0.48126E-06
 0.99960E+00  0.97238E+00 -0.48047E-06
 0.99968E+00  0.97238E+00 -0.47840E-06
 0.99975E+00  0.97238E+00 -0.47547E-06
 0.99980E+00  0.97238E+00 -0.47219E-06
 0.99984E+00  0.97238E+00 -0.46902E-06
 0.99988E+00  0.97238E+00 -0.46625E-06
 0.99991E+00  0.97238E+00 -0.46402E-06
 0.99993E+00  0.97238E+00 -0.46237E-06
 0.99995E+00  0.97238E+00 -0.46123E-06
 0.99997E+00  0.97238E+00 -0.46052E-06
 0.99998E+00  0.97238E+00 -0.46013E-06
 0.10000E+01  0.97238E+00 -0.45997E-06
 0.10000E+01  0.97238E+00  0.00000E+00
 0.00000E+00  0.97724E+00  0.00000E+00
 0.49709E-05  0.97724E+00  0.29067E-05
 0.16001E-04  0.97724E+00  0.29070E-05
 0.29447E-04  0.97724E+00  0.29079E-05
 0.45836E-04  0.97724E+00  0.29098E-05
 0.65814E-04  0.97724E+00  0.29130E-05
 0.90165E-04  0.97724E+00  0.29181E-05
 0.11985E-03  0.97724E+00  0.29260E-05
 0.15603E-03  0.97724E+00  0.29378E-05
 0.20013E-03  0.97724E+00  0.29545E-05
 0.25388E-03  0.97724E+00  0.29776E-05
 0.31939E-03  0.97724E+00  0.30082E-05
 0.39924E-03  0.97724E+00  0.30472E-05
 0.49656E-03  0.97724E+00  0.30947E-05
 0.61516E-03  0.97724E+00  0.31498E-05
 0.75970E-03  0.97724E+00  0.32104E-05
 0.93583E-03  0.97724E+00  0.32735E-05
 0.11504E-02  0.97724E+00  0.33368E-05
 0.14119E-02  0.97724E+00  0.34012E-05
 0.17305E-02  0.97724E+00  0.34805E-05
 0.21186E-02  0.97724E+00  0.36055E-05
 0.25912E-02  0.97724E+00  0.37837E-05
 0.31667E-02  0.97724E+00  0.39618E-05
 0.38673E-02  0.97724E+00  0.40459E-05
 0.47200E-02  0.97724E+00  0.40038E-05
 0.57574E-02  0.97724E+00  0.39365E-05
 0.70191E-02  0.97724E+00  0.39106E-05
 0.85527E-02  0.97724E+00  0.38114E-05
 0.10416E-01  0.97724E+00  0.36472E-05
 0.12677E-01  0.97724E+00  0.34859E-05
 0.15420E-01  0.97724E+00  0.33525E-05
 0.18742E-01  0.97724E+00  0.32204E-05
 0.22762E-01  0.97724E+00  0.30386E-05
 0.27617E-01  0.97724E+00  0.29737E-05
 0.33469E-01  0.97724E+00  0.29491E-05
 0.40509E-01  0.97724E+00  0.29516E-05
 0.48950E-01  0.97724E+00  0.30953E-05
 0.59040E-01  0.97724E+00  0.30318E-05
 0.71052E-01  0.97724E+00  0.29713E-05
 0.85282E-01  0.97724E+00  0.28152E-05
 0.10204E+00  0.97724E+00  0.24783E-05
 0.12166E+00  0.97724E+00  0.19672E-05
 0.14443E+00  0.97724E+00  0.14329E-05
 0.17063E+00  0.97724E+00  0.12111E-05
 0.20047E+00  0.97724E+00  0.13161E-05
 0.23404E+00  0.97724E+00  0.13391E-05
 0.27131E+00  0.97724E+00  0.11026E-05
 0.31210E+00  0.97724E+00  0.50220E-06
 0.35601E+00  0.97724E+00 -0.12600E-06
 0.40249E+00  0.97724E+00 -0.54399E-06
 0.45077E+00  0.97724E+00 -0.88626E-06
 0.50000E+00  0.97724E+00 -0.10197E-05
 0.54923E+00  0.97724E+00 -0.89977E-06
 0.59751E+00  0.97724E+00 -0.66088E-06
 0.64399E+00  0.97724E+00 -0.21829E-06
 0.68790E+00  0.97724E+00  0.11122E-06
 0.72869E+00  0.97724E+00  0.27159E-07
 0.76596E+00  0.97724E+00 -0.16398E-06
 0.79953E+00  0.97724E+00 -0.92341E-07
 0.82937E+00  0.97724E+00 -0.10589E-06
 0.85557E+00  0.97724E+00 -0.29890E-06
 0.87834E+00  0.97724E+00 -0.57970E-06
 0.89796E+00  0.97724E+00 -0.90792E-06
 0.91472E+00  0.97724E+00 -0.12217E-05
 0.92895E+00  0.97724E+00 -0.14954E-05
 0.94096E+00  0.97724E+00 -0.16958E-05
 0.95105E+00  0.97724E+00 -0.17303E-05
 0.95949E+00  0.97724E+00 -0.17277E-05
 0.96653E+00  0.97724E+00 -0.16162E-05
 0.97238E+00  0.97724E+00 -0.14331E-05
 0.97724E+00  0.97724E+00 -0.11690E-05
 0.98126E+00  0.97724E+00 -0.72999E-06
 0.98458E+00  0.97724E+00 -0.12465E-05
 0.98732E+00  0.97724E+00 -0.14650E-05
 0.98958E+00  0.97724E+00 -0.16100E-05
 0.99145E+00  0.97724E+00 -0.17276E-05
 0.99298E+00  0.97724E+00 -0.18504E-05
 0.99424E+00  0.97724E+00 -0.19657E-05
 0.99528E+00  0.97724E+00 -0.20199E-05
 0.99613E+00  0.97724E+00 -0.19999E-05
 0.99683E+00  0.97724E+00 -0.19243E-05
 0.99741E+00  0.97724E+00 -0.18202E-05
 0.99788E+00  0.97724E+00 -0.17134E-05
 0.99827E+00  0.97724E+00 -0.16189E-05
 0.99859E+00  0.97724E+00 -0.15401E-05
 0.99885E+00  0.97724E+00 -0.14778E-05
 0.99906E+00  0.97724E+00 -0.14321E-05
 0.99924E+00  0.97724E+00 -0.13997E-05
 0.99938E+00  0.97724E+00 -0.13753E-05
 0.99950E+00  0.97724E+00 -0.13551E-05
 0.99960E+00  0.97724E+00 -0.13377E-05
 0.99968E+00  0.97724E+00 -0.13225E-05
 0.99975E+00  0.97724E+00 -0.13097E-05
 0.99980E+00  0.97724E+00 -0.12990E-05
 0.99984E+00  0.97724E+00 -0.12905E-05
 0.99988E+00  0.97724E+00 -0.12841E-05
 0.99991E+00  0.97724E+00 -0.12793E-05
 0.99993E+00  0.97724E+00 -0.12760E-05
 0.99995E+00  0.97724E+00 -0.12739E-05
 0.99997E+00  0.97724E+00 -0.12726E-05
 0.99998E+00  0.97724E+00 -0.12719E-05
 0.10000E+01  0.97724E+00 -0.12716E-05
 0.10000E+01  0.97724E+00  0.00000E+00
 0.00000E+00  0.98126E+00  0.00000E+00
 0.49709E-05  0.98126E+00  0.19787E-05
 0.16001E-04  0.98126E+00  0.19789E-05
 0.29447E-04  0.98126E+00  0.19795E-05
 0.45836E-04  0.98126E+00  0.19806E-05
 0.65814E-04  0.98126E+00  0.19826E-05
 0.90165E-04  0.98126E+00  0.19858E-05
 0.11985E-03  0.98126E+00  0.19909E-05
 0.15603E-03  0.98126E+00  0.19984E-05
 0.20013E-03  0.98126E+00  0.20092E-05
 0.25388E-03  0.98126E+00  0.20242E-05
 0.31939E-03  0.98126E+00  0.20444E-05
 0.39924E-03  0.98126E+00  0.20704E-05
 0.49656E-03  0.98126E+00  0.21024E-05
 0.61516E-03  0.98126E+00  0.21401E-05
 0.75970E-03  0.98126E+00  0.21820E-05
 0.93583E-03  0.98126E+00  0.22265E-05
 0.11504E-02  0.98126E+00  0.22719E-05
 0.14119E-02  0.98126E+00  0.23185E-05
 0.17305E-02  0.98126E+00  0.23745E-05
 0.21186E-02  0.98126E+00  0.24646E-05
 0.25912E-02  0.98126E+00  0.26065E-05
 0.31667E-02  0.98126E+00  0.27775E-05
 0.38673E-02  0.98126E+00  0.29061E-05
 0.47200E-02  0.98126E+00  0.29211E-05
 0.57574E-02  0.98126E+00  0.28496E-05
 0.70191E-02  0.98126E+00  0.28135E-05
 0.85527E-02  0.98126E+00  0.26989E-05
 0.10416E-01  0.98126E+00  0.24856E-05
 0.12677E-01  0.98126E+00  0.22512E-05
 0.15420E-01  0.98126E+00  0.20322E-05
 0.18742E-01  0.98126E+00  0.17944E-05
 0.22762E-01  0.98126E+00  0.16708E-05
 0.27617E-01  0.98126E+00  0.16134E-05
 0.33469E-01  0.98126E+00  0.15945E-05
 0.40509E-01  0.98126E+00  0.15849E-05
 0.48950E-01  0.98126E+00  0.15897E-05
 0.59040E-01  0.98126E+00  0.16597E-05
 0.71052E-01  0.98126E+00  0.14516E-05
 0.85282E-01  0.98126E+00  0.11930E-05
 0.10204E+00  0.98126E+00  0.75580E-06
 0.12166E+00  0.98126E+00  0.17553E-06
 0.14443E+00  0.98126E+00 -0.36421E-06
 0.17063E+00  0.98126E+00 -0.55816E-06
 0.20047E+00  0.98126E+00 -0.46822E-06
 0.23404E+00  0.98126E+00 -0.36579E-06
 0.27131E+00  0.98126E+00 -0.55826E-06
 0.31210E+00  0.98126E+00 -0.11956E-05
 0.35601E+00  0.98126E+00 -0.17858E-05
 0.40249E+00  0.98126E+00 -0.22475E-05
 0.45077E+00  0.98126E+00 -0.25609E-05
 0.50000E+00  0.98126E+00 -0.26193E-05
 0.54923E+00  0.98126E+00 -0.23044E-05
 0.59751E+00  0.98126E+00 -0.18648E-05
 0.64399E+00  0.98126E+00 -0.11990E-05
 0.68790E+00  0.98126E+00 -0.87625E-06
 0.72869E+00  0.98126E+00 -0.87301E-06
 0.76596E+00  0.98126E+00 -0.98675E-06
 0.79953E+00  0.98126E+00 -0.74322E-06
 0.82937E+00  0.98126E+00 -0.75582E-06
 0.85557E+00  0.98126E+00 -0.94801E-06
 0.87834E+00  0.98126E+00 -0.12291E-05
 0.89796E+00  0.98126E+00 -0.15473E-05
 0.91472E+00  0.98126E+00 -0.18582E-05
 0.92895E+00  0.98126E+00 -0.21436E-05
 0.94096E+00  0.98126E+00 -0.23494E-05
 0.95105E+00  0.98126E+00 -0.24394E-05
 0.95949E+00  0.98126E+00 -0.24721E-05
 0.96653E+00  0.98126E+00 -0.24338E-05
 0.97238E+00  0.98126E+00 -0.23646E-05
 0.97724E+00  0.98126E+00 -0.22587E-05
 0.98126E+00  0.98126E+00 -0.20337E-05
 0.98458E+00  0.98126E+00 -0.16659E-05
 0.98732E+00  0.98126E+00 -0.20715E-05
 0.98958E+00  0.98126E+00 -0.22547E-05
 0.99145E+00  0.98126E+00 -0.24029E-05
 0.99298E+00  0.98126E+00 -0.25420E-05
 0.99424E+00  0.98126E+00 -0.26739E-05
 0.99528E+00  0.98126E+00 -0.27350E-05
 0.99613E+00  0.98126E+00 -0.27142E-05
 0.99683E+00  0.98126E+00 -0.26286E-05
 0.99741E+00  0.98126E+00 -0.25092E-05
 0.99788E+00  0.98126E+00 -0.23840E-05
 0.99827E+00  0.98126E+00 -0.22693E-05
 0.99859E+00  0.98126E+00 -0.21697E-05
 0.99885E+00  0.98126E+00 -0.20858E-05
 0.99906E+00  0.98126E+00 -0.20183E-05
 0.99924E+00  0.98126E+00 -0.19654E-05
 0.99938E+00  0.98126E+00 -0.19231E-05
 0.99950E+00  0.98126E+00 -0.18881E-05
 0.99960E+00  0.98126E+00 -0.18587E-05
 0.99968E+00  0.98126E+00 -0.18343E-05
 0.99975E+00  0.98126E+00 -0.18145E-05
 0.99980E+00  0.98126E+00 -0.17987E-05
 0.99984E+00  0.98126E+00 -0.17865E-05
 0.99988E+00  0.98126E+00 -0.17775E-05
 0.99991E+00  0.98126E+00 -0.17711E-05
 0.99993E+00  0.98126E+00 -0.17667E-05
 0.99995E+00  0.98126E+00 -0.17639E-05
 0.99997E+00  0.98126E+00 -0.17622E-05
 0.99998E+00  0.98126E+00 -0.17613E-05
 0.10000E+01  0.98126E+00 -0.17610E-05
 0.10000E+01  0.98126E+00  0.00000E+00
 0.00000E+00  0.98458E+00  0.00000E+00
 0.49709E-05  0.98458E+00  0.12695E-05
 0.16001E-04  0.98458E+00  0.12696E-05
 0.29447E-04  0.98458E+00  0.12699E-05
 0.45836E-04  0.98458E+00  0.12704E-05
 0.65814E-04  0.98458E+00  0.12714E-05
 0.90165E-04  0.98458E+00  0.12730E-05
 0.11985E-03  0.98458E+00  0.12755E-05
 0.15603E-03  0.98458E+00  0.12794E-05
 0.20013E-03  0.98458E+00  0.12850E-05
 0.25388E-03  0.98458E+00  0.12930E-05
 0.31939E-03  0.98458E+00  0.13039E-05
 0.39924E-03  0.98458E+00  0.13180E-05
 0.49656E-03  0.98458E+00  0.13357E-05
 0.61516E-03  0.98458E+00  0.13566E-05
 0.75970E-03  0.98458E+00  0.13802E-05
 0.93583E-03  0.98458E+00  0.14055E-05
 0.11504E-02  0.98458E+00  0.14316E-05
 0.14119E-02  0.98458E+00  0.14587E-05
 0.17305E-02  0.98458E+00  0.14923E-05
 0.21186E-02  0.98458E+00  0.15511E-05
 0.25912E-02  0.98458E+00  0.16558E-05
 0.31667E-02  0.98458E+00  0.18064E-05
 0.38673E-02  0.98458E+00  0.19607E-05
 0.47200E-02  0.98458E+00  0.20437E-05
 0.57574E-02  0.98458E+00  0.20174E-05
 0.70191E-02  0.98458E+00  0.19785E-05
 0.85527E-02  0.98458E+00  0.18494E-05
 0.10416E-01  0.98458E+00  0.15849E-05
 0.12677E-01  0.98458E+00  0.12530E-05
 0.15420E-01  0.98458E+00  0.91587E-06
 0.18742E-01  0.98458E+00  0.70153E-06
 0.22762E-01  0.98458E+00  0.58533E-06
 0.27617E-01  0.98458E+00  0.53709E-06
 0.33469E-01  0.98458E+00  0.52683E-06
 0.40509E-01  0.98458E+00  0.52598E-06
 0.48950E-01  0.98458E+00  0.50201E-06
 0.59040E-01  0.98458E+00  0.51166E-06
 0.71052E-01  0.98458E+00  0.30421E-06
 0.85282E-01  0.98458E+00 -0.31170E-07
 0.10204E+00  0.98458E+00 -0.52821E-06
 0.12166E+00  0.98458E+00 -0.11291E-05
 0.14443E+00  0.98458E+00 -0.16427E-05
 0.17063E+00  0.98458E+00 -0.18156E-05
 0.20047E+00  0.98458E+00 -0.16720E-05
 0.23404E+00  0.98458E+00 -0.14678E-05
 0.27131E+00  0.98458E+00 -0.17158E-05
 0.31210E+00  0.98458E+00 -0.24375E-05
 0.35601E+00  0.98458E+00 -0.30340E-05
 0.40249E+00  0.98458E+00 -0.35807E-05
 0.45077E+00  0.98458E+00 -0.38679E-05
 0.50000E+00  0.98458E+00 -0.38039E-05
 0.54923E+00  0.98458E+00 -0.32425E-05
 0.59751E+00  0.98458E+00 -0.25545E-05
 0.64399E+00  0.98458E+00 -0.17249E-05
 0.68790E+00  0.98458E+00 -0.14009E-05
 0.72869E+00  0.98458E+00 -0.13479E-05
 0.76596E+00  0.98458E+00 -0.12822E-05
 0.79953E+00  0.98458E+00 -0.96886E-06
 0.82937E+00  0.98458E+00 -0.98992E-06
 0.85557E+00  0.98458E+00 -0.11767E-05
 0.87834E+00  0.98458E+00 -0.14432E-05
 0.89796E+00  0.98458E+00 -0.17334E-05
 0.91472E+00  0.98458E+00 -0.20265E-05
 0.92895E+00  0.98458E+00 -0.23116E-05
 0.94096E+00  0.98458E+00 -0.25114E-05
 0.95105E+00  0.98458E+00 -0.26904E-05
 0.95949E+00  0.98458E+00 -0.27943E-05
 0.96653E+00  0.98458E+00 -0.28527E-05
 0.97238E+00  0.98458E+00 -0.28741E-05
 0.97724E+00  0.98458E+00 -0.28077E-05
 0.98126E+00  0.98458E+00 -0.26148E-05
 0.98458E+00  0.98458E+00 -0.23135E-05
 0.98732E+00  0.98458E+00 -0.20037E-05
 0.98958E+00  0.98458E+00 -0.23654E-05
 0.99145E+00  0.98458E+00 -0.25663E-05
 0.99298E+00  0.98458E+00 -0.27389E-05
 0.99424E+00  0.98458E+00 -0.28910E-05
 0.99528E+00  0.98458E+00 -0.29643E-05
 0.99613E+00  0.98458E+00 -0.29446E-05
 0.99683E+00  0.98458E+00 -0.28547E-05
 0.99741E+00  0.98458E+00 -0.27278E-05
 0.99788E+00  0.98458E+00 -0.25932E-05
 0.99827E+00  0.98458E+00 -0.24680E-05
 0.99859E+00  0.98458E+00 -0.23572E-05
 0.99885E+00  0.98458E+00 -0.22617E-05
 0.99906E+00  0.98458E+00 -0.21819E-05
 0.99924E+00  0.98458E+00 -0.21170E-05
 0.99938E+00  0.98458E+00 -0.20641E-05
 0.99950E+00  0.98458E+00 -0.20205E-05
 0.99960E+00  0.98458E+00 -0.19845E-05
 0.99968E+00  0.98458E+00 -0.19552E-05
 0.99975E+00  0.98458E+00 -0.19318E-05
 0.99980E+00  0.98458E+00 -0.19135E-05
 0.99984E+00  0.98458E+00 -0.18997E-05
 0.99988E+00  0.98458E+00 -0.18896E-05
 0.99991E+00  0.98458E+00 -0.18825E-05
 0.99993E+00  0.98458E+00 -0.18777E-05
 0.99995E+00  0.98458E+00 -0.18746E-05
 0.99997E+00  0.98458E+00 -0.18728E-05
 0.99998E+00  0.98458E+00 -0.18718E-05
 0.10000E+01  0.98458E+00 -0.18714E-05
 0.10000E+01  0.98458E+00  0.00000E+00
 0.00000E+00  0.98732E+00  0.00000E+00
 0.49709E-05  0.98732E+00  0.79912E-06
 0.16001E-04  0.98732E+00  0.79914E-06
 0.29447E-04  0.98732E+00  0.79918E-06
 0.45836E-04  0.98732E+00  0.79928E-06
 0.65814E-04  0.98732E+00  0.79949E-06
 0.90165E-04  0.98732E+00  0.79986E-06
 0.11985E-03  0.98732E+00  0.80051E-06
 0.15603E-03  0.98732E+00  0.80159E-06
 0.20013E-03  0.98732E+00  0.80330E-06
 0.25388E-03  0.98732E+00  0.80587E-06
 0.31939E-03  0.98732E+00  0.80953E-06
 0.39924E-03  0.98732E+00  0.81447E-06
 0.49656E-03  0.98732E+00  0.82075E-06
 0.61516E-03  0.98732E+00  0.82833E-06
 0.75970E-03  0.98732E+00  0.83698E-06
 0.93583E-03  0.98732E+00  0.84627E-06
 0.11504E-02  0.98732E+00  0.85567E-06
 0.14119E-02  0.98732E+00  0.86475E-06
 0.17305E-02  0.98732E+00  0.87717E-06
 0.21186E-02  0.98732E+00  0.90739E-06
 0.25912E-02  0.98732E+00  0.97769E-06
 0.31667E-02  0.98732E+00  0.11000E-05
 0.38673E-02  0.98732E+00  0.12568E-05
 0.47200E-02  0.98732E+00  0.13893E-05
 0.57574E-02  0.98732E+00  0.14298E-05
 0.70191E-02  0.98732E+00  0.13973E-05
 0.85527E-02  0.98732E+00  0.12705E-05
 0.10416E-01  0.98732E+00  0.96636E-06
 0.12677E-01  0.98732E+00  0.54697E-06
 0.15420E-01  0.98732E+00  0.19673E-06
 0.18742E-01  0.98732E+00 -0.36168E-07
 0.22762E-01  0.98732E+00 -0.16080E-06
 0.27617E-01  0.98732E+00 -0.20451E-06
 0.33469E-01  0.98732E+00 -0.19542E-06
 0.40509E-01  0.98732E+00 -0.17865E-06
 0.48950E-01  0.98732E+00 -0.20367E-06
 0.59040E-01  0.98732E+00 -0.28835E-06
 0.71052E-01  0.98732E+00 -0.38305E-06
 0.85282E-01  0.98732E+00 -0.77200E-06
 0.10204E+00  0.98732E+00 -0.12757E-05
 0.12166E+00  0.98732E+00 -0.18484E-05
 0.14443E+00  0.98732E+00 -0.23259E-05
 0.17063E+00  0.98732E+00 -0.24740E-05
 0.20047E+00  0.98732E+00 -0.22003E-05
 0.23404E+00  0.98732E+00 -0.19734E-05
 0.27131E+00  0.98732E+00 -0.23873E-05
 0.31210E+00  0.98732E+00 -0.32030E-05
 0.35601E+00  0.98732E+00 -0.38568E-05
 0.40249E+00  0.98732E+00 -0.44830E-05
 0.45077E+00  0.98732E+00 -0.47304E-05
 0.50000E+00  0.98732E+00 -0.44729E-05
 0.54923E+00  0.98732E+00 -0.36427E-05
 0.59751E+00  0.98732E+00 -0.27068E-05
 0.64399E+00  0.98732E+00 -0.17845E-05
 0.68790E+00  0.98732E+00 -0.14477E-05
 0.72869E+00  0.98732E+00 -0.13662E-05
 0.76596E+00  0.98732E+00 -0.10720E-05
 0.79953E+00  0.98732E+00 -0.80603E-06
 0.82937E+00  0.98732E+00 -0.85279E-06
 0.85557E+00  0.98732E+00 -0.10482E-05
 0.87834E+00  0.98732E+00 -0.12970E-05
 0.89796E+00  0.98732E+00 -0.15482E-05
 0.91472E+00  0.98732E+00 -0.18064E-05
 0.92895E+00  0.98732E+00 -0.20689E-05
 0.94096E+00  0.98732E+00 -0.23240E-05
 0.95105E+00  0.98732E+00 -0.25742E-05
 0.95949E+00  0.98732E+00 -0.27660E-05
 0.96653E+00  0.98732E+00 -0.28990E-05
 0.97238E+00  0.98732E+00 -0.29290E-05
 0.97724E+00  0.98732E+00 -0.28251E-05
 0.98126E+00  0.98732E+00 -0.26122E-05
 0.98458E+00  0.98732E+00 -0.23784E-05
 0.98732E+00  0.98732E+00 -0.21303E-05
 0.98958E+00  0.98732E+00 -0.19234E-05
 0.99145E+00  0.98732E+00 -0.22513E-05
 0.99298E+00  0.98732E+00 -0.24817E-05
 0.99424E+00  0.98732E+00 -0.26629E-05
 0.99528E+00  0.98732E+00 -0.27491E-05
 0.99613E+00  0.98732E+00 -0.27367E-05
 0.99683E+00  0.98732E+00 -0.26499E-05
 0.99741E+00  0.98732E+00 -0.25238E-05
 0.99788E+00  0.98732E+00 -0.23883E-05
 0.99827E+00  0.98732E+00 -0.22614E-05
 0.99859E+00  0.98732E+00 -0.21490E-05
 0.99885E+00  0.98732E+00 -0.20516E-05
 0.99906E+00  0.98732E+00 -0.19699E-05
 0.99924E+00  0.98732E+00 -0.19026E-05
 0.99938E+00  0.98732E+00 -0.18477E-05
 0.99950E+00  0.98732E+00 -0.18027E-05
 0.99960E+00  0.98732E+00 -0.17660E-05
 0.99968E+00  0.98732E+00 -0.17363E-05
 0.99975E+00  0.98732E+00 -0.17129E-05
 0.99980E+00  0.98732E+00 -0.16948E-05
 0.99984E+00  0.98732E+00 -0.16812E-05
 0.99988E+00  0.98732E+00 -0.16713E-05
 0.99991E+00  0.98732E+00 -0.16645E-05
 0.99993E+00  0.98732E+00 -0.16598E-05
 0.99995E+00  0.98732E+00 -0.16569E-05
 0.99997E+00  0.98732E+00 -0.16552E-05
 0.99998E+00  0.98732E+00 -0.16543E-05
 0.10000E+01  0.98732E+00 -0.16539E-05
 0.10000E+01  0.98732E+00  0.00000E+00
 0.00000E+00  0.98958E+00  0.00000E+00
 0.49709E-05  0.98958E+00  0.53483E-06
 0.16001E-04  0.98958E+00  0.53479E-06
 0.29447E-04  0.98958E+00  0.53469E-06
 0.45836E-04  0.98958E+00  0.53451E-06
 0.65814E-04  0.98958E+00  0.53423E-06
 0.90165E-04  0.98958E+00  0.53380E-06
 0.11985E-03  0.98958E+00  0.53323E-06
 0.15603E-03  0.98958E+00  0.53249E-06
 0.20013E-03  0.98958E+00  0.53160E-06
 0.25388E-03  0.98958E+00  0.53057E-06
 0.31939E-03  0.98958E+00  0.52943E-06
 0.39924E-03  0.98958E+00  0.52819E-06
 0.49656E-03  0.98958E+00  0.52681E-06
 0.61516E-03  0.98958E+00  0.52532E-06
 0.75970E-03  0.98958E+00  0.52379E-06
 0.93583E-03  0.98958E+00  0.52219E-06
 0.11504E-02  0.98958E+00  0.51993E-06
 0.14119E-02  0.98958E+00  0.51588E-06
 0.17305E-02  0.98958E+00  0.51101E-06
 0.21186E-02  0.98958E+00  0.51680E-06
 0.25912E-02  0.98958E+00  0.55663E-06
 0.31667E-02  0.98958E+00  0.64782E-06
 0.38673E-02  0.98958E+00  0.78676E-06
 0.47200E-02  0.98958E+00  0.93587E-06
 0.57574E-02  0.98958E+00  0.10246E-05
 0.70191E-02  0.98958E+00  0.99959E-06
 0.85527E-02  0.98958E+00  0.88377E-06
 0.10416E-01  0.98958E+00  0.58517E-06
 0.12677E-01  0.98958E+00  0.19133E-06
 0.15420E-01  0.98958E+00 -0.17115E-06
 0.18742E-01  0.98958E+00 -0.43127E-06
 0.22762E-01  0.98958E+00 -0.57480E-06
 0.27617E-01  0.98958E+00 -0.61917E-06
 0.33469E-01  0.98958E+00 -0.59627E-06
 0.40509E-01  0.98958E+00 -0.56356E-06
 0.48950E-01  0.98958E+00 -0.57466E-06
 0.59040E-01  0.98958E+00 -0.64882E-06
 0.71052E-01  0.98958E+00 -0.76190E-06
 0.85282E-01  0.98958E+00 -0.10659E-05
 0.10204E+00  0.98958E+00 -0.15269E-05
 0.12166E+00  0.98958E+00 -0.20451E-05
 0.14443E+00  0.98958E+00 -0.24910E-05
 0.17063E+00  0.98958E+00 -0.25607E-05
 0.20047E+00  0.98958E+00 -0.21816E-05
 0.23404E+00  0.98958E+00 -0.20657E-05
 0.27131E+00  0.98958E+00 -0.26976E-05
 0.31210E+00  0.98958E+00 -0.35873E-05
 0.35601E+00  0.98958E+00 -0.43346E-05
 0.40249E+00  0.98958E+00 -0.49998E-05
 0.45077E+00  0.98958E+00 -0.51658E-05
 0.50000E+00  0.98958E+00 -0.46483E-05
 0.54923E+00  0.98958E+00 -0.35660E-05
 0.59751E+00  0.98958E+00 -0.24236E-05
 0.64399E+00  0.98958E+00 -0.14629E-05
 0.68790E+00  0.98958E+00 -0.11181E-05
 0.72869E+00  0.98958E+00 -0.98150E-06
 0.76596E+00  0.98958E+00 -0.56754E-06
 0.79953E+00  0.98958E+00 -0.37364E-06
 0.82937E+00  0.98958E+00 -0.47148E-06
 0.85557E+00  0.98958E+00 -0.69583E-06
 0.87834E+00  0.98958E+00 -0.92974E-06
 0.89796E+00  0.98958E+00 -0.11359E-05
 0.91472E+00  0.98958E+00 -0.13483E-05
 0.92895E+00  0.98958E+00 -0.15880E-05
 0.94096E+00  0.98958E+00 -0.19251E-05
 0.95105E+00  0.98958E+00 -0.22454E-05
 0.95949E+00  0.98958E+00 -0.24917E-05
 0.96653E+00  0.98958E+00 -0.26176E-05
 0.97238E+00  0.98958E+00 -0.25900E-05
 0.97724E+00  0.98958E+00 -0.24354E-05
 0.98126E+00  0.98958E+00 -0.22396E-05
 0.98458E+00  0.98958E+00 -0.20510E-05
 0.98732E+00  0.98958E+00 -0.18523E-05
 0.98958E+00  0.98958E+00 -0.16337E-05
 0.99145E+00  0.98958E+00 -0.15771E-05
 0.99298E+00  0.98958E+00 -0.18877E-05
 0.99424E+00  0.98958E+00 -0.21077E-05
 0.99528E+00  0.98958E+00 -0.22149E-05
 0.99613E+00  0.98958E+00 -0.22172E-05
 0.99683E+00  0.98958E+00 -0.21418E-05
 0.99741E+00  0.98958E+00 -0.20236E-05
 0.99788E+00  0.98958E+00 -0.18942E-05
 0.99827E+00  0.98958E+00 -0.17729E-05
 0.99859E+00  0.98958E+00 -0.16662E-05
 0.99885E+00  0.98958E+00 -0.15747E-05
 0.99906E+00  0.98958E+00 -0.14985E-05
 0.99924E+00  0.98958E+00 -0.14361E-05
 0.99938E+00  0.98958E+00 -0.13854E-05
 0.99950E+00  0.98958E+00 -0.13443E-05
 0.99960E+00  0.98958E+00 -0.13110E-05
 0.99968E+00  0.98958E+00 -0.12844E-05
 0.99975E+00  0.98958E+00 -0.12636E-05
 0.99980E+00  0.98958E+00 -0.12476E-05
 0.99984E+00  0.98958E+00 -0.12357E-05
 0.99988E+00  0.98958E+00 -0.12271E-05
 0.99991E+00  0.98958E+00 -0.12211E-05
 0.99993E+00  0.98958E+00 -0.12172E-05
 0.99995E+00  0.98958E+00 -0.12146E-05
 0.99997E+00  0.98958E+00 -0.12131E-05
 0.99998E+00  0.98958E+00 -0.12124E-05
 0.10000E+01  0.98958E+00 -0.12121E-05
 0.10000E+01  0.98958E+00  0.00000E+00
 0.00000E+00  0.99145E+00  0.00000E+00
 0.49709E-05  0.99145E+00  0.42845E-06
 0.16001E-04  0.99145E+00  0.42838E-06
 0.29447E-04  0.99145E+00  0.42821E-06
 0.45836E-04  0.99145E+00  0.42788E-06
 0.65814E-04  0.99145E+00  0.42734E-06
 0.90165E-04  0.99145E+00  0.42650E-06
 0.11985E-03  0.99145E+00  0.42528E-06
 0.15603E-03  0.99145E+00  0.42358E-06
 0.20013E-03  0.99145E+00  0.42130E-06
 0.25388E-03  0.99145E+00  0.41834E-06
 0.31939E-03  0.99145E+00  0.41463E-06
 0.39924E-03  0.99145E+00  0.41008E-06
 0.49656E-03  0.99145E+00  0.40464E-06
 0.61516E-03  0.99145E+00  0.39840E-06
 0.75970E-03  0.99145E+00  0.39170E-06
 0.93583E-03  0.99145E+00  0.38506E-06
 0.11504E-02  0.99145E+00  0.37799E-06
 0.14119E-02  0.99145E+00  0.36867E-06
 0.17305E-02  0.99145E+00  0.35588E-06
 0.21186E-02  0.99145E+00  0.34779E-06
 0.25912E-02  0.99145E+00  0.36593E-06
 0.31667E-02  0.99145E+00  0.42833E-06
 0.38673E-02  0.99145E+00  0.53696E-06
 0.47200E-02  0.99145E+00  0.66868E-06
 0.57574E-02  0.99145E+00  0.76547E-06
 0.70191E-02  0.99145E+00  0.75001E-06
 0.85527E-02  0.99145E+00  0.64751E-06
 0.10416E-01  0.99145E+00  0.41381E-06
 0.12677E-01  0.99145E+00  0.74790E-07
 0.15420E-01  0.99145E+00 -0.27088E-06
 0.18742E-01  0.99145E+00 -0.54003E-06
 0.22762E-01  0.99145E+00 -0.69852E-06
 0.27617E-01  0.99145E+00 -0.75124E-06
 0.33469E-01  0.99145E+00 -0.73198E-06
 0.40509E-01  0.99145E+00 -0.69765E-06
 0.48950E-01  0.99145E+00 -0.69375E-06
 0.59040E-01  0.99145E+00 -0.74043E-06
 0.71052E-01  0.99145E+00 -0.85887E-06
 0.85282E-01  0.99145E+00 -0.10152E-05
 0.10204E+00  0.99145E+00 -0.14032E-05
 0.12166E+00  0.99145E+00 -0.18699E-05
 0.14443E+00  0.99145E+00 -0.22800E-05
 0.17063E+00  0.99145E+00 -0.22332E-05
 0.20047E+00  0.99145E+00 -0.18493E-05
 0.23404E+00  0.99145E+00 -0.19519E-05
 0.27131E+00  0.99145E+00 -0.27806E-05
 0.31210E+00  0.99145E+00 -0.37150E-05
 0.35601E+00  0.99145E+00 -0.45599E-05
 0.40249E+00  0.99145E+00 -0.52097E-05
 0.45077E+00  0.99145E+00 -0.52335E-05
 0.50000E+00  0.99145E+00 -0.44298E-05
 0.54923E+00  0.99145E+00 -0.31445E-05
 0.59751E+00  0.99145E+00 -0.18554E-05
 0.64399E+00  0.99145E+00 -0.89959E-06
 0.68790E+00  0.99145E+00 -0.55181E-06
 0.72869E+00  0.99145E+00 -0.32246E-06
 0.76596E+00  0.99145E+00  0.84531E-07
 0.79953E+00  0.99145E+00  0.18826E-06
 0.82937E+00  0.99145E+00  0.17366E-07
 0.85557E+00  0.99145E+00 -0.24973E-06
 0.87834E+00  0.99145E+00 -0.47505E-06
 0.89796E+00  0.99145E+00 -0.64113E-06
 0.91472E+00  0.99145E+00 -0.81467E-06
 0.92895E+00  0.99145E+00 -0.10878E-05
 0.94096E+00  0.99145E+00 -0.14743E-05
 0.95105E+00  0.99145E+00 -0.18218E-05
 0.95949E+00  0.99145E+00 -0.20418E-05
 0.96653E+00  0.99145E+00 -0.20951E-05
 0.97238E+00  0.99145E+00 -0.20015E-05
 0.97724E+00  0.99145E+00 -0.18393E-05
 0.98126E+00  0.99145E+00 -0.16611E-05
 0.98458E+00  0.99145E+00 -0.14970E-05
 0.98732E+00  0.99145E+00 -0.13287E-05
 0.98958E+00  0.99145E+00 -0.11432E-05
 0.99145E+00  0.99145E+00 -0.10302E-05
 0.99298E+00  0.99145E+00 -0.11164E-05
 0.99424E+00  0.99145E+00 -0.13742E-05
 0.99528E+00  0.99145E+00 -0.15109E-05
 0.99613E+00  0.99145E+00 -0.15339E-05
 0.99683E+00  0.99145E+00 -0.14740E-05
 0.99741E+00  0.99145E+00 -0.13685E-05
 0.99788E+00  0.99145E+00 -0.12504E-05
 0.99827E+00  0.99145E+00 -0.11400E-05
 0.99859E+00  0.99145E+00 -0.10445E-05
 0.99885E+00  0.99145E+00 -0.96456E-06
 0.99906E+00  0.99145E+00 -0.89922E-06
 0.99924E+00  0.99145E+00 -0.84671E-06
 0.99938E+00  0.99145E+00 -0.80468E-06
 0.99950E+00  0.99145E+00 -0.77102E-06
 0.99960E+00  0.99145E+00 -0.74410E-06
 0.99968E+00  0.99145E+00 -0.72277E-06
 0.99975E+00  0.99145E+00 -0.70617E-06
 0.99980E+00  0.99145E+00 -0.69354E-06
 0.99984E+00  0.99145E+00 -0.68418E-06
 0.99988E+00  0.99145E+00 -0.67746E-06
 0.99991E+00  0.99145E+00 -0.67279E-06
 0.99993E+00  0.99145E+00 -0.66969E-06
 0.99995E+00  0.99145E+00 -0.66772E-06
 0.99997E+00  0.99145E+00 -0.66656E-06
 0.99998E+00  0.99145E+00 -0.66596E-06
 0.10000E+01  0.99145E+00 -0.66573E-06
 0.10000E+01  0.99145E+00  0.00000E+00
 0.00000E+00  0.99298E+00  0.00000E+00
 0.49709E-05  0.99298E+00  0.44486E-06
 0.16001E-04  0.99298E+00  0.44479E-06
 0.29447E-04  0.99298E+00  0.44460E-06
 0.45836E-04  0.99298E+00  0.44424E-06
 0.65814E-04  0.99298E+00  0.44363E-06
 0.90165E-04  0.99298E+00  0.44269E-06
 0.11985E-03  0.99298E+00  0.44130E-06
 0.15603E-03  0.99298E+00  0.43933E-06
 0.20013E-03  0.99298E+00  0.43666E-06
 0.25388E-03  0.99298E+00  0.43316E-06
 0.31939E-03  0.99298E+00  0.42872E-06
 0.39924E-03  0.99298E+00  0.42324E-06
 0.49656E-03  0.99298E+00  0.41671E-06
 0.61516E-03  0.99298E+00  0.40931E-06
 0.75970E-03  0.99298E+00  0.40163E-06
 0.93583E-03  0.99298E+00  0.39477E-06
 0.11504E-02  0.99298E+00  0.38917E-06
 0.14119E-02  0.99298E+00  0.38215E-06
 0.17305E-02  0.99298E+00  0.37062E-06
 0.21186E-02  0.99298E+00  0.35855E-06
 0.25912E-02  0.99298E+00  0.36371E-06
 0.31667E-02  0.99298E+00  0.40344E-06
 0.38673E-02  0.99298E+00  0.48046E-06
 0.47200E-02  0.99298E+00  0.57936E-06
 0.57574E-02  0.99298E+00  0.65716E-06
 0.70191E-02  0.99298E+00  0.65432E-06
 0.85527E-02  0.99298E+00  0.56891E-06
 0.10416E-01  0.99298E+00  0.39100E-06
 0.12677E-01  0.99298E+00  0.11216E-06
 0.15420E-01  0.99298E+00 -0.19292E-06
 0.18742E-01  0.99298E+00 -0.44575E-06
 0.22762E-01  0.99298E+00 -0.60515E-06
 0.27617E-01  0.99298E+00 -0.67070E-06
 0.33469E-01  0.99298E+00 -0.67338E-06
 0.40509E-01  0.99298E+00 -0.65316E-06
 0.48950E-01  0.99298E+00 -0.64193E-06
 0.59040E-01  0.99298E+00 -0.65629E-06
 0.71052E-01  0.99298E+00 -0.70647E-06
 0.85282E-01  0.99298E+00 -0.79916E-06
 0.10204E+00  0.99298E+00 -0.10533E-05
 0.12166E+00  0.99298E+00 -0.14791E-05
 0.14443E+00  0.99298E+00 -0.18383E-05
 0.17063E+00  0.99298E+00 -0.16974E-05
 0.20047E+00  0.99298E+00 -0.14153E-05
 0.23404E+00  0.99298E+00 -0.17687E-05
 0.27131E+00  0.99298E+00 -0.27284E-05
 0.31210E+00  0.99298E+00 -0.36850E-05
 0.35601E+00  0.99298E+00 -0.46012E-05
 0.40249E+00  0.99298E+00 -0.51854E-05
 0.45077E+00  0.99298E+00 -0.50176E-05
 0.50000E+00  0.99298E+00 -0.39556E-05
 0.54923E+00  0.99298E+00 -0.25266E-05
 0.59751E+00  0.99298E+00 -0.11507E-05
 0.64399E+00  0.99298E+00 -0.22294E-06
 0.68790E+00  0.99298E+00  0.13252E-06
 0.72869E+00  0.99298E+00  0.44625E-06
 0.76596E+00  0.99298E+00  0.75847E-06
 0.79953E+00  0.99298E+00  0.76596E-06
 0.82937E+00  0.99298E+00  0.51275E-06
 0.85557E+00  0.99298E+00  0.19740E-06
 0.87834E+00  0.99298E+00 -0.31004E-07
 0.89796E+00  0.99298E+00 -0.17748E-06
 0.91472E+00  0.99298E+00 -0.34072E-06
 0.92895E+00  0.99298E+00 -0.65625E-06
 0.94096E+00  0.99298E+00 -0.10458E-05
 0.95105E+00  0.99298E+00 -0.13491E-05
 0.95949E+00  0.99298E+00 -0.14843E-05
 0.96653E+00  0.99298E+00 -0.14586E-05
 0.97238E+00  0.99298E+00 -0.13350E-05
 0.97724E+00  0.99298E+00 -0.11694E-05
 0.98126E+00  0.99298E+00 -0.10004E-05
 0.98458E+00  0.99298E+00 -0.85443E-06
 0.98732E+00  0.99298E+00 -0.71230E-06
 0.98958E+00  0.99298E+00 -0.55230E-06
 0.99145E+00  0.99298E+00 -0.44086E-06
 0.99298E+00  0.99298E+00 -0.45593E-06
 0.99424E+00  0.99298E+00 -0.60806E-06
 0.99528E+00  0.99298E+00 -0.76619E-06
 0.99613E+00  0.99298E+00 -0.80982E-06
 0.99683E+00  0.99298E+00 -0.76675E-06
 0.99741E+00  0.99298E+00 -0.67660E-06
 0.99788E+00  0.99298E+00 -0.57355E-06
 0.99827E+00  0.99298E+00 -0.47865E-06
 0.99859E+00  0.99298E+00 -0.39875E-06
 0.99885E+00  0.99298E+00 -0.33382E-06
 0.99906E+00  0.99298E+00 -0.28228E-06
 0.99924E+00  0.99298E+00 -0.24196E-06
 0.99938E+00  0.99298E+00 -0.21047E-06
 0.99950E+00  0.99298E+00 -0.18574E-06
 0.99960E+00  0.99298E+00 -0.16629E-06
 0.99968E+00  0.99298E+00 -0.15107E-06
 0.99975E+00  0.99298E+00 -0.13932E-06
 0.99980E+00  0.99298E+00 -0.13043E-06
 0.99984E+00  0.99298E+00 -0.12388E-06
 0.99988E+00  0.99298E+00 -0.11919E-06
 0.99991E+00  0.99298E+00 -0.11595E-06
 0.99993E+00  0.99298E+00 -0.11379E-06
 0.99995E+00  0.99298E+00 -0.11242E-06
 0.99997E+00  0.99298E+00 -0.11162E-06
 0.99998E+00  0.99298E+00 -0.11121E-06
 0.10000E+01  0.99298E+00 -0.11105E-06
 0.10000E+01  0.99298E+00  0.00000E+00
 0.00000E+00  0.99424E+00  0.00000E+00
 0.49709E-05  0.99424E+00  0.54786E-06
 0.16001E-04  0.99424E+00  0.54779E-06
 0.29447E-04  0.99424E+00  0.54763E-06
 0.45836E-04  0.99424E+00  0.54732E-06
 0.65814E-04  0.99424E+00  0.54679E-06
 0.90165E-04  0.99424E+00  0.54596E-06
 0.11985E-03  0.99424E+00  0.54474E-06
 0.15603E-03  0.99424E+00  0.54302E-06
 0.20013E-03  0.99424E+00  0.54069E-06
 0.25388E-03  0.99424E+00  0.53762E-06
 0.31939E-03  0.99424E+00  0.53374E-06
 0.39924E-03  0.99424E+00  0.52900E-06
 0.49656E-03  0.99424E+00  0.52344E-06
 0.61516E-03  0.99424E+00  0.51734E-06
 0.75970E-03  0.99424E+00  0.51152E-06
 0.93583E-03  0.99424E+00  0.50764E-06
 0.11504E-02  0.99424E+00  0.50749E-06
 0.14119E-02  0.99424E+00  0.50891E-06
 0.17305E-02  0.99424E+00  0.50587E-06
 0.21186E-02  0.99424E+00  0.49754E-06
 0.25912E-02  0.99424E+00  0.49610E-06
 0.31667E-02  0.99424E+00  0.51879E-06
 0.38673E-02  0.99424E+00  0.56898E-06
 0.47200E-02  0.99424E+00  0.63513E-06
 0.57574E-02  0.99424E+00  0.69471E-06
 0.70191E-02  0.99424E+00  0.70152E-06
 0.85527E-02  0.99424E+00  0.62359E-06
 0.10416E-01  0.99424E+00  0.48489E-06
 0.12677E-01  0.99424E+00  0.25831E-06
 0.15420E-01  0.99424E+00 -0.18378E-08
 0.18742E-01  0.99424E+00 -0.22760E-06
 0.22762E-01  0.99424E+00 -0.38110E-06
 0.27617E-01  0.99424E+00 -0.46429E-06
 0.33469E-01  0.99424E+00 -0.49781E-06
 0.40509E-01  0.99424E+00 -0.49974E-06
 0.48950E-01  0.99424E+00 -0.48849E-06
 0.59040E-01  0.99424E+00 -0.47333E-06
 0.71052E-01  0.99424E+00 -0.45418E-06
 0.85282E-01  0.99424E+00 -0.47624E-06
 0.10204E+00  0.99424E+00 -0.61489E-06
 0.12166E+00  0.99424E+00 -0.99377E-06
 0.14443E+00  0.99424E+00 -0.12807E-05
 0.17063E+00  0.99424E+00 -0.11318E-05
 0.20047E+00  0.99424E+00 -0.10119E-05
 0.23404E+00  0.99424E+00 -0.15787E-05
 0.27131E+00  0.99424E+00 -0.25913E-05
 0.31210E+00  0.99424E+00 -0.35612E-05
 0.35601E+00  0.99424E+00 -0.45097E-05
 0.40249E+00  0.99424E+00 -0.49945E-05
 0.45077E+00  0.99424E+00 -0.46223E-05
 0.50000E+00  0.99424E+00 -0.33665E-05
 0.54923E+00  0.99424E+00 -0.18453E-05
 0.59751E+00  0.99424E+00 -0.43117E-06
 0.64399E+00  0.99424E+00  0.45969E-06
 0.68790E+00  0.99424E+00  0.84162E-06
 0.72869E+00  0.99424E+00  0.11808E-05
 0.76596E+00  0.99424E+00  0.13717E-05
 0.79953E+00  0.99424E+00  0.12882E-05
 0.82937E+00  0.99424E+00  0.95592E-06
 0.85557E+00  0.99424E+00  0.58962E-06
 0.87834E+00  0.99424E+00  0.34048E-06
 0.89796E+00  0.99424E+00  0.18971E-06
 0.91472E+00  0.99424E+00  0.57559E-08
 0.92895E+00  0.99424E+00 -0.30554E-06
 0.94096E+00  0.99424E+00 -0.64196E-06
 0.95105E+00  0.99424E+00 -0.85784E-06
 0.95949E+00  0.99424E+00 -0.90770E-06
 0.96653E+00  0.99424E+00 -0.83305E-06
 0.97238E+00  0.99424E+00 -0.68593E-06
 0.97724E+00  0.99424E+00 -0.51358E-06
 0.98126E+00  0.99424E+00 -0.35312E-06
 0.98458E+00  0.99424E+00 -0.22520E-06
 0.98732E+00  0.99424E+00 -0.10087E-06
 0.98958E+00  0.99424E+00  0.38129E-07
 0.99145E+00  0.99424E+00  0.13848E-06
 0.99298E+00  0.99424E+00  0.14063E-06
 0.99424E+00  0.99424E+00  0.54835E-07
 0.99528E+00  0.99424E+00 -0.69964E-07
 0.99613E+00  0.99424E+00 -0.12815E-06
 0.99683E+00  0.99424E+00 -0.10136E-06
 0.99741E+00  0.99424E+00 -0.28219E-07
 0.99788E+00  0.99424E+00  0.56157E-07
 0.99827E+00  0.99424E+00  0.13218E-06
 0.99859E+00  0.99424E+00  0.19433E-06
 0.99885E+00  0.99424E+00  0.24324E-06
 0.99906E+00  0.99424E+00  0.28067E-06
 0.99924E+00  0.99424E+00  0.30880E-06
 0.99938E+00  0.99424E+00  0.32990E-06
 0.99950E+00  0.99424E+00  0.34586E-06
 0.99960E+00  0.99424E+00  0.35805E-06
 0.99968E+00  0.99424E+00  0.36737E-06
 0.99975E+00  0.99424E+00  0.37446E-06
 0.99980E+00  0.99424E+00  0.37976E-06
 0.99984E+00  0.99424E+00  0.38365E-06
 0.99988E+00  0.99424E+00  0.38642E-06
 0.99991E+00  0.99424E+00  0.38833E-06
 0.99993E+00  0.99424E+00  0.38960E-06
 0.99995E+00  0.99424E+00  0.39040E-06
 0.99997E+00  0.99424E+00  0.39088E-06
 0.99998E+00  0.99424E+00  0.39112E-06
 0.10000E+01  0.99424E+00  0.39121E-06
 0.10000E+01  0.99424E+00  0.00000E+00
 0.00000E+00  0.99528E+00  0.00000E+00
 0.49709E-05  0.99528E+00  0.69615E-06
 0.16001E-04  0.99528E+00  0.69610E-06
 0.29447E-04  0.99528E+00  0.69599E-06
 0.45836E-04  0.99528E+00  0.69576E-06
 0.65814E-04  0.99528E+00  0.69539E-06
 0.90165E-04  0.99528E+00  0.69482E-06
 0.11985E-03  0.99528E+00  0.69397E-06
 0.15603E-03  0.99528E+00  0.69278E-06
 0.20013E-03  0.99528E+00  0.69117E-06
 0.25388E-03  0.99528E+00  0.68907E-06
 0.31939E-03  0.99528E+00  0.68644E-06
 0.39924E-03  0.99528E+00  0.68328E-06
 0.49656E-03  0.99528E+00  0.67968E-06
 0.61516E-03  0.99528E+00  0.67600E-06
 0.75970E-03  0.99528E+00  0.67314E-06
 0.93583E-03  0.99528E+00  0.67313E-06
 0.11504E-02  0.99528E+00  0.67910E-06
 0.14119E-02  0.99528E+00  0.69146E-06
 0.17305E-02  0.99528E+00  0.70185E-06
 0.21186E-02  0.99528E+00  0.70375E-06
 0.25912E-02  0.99528E+00  0.70288E-06
 0.31667E-02  0.99528E+00  0.71410E-06
 0.38673E-02  0.99528E+00  0.74415E-06
 0.47200E-02  0.99528E+00  0.78913E-06
 0.57574E-02  0.99528E+00  0.82997E-06
 0.70191E-02  0.99528E+00  0.83754E-06
 0.85527E-02  0.99528E+00  0.77233E-06
 0.10416E-01  0.99528E+00  0.65559E-06
 0.12677E-01  0.99528E+00  0.47012E-06
 0.15420E-01  0.99528E+00  0.24878E-06
 0.18742E-01  0.99528E+00  0.46894E-07
 0.22762E-01  0.99528E+00 -0.10624E-06
 0.27617E-01  0.99528E+00 -0.21334E-06
 0.33469E-01  0.99528E+00 -0.27839E-06
 0.40509E-01  0.99528E+00 -0.30235E-06
 0.48950E-01  0.99528E+00 -0.29397E-06
 0.59040E-01  0.99528E+00 -0.25362E-06
 0.71052E-01  0.99528E+00 -0.17422E-06
 0.85282E-01  0.99528E+00 -0.11502E-06
 0.10204E+00  0.99528E+00 -0.20372E-06
 0.12166E+00  0.99528E+00 -0.50722E-06
 0.14443E+00  0.99528E+00 -0.73484E-06
 0.17063E+00  0.99528E+00 -0.64596E-06
 0.20047E+00  0.99528E+00 -0.69538E-06
 0.23404E+00  0.99528E+00 -0.13973E-05
 0.27131E+00  0.99528E+00 -0.24036E-05
 0.31210E+00  0.99528E+00 -0.33888E-05
 0.35601E+00  0.99528E+00 -0.43347E-05
 0.40249E+00  0.99528E+00 -0.47075E-05
 0.45077E+00  0.99528E+00 -0.41563E-05
 0.50000E+00  0.99528E+00 -0.27791E-05
 0.54923E+00  0.99528E+00 -0.12035E-05
 0.59751E+00  0.99528E+00  0.21723E-06
 0.64399E+00  0.99528E+00  0.10783E-05
 0.68790E+00  0.99528E+00  0.14953E-05
 0.72869E+00  0.99528E+00  0.17932E-05
 0.76596E+00  0.99528E+00  0.18807E-05
 0.79953E+00  0.99528E+00  0.17185E-05
 0.82937E+00  0.99528E+00  0.13163E-05
 0.85557E+00  0.99528E+00  0.89616E-06
 0.87834E+00  0.99528E+00  0.61309E-06
 0.89796E+00  0.99528E+00  0.44757E-06
 0.91472E+00  0.99528E+00  0.25871E-06
 0.92895E+00  0.99528E+00 -0.55202E-08
 0.94096E+00  0.99528E+00 -0.26238E-06
 0.95105E+00  0.99528E+00 -0.39857E-06
 0.95949E+00  0.99528E+00 -0.39107E-06
 0.96653E+00  0.99528E+00 -0.27815E-06
 0.97238E+00  0.99528E+00 -0.10962E-06
 0.97724E+00  0.99528E+00  0.66613E-07
 0.98126E+00  0.99528E+00  0.21736E-06
 0.98458E+00  0.99528E+00  0.33363E-06
 0.98732E+00  0.99528E+00  0.44326E-06
 0.98958E+00  0.99528E+00  0.56297E-06
 0.99145E+00  0.99528E+00  0.64916E-06
 0.99298E+00  0.99528E+00  0.65805E-06
 0.99424E+00  0.99528E+00  0.60817E-06
 0.99528E+00  0.99528E+00  0.53285E-06
 0.99613E+00  0.99528E+00  0.46801E-06
 0.99683E+00  0.99528E+00  0.47642E-06
 0.99741E+00  0.99528E+00  0.52909E-06
 0.99788E+00  0.99528E+00  0.59246E-06
 0.99827E+00  0.99528E+00  0.64908E-06
 0.99859E+00  0.99528E+00  0.69450E-06
 0.99885E+00  0.99528E+00  0.72918E-06
 0.99906E+00  0.99528E+00  0.75449E-06
 0.99924E+00  0.99528E+00  0.77226E-06
 0.99938E+00  0.99528E+00  0.78454E-06
 0.99950E+00  0.99528E+00  0.79304E-06
 0.99960E+00  0.99528E+00  0.79903E-06
 0.99968E+00  0.99528E+00  0.80331E-06
 0.99975E+00  0.99528E+00  0.80640E-06
 0.99980E+00  0.99528E+00  0.80864E-06
 0.99984E+00  0.99528E+00  0.81024E-06
 0.99988E+00  0.99528E+00  0.81136E-06
 0.99991E+00  0.99528E+00  0.81214E-06
 0.99993E+00  0.99528E+00  0.81265E-06
 0.99995E+00  0.99528E+00  0.81297E-06
 0.99997E+00  0.99528E+00  0.81316E-06
 0.99998E+00  0.99528E+00  0.81326E-06
 0.10000E+01  0.99528E+00  0.81329E-06
 0.10000E+01  0.99528E+00  0.00000E+00
 0.00000E+00  0.99613E+00  0.00000E+00
 0.49709E-05  0.99613E+00  0.84894E-06
 0.16001E-04  0.99613E+00  0.84892E-06
 0.29447E-04  0.99613E+00  0.84886E-06
 0.45836E-04  0.99613E+00  0.84875E-06
 0.65814E-04  0.99613E+00  0.84857E-06
 0.90165E-04  0.99613E+00  0.84829E-06
 0.11985E-03  0.99613E+00  0.84788E-06
 0.15603E-03  0.99613E+00  0.84732E-06
 0.20013E-03  0.99613E+00  0.84658E-06
 0.25388E-03  0.99613E+00  0.84563E-06
 0.31939E-03  0.99613E+00  0.84447E-06
 0.39924E-03  0.99613E+00  0.84313E-06
 0.49656E-03  0.99613E+00  0.84170E-06
 0.61516E-03  0.99613E+00  0.84052E-06
 0.75970E-03  0.99613E+00  0.84043E-06
 0.93583E-03  0.99613E+00  0.84349E-06
 0.11504E-02  0.99613E+00  0.85357E-06
 0.14119E-02  0.99613E+00  0.87413E-06
 0.17305E-02  0.99613E+00  0.89895E-06
 0.21186E-02  0.99613E+00  0.91489E-06
 0.25912E-02  0.99613E+00  0.92048E-06
 0.31667E-02  0.99613E+00  0.92652E-06
 0.38673E-02  0.99613E+00  0.94549E-06
 0.47200E-02  0.99613E+00  0.97316E-06
 0.57574E-02  0.99613E+00  0.99990E-06
 0.70191E-02  0.99613E+00  0.10051E-05
 0.85527E-02  0.99613E+00  0.95427E-06
 0.10416E-01  0.99613E+00  0.84973E-06
 0.12677E-01  0.99613E+00  0.69470E-06
 0.15420E-01  0.99613E+00  0.50202E-06
 0.18742E-01  0.99613E+00  0.31395E-06
 0.22762E-01  0.99613E+00  0.15143E-06
 0.27617E-01  0.99613E+00  0.18181E-07
 0.33469E-01  0.99613E+00 -0.74318E-07
 0.40509E-01  0.99613E+00 -0.11636E-06
 0.48950E-01  0.99613E+00 -0.11044E-06
 0.59040E-01  0.99613E+00 -0.48965E-07
 0.71052E-01  0.99613E+00  0.76043E-07
 0.85282E-01  0.99613E+00  0.19092E-06
 0.10204E+00  0.99613E+00  0.14684E-06
 0.12166E+00  0.99613E+00 -0.92687E-07
 0.14443E+00  0.99613E+00 -0.29058E-06
 0.17063E+00  0.99613E+00 -0.28642E-06
 0.20047E+00  0.99613E+00 -0.47581E-06
 0.23404E+00  0.99613E+00 -0.12297E-05
 0.27131E+00  0.99613E+00 -0.22023E-05
 0.31210E+00  0.99613E+00 -0.32071E-05
 0.35601E+00  0.99613E+00 -0.41273E-05
 0.40249E+00  0.99613E+00 -0.43951E-05
 0.45077E+00  0.99613E+00 -0.37120E-05
 0.50000E+00  0.99613E+00 -0.22739E-05
 0.54923E+00  0.99613E+00 -0.66899E-06
 0.59751E+00  0.99613E+00  0.74263E-06
 0.64399E+00  0.99613E+00  0.15932E-05
 0.68790E+00  0.99613E+00  0.20323E-05
 0.72869E+00  0.99613E+00  0.22599E-05
 0.76596E+00  0.99613E+00  0.22675E-05
 0.79953E+00  0.99613E+00  0.20410E-05
 0.82937E+00  0.99613E+00  0.15791E-05
 0.85557E+00  0.99613E+00  0.11078E-05
 0.87834E+00  0.99613E+00  0.79421E-06
 0.89796E+00  0.99613E+00  0.61953E-06
 0.91472E+00  0.99613E+00  0.45893E-06
 0.92895E+00  0.99613E+00  0.25732E-06
 0.94096E+00  0.99613E+00  0.67585E-07
 0.95105E+00  0.99613E+00 -0.15350E-07
 0.95949E+00  0.99613E+00  0.34313E-07
 0.96653E+00  0.99613E+00  0.17711E-06
 0.97238E+00  0.99613E+00  0.35974E-06
 0.97724E+00  0.99613E+00  0.53634E-06
 0.98126E+00  0.99613E+00  0.68108E-06
 0.98458E+00  0.99613E+00  0.78860E-06
 0.98732E+00  0.99613E+00  0.88508E-06
 0.98958E+00  0.99613E+00  0.98716E-06
 0.99145E+00  0.99613E+00  0.10636E-05
 0.99298E+00  0.99613E+00  0.10782E-05
 0.99424E+00  0.99613E+00  0.10519E-05
 0.99528E+00  0.99613E+00  0.10101E-05
 0.99613E+00  0.99613E+00  0.96640E-06
 0.99683E+00  0.99613E+00  0.94723E-06
 0.99741E+00  0.99613E+00  0.97484E-06
 0.99788E+00  0.99613E+00  0.10174E-05
 0.99827E+00  0.99613E+00  0.10572E-05
 0.99859E+00  0.99613E+00  0.10893E-05
 0.99885E+00  0.99613E+00  0.11130E-05
 0.99906E+00  0.99613E+00  0.11290E-05
 0.99924E+00  0.99613E+00  0.11388E-05
 0.99938E+00  0.99613E+00  0.11443E-05
 0.99950E+00  0.99613E+00  0.11469E-05
 0.99960E+00  0.99613E+00  0.11480E-05
 0.99968E+00  0.99613E+00  0.11483E-05
 0.99975E+00  0.99613E+00  0.11481E-05
 0.99980E+00  0.99613E+00  0.11479E-05
 0.99984E+00  0.99613E+00  0.11477E-05
 0.99988E+00  0.99613E+00  0.11475E-05
 0.99991E+00  0.99613E+00  0.11473E-05
 0.99993E+00  0.99613E+00  0.11472E-05
 0.99995E+00  0.99613E+00  0.11471E-05
 0.99997E+00  0.99613E+00  0.11471E-05
 0.99998E+00  0.99613E+00  0.11471E-05
 0.10000E+01  0.99613E+00  0.11471E-05
 0.10000E+01  0.99613E+00  0.00000E+00
 0.00000E+00  0.99683E+00  0.00000E+00
 0.49709E-05  0.99683E+00  0.96903E-06
 0.16001E-04  0.99683E+00  0.96903E-06
 0.29447E-04  0.99683E+00  0.96902E-06
 0.45836E-04  0.99683E+00  0.96902E-06
 0.65814E-04  0.99683E+00  0.96901E-06
 0.90165E-04  0.99683E+00  0.96901E-06
 0.11985E-03  0.99683E+00  0.96902E-06
 0.15603E-03  0.99683E+00  0.96905E-06
 0.20013E-03  0.99683E+00  0.96913E-06
 0.25388E-03  0.99683E+00  0.96928E-06
 0.31939E-03  0.99683E+00  0.96951E-06
 0.39924E-03  0.99683E+00  0.96988E-06
 0.49656E-03  0.99683E+00  0.97045E-06
 0.61516E-03  0.99683E+00  0.97146E-06
 0.75970E-03  0.99683E+00  0.97356E-06
 0.93583E-03  0.99683E+00  0.97845E-06
 0.11504E-02  0.99683E+00  0.98988E-06
 0.14119E-02  0.99683E+00  0.10132E-05
 0.17305E-02  0.99683E+00  0.10476E-05
 0.21186E-02  0.99683E+00  0.10778E-05
 0.25912E-02  0.99683E+00  0.10935E-05
 0.31667E-02  0.99683E+00  0.11011E-05
 0.38673E-02  0.99683E+00  0.11116E-05
 0.47200E-02  0.99683E+00  0.11280E-05
 0.57574E-02  0.99683E+00  0.11451E-05
 0.70191E-02  0.99683E+00  0.11485E-05
 0.85527E-02  0.99683E+00  0.11107E-05
 0.10416E-01  0.99683E+00  0.10150E-05
 0.12677E-01  0.99683E+00  0.87976E-06
 0.15420E-01  0.99683E+00  0.70490E-06
 0.18742E-01  0.99683E+00  0.52002E-06
 0.22762E-01  0.99683E+00  0.34271E-06
 0.27617E-01  0.99683E+00  0.18675E-06
 0.33469E-01  0.99683E+00  0.73762E-07
 0.40509E-01  0.99683E+00  0.18646E-07
 0.48950E-01  0.99683E+00  0.23741E-07
 0.59040E-01  0.99683E+00  0.10132E-06
 0.71052E-01  0.99683E+00  0.25454E-06
 0.85282E-01  0.99683E+00  0.40400E-06
 0.10204E+00  0.99683E+00  0.40372E-06
 0.12166E+00  0.99683E+00  0.20502E-06
 0.14443E+00  0.99683E+00  0.12251E-07
 0.17063E+00  0.99683E+00 -0.60721E-07
 0.20047E+00  0.99683E+00 -0.34412E-06
 0.23404E+00  0.99683E+00 -0.10894E-05
 0.27131E+00  0.99683E+00 -0.20263E-05
 0.31210E+00  0.99683E+00 -0.30490E-05
 0.35601E+00  0.99683E+00 -0.39327E-05
 0.40249E+00  0.99683E+00 -0.41149E-05
 0.45077E+00  0.99683E+00 -0.33505E-05
 0.50000E+00  0.99683E+00 -0.18940E-05
 0.54923E+00  0.99683E+00 -0.27530E-06
 0.59751E+00  0.99683E+00  0.11239E-05
 0.64399E+00  0.99683E+00  0.19818E-05
 0.68790E+00  0.99683E+00  0.24220E-05
 0.72869E+00  0.99683E+00  0.25820E-05
 0.76596E+00  0.99683E+00  0.25290E-05
 0.79953E+00  0.99683E+00  0.22519E-05
 0.82937E+00  0.99683E+00  0.17435E-05
 0.85557E+00  0.99683E+00  0.12353E-05
 0.87834E+00  0.99683E+00  0.90667E-06
 0.89796E+00  0.99683E+00  0.74035E-06
 0.91472E+00  0.99683E+00  0.61986E-06
 0.92895E+00  0.99683E+00  0.46971E-06
 0.94096E+00  0.99683E+00  0.32515E-06
 0.95105E+00  0.99683E+00  0.27923E-06
 0.95949E+00  0.99683E+00  0.35835E-06
 0.96653E+00  0.99683E+00  0.51949E-06
 0.97238E+00  0.99683E+00  0.70918E-06
 0.97724E+00  0.99683E+00  0.88557E-06
 0.98126E+00  0.99683E+00  0.10255E-05
 0.98458E+00  0.99683E+00  0.11257E-05
 0.98732E+00  0.99683E+00  0.12112E-05
 0.98958E+00  0.99683E+00  0.13015E-05
 0.99145E+00  0.99683E+00  0.13727E-05
 0.99298E+00  0.99683E+00  0.13934E-05
 0.99424E+00  0.99683E+00  0.13832E-05
 0.99528E+00  0.99683E+00  0.13617E-05
 0.99613E+00  0.99683E+00  0.13329E-05
 0.99683E+00  0.99683E+00  0.13102E-05
 0.99741E+00  0.99683E+00  0.13097E-05
 0.99788E+00  0.99683E+00  0.13328E-05
 0.99827E+00  0.99683E+00  0.13591E-05
 0.99859E+00  0.99683E+00  0.13810E-05
 0.99885E+00  0.99683E+00  0.13965E-05
 0.99906E+00  0.99683E+00  0.14057E-05
 0.99924E+00  0.99683E+00  0.14097E-05
 0.99938E+00  0.99683E+00  0.14099E-05
 0.99950E+00  0.99683E+00  0.14082E-05
 0.99960E+00  0.99683E+00  0.14055E-05
 0.99968E+00  0.99683E+00  0.14026E-05
 0.99975E+00  0.99683E+00  0.14001E-05
 0.99980E+00  0.99683E+00  0.13979E-05
 0.99984E+00  0.99683E+00  0.13962E-05
 0.99988E+00  0.99683E+00  0.13950E-05
 0.99991E+00  0.99683E+00  0.13942E-05
 0.99993E+00  0.99683E+00  0.13936E-05
 0.99995E+00  0.99683E+00  0.13932E-05
 0.99997E+00  0.99683E+00  0.13930E-05
 0.99998E+00  0.99683E+00  0.13929E-05
 0.10000E+01  0.99683E+00  0.13928E-05
 0.10000E+01  0.99683E+00  0.00000E+00
 0.00000E+00  0.99741E+00  0.00000E+00
 0.49709E-05  0.99741E+00  0.10301E-05
 0.16001E-04  0.99741E+00  0.10301E-05
 0.29447E-04  0.99741E+00  0.10301E-05
 0.45836E-04  0.99741E+00  0.10302E-05
 0.65814E-04  0.99741E+00  0.10303E-05
 0.90165E-04  0.99741E+00  0.10305E-05
 0.11985E-03  0.99741E+00  0.10309E-05
 0.15603E-03  0.99741E+00  0.10313E-05
 0.20013E-03  0.99741E+00  0.10321E-05
 0.25388E-03  0.99741E+00  0.10331E-05
 0.31939E-03  0.99741E+00  0.10344E-05
 0.39924E-03  0.99741E+00  0.10361E-05
 0.49656E-03  0.99741E+00  0.10383E-05
 0.61516E-03  0.99741E+00  0.10410E-05
 0.75970E-03  0.99741E+00  0.10448E-05
 0.93583E-03  0.99741E+00  0.10507E-05
 0.11504E-02  0.99741E+00  0.10619E-05
 0.14119E-02  0.99741E+00  0.10838E-05
 0.17305E-02  0.99741E+00  0.11200E-05
 0.21186E-02  0.99741E+00  0.11598E-05
 0.25912E-02  0.99741E+00  0.11863E-05
 0.31667E-02  0.99741E+00  0.11974E-05
 0.38673E-02  0.99741E+00  0.12042E-05
 0.47200E-02  0.99741E+00  0.12141E-05
 0.57574E-02  0.99741E+00  0.12255E-05
 0.70191E-02  0.99741E+00  0.12280E-05
 0.85527E-02  0.99741E+00  0.11990E-05
 0.10416E-01  0.99741E+00  0.11141E-05
 0.12677E-01  0.99741E+00  0.98829E-06
 0.15420E-01  0.99741E+00  0.82189E-06
 0.18742E-01  0.99741E+00  0.63376E-06
 0.22762E-01  0.99741E+00  0.44312E-06
 0.27617E-01  0.99741E+00  0.27165E-06
 0.33469E-01  0.99741E+00  0.14591E-06
 0.40509E-01  0.99741E+00  0.82783E-07
 0.48950E-01  0.99741E+00  0.88138E-07
 0.59040E-01  0.99741E+00  0.17494E-06
 0.71052E-01  0.99741E+00  0.34113E-06
 0.85282E-01  0.99741E+00  0.51109E-06
 0.10204E+00  0.99741E+00  0.54022E-06
 0.12166E+00  0.99741E+00  0.37049E-06
 0.14443E+00  0.99741E+00  0.17179E-06
 0.17063E+00  0.99741E+00  0.43272E-07
 0.20047E+00  0.99741E+00 -0.28737E-06
 0.23404E+00  0.99741E+00 -0.99458E-06
 0.27131E+00  0.99741E+00 -0.19035E-05
 0.31210E+00  0.99741E+00 -0.29358E-05
 0.35601E+00  0.99741E+00 -0.37805E-05
 0.40249E+00  0.99741E+00 -0.39005E-05
 0.45077E+00  0.99741E+00 -0.30978E-05
 0.50000E+00  0.99741E+00 -0.16479E-05
 0.54923E+00  0.99741E+00 -0.26093E-07
 0.59751E+00  0.99741E+00  0.13647E-05
 0.64399E+00  0.99741E+00  0.22361E-05
 0.68790E+00  0.99741E+00  0.26637E-05
 0.72869E+00  0.99741E+00  0.27721E-05
 0.76596E+00  0.99741E+00  0.26737E-05
 0.79953E+00  0.99741E+00  0.23595E-05
 0.82937E+00  0.99741E+00  0.18226E-05
 0.85557E+00  0.99741E+00  0.12978E-05
 0.87834E+00  0.99741E+00  0.96865E-06
 0.89796E+00  0.99741E+00  0.82111E-06
 0.91472E+00  0.99741E+00  0.73454E-06
 0.92895E+00  0.99741E+00  0.62060E-06
 0.94096E+00  0.99741E+00  0.50798E-06
 0.95105E+00  0.99741E+00  0.48684E-06
 0.95949E+00  0.99741E+00  0.58266E-06
 0.96653E+00  0.99741E+00  0.75239E-06
 0.97238E+00  0.99741E+00  0.94439E-06
 0.97724E+00  0.99741E+00  0.11185E-05
 0.98126E+00  0.99741E+00  0.12535E-05
 0.98458E+00  0.99741E+00  0.13479E-05
 0.98732E+00  0.99741E+00  0.14269E-05
 0.98958E+00  0.99741E+00  0.15105E-05
 0.99145E+00  0.99741E+00  0.15794E-05
 0.99298E+00  0.99741E+00  0.16051E-05
 0.99424E+00  0.99741E+00  0.16048E-05
 0.99528E+00  0.99741E+00  0.15938E-05
 0.99613E+00  0.99741E+00  0.15735E-05
 0.99683E+00  0.99741E+00  0.15531E-05
 0.99741E+00  0.99741E+00  0.15444E-05
 0.99788E+00  0.99741E+00  0.15503E-05
 0.99827E+00  0.99741E+00  0.15648E-05
 0.99859E+00  0.99741E+00  0.15783E-05
 0.99885E+00  0.99741E+00  0.15875E-05
 0.99906E+00  0.99741E+00  0.15914E-05
 0.99924E+00  0.99741E+00  0.15909E-05
 0.99938E+00  0.99741E+00  0.15873E-05
 0.99950E+00  0.99741E+00  0.15823E-05
 0.99960E+00  0.99741E+00  0.15768E-05
 0.99968E+00  0.99741E+00  0.15717E-05
 0.99975E+00  0.99741E+00  0.15673E-05
 0.99980E+00  0.99741E+00  0.15638E-05
 0.99984E+00  0.99741E+00  0.15611E-05
 0.99988E+00  0.99741E+00  0.15591E-05
 0.99991E+00  0.99741E+00  0.15577E-05
 0.99993E+00  0.99741E+00  0.15568E-05
 0.99995E+00  0.99741E+00  0.15562E-05
 0.99997E+00  0.99741E+00  0.15559E-05
 0.99998E+00  0.99741E+00  0.15557E-05
 0.10000E+01  0.99741E+00  0.15556E-05
 0.10000E+01  0.99741E+00  0.00000E+00
 0.00000E+00  0.99788E+00  0.00000E+00
 0.49709E-05  0.99788E+00  0.10229E-05
 0.16001E-04  0.99788E+00  0.10230E-05
 0.29447E-04  0.99788E+00  0.10230E-05
 0.45836E-04  0.99788E+00  0.10231E-05
 0.65814E-04  0.99788E+00  0.10233E-05
 0.90165E-04  0.99788E+00  0.10236E-05
 0.11985E-03  0.99788E+00  0.10241E-05
 0.15603E-03  0.99788E+00  0.10248E-05
 0.20013E-03  0.99788E+00  0.10258E-05
 0.25388E-03  0.99788E+00  0.10273E-05
 0.31939E-03  0.99788E+00  0.10292E-05
 0.39924E-03  0.99788E+00  0.10317E-05
 0.49656E-03  0.99788E+00  0.10348E-05
 0.61516E-03  0.99788E+00  0.10387E-05
 0.75970E-03  0.99788E+00  0.10435E-05
 0.93583E-03  0.99788E+00  0.10500E-05
 0.11504E-02  0.99788E+00  0.10603E-05
 0.14119E-02  0.99788E+00  0.10791E-05
 0.17305E-02  0.99788E+00  0.11118E-05
 0.21186E-02  0.99788E+00  0.11538E-05
 0.25912E-02  0.99788E+00  0.11872E-05
 0.31667E-02  0.99788E+00  0.12034E-05
 0.38673E-02  0.99788E+00  0.12103E-05
 0.47200E-02  0.99788E+00  0.12175E-05
 0.57574E-02  0.99788E+00  0.12260E-05
 0.70191E-02  0.99788E+00  0.12282E-05
 0.85527E-02  0.99788E+00  0.12045E-05
 0.10416E-01  0.99788E+00  0.11292E-05
 0.12677E-01  0.99788E+00  0.10068E-05
 0.15420E-01  0.99788E+00  0.84294E-06
 0.18742E-01  0.99788E+00  0.65081E-06
 0.22762E-01  0.99788E+00  0.45253E-06
 0.27617E-01  0.99788E+00  0.27374E-06
 0.33469E-01  0.99788E+00  0.14217E-06
 0.40509E-01  0.99788E+00  0.75256E-07
 0.48950E-01  0.99788E+00  0.80600E-07
 0.59040E-01  0.99788E+00  0.16921E-06
 0.71052E-01  0.99788E+00  0.33782E-06
 0.85282E-01  0.99788E+00  0.51622E-06
 0.10204E+00  0.99788E+00  0.56030E-06
 0.12166E+00  0.99788E+00  0.41263E-06
 0.14443E+00  0.99788E+00  0.20891E-06
 0.17063E+00  0.99788E+00  0.47522E-07
 0.20047E+00  0.99788E+00 -0.29502E-06
 0.23404E+00  0.99788E+00 -0.95647E-06
 0.27131E+00  0.99788E+00 -0.18437E-05
 0.31210E+00  0.99788E+00 -0.28736E-05
 0.35601E+00  0.99788E+00 -0.36808E-05
 0.40249E+00  0.99788E+00 -0.37601E-05
 0.45077E+00  0.99788E+00 -0.29489E-05
 0.50000E+00  0.99788E+00 -0.15188E-05
 0.54923E+00  0.99788E+00  0.97455E-07
 0.59751E+00  0.99788E+00  0.14850E-05
 0.64399E+00  0.99788E+00  0.23657E-05
 0.68790E+00  0.99788E+00  0.27771E-05
 0.72869E+00  0.99788E+00  0.28513E-05
 0.76596E+00  0.99788E+00  0.27200E-05
 0.79953E+00  0.99788E+00  0.23827E-05
 0.82937E+00  0.99788E+00  0.18357E-05
 0.85557E+00  0.99788E+00  0.13112E-05
 0.87834E+00  0.99788E+00  0.99054E-06
 0.89796E+00  0.99788E+00  0.86148E-06
 0.91472E+00  0.99788E+00  0.80020E-06
 0.92895E+00  0.99788E+00  0.71324E-06
 0.94096E+00  0.99788E+00  0.62353E-06
 0.95105E+00  0.99788E+00  0.61722E-06
 0.95949E+00  0.99788E+00  0.72035E-06
 0.96653E+00  0.99788E+00  0.89184E-06
 0.97238E+00  0.99788E+00  0.10816E-05
 0.97724E+00  0.99788E+00  0.12512E-05
 0.98126E+00  0.99788E+00  0.13811E-05
 0.98458E+00  0.99788E+00  0.14722E-05
 0.98732E+00  0.99788E+00  0.15479E-05
 0.98958E+00  0.99788E+00  0.16275E-05
 0.99145E+00  0.99788E+00  0.16948E-05
 0.99298E+00  0.99788E+00  0.17234E-05
 0.99424E+00  0.99788E+00  0.17282E-05
 0.99528E+00  0.99788E+00  0.17226E-05
 0.99613E+00  0.99788E+00  0.17080E-05
 0.99683E+00  0.99788E+00  0.16921E-05
 0.99741E+00  0.99788E+00  0.16832E-05
 0.99788E+00  0.99788E+00  0.16829E-05
 0.99827E+00  0.99788E+00  0.16875E-05
 0.99859E+00  0.99788E+00  0.16935E-05
 0.99885E+00  0.99788E+00  0.16972E-05
 0.99906E+00  0.99788E+00  0.16970E-05
 0.99924E+00  0.99788E+00  0.16931E-05
 0.99938E+00  0.99788E+00  0.16869E-05
 0.99950E+00  0.99788E+00  0.16796E-05
 0.99960E+00  0.99788E+00  0.16723E-05
 0.99968E+00  0.99788E+00  0.16658E-05
 0.99975E+00  0.99788E+00  0.16602E-05
 0.99980E+00  0.99788E+00  0.16558E-05
 0.99984E+00  0.99788E+00  0.16524E-05
 0.99988E+00  0.99788E+00  0.16499E-05
 0.99991E+00  0.99788E+00  0.16482E-05
 0.99993E+00  0.99788E+00  0.16471E-05
 0.99995E+00  0.99788E+00  0.16464E-05
 0.99997E+00  0.99788E+00  0.16459E-05
 0.99998E+00  0.99788E+00  0.16457E-05
 0.10000E+01  0.99788E+00  0.16456E-05
 0.10000E+01  0.99788E+00  0.00000E+00
 0.00000E+00  0.99827E+00  0.00000E+00
 0.49709E-05  0.99827E+00  0.95525E-06
 0.16001E-04  0.99827E+00  0.95527E-06
 0.29447E-04  0.99827E+00  0.95531E-06
 0.45836E-04  0.99827E+00  0.95541E-06
 0.65814E-04  0.99827E+00  0.95558E-06
 0.90165E-04  0.99827E+00  0.95586E-06
 0.11985E-03  0.99827E+00  0.95629E-06
 0.15603E-03  0.99827E+00  0.95696E-06
 0.20013E-03  0.99827E+00  0.95793E-06
 0.25388E-03  0.99827E+00  0.95930E-06
 0.31939E-03  0.99827E+00  0.96118E-06
 0.39924E-03  0.99827E+00  0.96369E-06
 0.49656E-03  0.99827E+00  0.96691E-06
 0.61516E-03  0.99827E+00  0.97096E-06
 0.75970E-03  0.99827E+00  0.97599E-06
 0.93583E-03  0.99827E+00  0.98251E-06
 0.11504E-02  0.99827E+00  0.99191E-06
 0.14119E-02  0.99827E+00  0.10076E-05
 0.17305E-02  0.99827E+00  0.10349E-05
 0.21186E-02  0.99827E+00  0.10732E-05
 0.25912E-02  0.99827E+00  0.11091E-05
 0.31667E-02  0.99827E+00  0.11300E-05
 0.38673E-02  0.99827E+00  0.11390E-05
 0.47200E-02  0.99827E+00  0.11456E-05
 0.57574E-02  0.99827E+00  0.11531E-05
 0.70191E-02  0.99827E+00  0.11552E-05
 0.85527E-02  0.99827E+00  0.11342E-05
 0.10416E-01  0.99827E+00  0.10654E-05
 0.12677E-01  0.99827E+00  0.94415E-06
 0.15420E-01  0.99827E+00  0.78080E-06
 0.18742E-01  0.99827E+00  0.58774E-06
 0.22762E-01  0.99827E+00  0.38836E-06
 0.27617E-01  0.99827E+00  0.20918E-06
 0.33469E-01  0.99827E+00  0.77025E-07
 0.40509E-01  0.99827E+00  0.90958E-08
 0.48950E-01  0.99827E+00  0.13011E-07
 0.59040E-01  0.99827E+00  0.97750E-07
 0.71052E-01  0.99827E+00  0.26166E-06
 0.85282E-01  0.99827E+00  0.43787E-06
 0.10204E+00  0.99827E+00  0.48845E-06
 0.12166E+00  0.99827E+00  0.35779E-06
 0.14443E+00  0.99827E+00  0.15590E-06
 0.17063E+00  0.99827E+00 -0.21335E-07
 0.20047E+00  0.99827E+00 -0.35477E-06
 0.23404E+00  0.99827E+00 -0.97317E-06
 0.27131E+00  0.99827E+00 -0.18403E-05
 0.31210E+00  0.99827E+00 -0.28560E-05
 0.35601E+00  0.99827E+00 -0.36280E-05
 0.40249E+00  0.99827E+00 -0.36823E-05
 0.45077E+00  0.99827E+00 -0.28805E-05
 0.50000E+00  0.99827E+00 -0.14770E-05
 0.54923E+00  0.99827E+00  0.12665E-06
 0.59751E+00  0.99827E+00  0.15118E-05
 0.64399E+00  0.99827E+00  0.23941E-05
 0.68790E+00  0.99827E+00  0.27921E-05
 0.72869E+00  0.99827E+00  0.28464E-05
 0.76596E+00  0.99827E+00  0.26930E-05
 0.79953E+00  0.99827E+00  0.23440E-05
 0.82937E+00  0.99827E+00  0.18007E-05
 0.85557E+00  0.99827E+00  0.12865E-05
 0.87834E+00  0.99827E+00  0.97868E-06
 0.89796E+00  0.99827E+00  0.86581E-06
 0.91472E+00  0.99827E+00  0.82421E-06
 0.92895E+00  0.99827E+00  0.75777E-06
 0.94096E+00  0.99827E+00  0.68440E-06
 0.95105E+00  0.99827E+00  0.68648E-06
 0.95949E+00  0.99827E+00  0.79093E-06
 0.96653E+00  0.99827E+00  0.95916E-06
 0.97238E+00  0.99827E+00  0.11432E-05
 0.97724E+00  0.99827E+00  0.13066E-05
 0.98126E+00  0.99827E+00  0.14319E-05
 0.98458E+00  0.99827E+00  0.15209E-05
 0.98732E+00  0.99827E+00  0.15947E-05
 0.98958E+00  0.99827E+00  0.16711E-05
 0.99145E+00  0.99827E+00  0.17362E-05
 0.99298E+00  0.99827E+00  0.17659E-05
 0.99424E+00  0.99827E+00  0.17734E-05
 0.99528E+00  0.99827E+00  0.17712E-05
 0.99613E+00  0.99827E+00  0.17614E-05
 0.99683E+00  0.99827E+00  0.17503E-05
 0.99741E+00  0.99827E+00  0.17437E-05
 0.99788E+00  0.99827E+00  0.17419E-05
 0.99827E+00  0.99827E+00  0.17419E-05
 0.99859E+00  0.99827E+00  0.17418E-05
 0.99885E+00  0.99827E+00  0.17407E-05
 0.99906E+00  0.99827E+00  0.17373E-05
 0.99924E+00  0.99827E+00  0.17312E-05
 0.99938E+00  0.99827E+00  0.17234E-05
 0.99950E+00  0.99827E+00  0.17149E-05
 0.99960E+00  0.99827E+00  0.17067E-05
 0.99968E+00  0.99827E+00  0.16994E-05
 0.99975E+00  0.99827E+00  0.16933E-05
 0.99980E+00  0.99827E+00  0.16884E-05
 0.99984E+00  0.99827E+00  0.16847E-05
 0.99988E+00  0.99827E+00  0.16821E-05
 0.99991E+00  0.99827E+00  0.16802E-05
 0.99993E+00  0.99827E+00  0.16789E-05
 0.99995E+00  0.99827E+00  0.16781E-05
 0.99997E+00  0.99827E+00  0.16777E-05
 0.99998E+00  0.99827E+00  0.16774E-05
 0.10000E+01  0.99827E+00  0.16773E-05
 0.10000E+01  0.99827E+00  0.00000E+00
 0.00000E+00  0.99859E+00  0.00000E+00
 0.49709E-05  0.99859E+00  0.84513E-06
 0.16001E-04  0.99859E+00  0.84513E-06
 0.29447E-04  0.99859E+00  0.84515E-06
 0.45836E-04  0.99859E+00  0.84519E-06
 0.65814E-04  0.99859E+00  0.84526E-06
 0.90165E-04  0.99859E+00  0.84538E-06
 0.11985E-03  0.99859E+00  0.84559E-06
 0.15603E-03  0.99859E+00  0.84593E-06
 0.20013E-03  0.99859E+00  0.84647E-06
 0.25388E-03  0.99859E+00  0.84728E-06
 0.31939E-03  0.99859E+00  0.84849E-06
 0.39924E-03  0.99859E+00  0.85023E-06
 0.49656E-03  0.99859E+00  0.85264E-06
 0.61516E-03  0.99859E+00  0.85592E-06
 0.75970E-03  0.99859E+00  0.86028E-06
 0.93583E-03  0.99859E+00  0.86613E-06
 0.11504E-02  0.99859E+00  0.87444E-06
 0.14119E-02  0.99859E+00  0.88754E-06
 0.17305E-02  0.99859E+00  0.90960E-06
 0.21186E-02  0.99859E+00  0.94234E-06
 0.25912E-02  0.99859E+00  0.97704E-06
 0.31667E-02  0.99859E+00  0.10009E-05
 0.38673E-02  0.99859E+00  0.10124E-05
 0.47200E-02  0.99859E+00  0.10196E-05
 0.57574E-02  0.99859E+00  0.10268E-05
 0.70191E-02  0.99859E+00  0.10286E-05
 0.85527E-02  0.99859E+00  0.10085E-05
 0.10416E-01  0.99859E+00  0.94319E-06
 0.12677E-01  0.99859E+00  0.82345E-06
 0.15420E-01  0.99859E+00  0.66131E-06
 0.18742E-01  0.99859E+00  0.47128E-06
 0.22762E-01  0.99859E+00  0.27605E-06
 0.27617E-01  0.99859E+00  0.10115E-06
 0.33469E-01  0.99859E+00 -0.28249E-07
 0.40509E-01  0.99859E+00 -0.95871E-07
 0.48950E-01  0.99859E+00 -0.94924E-07
 0.59040E-01  0.99859E+00 -0.17338E-07
 0.71052E-01  0.99859E+00  0.13683E-06
 0.85282E-01  0.99859E+00  0.30370E-06
 0.10204E+00  0.99859E+00  0.35630E-06
 0.12166E+00  0.99859E+00  0.23994E-06
 0.14443E+00  0.99859E+00  0.45782E-07
 0.17063E+00  0.99859E+00 -0.13591E-06
 0.20047E+00  0.99859E+00 -0.45100E-06
 0.23404E+00  0.99859E+00 -0.10322E-05
 0.27131E+00  0.99859E+00 -0.18773E-05
 0.31210E+00  0.99859E+00 -0.28695E-05
 0.35601E+00  0.99859E+00 -0.36083E-05
 0.40249E+00  0.99859E+00 -0.36473E-05
 0.45077E+00  0.99859E+00 -0.28636E-05
 0.50000E+00  0.99859E+00 -0.14903E-05
 0.54923E+00  0.99859E+00  0.95102E-07
 0.59751E+00  0.99859E+00  0.14740E-05
 0.64399E+00  0.99859E+00  0.23512E-05
 0.68790E+00  0.99859E+00  0.27406E-05
 0.72869E+00  0.99859E+00  0.27856E-05
 0.76596E+00  0.99859E+00  0.26177E-05
 0.79953E+00  0.99859E+00  0.22642E-05
 0.82937E+00  0.99859E+00  0.17324E-05
 0.85557E+00  0.99859E+00  0.12348E-05
 0.87834E+00  0.99859E+00  0.94240E-06
 0.89796E+00  0.99859E+00  0.84415E-06
 0.91472E+00  0.99859E+00  0.81790E-06
 0.92895E+00  0.99859E+00  0.76708E-06
 0.94096E+00  0.99859E+00  0.70579E-06
 0.95105E+00  0.99859E+00  0.71251E-06
 0.95949E+00  0.99859E+00  0.81460E-06
 0.96653E+00  0.99859E+00  0.97641E-06
 0.97238E+00  0.99859E+00  0.11526E-05
 0.97724E+00  0.99859E+00  0.13091E-05
 0.98126E+00  0.99859E+00  0.14299E-05
 0.98458E+00  0.99859E+00  0.15168E-05
 0.98732E+00  0.99859E+00  0.15888E-05
 0.98958E+00  0.99859E+00  0.16619E-05
 0.99145E+00  0.99859E+00  0.17243E-05
 0.99298E+00  0.99859E+00  0.17542E-05
 0.99424E+00  0.99859E+00  0.17635E-05
 0.99528E+00  0.99859E+00  0.17640E-05
 0.99613E+00  0.99859E+00  0.17582E-05
 0.99683E+00  0.99859E+00  0.17512E-05
 0.99741E+00  0.99859E+00  0.17469E-05
 0.99788E+00  0.99859E+00  0.17451E-05
 0.99827E+00  0.99859E+00  0.17431E-05
 0.99859E+00  0.99859E+00  0.17396E-05
 0.99885E+00  0.99859E+00  0.17352E-05
 0.99906E+00  0.99859E+00  0.17295E-05
 0.99924E+00  0.99859E+00  0.17222E-05
 0.99938E+00  0.99859E+00  0.17137E-05
 0.99950E+00  0.99859E+00  0.17050E-05
 0.99960E+00  0.99859E+00  0.16967E-05
 0.99968E+00  0.99859E+00  0.16893E-05
 0.99975E+00  0.99859E+00  0.16832E-05
 0.99980E+00  0.99859E+00  0.16783E-05
 0.99984E+00  0.99859E+00  0.16746E-05
 0.99988E+00  0.99859E+00  0.16720E-05
 0.99991E+00  0.99859E+00  0.16701E-05
 0.99993E+00  0.99859E+00  0.16688E-05
 0.99995E+00  0.99859E+00  0.16680E-05
 0.99997E+00  0.99859E+00  0.16676E-05
 0.99998E+00  0.99859E+00  0.16673E-05
 0.10000E+01  0.99859E+00  0.16672E-05
 0.10000E+01  0.99859E+00  0.00000E+00
 0.00000E+00  0.99885E+00  0.00000E+00
 0.49709E-05  0.99885E+00  0.71352E-06
 0.16001E-04  0.99885E+00  0.71350E-06
 0.29447E-04  0.99885E+00  0.71347E-06
 0.45836E-04  0.99885E+00  0.71341E-06
 0.65814E-04  0.99885E+00  0.71332E-06
 0.90165E-04  0.99885E+00  0.71318E-06
 0.11985E-03  0.99885E+00  0.71301E-06
 0.15603E-03  0.99885E+00  0.71280E-06
 0.20013E-03  0.99885E+00  0.71261E-06
 0.25388E-03  0.99885E+00  0.71247E-06
 0.31939E-03  0.99885E+00  0.71251E-06
 0.39924E-03  0.99885E+00  0.71288E-06
 0.49656E-03  0.99885E+00  0.71381E-06
 0.61516E-03  0.99885E+00  0.71558E-06
 0.75970E-03  0.99885E+00  0.71854E-06
 0.93583E-03  0.99885E+00  0.72315E-06
 0.11504E-02  0.99885E+00  0.73015E-06
 0.14119E-02  0.99885E+00  0.74112E-06
 0.17305E-02  0.99885E+00  0.75911E-06
 0.21186E-02  0.99885E+00  0.78649E-06
 0.25912E-02  0.99885E+00  0.81816E-06
 0.31667E-02  0.99885E+00  0.84307E-06
 0.38673E-02  0.99885E+00  0.85667E-06
 0.47200E-02  0.99885E+00  0.86460E-06
 0.57574E-02  0.99885E+00  0.87170E-06
 0.70191E-02  0.99885E+00  0.87293E-06
 0.85527E-02  0.99885E+00  0.85260E-06
 0.10416E-01  0.99885E+00  0.78912E-06
 0.12677E-01  0.99885E+00  0.67181E-06
 0.15420E-01  0.99885E+00  0.51290E-06
 0.18742E-01  0.99885E+00  0.32891E-06
 0.22762E-01  0.99885E+00  0.14097E-06
 0.27617E-01  0.99885E+00 -0.27145E-07
 0.33469E-01  0.99885E+00 -0.15214E-06
 0.40509E-01  0.99885E+00 -0.21907E-06
 0.48950E-01  0.99885E+00 -0.22197E-06
 0.59040E-01  0.99885E+00 -0.15305E-06
 0.71052E-01  0.99885E+00 -0.11528E-07
 0.85282E-01  0.99885E+00  0.14289E-06
 0.10204E+00  0.99885E+00  0.19512E-06
 0.12166E+00  0.99885E+00  0.91064E-07
 0.14443E+00  0.99885E+00 -0.92343E-07
 0.17063E+00  0.99885E+00 -0.27141E-06
 0.20047E+00  0.99885E+00 -0.56648E-06
 0.23404E+00  0.99885E+00 -0.11162E-05
 0.27131E+00  0.99885E+00 -0.19369E-05
 0.31210E+00  0.99885E+00 -0.28995E-05
 0.35601E+00  0.99885E+00 -0.36065E-05
 0.40249E+00  0.99885E+00 -0.36351E-05
 0.45077E+00  0.99885E+00 -0.28723E-05
 0.50000E+00  0.99885E+00 -0.15308E-05
 0.54923E+00  0.99885E+00  0.31825E-07
 0.59751E+00  0.99885E+00  0.13988E-05
 0.64399E+00  0.99885E+00  0.22665E-05
 0.68790E+00  0.99885E+00  0.26510E-05
 0.72869E+00  0.99885E+00  0.26931E-05
 0.76596E+00  0.99885E+00  0.25155E-05
 0.79953E+00  0.99885E+00  0.21611E-05
 0.82937E+00  0.99885E+00  0.16450E-05
 0.85557E+00  0.99885E+00  0.11680E-05
 0.87834E+00  0.99885E+00  0.89266E-06
 0.89796E+00  0.99885E+00  0.80748E-06
 0.91472E+00  0.99885E+00  0.79304E-06
 0.92895E+00  0.99885E+00  0.75419E-06
 0.94096E+00  0.99885E+00  0.70219E-06
 0.95105E+00  0.99885E+00  0.71133E-06
 0.95949E+00  0.99885E+00  0.80913E-06
 0.96653E+00  0.99885E+00  0.96304E-06
 0.97238E+00  0.99885E+00  0.11306E-05
 0.97724E+00  0.99885E+00  0.12797E-05
 0.98126E+00  0.99885E+00  0.13957E-05
 0.98458E+00  0.99885E+00  0.14802E-05
 0.98732E+00  0.99885E+00  0.15502E-05
 0.98958E+00  0.99885E+00  0.16199E-05
 0.99145E+00  0.99885E+00  0.16794E-05
 0.99298E+00  0.99885E+00  0.17092E-05
 0.99424E+00  0.99885E+00  0.17198E-05
 0.99528E+00  0.99885E+00  0.17225E-05
 0.99613E+00  0.99885E+00  0.17197E-05
 0.99683E+00  0.99885E+00  0.17156E-05
 0.99741E+00  0.99885E+00  0.17130E-05
 0.99788E+00  0.99885E+00  0.17114E-05
 0.99827E+00  0.99885E+00  0.17085E-05
 0.99859E+00  0.99885E+00  0.17035E-05
 0.99885E+00  0.99885E+00  0.16974E-05
 0.99906E+00  0.99885E+00  0.16905E-05
 0.99924E+00  0.99885E+00  0.16828E-05
 0.99938E+00  0.99885E+00  0.16744E-05
 0.99950E+00  0.99885E+00  0.16661E-05
 0.99960E+00  0.99885E+00  0.16583E-05
 0.99968E+00  0.99885E+00  0.16515E-05
 0.99975E+00  0.99885E+00  0.16458E-05
 0.99980E+00  0.99885E+00  0.16413E-05
 0.99984E+00  0.99885E+00  0.16379E-05
 0.99988E+00  0.99885E+00  0.16354E-05
 0.99991E+00  0.99885E+00  0.16336E-05
 0.99993E+00  0.99885E+00  0.16324E-05
 0.99995E+00  0.99885E+00  0.16317E-05
 0.99997E+00  0.99885E+00  0.16313E-05
 0.99998E+00  0.99885E+00  0.16310E-05
 0.10000E+01  0.99885E+00  0.16309E-05
 0.10000E+01  0.99885E+00  0.00000E+00
 0.00000E+00  0.99906E+00  0.00000E+00
 0.49709E-05  0.99906E+00  0.57872E-06
 0.16001E-04  0.99906E+00  0.57868E-06
 0.29447E-04  0.99906E+00  0.57858E-06
 0.45836E-04  0.99906E+00  0.57840E-06
 0.65814E-04  0.99906E+00  0.57809E-06
 0.90165E-04  0.99906E+00  0.57763E-06
 0.11985E-03  0.99906E+00  0.57697E-06
 0.15603E-03  0.99906E+00  0.57608E-06
 0.20013E-03  0.99906E+00  0.57496E-06
 0.25388E-03  0.99906E+00  0.57365E-06
 0.31939E-03  0.99906E+00  0.57224E-06
 0.39924E-03  0.99906E+00  0.57094E-06
 0.49656E-03  0.99906E+00  0.57005E-06
 0.61516E-03  0.99906E+00  0.56997E-06
 0.75970E-03  0.99906E+00  0.57121E-06
 0.93583E-03  0.99906E+00  0.57430E-06
 0.11504E-02  0.99906E+00  0.57992E-06
 0.14119E-02  0.99906E+00  0.58918E-06
 0.17305E-02  0.99906E+00  0.60421E-06
 0.21186E-02  0.99906E+00  0.62726E-06
 0.25912E-02  0.99906E+00  0.65551E-06
 0.31667E-02  0.99906E+00  0.68004E-06
 0.38673E-02  0.99906E+00  0.69499E-06
 0.47200E-02  0.99906E+00  0.70344E-06
 0.57574E-02  0.99906E+00  0.71028E-06
 0.70191E-02  0.99906E+00  0.71074E-06
 0.85527E-02  0.99906E+00  0.68982E-06
 0.10416E-01  0.99906E+00  0.62756E-06
 0.12677E-01  0.99906E+00  0.51355E-06
 0.15420E-01  0.99906E+00  0.35960E-06
 0.18742E-01  0.99906E+00  0.18317E-06
 0.22762E-01  0.99906E+00  0.37752E-08
 0.27617E-01  0.99906E+00 -0.15673E-06
 0.33469E-01  0.99906E+00 -0.27689E-06
 0.40509E-01  0.99906E+00 -0.34312E-06
 0.48950E-01  0.99906E+00 -0.35002E-06
 0.59040E-01  0.99906E+00 -0.29004E-06
 0.71052E-01  0.99906E+00 -0.16190E-06
 0.85282E-01  0.99906E+00 -0.20215E-07
 0.10204E+00  0.99906E+00  0.30285E-07
 0.12166E+00  0.99906E+00 -0.63524E-07
 0.14443E+00  0.99906E+00 -0.23557E-06
 0.17063E+00  0.99906E+00 -0.40836E-06
 0.20047E+00  0.99906E+00 -0.68539E-06
 0.23404E+00  0.99906E+00 -0.12086E-05
 0.27131E+00  0.99906E+00 -0.20034E-05
 0.31210E+00  0.99906E+00 -0.29337E-05
 0.35601E+00  0.99906E+00 -0.36102E-05
 0.40249E+00  0.99906E+00 -0.36307E-05
 0.45077E+00  0.99906E+00 -0.28882E-05
 0.50000E+00  0.99906E+00 -0.15783E-05
 0.54923E+00  0.99906E+00 -0.41540E-07
 0.59751E+00  0.99906E+00  0.13088E-05
 0.64399E+00  0.99906E+00  0.21642E-05
 0.68790E+00  0.99906E+00  0.25456E-05
 0.72869E+00  0.99906E+00  0.25878E-05
 0.76596E+00  0.99906E+00  0.24031E-05
 0.79953E+00  0.99906E+00  0.20497E-05
 0.82937E+00  0.99906E+00  0.15514E-05
 0.85557E+00  0.99906E+00  0.10969E-05
 0.87834E+00  0.99906E+00  0.83906E-06
 0.89796E+00  0.99906E+00  0.76526E-06
 0.91472E+00  0.99906E+00  0.75982E-06
 0.92895E+00  0.99906E+00  0.73014E-06
 0.94096E+00  0.99906E+00  0.68532E-06
 0.95105E+00  0.99906E+00  0.69563E-06
 0.95949E+00  0.99906E+00  0.78845E-06
 0.96653E+00  0.99906E+00  0.93416E-06
 0.97238E+00  0.99906E+00  0.10930E-05
 0.97724E+00  0.99906E+00  0.12348E-05
 0.98126E+00  0.99906E+00  0.13459E-05
 0.98458E+00  0.99906E+00  0.14277E-05
 0.98732E+00  0.99906E+00  0.14953E-05
 0.98958E+00  0.99906E+00  0.15617E-05
 0.99145E+00  0.99906E+00  0.16185E-05
 0.99298E+00  0.99906E+00  0.16480E-05
 0.99424E+00  0.99906E+00  0.16597E-05
 0.99528E+00  0.99906E+00  0.16639E-05
 0.99613E+00  0.99906E+00  0.16632E-05
 0.99683E+00  0.99906E+00  0.16609E-05
 0.99741E+00  0.99906E+00  0.16593E-05
 0.99788E+00  0.99906E+00  0.16578E-05
 0.99827E+00  0.99906E+00  0.16543E-05
 0.99859E+00  0.99906E+00  0.16487E-05
 0.99885E+00  0.99906E+00  0.16420E-05
 0.99906E+00  0.99906E+00  0.16348E-05
 0.99924E+00  0.99906E+00  0.16273E-05
 0.99938E+00  0.99906E+00  0.16196E-05
 0.99950E+00  0.99906E+00  0.16122E-05
 0.99960E+00  0.99906E+00  0.16054E-05
 0.99968E+00  0.99906E+00  0.15994E-05
 0.99975E+00  0.99906E+00  0.15945E-05
 0.99980E+00  0.99906E+00  0.15906E-05
 0.99984E+00  0.99906E+00  0.15876E-05
 0.99988E+00  0.99906E+00  0.15855E-05
 0.99991E+00  0.99906E+00  0.15840E-05
 0.99993E+00  0.99906E+00  0.15829E-05
 0.99995E+00  0.99906E+00  0.15823E-05
 0.99997E+00  0.99906E+00  0.15819E-05
 0.99998E+00  0.99906E+00  0.15817E-05
 0.10000E+01  0.99906E+00  0.15816E-05
 0.10000E+01  0.99906E+00  0.00000E+00
 0.00000E+00  0.99924E+00  0.00000E+00
 0.49709E-05  0.99924E+00  0.45379E-06
 0.16001E-04  0.99924E+00  0.45372E-06
 0.29447E-04  0.99924E+00  0.45355E-06
 0.45836E-04  0.99924E+00  0.45323E-06
 0.65814E-04  0.99924E+00  0.45270E-06
 0.90165E-04  0.99924E+00  0.45188E-06
 0.11985E-03  0.99924E+00  0.45069E-06
 0.15603E-03  0.99924E+00  0.44907E-06
 0.20013E-03  0.99924E+00  0.44698E-06
 0.25388E-03  0.99924E+00  0.44443E-06
 0.31939E-03  0.99924E+00  0.44154E-06
 0.39924E-03  0.99924E+00  0.43856E-06
 0.49656E-03  0.99924E+00  0.43589E-06
 0.61516E-03  0.99924E+00  0.43403E-06
 0.75970E-03  0.99924E+00  0.43361E-06
 0.93583E-03  0.99924E+00  0.43524E-06
 0.11504E-02  0.99924E+00  0.43957E-06
 0.14119E-02  0.99924E+00  0.44745E-06
 0.17305E-02  0.99924E+00  0.46038E-06
 0.21186E-02  0.99924E+00  0.48019E-06
 0.25912E-02  0.99924E+00  0.50535E-06
 0.31667E-02  0.99924E+00  0.52879E-06
 0.38673E-02  0.99924E+00  0.54434E-06
 0.47200E-02  0.99924E+00  0.55306E-06
 0.57574E-02  0.99924E+00  0.55948E-06
 0.70191E-02  0.99924E+00  0.55910E-06
 0.85527E-02  0.99924E+00  0.53761E-06
 0.10416E-01  0.99924E+00  0.47655E-06
 0.12677E-01  0.99924E+00  0.36633E-06
 0.15420E-01  0.99924E+00  0.21813E-06
 0.18742E-01  0.99924E+00  0.49515E-07
 0.22762E-01  0.99924E+00 -0.12144E-06
 0.27617E-01  0.99924E+00 -0.27460E-06
 0.33469E-01  0.99924E+00 -0.39018E-06
 0.40509E-01  0.99924E+00 -0.45575E-06
 0.48950E-01  0.99924E+00 -0.46634E-06
 0.59040E-01  0.99924E+00 -0.41471E-06
 0.71052E-01  0.99924E+00 -0.29903E-06
 0.85282E-01  0.99924E+00 -0.16898E-06
 0.10204E+00  0.99924E+00 -0.12092E-06
 0.12166E+00  0.99924E+00 -0.20661E-06
 0.14443E+00  0.99924E+00 -0.36814E-06
 0.17063E+00  0.99924E+00 -0.53348E-06
 0.20047E+00  0.99924E+00 -0.79565E-06
 0.23404E+00  0.99924E+00 -0.12967E-05
 0.27131E+00  0.99924E+00 -0.20658E-05
 0.31210E+00  0.99924E+00 -0.29637E-05
 0.35601E+00  0.99924E+00 -0.36117E-05
 0.40249E+00  0.99924E+00 -0.36248E-05
 0.45077E+00  0.99924E+00 -0.29006E-05
 0.50000E+00  0.99924E+00 -0.16207E-05
 0.54923E+00  0.99924E+00 -0.11099E-06
 0.59751E+00  0.99924E+00  0.12197E-05
 0.64399E+00  0.99924E+00  0.20613E-05
 0.68790E+00  0.99924E+00  0.24399E-05
 0.72869E+00  0.99924E+00  0.24833E-05
 0.76596E+00  0.99924E+00  0.22933E-05
 0.79953E+00  0.99924E+00  0.19420E-05
 0.82937E+00  0.99924E+00  0.14619E-05
 0.85557E+00  0.99924E+00  0.10297E-05
 0.87834E+00  0.99924E+00  0.78856E-06
 0.89796E+00  0.99924E+00  0.72443E-06
 0.91472E+00  0.99924E+00  0.72571E-06
 0.92895E+00  0.99924E+00  0.70291E-06
 0.94096E+00  0.99924E+00  0.66362E-06
 0.95105E+00  0.99924E+00  0.67438E-06
 0.95949E+00  0.99924E+00  0.76227E-06
 0.96653E+00  0.99924E+00  0.90021E-06
 0.97238E+00  0.99924E+00  0.10508E-05
 0.97724E+00  0.99924E+00  0.11858E-05
 0.98126E+00  0.99924E+00  0.12922E-05
 0.98458E+00  0.99924E+00  0.13711E-05
 0.98732E+00  0.99924E+00  0.14363E-05
 0.98958E+00  0.99924E+00  0.14998E-05
 0.99145E+00  0.99924E+00  0.15540E-05
 0.99298E+00  0.99924E+00  0.15831E-05
 0.99424E+00  0.99924E+00  0.15954E-05
 0.99528E+00  0.99924E+00  0.16006E-05
 0.99613E+00  0.99924E+00  0.16012E-05
 0.99683E+00  0.99924E+00  0.16000E-05
 0.99741E+00  0.99924E+00  0.15989E-05
 0.99788E+00  0.99924E+00  0.15973E-05
 0.99827E+00  0.99924E+00  0.15936E-05
 0.99859E+00  0.99924E+00  0.15877E-05
 0.99885E+00  0.99924E+00  0.15809E-05
 0.99906E+00  0.99924E+00  0.15739E-05
 0.99924E+00  0.99924E+00  0.15670E-05
 0.99938E+00  0.99924E+00  0.15602E-05
 0.99950E+00  0.99924E+00  0.15539E-05
 0.99960E+00  0.99924E+00  0.15482E-05
 0.99968E+00  0.99924E+00  0.15434E-05
 0.99975E+00  0.99924E+00  0.15394E-05
 0.99980E+00  0.99924E+00  0.15363E-05
 0.99984E+00  0.99924E+00  0.15339E-05
 0.99988E+00  0.99924E+00  0.15321E-05
 0.99991E+00  0.99924E+00  0.15309E-05
 0.99993E+00  0.99924E+00  0.15301E-05
 0.99995E+00  0.99924E+00  0.15296E-05
 0.99997E+00  0.99924E+00  0.15293E-05
 0.99998E+00  0.99924E+00  0.15291E-05
 0.10000E+01  0.99924E+00  0.15291E-05
 0.10000E+01  0.99924E+00  0.00000E+00
 0.00000E+00  0.99938E+00  0.00000E+00
 0.49709E-05  0.99938E+00  0.34616E-06
 0.16001E-04  0.99938E+00  0.34606E-06
 0.29447E-04  0.99938E+00  0.34582E-06
 0.45836E-04  0.99938E+00  0.34537E-06
 0.65814E-04  0.99938E+00  0.34461E-06
 0.90165E-04  0.99938E+00  0.34344E-06
 0.11985E-03  0.99938E+00  0.34175E-06
 0.15603E-03  0.99938E+00  0.33945E-06
 0.20013E-03  0.99938E+00  0.33646E-06
 0.25388E-03  0.99938E+00  0.33280E-06
 0.31939E-03  0.99938E+00  0.32862E-06
 0.39924E-03  0.99938E+00  0.32422E-06
 0.49656E-03  0.99938E+00  0.32006E-06
 0.61516E-03  0.99938E+00  0.31676E-06
 0.75970E-03  0.99938E+00  0.31499E-06
 0.93583E-03  0.99938E+00  0.31541E-06
 0.11504E-02  0.99938E+00  0.31866E-06
 0.14119E-02  0.99938E+00  0.32545E-06
 0.17305E-02  0.99938E+00  0.33688E-06
 0.21186E-02  0.99938E+00  0.35434E-06
 0.25912E-02  0.99938E+00  0.37699E-06
 0.31667E-02  0.99938E+00  0.39913E-06
 0.38673E-02  0.99938E+00  0.41473E-06
 0.47200E-02  0.99938E+00  0.42353E-06
 0.57574E-02  0.99938E+00  0.42947E-06
 0.70191E-02  0.99938E+00  0.42832E-06
 0.85527E-02  0.99938E+00  0.40645E-06
 0.10416E-01  0.99938E+00  0.34672E-06
 0.12677E-01  0.99938E+00  0.24030E-06
 0.15420E-01  0.99938E+00  0.97793E-07
 0.18742E-01  0.99938E+00 -0.63622E-07
 0.22762E-01  0.99938E+00 -0.22702E-06
 0.27617E-01  0.99938E+00 -0.37368E-06
 0.33469E-01  0.99938E+00 -0.48524E-06
 0.40509E-01  0.99938E+00 -0.55019E-06
 0.48950E-01  0.99938E+00 -0.56392E-06
 0.59040E-01  0.99938E+00 -0.51948E-06
 0.71052E-01  0.99938E+00 -0.41449E-06
 0.85282E-01  0.99938E+00 -0.29440E-06
 0.10204E+00  0.99938E+00 -0.24905E-06
 0.12166E+00  0.99938E+00 -0.32859E-06
 0.14443E+00  0.99938E+00 -0.48115E-06
 0.17063E+00  0.99938E+00 -0.63942E-06
 0.20047E+00  0.99938E+00 -0.88993E-06
 0.23404E+00  0.99938E+00 -0.13727E-05
 0.27131E+00  0.99938E+00 -0.21178E-05
 0.31210E+00  0.99938E+00 -0.29855E-05
 0.35601E+00  0.99938E+00 -0.36076E-05
 0.40249E+00  0.99938E+00 -0.36138E-05
 0.45077E+00  0.99938E+00 -0.29052E-05
 0.50000E+00  0.99938E+00 -0.16524E-05
 0.54923E+00  0.99938E+00 -0.16914E-06
 0.59751E+00  0.99938E+00  0.11409E-05
 0.64399E+00  0.99938E+00  0.19681E-05
 0.68790E+00  0.99938E+00  0.23437E-05
 0.72869E+00  0.99938E+00  0.23883E-05
 0.76596E+00  0.99938E+00  0.21944E-05
 0.79953E+00  0.99938E+00  0.18460E-05
 0.82937E+00  0.99938E+00  0.13829E-05
 0.85557E+00  0.99938E+00  0.97152E-06
 0.87834E+00  0.99938E+00  0.74532E-06
 0.89796E+00  0.99938E+00  0.68914E-06
 0.91472E+00  0.99938E+00  0.69529E-06
 0.92895E+00  0.99938E+00  0.67752E-06
 0.94096E+00  0.99938E+00  0.64236E-06
 0.95105E+00  0.99938E+00  0.65317E-06
 0.95949E+00  0.99938E+00  0.73658E-06
 0.96653E+00  0.99938E+00  0.86760E-06
 0.97238E+00  0.99938E+00  0.10110E-05
 0.97724E+00  0.99938E+00  0.11398E-05
 0.98126E+00  0.99938E+00  0.12418E-05
 0.98458E+00  0.99938E+00  0.13181E-05
 0.98732E+00  0.99938E+00  0.13811E-05
 0.98958E+00  0.99938E+00  0.14419E-05
 0.99145E+00  0.99938E+00  0.14939E-05
 0.99298E+00  0.99938E+00  0.15225E-05
 0.99424E+00  0.99938E+00  0.15352E-05
 0.99528E+00  0.99938E+00  0.15410E-05
 0.99613E+00  0.99938E+00  0.15422E-05
 0.99683E+00  0.99938E+00  0.15416E-05
 0.99741E+00  0.99938E+00  0.15407E-05
 0.99788E+00  0.99938E+00  0.15389E-05
 0.99827E+00  0.99938E+00  0.15350E-05
 0.99859E+00  0.99938E+00  0.15292E-05
 0.99885E+00  0.99938E+00  0.15225E-05
 0.99906E+00  0.99938E+00  0.15159E-05
 0.99924E+00  0.99938E+00  0.15096E-05
 0.99938E+00  0.99938E+00  0.15037E-05
 0.99950E+00  0.99938E+00  0.14985E-05
 0.99960E+00  0.99938E+00  0.14940E-05
 0.99968E+00  0.99938E+00  0.14902E-05
 0.99975E+00  0.99938E+00  0.14872E-05
 0.99980E+00  0.99938E+00  0.14848E-05
 0.99984E+00  0.99938E+00  0.14831E-05
 0.99988E+00  0.99938E+00  0.14818E-05
 0.99991E+00  0.99938E+00  0.14810E-05
 0.99993E+00  0.99938E+00  0.14804E-05
 0.99995E+00  0.99938E+00  0.14800E-05
 0.99997E+00  0.99938E+00  0.14798E-05
 0.99998E+00  0.99938E+00  0.14797E-05
 0.10000E+01  0.99938E+00  0.14796E-05
 0.10000E+01  0.99938E+00  0.00000E+00
 0.00000E+00  0.99950E+00  0.00000E+00
 0.49709E-05  0.99950E+00  0.25854E-06
 0.16001E-04  0.99950E+00  0.25843E-06
 0.29447E-04  0.99950E+00  0.25812E-06
 0.45836E-04  0.99950E+00  0.25755E-06
 0.65814E-04  0.99950E+00  0.25659E-06
 0.90165E-04  0.99950E+00  0.25513E-06
 0.11985E-03  0.99950E+00  0.25303E-06
 0.15603E-03  0.99950E+00  0.25016E-06
 0.20013E-03  0.99950E+00  0.24646E-06
 0.25388E-03  0.99950E+00  0.24195E-06
 0.31939E-03  0.99950E+00  0.23681E-06
 0.39924E-03  0.99950E+00  0.23138E-06
 0.49656E-03  0.99950E+00  0.22618E-06
 0.61516E-03  0.99950E+00  0.22187E-06
 0.75970E-03  0.99950E+00  0.21913E-06
 0.93583E-03  0.99950E+00  0.21865E-06
 0.11504E-02  0.99950E+00  0.22105E-06
 0.14119E-02  0.99950E+00  0.22699E-06
 0.17305E-02  0.99950E+00  0.23733E-06
 0.21186E-02  0.99950E+00  0.25312E-06
 0.25912E-02  0.99950E+00  0.27384E-06
 0.31667E-02  0.99950E+00  0.29476E-06
 0.38673E-02  0.99950E+00  0.31014E-06
 0.47200E-02  0.99950E+00  0.31888E-06
 0.57574E-02  0.99950E+00  0.32437E-06
 0.70191E-02  0.99950E+00  0.32260E-06
 0.85527E-02  0.99950E+00  0.30055E-06
 0.10416E-01  0.99950E+00  0.24216E-06
 0.12677E-01  0.99950E+00  0.13921E-06
 0.15420E-01  0.99950E+00  0.17964E-08
 0.18742E-01  0.99950E+00 -0.15345E-06
 0.22762E-01  0.99950E+00 -0.31049E-06
 0.27617E-01  0.99950E+00 -0.45175E-06
 0.33469E-01  0.99950E+00 -0.55995E-06
 0.40509E-01  0.99950E+00 -0.62432E-06
 0.48950E-01  0.99950E+00 -0.64055E-06
 0.59040E-01  0.99950E+00 -0.60192E-06
 0.71052E-01  0.99950E+00 -0.50560E-06
 0.85282E-01  0.99950E+00 -0.39369E-06
 0.10204E+00  0.99950E+00 -0.35096E-06
 0.12166E+00  0.99950E+00 -0.42603E-06
 0.14443E+00  0.99950E+00 -0.57137E-06
 0.17063E+00  0.99950E+00 -0.72367E-06
 0.20047E+00  0.99950E+00 -0.96531E-06
 0.23404E+00  0.99950E+00 -0.14332E-05
 0.27131E+00  0.99950E+00 -0.21573E-05
 0.31210E+00  0.99950E+00 -0.29982E-05
 0.35601E+00  0.99950E+00 -0.35977E-05
 0.40249E+00  0.99950E+00 -0.35974E-05
 0.45077E+00  0.99950E+00 -0.29015E-05
 0.50000E+00  0.99950E+00 -0.16724E-05
 0.54923E+00  0.99950E+00 -0.21359E-06
 0.59751E+00  0.99950E+00  0.10765E-05
 0.64399E+00  0.99950E+00  0.18898E-05
 0.68790E+00  0.99950E+00  0.22618E-05
 0.72869E+00  0.99950E+00  0.23074E-05
 0.76596E+00  0.99950E+00  0.21109E-05
 0.79953E+00  0.99950E+00  0.17656E-05
 0.82937E+00  0.99950E+00  0.13177E-05
 0.85557E+00  0.99950E+00  0.92440E-06
 0.87834E+00  0.99950E+00  0.71096E-06
 0.89796E+00  0.99950E+00  0.66111E-06
 0.91472E+00  0.99950E+00  0.67067E-06
 0.92895E+00  0.99950E+00  0.65644E-06
 0.94096E+00  0.99950E+00  0.62428E-06
 0.95105E+00  0.99950E+00  0.63490E-06
 0.95949E+00  0.99950E+00  0.71446E-06
 0.96653E+00  0.99950E+00  0.83964E-06
 0.97238E+00  0.99950E+00  0.97689E-06
 0.97724E+00  0.99950E+00  0.11005E-05
 0.98126E+00  0.99950E+00  0.11988E-05
 0.98458E+00  0.99950E+00  0.12727E-05
 0.98732E+00  0.99950E+00  0.13337E-05
 0.98958E+00  0.99950E+00  0.13924E-05
 0.99145E+00  0.99950E+00  0.14425E-05
 0.99298E+00  0.99950E+00  0.14706E-05
 0.99424E+00  0.99950E+00  0.14834E-05
 0.99528E+00  0.99950E+00  0.14894E-05
 0.99613E+00  0.99950E+00  0.14910E-05
 0.99683E+00  0.99950E+00  0.14907E-05
 0.99741E+00  0.99950E+00  0.14897E-05
 0.99788E+00  0.99950E+00  0.14877E-05
 0.99827E+00  0.99950E+00  0.14837E-05
 0.99859E+00  0.99950E+00  0.14779E-05
 0.99885E+00  0.99950E+00  0.14715E-05
 0.99906E+00  0.99950E+00  0.14653E-05
 0.99924E+00  0.99950E+00  0.14595E-05
 0.99938E+00  0.99950E+00  0.14545E-05
 0.99950E+00  0.99950E+00  0.14502E-05
 0.99960E+00  0.99950E+00  0.14466E-05
 0.99968E+00  0.99950E+00  0.14438E-05
 0.99975E+00  0.99950E+00  0.14417E-05
 0.99980E+00  0.99950E+00  0.14401E-05
 0.99984E+00  0.99950E+00  0.14389E-05
 0.99988E+00  0.99950E+00  0.14381E-05
 0.99991E+00  0.99950E+00  0.14375E-05
 0.99993E+00  0.99950E+00  0.14372E-05
 0.99995E+00  0.99950E+00  0.14370E-05
 0.99997E+00  0.99950E+00  0.14368E-05
 0.99998E+00  0.99950E+00  0.14368E-05
 0.10000E+01  0.99950E+00  0.14367E-05
 0.10000E+01  0.99950E+00  0.00000E+00
 0.00000E+00  0.99960E+00  0.00000E+00
 0.49709E-05  0.99960E+00  0.19042E-06
 0.16001E-04  0.99960E+00  0.19028E-06
 0.29447E-04  0.99960E+00  0.18993E-06
 0.45836E-04  0.99960E+00  0.18926E-06
 0.65814E-04  0.99960E+00  0.18816E-06
 0.90165E-04  0.99960E+00  0.18648E-06
 0.11985E-03  0.99960E+00  0.18409E-06
 0.15603E-03  0.99960E+00  0.18084E-06
 0.20013E-03  0.99960E+00  0.17667E-06
 0.25388E-03  0.99960E+00  0.17163E-06
 0.31939E-03  0.99960E+00  0.16591E-06
 0.39924E-03  0.99960E+00  0.15986E-06
 0.49656E-03  0.99960E+00  0.15404E-06
 0.61516E-03  0.99960E+00  0.14910E-06
 0.75970E-03  0.99960E+00  0.14572E-06
 0.93583E-03  0.99960E+00  0.14461E-06
 0.11504E-02  0.99960E+00  0.14640E-06
 0.14119E-02  0.99960E+00  0.15171E-06
 0.17305E-02  0.99960E+00  0.16125E-06
 0.21186E-02  0.99960E+00  0.17586E-06
 0.25912E-02  0.99960E+00  0.19515E-06
 0.31667E-02  0.99960E+00  0.21505E-06
 0.38673E-02  0.99960E+00  0.23010E-06
 0.47200E-02  0.99960E+00  0.23872E-06
 0.57574E-02  0.99960E+00  0.24383E-06
 0.70191E-02  0.99960E+00  0.24159E-06
 0.85527E-02  0.99960E+00  0.21953E-06
 0.10416E-01  0.99960E+00  0.16239E-06
 0.12677E-01  0.99960E+00  0.62384E-07
 0.15420E-01  0.99960E+00 -0.70804E-07
 0.18742E-01  0.99960E+00 -0.22105E-06
 0.22762E-01  0.99960E+00 -0.37300E-06
 0.27617E-01  0.99960E+00 -0.50995E-06
 0.33469E-01  0.99960E+00 -0.61545E-06
 0.40509E-01  0.99960E+00 -0.67930E-06
 0.48950E-01  0.99960E+00 -0.69741E-06
 0.59040E-01  0.99960E+00 -0.66325E-06
 0.71052E-01  0.99960E+00 -0.57366E-06
 0.85282E-01  0.99960E+00 -0.46821E-06
 0.10204E+00  0.99960E+00 -0.42784E-06
 0.12166E+00  0.99960E+00 -0.49976E-06
 0.14443E+00  0.99960E+00 -0.63955E-06
 0.17063E+00  0.99960E+00 -0.78716E-06
 0.20047E+00  0.99960E+00 -0.10222E-05
 0.23404E+00  0.99960E+00 -0.14785E-05
 0.27131E+00  0.99960E+00 -0.21848E-05
 0.31210E+00  0.99960E+00 -0.30031E-05
 0.35601E+00  0.99960E+00 -0.35835E-05
 0.40249E+00  0.99960E+00 -0.35776E-05
 0.45077E+00  0.99960E+00 -0.28918E-05
 0.50000E+00  0.99960E+00 -0.16824E-05
 0.54923E+00  0.99960E+00 -0.24505E-06
 0.59751E+00  0.99960E+00  0.10268E-05
 0.64399E+00  0.99960E+00  0.18275E-05
 0.68790E+00  0.99960E+00  0.21958E-05
 0.72869E+00  0.99960E+00  0.22421E-05
 0.76596E+00  0.99960E+00  0.20440E-05
 0.79953E+00  0.99960E+00  0.17017E-05
 0.82937E+00  0.99960E+00  0.12665E-05
 0.85557E+00  0.99960E+00  0.88836E-06
 0.87834E+00  0.99960E+00  0.68533E-06
 0.89796E+00  0.99960E+00  0.64033E-06
 0.91472E+00  0.99960E+00  0.65220E-06
 0.92895E+00  0.99960E+00  0.64038E-06
 0.94096E+00  0.99960E+00  0.61031E-06
 0.95105E+00  0.99960E+00  0.62062E-06
 0.95949E+00  0.99960E+00  0.69703E-06
 0.96653E+00  0.99960E+00  0.81748E-06
 0.97238E+00  0.99960E+00  0.94977E-06
 0.97724E+00  0.99960E+00  0.10692E-05
 0.98126E+00  0.99960E+00  0.11644E-05
 0.98458E+00  0.99960E+00  0.12363E-05
 0.98732E+00  0.99960E+00  0.12957E-05
 0.98958E+00  0.99960E+00  0.13526E-05
 0.99145E+00  0.99960E+00  0.14011E-05
 0.99298E+00  0.99960E+00  0.14287E-05
 0.99424E+00  0.99960E+00  0.14415E-05
 0.99528E+00  0.99960E+00  0.14475E-05
 0.99613E+00  0.99960E+00  0.14493E-05
 0.99683E+00  0.99960E+00  0.14490E-05
 0.99741E+00  0.99960E+00  0.14481E-05
 0.99788E+00  0.99960E+00  0.14459E-05
 0.99827E+00  0.99960E+00  0.14418E-05
 0.99859E+00  0.99960E+00  0.14361E-05
 0.99885E+00  0.99960E+00  0.14299E-05
 0.99906E+00  0.99960E+00  0.14240E-05
 0.99924E+00  0.99960E+00  0.14187E-05
 0.99938E+00  0.99960E+00  0.14143E-05
 0.99950E+00  0.99960E+00  0.14107E-05
 0.99960E+00  0.99960E+00  0.14079E-05
 0.99968E+00  0.99960E+00  0.14058E-05
 0.99975E+00  0.99960E+00  0.14044E-05
 0.99980E+00  0.99960E+00  0.14034E-05
 0.99984E+00  0.99960E+00  0.14027E-05
 0.99988E+00  0.99960E+00  0.14023E-05
 0.99991E+00  0.99960E+00  0.14020E-05
 0.99993E+00  0.99960E+00  0.14018E-05
 0.99995E+00  0.99960E+00  0.14017E-05
 0.99997E+00  0.99960E+00  0.14017E-05
 0.99998E+00  0.99960E+00  0.14017E-05
 0.10000E+01  0.99960E+00  0.14017E-05
 0.10000E+01  0.99960E+00  0.00000E+00
 0.00000E+00  0.99968E+00  0.00000E+00
 0.49709E-05  0.99968E+00  0.13941E-06
 0.16001E-04  0.99968E+00  0.13926E-06
 0.29447E-04  0.99968E+00  0.13888E-06
 0.45836E-04  0.99968E+00  0.13815E-06
 0.65814E-04  0.99968E+00  0.13697E-06
 0.90165E-04  0.99968E+00  0.13517E-06
 0.11985E-03  0.99968E+00  0.13261E-06
 0.15603E-03  0.99968E+00  0.12917E-06
 0.20013E-03  0.99968E+00  0.12479E-06
 0.25388E-03  0.99968E+00  0.11951E-06
 0.31939E-03  0.99968E+00  0.11354E-06
 0.39924E-03  0.99968E+00  0.10723E-06
 0.49656E-03  0.99968E+00  0.10111E-06
 0.61516E-03  0.99968E+00  0.95823E-07
 0.75970E-03  0.99968E+00  0.92062E-07
 0.93583E-03  0.99968E+00  0.90528E-07
 0.11504E-02  0.99968E+00  0.91875E-07
 0.14119E-02  0.99968E+00  0.96714E-07
 0.17305E-02  0.99968E+00  0.10569E-06
 0.21186E-02  0.99968E+00  0.11948E-06
 0.25912E-02  0.99968E+00  0.13774E-06
 0.31667E-02  0.99968E+00  0.15682E-06
 0.38673E-02  0.99968E+00  0.17154E-06
 0.47200E-02  0.99968E+00  0.18004E-06
 0.57574E-02  0.99968E+00  0.18484E-06
 0.70191E-02  0.99968E+00  0.18228E-06
 0.85527E-02  0.99968E+00  0.16030E-06
 0.10416E-01  0.99968E+00  0.10422E-06
 0.12677E-01  0.99968E+00  0.65832E-08
 0.15420E-01  0.99968E+00 -0.12326E-06
 0.18742E-01  0.99968E+00 -0.26962E-06
 0.22762E-01  0.99968E+00 -0.41766E-06
 0.27617E-01  0.99968E+00 -0.55128E-06
 0.33469E-01  0.99968E+00 -0.65468E-06
 0.40509E-01  0.99968E+00 -0.71806E-06
 0.48950E-01  0.99968E+00 -0.73752E-06
 0.59040E-01  0.99968E+00 -0.70669E-06
 0.71052E-01  0.99968E+00 -0.62214E-06
 0.85282E-01  0.99968E+00 -0.52165E-06
 0.10204E+00  0.99968E+00 -0.48326E-06
 0.12166E+00  0.99968E+00 -0.55301E-06
 0.14443E+00  0.99968E+00 -0.68870E-06
 0.17063E+00  0.99968E+00 -0.83282E-06
 0.20047E+00  0.99968E+00 -0.10631E-05
 0.23404E+00  0.99968E+00 -0.15104E-05
 0.27131E+00  0.99968E+00 -0.22025E-05
 0.31210E+00  0.99968E+00 -0.30025E-05
 0.35601E+00  0.99968E+00 -0.35675E-05
 0.40249E+00  0.99968E+00 -0.35567E-05
 0.45077E+00  0.99968E+00 -0.28787E-05
 0.50000E+00  0.99968E+00 -0.16853E-05
 0.54923E+00  0.99968E+00 -0.26584E-06
 0.59751E+00  0.99968E+00  0.99043E-06
 0.64399E+00  0.99968E+00  0.17802E-05
 0.68790E+00  0.99968E+00  0.21450E-05
 0.72869E+00  0.99968E+00  0.21916E-05
 0.76596E+00  0.99968E+00  0.19926E-05
 0.79953E+00  0.99968E+00  0.16532E-05
 0.82937E+00  0.99968E+00  0.12283E-05
 0.85557E+00  0.99968E+00  0.86209E-06
 0.87834E+00  0.99968E+00  0.66722E-06
 0.89796E+00  0.99968E+00  0.62583E-06
 0.91472E+00  0.99968E+00  0.63919E-06
 0.92895E+00  0.99968E+00  0.62893E-06
 0.94096E+00  0.99968E+00  0.60028E-06
 0.95105E+00  0.99968E+00  0.61025E-06
 0.95949E+00  0.99968E+00  0.68417E-06
 0.96653E+00  0.99968E+00  0.80094E-06
 0.97238E+00  0.99968E+00  0.92937E-06
 0.97724E+00  0.99968E+00  0.10455E-05
 0.98126E+00  0.99968E+00  0.11383E-05
 0.98458E+00  0.99968E+00  0.12085E-05
 0.98732E+00  0.99968E+00  0.12667E-05
 0.98958E+00  0.99968E+00  0.13221E-05
 0.99145E+00  0.99968E+00  0.13695E-05
 0.99298E+00  0.99968E+00  0.13965E-05
 0.99424E+00  0.99968E+00  0.14092E-05
 0.99528E+00  0.99968E+00  0.14152E-05
 0.99613E+00  0.99968E+00  0.14170E-05
 0.99683E+00  0.99968E+00  0.14168E-05
 0.99741E+00  0.99968E+00  0.14158E-05
 0.99788E+00  0.99968E+00  0.14135E-05
 0.99827E+00  0.99968E+00  0.14093E-05
 0.99859E+00  0.99968E+00  0.14037E-05
 0.99885E+00  0.99968E+00  0.13977E-05
 0.99906E+00  0.99968E+00  0.13920E-05
 0.99924E+00  0.99968E+00  0.13871E-05
 0.99938E+00  0.99968E+00  0.13831E-05
 0.99950E+00  0.99968E+00  0.13800E-05
 0.99960E+00  0.99968E+00  0.13778E-05
 0.99968E+00  0.99968E+00  0.13763E-05
 0.99975E+00  0.99968E+00  0.13753E-05
 0.99980E+00  0.99968E+00  0.13747E-05
 0.99984E+00  0.99968E+00  0.13744E-05
 0.99988E+00  0.99968E+00  0.13743E-05
 0.99991E+00  0.99968E+00  0.13742E-05
 0.99993E+00  0.99968E+00  0.13742E-05
 0.99995E+00  0.99968E+00  0.13742E-05
 0.99997E+00  0.99968E+00  0.13743E-05
 0.99998E+00  0.99968E+00  0.13743E-05
 0.10000E+01  0.99968E+00  0.13743E-05
 0.10000E+01  0.99968E+00  0.00000E+00
 0.00000E+00  0.99975E+00  0.00000E+00
 0.49709E-05  0.99975E+00  0.10244E-06
 0.16001E-04  0.99975E+00  0.10229E-06
 0.29447E-04  0.99975E+00  0.10189E-06
 0.45836E-04  0.99975E+00  0.10115E-06
 0.65814E-04  0.99975E+00  0.99929E-07
 0.90165E-04  0.99975E+00  0.98096E-07
 0.11985E-03  0.99975E+00  0.95504E-07
 0.15603E-03  0.99975E+00  0.92037E-07
 0.20013E-03  0.99975E+00  0.87640E-07
 0.25388E-03  0.99975E+00  0.82360E-07
 0.31939E-03  0.99975E+00  0.76379E-07
 0.39924E-03  0.99975E+00  0.70037E-07
 0.49656E-03  0.99975E+00  0.63827E-07
 0.61516E-03  0.99975E+00  0.58375E-07
 0.75970E-03  0.99975E+00  0.54383E-07
 0.93583E-03  0.99975E+00  0.52571E-07
 0.11504E-02  0.99975E+00  0.53614E-07
 0.14119E-02  0.99975E+00  0.58123E-07
 0.17305E-02  0.99975E+00  0.66694E-07
 0.21186E-02  0.99975E+00  0.79913E-07
 0.25912E-02  0.99975E+00  0.97442E-07
 0.31667E-02  0.99975E+00  0.11593E-06
 0.38673E-02  0.99975E+00  0.13036E-06
 0.47200E-02  0.99975E+00  0.13874E-06
 0.57574E-02  0.99975E+00  0.14332E-06
 0.70191E-02  0.99975E+00  0.14055E-06
 0.85527E-02  0.99975E+00  0.11868E-06
 0.10416E-01  0.99975E+00  0.63448E-07
 0.12677E-01  0.99975E+00 -0.32370E-07
 0.15420E-01  0.99975E+00 -0.15968E-06
 0.18742E-01  0.99975E+00 -0.30313E-06
 0.22762E-01  0.99975E+00 -0.44824E-06
 0.27617E-01  0.99975E+00 -0.57938E-06
 0.33469E-01  0.99975E+00 -0.68118E-06
 0.40509E-01  0.99975E+00 -0.74418E-06
 0.48950E-01  0.99975E+00 -0.76457E-06
 0.59040E-01  0.99975E+00 -0.73612E-06
 0.71052E-01  0.99975E+00 -0.65525E-06
 0.85282E-01  0.99975E+00 -0.55844E-06
 0.10204E+00  0.99975E+00 -0.52163E-06
 0.12166E+00  0.99975E+00 -0.58993E-06
 0.14443E+00  0.99975E+00 -0.72268E-06
 0.17063E+00  0.99975E+00 -0.86431E-06
 0.20047E+00  0.99975E+00 -0.10912E-05
 0.23404E+00  0.99975E+00 -0.15317E-05
 0.27131E+00  0.99975E+00 -0.22129E-05
 0.31210E+00  0.99975E+00 -0.29985E-05
 0.35601E+00  0.99975E+00 -0.35514E-05
 0.40249E+00  0.99975E+00 -0.35368E-05
 0.45077E+00  0.99975E+00 -0.28647E-05
 0.50000E+00  0.99975E+00 -0.16837E-05
 0.54923E+00  0.99975E+00 -0.27865E-06
 0.59751E+00  0.99975E+00  0.96482E-06
 0.64399E+00  0.99975E+00  0.17456E-05
 0.68790E+00  0.99975E+00  0.21073E-05
 0.72869E+00  0.99975E+00  0.21541E-05
 0.76596E+00  0.99975E+00  0.19547E-05
 0.79953E+00  0.99975E+00  0.16177E-05
 0.82937E+00  0.99975E+00  0.12007E-05
 0.85557E+00  0.99975E+00  0.84373E-06
 0.87834E+00  0.99975E+00  0.65502E-06
 0.89796E+00  0.99975E+00  0.61624E-06
 0.91472E+00  0.99975E+00  0.63053E-06
 0.92895E+00  0.99975E+00  0.62125E-06
 0.94096E+00  0.99975E+00  0.59352E-06
 0.95105E+00  0.99975E+00  0.60315E-06
 0.95949E+00  0.99975E+00  0.67518E-06
 0.96653E+00  0.99975E+00  0.78917E-06
 0.97238E+00  0.99975E+00  0.91470E-06
 0.97724E+00  0.99975E+00  0.10283E-05
 0.98126E+00  0.99975E+00  0.11193E-05
 0.98458E+00  0.99975E+00  0.11883E-05
 0.98732E+00  0.99975E+00  0.12454E-05
 0.98958E+00  0.99975E+00  0.12998E-05
 0.99145E+00  0.99975E+00  0.13462E-05
 0.99298E+00  0.99975E+00  0.13728E-05
 0.99424E+00  0.99975E+00  0.13854E-05
 0.99528E+00  0.99975E+00  0.13914E-05
 0.99613E+00  0.99975E+00  0.13932E-05
 0.99683E+00  0.99975E+00  0.13929E-05
 0.99741E+00  0.99975E+00  0.13918E-05
 0.99788E+00  0.99975E+00  0.13894E-05
 0.99827E+00  0.99975E+00  0.13852E-05
 0.99859E+00  0.99975E+00  0.13797E-05
 0.99885E+00  0.99975E+00  0.13738E-05
 0.99906E+00  0.99975E+00  0.13683E-05
 0.99924E+00  0.99975E+00  0.13637E-05
 0.99938E+00  0.99975E+00  0.13600E-05
 0.99950E+00  0.99975E+00  0.13572E-05
 0.99960E+00  0.99975E+00  0.13554E-05
 0.99968E+00  0.99975E+00  0.13542E-05
 0.99975E+00  0.99975E+00  0.13535E-05
 0.99980E+00  0.99975E+00  0.13533E-05
 0.99984E+00  0.99975E+00  0.13532E-05
 0.99988E+00  0.99975E+00  0.13533E-05
 0.99991E+00  0.99975E+00  0.13534E-05
 0.99993E+00  0.99975E+00  0.13535E-05
 0.99995E+00  0.99975E+00  0.13536E-05
 0.99997E+00  0.99975E+00  0.13536E-05
 0.99998E+00  0.99975E+00  0.13537E-05
 0.10000E+01  0.99975E+00  0.13537E-05
 0.10000E+01  0.99975E+00  0.00000E+00
 0.00000E+00  0.99980E+00  0.00000E+00
 0.49709E-05  0.99980E+00  0.76425E-07
 0.16001E-04  0.99980E+00  0.76268E-07
 0.29447E-04  0.99980E+00  0.75874E-07
 0.45836E-04  0.99980E+00  0.75139E-07
 0.65814E-04  0.99980E+00  0.73943E-07
 0.90165E-04  0.99980E+00  0.72147E-07
 0.11985E-03  0.99980E+00  0.69618E-07
 0.15603E-03  0.99980E+00  0.66245E-07
 0.20013E-03  0.99980E+00  0.61970E-07
 0.25388E-03  0.99980E+00  0.56826E-07
 0.31939E-03  0.99980E+00  0.50970E-07
 0.39924E-03  0.99980E+00  0.44709E-07
 0.49656E-03  0.99980E+00  0.38515E-07
 0.61516E-03  0.99980E+00  0.33000E-07
 0.75970E-03  0.99980E+00  0.28876E-07
 0.93583E-03  0.99980E+00  0.26884E-07
 0.11504E-02  0.99980E+00  0.27719E-07
 0.14119E-02  0.99980E+00  0.31999E-07
 0.17305E-02  0.99980E+00  0.40291E-07
 0.21186E-02  0.99980E+00  0.53118E-07
 0.25912E-02  0.99980E+00  0.70144E-07
 0.31667E-02  0.99980E+00  0.88195E-07
 0.38673E-02  0.99980E+00  0.10241E-06
 0.47200E-02  0.99980E+00  0.11068E-06
 0.57574E-02  0.99980E+00  0.11511E-06
 0.70191E-02  0.99980E+00  0.11220E-06
 0.85527E-02  0.99980E+00  0.90443E-07
 0.10416E-01  0.99980E+00  0.35864E-07
 0.12677E-01  0.99980E+00 -0.58609E-07
 0.15420E-01  0.99980E+00 -0.18406E-06
 0.18742E-01  0.99980E+00 -0.32539E-06
 0.22762E-01  0.99980E+00 -0.46839E-06
 0.27617E-01  0.99980E+00 -0.59772E-06
 0.33469E-01  0.99980E+00 -0.69835E-06
 0.40509E-01  0.99980E+00 -0.76102E-06
 0.48950E-01  0.99980E+00 -0.78204E-06
 0.59040E-01  0.99980E+00 -0.75525E-06
 0.71052E-01  0.99980E+00 -0.67699E-06
 0.85282E-01  0.99980E+00 -0.58284E-06
 0.10204E+00  0.99980E+00 -0.54723E-06
 0.12166E+00  0.99980E+00 -0.61460E-06
 0.14443E+00  0.99980E+00 -0.74530E-06
 0.17063E+00  0.99980E+00 -0.88520E-06
 0.20047E+00  0.99980E+00 -0.11098E-05
 0.23404E+00  0.99980E+00 -0.15454E-05
 0.27131E+00  0.99980E+00 -0.22183E-05
 0.31210E+00  0.99980E+00 -0.29932E-05
 0.35601E+00  0.99980E+00 -0.35369E-05
 0.40249E+00  0.99980E+00 -0.35193E-05
 0.45077E+00  0.99980E+00 -0.28514E-05
 0.50000E+00  0.99980E+00 -0.16798E-05
 0.54923E+00  0.99980E+00 -0.28597E-06
 0.59751E+00  0.99980E+00  0.94743E-06
 0.64399E+00  0.99980E+00  0.17212E-05
 0.68790E+00  0.99980E+00  0.20803E-05
 0.72869E+00  0.99980E+00  0.21271E-05
 0.76596E+00  0.99980E+00  0.19276E-05
 0.79953E+00  0.99980E+00  0.15925E-05
 0.82937E+00  0.99980E+00  0.11815E-05
 0.85557E+00  0.99980E+00  0.83136E-06
 0.87834E+00  0.99980E+00  0.64717E-06
 0.89796E+00  0.99980E+00  0.61021E-06
 0.91472E+00  0.99980E+00  0.62506E-06
 0.92895E+00  0.99980E+00  0.61637E-06
 0.94096E+00  0.99980E+00  0.58922E-06
 0.95105E+00  0.99980E+00  0.59856E-06
 0.95949E+00  0.99980E+00  0.66918E-06
 0.96653E+00  0.99980E+00  0.78114E-06
 0.97238E+00  0.99980E+00  0.90455E-06
 0.97724E+00  0.99980E+00  0.10163E-05
 0.98126E+00  0.99980E+00  0.11059E-05
 0.98458E+00  0.99980E+00  0.11740E-05
 0.98732E+00  0.99980E+00  0.12304E-05
 0.98958E+00  0.99980E+00  0.12840E-05
 0.99145E+00  0.99980E+00  0.13297E-05
 0.99298E+00  0.99980E+00  0.13560E-05
 0.99424E+00  0.99980E+00  0.13685E-05
 0.99528E+00  0.99980E+00  0.13744E-05
 0.99613E+00  0.99980E+00  0.13761E-05
 0.99683E+00  0.99980E+00  0.13759E-05
 0.99741E+00  0.99980E+00  0.13747E-05
 0.99788E+00  0.99980E+00  0.13722E-05
 0.99827E+00  0.99980E+00  0.13680E-05
 0.99859E+00  0.99980E+00  0.13625E-05
 0.99885E+00  0.99980E+00  0.13567E-05
 0.99906E+00  0.99980E+00  0.13514E-05
 0.99924E+00  0.99980E+00  0.13469E-05
 0.99938E+00  0.99980E+00  0.13434E-05
 0.99950E+00  0.99980E+00  0.13409E-05
 0.99960E+00  0.99980E+00  0.13393E-05
 0.99968E+00  0.99980E+00  0.13383E-05
 0.99975E+00  0.99980E+00  0.13379E-05
 0.99980E+00  0.99980E+00  0.13378E-05
 0.99984E+00  0.99980E+00  0.13378E-05
 0.99988E+00  0.99980E+00  0.13380E-05
 0.99991E+00  0.99980E+00  0.13382E-05
 0.99993E+00  0.99980E+00  0.13384E-05
 0.99995E+00  0.99980E+00  0.13385E-05
 0.99997E+00  0.99980E+00  0.13386E-05
 0.99998E+00  0.99980E+00  0.13386E-05
 0.10000E+01  0.99980E+00  0.13387E-05
 0.10000E+01  0.99980E+00  0.00000E+00
 0.00000E+00  0.99984E+00  0.00000E+00
 0.49709E-05  0.99984E+00  0.58631E-07
 0.16001E-04  0.99984E+00  0.58480E-07
 0.29447E-04  0.99984E+00  0.58101E-07
 0.45836E-04  0.99984E+00  0.57398E-07
 0.65814E-04  0.99984E+00  0.56256E-07
 0.90165E-04  0.99984E+00  0.54547E-07
 0.11985E-03  0.99984E+00  0.52141E-07
 0.15603E-03  0.99984E+00  0.48927E-07
 0.20013E-03  0.99984E+00  0.44839E-07
 0.25388E-03  0.99984E+00  0.39889E-07
 0.31939E-03  0.99984E+00  0.34205E-07
 0.39924E-03  0.99984E+00  0.28070E-07
 0.49656E-03  0.99984E+00  0.21931E-07
 0.61516E-03  0.99984E+00  0.16401E-07
 0.75970E-03  0.99984E+00  0.12202E-07
 0.93583E-03  0.99984E+00  0.10094E-07
 0.11504E-02  0.99984E+00  0.10791E-07
 0.14119E-02  0.99984E+00  0.14915E-07
 0.17305E-02  0.99984E+00  0.23018E-07
 0.21186E-02  0.99984E+00  0.35582E-07
 0.25912E-02  0.99984E+00  0.52266E-07
 0.31667E-02  0.99984E+00  0.70014E-07
 0.38673E-02  0.99984E+00  0.84062E-07
 0.47200E-02  0.99984E+00  0.92263E-07
 0.57574E-02  0.99984E+00  0.96583E-07
 0.70191E-02  0.99984E+00  0.93582E-07
 0.85527E-02  0.99984E+00  0.71924E-07
 0.10416E-01  0.99984E+00  0.17825E-07
 0.12677E-01  0.99984E+00 -0.75685E-07
 0.15420E-01  0.99984E+00 -0.19982E-06
 0.18742E-01  0.99984E+00 -0.33965E-06
 0.22762E-01  0.99984E+00 -0.48115E-06
 0.27617E-01  0.99984E+00 -0.60921E-06
 0.33469E-01  0.99984E+00 -0.70899E-06
 0.40509E-01  0.99984E+00 -0.77141E-06
 0.48950E-01  0.99984E+00 -0.79283E-06
 0.59040E-01  0.99984E+00 -0.76717E-06
 0.71052E-01  0.99984E+00 -0.69072E-06
 0.85282E-01  0.99984E+00 -0.59844E-06
 0.10204E+00  0.99984E+00 -0.56373E-06
 0.12166E+00  0.99984E+00 -0.63048E-06
 0.14443E+00  0.99984E+00 -0.75980E-06
 0.17063E+00  0.99984E+00 -0.89854E-06
 0.20047E+00  0.99984E+00 -0.11215E-05
 0.23404E+00  0.99984E+00 -0.15536E-05
 0.27131E+00  0.99984E+00 -0.22206E-05
 0.31210E+00  0.99984E+00 -0.29876E-05
 0.35601E+00  0.99984E+00 -0.35247E-05
 0.40249E+00  0.99984E+00 -0.35048E-05
 0.45077E+00  0.99984E+00 -0.28400E-05
 0.50000E+00  0.99984E+00 -0.16753E-05
 0.54923E+00  0.99984E+00 -0.28976E-06
 0.59751E+00  0.99984E+00  0.93603E-06
 0.64399E+00  0.99984E+00  0.17044E-05
 0.68790E+00  0.99984E+00  0.20615E-05
 0.72869E+00  0.99984E+00  0.21083E-05
 0.76596E+00  0.99984E+00  0.19088E-05
 0.79953E+00  0.99984E+00  0.15753E-05
 0.82937E+00  0.99984E+00  0.11686E-05
 0.85557E+00  0.99984E+00  0.82331E-06
 0.87834E+00  0.99984E+00  0.64234E-06
 0.89796E+00  0.99984E+00  0.60662E-06
 0.91472E+00  0.99984E+00  0.62179E-06
 0.92895E+00  0.99984E+00  0.61344E-06
 0.94096E+00  0.99984E+00  0.58663E-06
 0.95105E+00  0.99984E+00  0.59573E-06
 0.95949E+00  0.99984E+00  0.66535E-06
 0.96653E+00  0.99984E+00  0.77586E-06
 0.97238E+00  0.99984E+00  0.89776E-06
 0.97724E+00  0.99984E+00  0.10082E-05
 0.98126E+00  0.99984E+00  0.10969E-05
 0.98458E+00  0.99984E+00  0.11643E-05
 0.98732E+00  0.99984E+00  0.12202E-05
 0.98958E+00  0.99984E+00  0.12732E-05
 0.99145E+00  0.99984E+00  0.13183E-05
 0.99298E+00  0.99984E+00  0.13444E-05
 0.99424E+00  0.99984E+00  0.13568E-05
 0.99528E+00  0.99984E+00  0.13626E-05
 0.99613E+00  0.99984E+00  0.13643E-05
 0.99683E+00  0.99984E+00  0.13641E-05
 0.99741E+00  0.99984E+00  0.13628E-05
 0.99788E+00  0.99984E+00  0.13603E-05
 0.99827E+00  0.99984E+00  0.13561E-05
 0.99859E+00  0.99984E+00  0.13506E-05
 0.99885E+00  0.99984E+00  0.13449E-05
 0.99906E+00  0.99984E+00  0.13397E-05
 0.99924E+00  0.99984E+00  0.13353E-05
 0.99938E+00  0.99984E+00  0.13320E-05
 0.99950E+00  0.99984E+00  0.13296E-05
 0.99960E+00  0.99984E+00  0.13281E-05
 0.99968E+00  0.99984E+00  0.13273E-05
 0.99975E+00  0.99984E+00  0.13269E-05
 0.99980E+00  0.99984E+00  0.13269E-05
 0.99984E+00  0.99984E+00  0.13271E-05
 0.99988E+00  0.99984E+00  0.13273E-05
 0.99991E+00  0.99984E+00  0.13275E-05
 0.99993E+00  0.99984E+00  0.13277E-05
 0.99995E+00  0.99984E+00  0.13279E-05
 0.99997E+00  0.99984E+00  0.13280E-05
 0.99998E+00  0.99984E+00  0.13280E-05
 0.10000E+01  0.99984E+00  0.13281E-05
 0.10000E+01  0.99984E+00  0.00000E+00
 0.00000E+00  0.99988E+00  0.00000E+00
 0.49709E-05  0.99988E+00  0.46835E-07
 0.16001E-04  0.99988E+00  0.46693E-07
 0.29447E-04  0.99988E+00  0.46338E-07
 0.45836E-04  0.99988E+00  0.45680E-07
 0.65814E-04  0.99988E+00  0.44613E-07
 0.90165E-04  0.99988E+00  0.43013E-07
 0.11985E-03  0.99988E+00  0.40753E-07
 0.15603E-03  0.99988E+00  0.37718E-07
 0.20013E-03  0.99988E+00  0.33827E-07
 0.25388E-03  0.99988E+00  0.29071E-07
 0.31939E-03  0.99988E+00  0.23556E-07
 0.39924E-03  0.99988E+00  0.17542E-07
 0.49656E-03  0.99988E+00  0.11466E-07
 0.61516E-03  0.99988E+00  0.59391E-08
 0.75970E-03  0.99988E+00  0.16967E-08
 0.93583E-03  0.99988E+00 -0.48508E-09
 0.11504E-02  0.99988E+00  0.12161E-09
 0.14119E-02  0.99988E+00  0.41426E-08
 0.17305E-02  0.99988E+00  0.12120E-07
 0.21186E-02  0.99988E+00  0.24511E-07
 0.25912E-02  0.99988E+00  0.40969E-07
 0.31667E-02  0.99988E+00  0.58511E-07
 0.38673E-02  0.99988E+00  0.72441E-07
 0.47200E-02  0.99988E+00  0.80588E-07
 0.57574E-02  0.99988E+00  0.84837E-07
 0.70191E-02  0.99988E+00  0.81782E-07
 0.85527E-02  0.99988E+00  0.60200E-07
 0.10416E-01  0.99988E+00  0.64406E-08
 0.12677E-01  0.99988E+00 -0.86400E-07
 0.15420E-01  0.99988E+00 -0.20963E-06
 0.18742E-01  0.99988E+00 -0.34842E-06
 0.22762E-01  0.99988E+00 -0.48890E-06
 0.27617E-01  0.99988E+00 -0.61607E-06
 0.33469E-01  0.99988E+00 -0.71527E-06
 0.40509E-01  0.99988E+00 -0.77749E-06
 0.48950E-01  0.99988E+00 -0.79917E-06
 0.59040E-01  0.99988E+00 -0.77426E-06
 0.71052E-01  0.99988E+00 -0.69903E-06
 0.85282E-01  0.99988E+00 -0.60803E-06
 0.10204E+00  0.99988E+00 -0.57394E-06
 0.12166E+00  0.99988E+00 -0.64032E-06
 0.14443E+00  0.99988E+00 -0.76873E-06
 0.17063E+00  0.99988E+00 -0.90669E-06
 0.20047E+00  0.99988E+00 -0.11286E-05
 0.23404E+00  0.99988E+00 -0.15583E-05
 0.27131E+00  0.99988E+00 -0.22211E-05
 0.31210E+00  0.99988E+00 -0.29826E-05
 0.35601E+00  0.99988E+00 -0.35149E-05
 0.40249E+00  0.99988E+00 -0.34933E-05
 0.45077E+00  0.99988E+00 -0.28307E-05
 0.50000E+00  0.99988E+00 -0.16710E-05
 0.54923E+00  0.99988E+00 -0.29145E-06
 0.59751E+00  0.99988E+00  0.92879E-06
 0.64399E+00  0.99988E+00  0.16933E-05
 0.68790E+00  0.99988E+00  0.20488E-05
 0.72869E+00  0.99988E+00  0.20956E-05
 0.76596E+00  0.99988E+00  0.18962E-05
 0.79953E+00  0.99988E+00  0.15638E-05
 0.82937E+00  0.99988E+00  0.11601E-05
 0.85557E+00  0.99988E+00  0.81826E-06
 0.87834E+00  0.99988E+00  0.63950E-06
 0.89796E+00  0.99988E+00  0.60461E-06
 0.91472E+00  0.99988E+00  0.61995E-06
 0.92895E+00  0.99988E+00  0.61178E-06
 0.94096E+00  0.99988E+00  0.58518E-06
 0.95105E+00  0.99988E+00  0.59409E-06
 0.95949E+00  0.99988E+00  0.66301E-06
 0.96653E+00  0.99988E+00  0.77253E-06
 0.97238E+00  0.99988E+00  0.89339E-06
 0.97724E+00  0.99988E+00  0.10030E-05
 0.98126E+00  0.99988E+00  0.10909E-05
 0.98458E+00  0.99988E+00  0.11579E-05
 0.98732E+00  0.99988E+00  0.12134E-05
 0.98958E+00  0.99988E+00  0.12660E-05
 0.99145E+00  0.99988E+00  0.13108E-05
 0.99298E+00  0.99988E+00  0.13366E-05
 0.99424E+00  0.99988E+00  0.13489E-05
 0.99528E+00  0.99988E+00  0.13547E-05
 0.99613E+00  0.99988E+00  0.13564E-05
 0.99683E+00  0.99988E+00  0.13561E-05
 0.99741E+00  0.99988E+00  0.13549E-05
 0.99788E+00  0.99988E+00  0.13523E-05
 0.99827E+00  0.99988E+00  0.13481E-05
 0.99859E+00  0.99988E+00  0.13427E-05
 0.99885E+00  0.99988E+00  0.13370E-05
 0.99906E+00  0.99988E+00  0.13318E-05
 0.99924E+00  0.99988E+00  0.13276E-05
 0.99938E+00  0.99988E+00  0.13243E-05
 0.99950E+00  0.99988E+00  0.13220E-05
 0.99960E+00  0.99988E+00  0.13206E-05
 0.99968E+00  0.99988E+00  0.13199E-05
 0.99975E+00  0.99988E+00  0.13196E-05
 0.99980E+00  0.99988E+00  0.13196E-05
 0.99984E+00  0.99988E+00  0.13198E-05
 0.99988E+00  0.99988E+00  0.13200E-05
 0.99991E+00  0.99988E+00  0.13203E-05
 0.99993E+00  0.99988E+00  0.13205E-05
 0.99995E+00  0.99988E+00  0.13206E-05
 0.99997E+00  0.99988E+00  0.13207E-05
 0.99998E+00  0.99988E+00  0.13208E-05
 0.10000E+01  0.99988E+00  0.13208E-05
 0.10000E+01  0.99988E+00  0.00000E+00
 0.00000E+00  0.99991E+00  0.00000E+00
 0.49709E-05  0.99991E+00  0.39306E-07
 0.16001E-04  0.99991E+00  0.39175E-07
 0.29447E-04  0.99991E+00  0.38848E-07
 0.45836E-04  0.99991E+00  0.38242E-07
 0.65814E-04  0.99991E+00  0.37254E-07
 0.90165E-04  0.99991E+00  0.35765E-07
 0.11985E-03  0.99991E+00  0.33647E-07
 0.15603E-03  0.99991E+00  0.30776E-07
 0.20013E-03  0.99991E+00  0.27058E-07
 0.25388E-03  0.99991E+00  0.22467E-07
 0.31939E-03  0.99991E+00  0.17090E-07
 0.39924E-03  0.99991E+00  0.11174E-07
 0.49656E-03  0.99991E+00  0.51508E-08
 0.61516E-03  0.99991E+00 -0.36666E-09
 0.75970E-03  0.99991E+00 -0.46337E-08
 0.93583E-03  0.99991E+00 -0.68616E-08
 0.11504E-02  0.99991E+00 -0.63127E-08
 0.14119E-02  0.99991E+00 -0.23581E-08
 0.17305E-02  0.99991E+00  0.55387E-08
 0.21186E-02  0.99991E+00  0.17818E-07
 0.25912E-02  0.99991E+00  0.34128E-07
 0.31667E-02  0.99991E+00  0.51535E-07
 0.38673E-02  0.99991E+00  0.65385E-07
 0.47200E-02  0.99991E+00  0.73495E-07
 0.57574E-02  0.99991E+00  0.77697E-07
 0.70191E-02  0.99991E+00  0.74611E-07
 0.85527E-02  0.99991E+00  0.53086E-07
 0.10416E-01  0.99991E+00 -0.44200E-09
 0.12677E-01  0.99991E+00 -0.92833E-07
 0.15420E-01  0.99991E+00 -0.21545E-06
 0.18742E-01  0.99991E+00 -0.35356E-06
 0.22762E-01  0.99991E+00 -0.49335E-06
 0.27617E-01  0.99991E+00 -0.61993E-06
 0.33469E-01  0.99991E+00 -0.71874E-06
 0.40509E-01  0.99991E+00 -0.78082E-06
 0.48950E-01  0.99991E+00 -0.80265E-06
 0.59040E-01  0.99991E+00 -0.77822E-06
 0.71052E-01  0.99991E+00 -0.70378E-06
 0.85282E-01  0.99991E+00 -0.61363E-06
 0.10204E+00  0.99991E+00 -0.57998E-06
 0.12166E+00  0.99991E+00 -0.64612E-06
 0.14443E+00  0.99991E+00 -0.77394E-06
 0.17063E+00  0.99991E+00 -0.91141E-06
 0.20047E+00  0.99991E+00 -0.11326E-05
 0.23404E+00  0.99991E+00 -0.15608E-05
 0.27131E+00  0.99991E+00 -0.22206E-05
 0.31210E+00  0.99991E+00 -0.29784E-05
 0.35601E+00  0.99991E+00 -0.35074E-05
 0.40249E+00  0.99991E+00 -0.34847E-05
 0.45077E+00  0.99991E+00 -0.28236E-05
 0.50000E+00  0.99991E+00 -0.16672E-05
 0.54923E+00  0.99991E+00 -0.29196E-06
 0.59751E+00  0.99991E+00  0.92436E-06
 0.64399E+00  0.99991E+00  0.16861E-05
 0.68790E+00  0.99991E+00  0.20405E-05
 0.72869E+00  0.99991E+00  0.20873E-05
 0.76596E+00  0.99991E+00  0.18880E-05
 0.79953E+00  0.99991E+00  0.15564E-05
 0.82937E+00  0.99991E+00  0.11548E-05
 0.85557E+00  0.99991E+00  0.81523E-06
 0.87834E+00  0.99991E+00  0.63794E-06
 0.89796E+00  0.99991E+00  0.60359E-06
 0.91472E+00  0.99991E+00  0.61901E-06
 0.92895E+00  0.99991E+00  0.61093E-06
 0.94096E+00  0.99991E+00  0.58444E-06
 0.95105E+00  0.99991E+00  0.59322E-06
 0.95949E+00  0.99991E+00  0.66166E-06
 0.96653E+00  0.99991E+00  0.77051E-06
 0.97238E+00  0.99991E+00  0.89067E-06
 0.97724E+00  0.99991E+00  0.99965E-06
 0.98126E+00  0.99991E+00  0.10872E-05
 0.98458E+00  0.99991E+00  0.11538E-05
 0.98732E+00  0.99991E+00  0.12090E-05
 0.98958E+00  0.99991E+00  0.12614E-05
 0.99145E+00  0.99991E+00  0.13059E-05
 0.99298E+00  0.99991E+00  0.13316E-05
 0.99424E+00  0.99991E+00  0.13439E-05
 0.99528E+00  0.99991E+00  0.13496E-05
 0.99613E+00  0.99991E+00  0.13513E-05
 0.99683E+00  0.99991E+00  0.13510E-05
 0.99741E+00  0.99991E+00  0.13497E-05
 0.99788E+00  0.99991E+00  0.13472E-05
 0.99827E+00  0.99991E+00  0.13429E-05
 0.99859E+00  0.99991E+00  0.13375E-05
 0.99885E+00  0.99991E+00  0.13319E-05
 0.99906E+00  0.99991E+00  0.13267E-05
 0.99924E+00  0.99991E+00  0.13225E-05
 0.99938E+00  0.99991E+00  0.13193E-05
 0.99950E+00  0.99991E+00  0.13171E-05
 0.99960E+00  0.99991E+00  0.13158E-05
 0.99968E+00  0.99991E+00  0.13151E-05
 0.99975E+00  0.99991E+00  0.13148E-05
 0.99980E+00  0.99991E+00  0.13148E-05
 0.99984E+00  0.99991E+00  0.13150E-05
 0.99988E+00  0.99991E+00  0.13152E-05
 0.99991E+00  0.99991E+00  0.13155E-05
 0.99993E+00  0.99991E+00  0.13157E-05
 0.99995E+00  0.99991E+00  0.13158E-05
 0.99997E+00  0.99991E+00  0.13159E-05
 0.99998E+00  0.99991E+00  0.13160E-05
 0.10000E+01  0.99991E+00  0.13160E-05
 0.10000E+01  0.99991E+00  0.00000E+00
 0.00000E+00  0.99993E+00  0.00000E+00
 0.49709E-05  0.99993E+00  0.34746E-07
 0.16001E-04  0.99993E+00  0.34627E-07
 0.29447E-04  0.99993E+00  0.34328E-07
 0.45836E-04  0.99993E+00  0.33772E-07
 0.65814E-04  0.99993E+00  0.32858E-07
 0.90165E-04  0.99993E+00  0.31467E-07
 0.11985E-03  0.99993E+00  0.29468E-07
 0.15603E-03  0.99993E+00  0.26728E-07
 0.20013E-03  0.99993E+00  0.23144E-07
 0.25388E-03  0.99993E+00  0.18677E-07
 0.31939E-03  0.99993E+00  0.13402E-07
 0.39924E-03  0.99993E+00  0.75576E-08
 0.49656E-03  0.99993E+00  0.15730E-08
 0.61516E-03  0.99993E+00 -0.39357E-08
 0.75970E-03  0.99993E+00 -0.82167E-08
 0.93583E-03  0.99993E+00 -0.10473E-07
 0.11504E-02  0.99993E+00 -0.99598E-08
 0.14119E-02  0.99993E+00 -0.60467E-08
 0.17305E-02  0.99993E+00  0.17994E-08
 0.21186E-02  0.99993E+00  0.14008E-07
 0.25912E-02  0.99993E+00  0.30227E-07
 0.31667E-02  0.99993E+00  0.47547E-07
 0.38673E-02  0.99993E+00  0.61346E-07
 0.47200E-02  0.99993E+00  0.69432E-07
 0.57574E-02  0.99993E+00  0.73605E-07
 0.70191E-02  0.99993E+00  0.70500E-07
 0.85527E-02  0.99993E+00  0.49015E-07
 0.10416E-01  0.99993E+00 -0.43614E-08
 0.12677E-01  0.99993E+00 -0.96461E-07
 0.15420E-01  0.99993E+00 -0.21868E-06
 0.18742E-01  0.99993E+00 -0.35635E-06
 0.22762E-01  0.99993E+00 -0.49570E-06
 0.27617E-01  0.99993E+00 -0.62190E-06
 0.33469E-01  0.99993E+00 -0.72044E-06
 0.40509E-01  0.99993E+00 -0.78243E-06
 0.48950E-01  0.99993E+00 -0.80435E-06
 0.59040E-01  0.99993E+00 -0.78021E-06
 0.71052E-01  0.99993E+00 -0.70628E-06
 0.85282E-01  0.99993E+00 -0.61667E-06
 0.10204E+00  0.99993E+00 -0.58330E-06
 0.12166E+00  0.99993E+00 -0.64930E-06
 0.14443E+00  0.99993E+00 -0.77674E-06
 0.17063E+00  0.99993E+00 -0.91392E-06
 0.20047E+00  0.99993E+00 -0.11347E-05
 0.23404E+00  0.99993E+00 -0.15618E-05
 0.27131E+00  0.99993E+00 -0.22198E-05
 0.31210E+00  0.99993E+00 -0.29750E-05
 0.35601E+00  0.99993E+00 -0.35019E-05
 0.40249E+00  0.99993E+00 -0.34785E-05
 0.45077E+00  0.99993E+00 -0.28184E-05
 0.50000E+00  0.99993E+00 -0.16643E-05
 0.54923E+00  0.99993E+00 -0.29188E-06
 0.59751E+00  0.99993E+00  0.92177E-06
 0.64399E+00  0.99993E+00  0.16817E-05
 0.68790E+00  0.99993E+00  0.20354E-05
 0.72869E+00  0.99993E+00  0.20821E-05
 0.76596E+00  0.99993E+00  0.18829E-05
 0.79953E+00  0.99993E+00  0.15518E-05
 0.82937E+00  0.99993E+00  0.11516E-05
 0.85557E+00  0.99993E+00  0.81350E-06
 0.87834E+00  0.99993E+00  0.63717E-06
 0.89796E+00  0.99993E+00  0.60314E-06
 0.91472E+00  0.99993E+00  0.61860E-06
 0.92895E+00  0.99993E+00  0.61056E-06
 0.94096E+00  0.99993E+00  0.58413E-06
 0.95105E+00  0.99993E+00  0.59281E-06
 0.95949E+00  0.99993E+00  0.66095E-06
 0.96653E+00  0.99993E+00  0.76935E-06
 0.97238E+00  0.99993E+00  0.88907E-06
 0.97724E+00  0.99993E+00  0.99766E-06
 0.98126E+00  0.99993E+00  0.10849E-05
 0.98458E+00  0.99993E+00  0.11513E-05
 0.98732E+00  0.99993E+00  0.12063E-05
 0.98958E+00  0.99993E+00  0.12585E-05
 0.99145E+00  0.99993E+00  0.13029E-05
 0.99298E+00  0.99993E+00  0.13286E-05
 0.99424E+00  0.99993E+00  0.13408E-05
 0.99528E+00  0.99993E+00  0.13465E-05
 0.99613E+00  0.99993E+00  0.13482E-05
 0.99683E+00  0.99993E+00  0.13479E-05
 0.99741E+00  0.99993E+00  0.13466E-05
 0.99788E+00  0.99993E+00  0.13440E-05
 0.99827E+00  0.99993E+00  0.13397E-05
 0.99859E+00  0.99993E+00  0.13343E-05
 0.99885E+00  0.99993E+00  0.13287E-05
 0.99906E+00  0.99993E+00  0.13236E-05
 0.99924E+00  0.99993E+00  0.13194E-05
 0.99938E+00  0.99993E+00  0.13163E-05
 0.99950E+00  0.99993E+00  0.13141E-05
 0.99960E+00  0.99993E+00  0.13127E-05
 0.99968E+00  0.99993E+00  0.13121E-05
 0.99975E+00  0.99993E+00  0.13118E-05
 0.99980E+00  0.99993E+00  0.13118E-05
 0.99984E+00  0.99993E+00  0.13120E-05
 0.99988E+00  0.99993E+00  0.13122E-05
 0.99991E+00  0.99993E+00  0.13124E-05
 0.99993E+00  0.99993E+00  0.13126E-05
 0.99995E+00  0.99993E+00  0.13128E-05
 0.99997E+00  0.99993E+00  0.13128E-05
 0.99998E+00  0.99993E+00  0.13129E-05
 0.10000E+01  0.99993E+00  0.13129E-05
 0.10000E+01  0.99993E+00  0.00000E+00
 0.00000E+00  0.99995E+00  0.00000E+00
 0.49709E-05  0.99995E+00  0.32205E-07
 0.16001E-04  0.99995E+00  0.32097E-07
 0.29447E-04  0.99995E+00  0.31824E-07
 0.45836E-04  0.99995E+00  0.31310E-07
 0.65814E-04  0.99995E+00  0.30456E-07
 0.90165E-04  0.99995E+00  0.29142E-07
 0.11985E-03  0.99995E+00  0.27232E-07
 0.15603E-03  0.99995E+00  0.24587E-07
 0.20013E-03  0.99995E+00  0.21096E-07
 0.25388E-03  0.99995E+00  0.16713E-07
 0.31939E-03  0.99995E+00  0.11507E-07
 0.39924E-03  0.99995E+00  0.57099E-08
 0.49656E-03  0.99995E+00 -0.24890E-09
 0.61516E-03  0.99995E+00 -0.57510E-08
 0.75970E-03  0.99995E+00 -0.10040E-07
 0.93583E-03  0.99995E+00 -0.12312E-07
 0.11504E-02  0.99995E+00 -0.11821E-07
 0.14119E-02  0.99995E+00 -0.79327E-08
 0.17305E-02  0.99995E+00 -0.11699E-09
 0.21186E-02  0.99995E+00  0.12050E-07
 0.25912E-02  0.99995E+00  0.28214E-07
 0.31667E-02  0.99995E+00  0.45482E-07
 0.38673E-02  0.99995E+00  0.59248E-07
 0.47200E-02  0.99995E+00  0.67319E-07
 0.57574E-02  0.99995E+00  0.71475E-07
 0.70191E-02  0.99995E+00  0.68361E-07
 0.85527E-02  0.99995E+00  0.46901E-07
 0.10416E-01  0.99995E+00 -0.63805E-08
 0.12677E-01  0.99995E+00 -0.98300E-07
 0.15420E-01  0.99995E+00 -0.22028E-06
 0.18742E-01  0.99995E+00 -0.35768E-06
 0.22762E-01  0.99995E+00 -0.49675E-06
 0.27617E-01  0.99995E+00 -0.62272E-06
 0.33469E-01  0.99995E+00 -0.72109E-06
 0.40509E-01  0.99995E+00 -0.78301E-06
 0.48950E-01  0.99995E+00 -0.80498E-06
 0.59040E-01  0.99995E+00 -0.78102E-06
 0.71052E-01  0.99995E+00 -0.70738E-06
 0.85282E-01  0.99995E+00 -0.61810E-06
 0.10204E+00  0.99995E+00 -0.58490E-06
 0.12166E+00  0.99995E+00 -0.65082E-06
 0.14443E+00  0.99995E+00 -0.77804E-06
 0.17063E+00  0.99995E+00 -0.91503E-06
 0.20047E+00  0.99995E+00 -0.11356E-05
 0.23404E+00  0.99995E+00 -0.15620E-05
 0.27131E+00  0.99995E+00 -0.22188E-05
 0.31210E+00  0.99995E+00 -0.29725E-05
 0.35601E+00  0.99995E+00 -0.34980E-05
 0.40249E+00  0.99995E+00 -0.34742E-05
 0.45077E+00  0.99995E+00 -0.28147E-05
 0.50000E+00  0.99995E+00 -0.16621E-05
 0.54923E+00  0.99995E+00 -0.29157E-06
 0.59751E+00  0.99995E+00  0.92036E-06
 0.64399E+00  0.99995E+00  0.16791E-05
 0.68790E+00  0.99995E+00  0.20323E-05
 0.72869E+00  0.99995E+00  0.20790E-05
 0.76596E+00  0.99995E+00  0.18799E-05
 0.79953E+00  0.99995E+00  0.15492E-05
 0.82937E+00  0.99995E+00  0.11498E-05
 0.85557E+00  0.99995E+00  0.81261E-06
 0.87834E+00  0.99995E+00  0.63685E-06
 0.89796E+00  0.99995E+00  0.60302E-06
 0.91472E+00  0.99995E+00  0.61849E-06
 0.92895E+00  0.99995E+00  0.61047E-06
 0.94096E+00  0.99995E+00  0.58406E-06
 0.95105E+00  0.99995E+00  0.59268E-06
 0.95949E+00  0.99995E+00  0.66062E-06
 0.96653E+00  0.99995E+00  0.76876E-06
 0.97238E+00  0.99995E+00  0.88819E-06
 0.97724E+00  0.99995E+00  0.99655E-06
 0.98126E+00  0.99995E+00  0.10836E-05
 0.98458E+00  0.99995E+00  0.11499E-05
 0.98732E+00  0.99995E+00  0.12048E-05
 0.98958E+00  0.99995E+00  0.12569E-05
 0.99145E+00  0.99995E+00  0.13012E-05
 0.99298E+00  0.99995E+00  0.13268E-05
 0.99424E+00  0.99995E+00  0.13389E-05
 0.99528E+00  0.99995E+00  0.13447E-05
 0.99613E+00  0.99995E+00  0.13463E-05
 0.99683E+00  0.99995E+00  0.13460E-05
 0.99741E+00  0.99995E+00  0.13447E-05
 0.99788E+00  0.99995E+00  0.13421E-05
 0.99827E+00  0.99995E+00  0.13379E-05
 0.99859E+00  0.99995E+00  0.13324E-05
 0.99885E+00  0.99995E+00  0.13268E-05
 0.99906E+00  0.99995E+00  0.13218E-05
 0.99924E+00  0.99995E+00  0.13176E-05
 0.99938E+00  0.99995E+00  0.13145E-05
 0.99950E+00  0.99995E+00  0.13123E-05
 0.99960E+00  0.99995E+00  0.13110E-05
 0.99968E+00  0.99995E+00  0.13103E-05
 0.99975E+00  0.99995E+00  0.13101E-05
 0.99980E+00  0.99995E+00  0.13101E-05
 0.99984E+00  0.99995E+00  0.13103E-05
 0.99988E+00  0.99995E+00  0.13105E-05
 0.99991E+00  0.99995E+00  0.13107E-05
 0.99993E+00  0.99995E+00  0.13108E-05
 0.99995E+00  0.99995E+00  0.13109E-05
 0.99997E+00  0.99995E+00  0.13110E-05
 0.99998E+00  0.99995E+00  0.13111E-05
 0.10000E+01  0.99995E+00  0.13111E-05
 0.10000E+01  0.99995E+00  0.00000E+00
 0.00000E+00  0.99997E+00  0.00000E+00
 0.49709E-05  0.99997E+00  0.31002E-07
 0.16001E-04  0.99997E+00  0.30904E-07
 0.29447E-04  0.99997E+00  0.30651E-07
 0.45836E-04  0.99997E+00  0.30169E-07
 0.65814E-04  0.99997E+00  0.29359E-07
 0.90165E-04  0.99997E+00  0.28097E-07
 0.11985E-03  0.99997E+00  0.26245E-07
 0.15603E-03  0.99997E+00  0.23661E-07
 0.20013E-03  0.99997E+00  0.20229E-07
 0.25388E-03  0.99997E+00  0.15898E-07
 0.31939E-03  0.99997E+00  0.10733E-07
 0.39924E-03  0.99997E+00  0.49646E-08
 0.49656E-03  0.99997E+00 -0.97867E-09
 0.61516E-03  0.99997E+00 -0.64766E-08
 0.75970E-03  0.99997E+00 -0.10769E-07
 0.93583E-03  0.99997E+00 -0.13051E-07
 0.11504E-02  0.99997E+00 -0.12572E-07
 0.14119E-02  0.99997E+00 -0.86975E-08
 0.17305E-02  0.99997E+00 -0.89885E-09
 0.21186E-02  0.99997E+00  0.11245E-07
 0.25912E-02  0.99997E+00  0.27377E-07
 0.31667E-02  0.99997E+00  0.44616E-07
 0.38673E-02  0.99997E+00  0.58364E-07
 0.47200E-02  0.99997E+00  0.66426E-07
 0.57574E-02  0.99997E+00  0.70573E-07
 0.70191E-02  0.99997E+00  0.67453E-07
 0.85527E-02  0.99997E+00  0.46010E-07
 0.10416E-01  0.99997E+00 -0.72165E-08
 0.12677E-01  0.99997E+00 -0.99032E-07
 0.15420E-01  0.99997E+00 -0.22087E-06
 0.18742E-01  0.99997E+00 -0.35811E-06
 0.22762E-01  0.99997E+00 -0.49703E-06
 0.27617E-01  0.99997E+00 -0.62286E-06
 0.33469E-01  0.99997E+00 -0.72113E-06
 0.40509E-01  0.99997E+00 -0.78301E-06
 0.48950E-01  0.99997E+00 -0.80500E-06
 0.59040E-01  0.99997E+00 -0.78113E-06
 0.71052E-01  0.99997E+00 -0.70766E-06
 0.85282E-01  0.99997E+00 -0.61856E-06
 0.10204E+00  0.99997E+00 -0.58545E-06
 0.12166E+00  0.99997E+00 -0.65132E-06
 0.14443E+00  0.99997E+00 -0.77841E-06
 0.17063E+00  0.99997E+00 -0.91529E-06
 0.20047E+00  0.99997E+00 -0.11357E-05
 0.23404E+00  0.99997E+00 -0.15617E-05
 0.27131E+00  0.99997E+00 -0.22178E-05
 0.31210E+00  0.99997E+00 -0.29706E-05
 0.35601E+00  0.99997E+00 -0.34953E-05
 0.40249E+00  0.99997E+00 -0.34713E-05
 0.45077E+00  0.99997E+00 -0.28122E-05
 0.50000E+00  0.99997E+00 -0.16606E-05
 0.54923E+00  0.99997E+00 -0.29119E-06
 0.59751E+00  0.99997E+00  0.91967E-06
 0.64399E+00  0.99997E+00  0.16777E-05
 0.68790E+00  0.99997E+00  0.20306E-05
 0.72869E+00  0.99997E+00  0.20773E-05
 0.76596E+00  0.99997E+00  0.18783E-05
 0.79953E+00  0.99997E+00  0.15478E-05
 0.82937E+00  0.99997E+00  0.11489E-05
 0.85557E+00  0.99997E+00  0.81224E-06
 0.87834E+00  0.99997E+00  0.63680E-06
 0.89796E+00  0.99997E+00  0.60307E-06
 0.91472E+00  0.99997E+00  0.61854E-06
 0.92895E+00  0.99997E+00  0.61052E-06
 0.94096E+00  0.99997E+00  0.58412E-06
 0.95105E+00  0.99997E+00  0.59270E-06
 0.95949E+00  0.99997E+00  0.66053E-06
 0.96653E+00  0.99997E+00  0.76852E-06
 0.97238E+00  0.99997E+00  0.88779E-06
 0.97724E+00  0.99997E+00  0.99600E-06
 0.98126E+00  0.99997E+00  0.10829E-05
 0.98458E+00  0.99997E+00  0.11491E-05
 0.98732E+00  0.99997E+00  0.12040E-05
 0.98958E+00  0.99997E+00  0.12560E-05
 0.99145E+00  0.99997E+00  0.13002E-05
 0.99298E+00  0.99997E+00  0.13258E-05
 0.99424E+00  0.99997E+00  0.13380E-05
 0.99528E+00  0.99997E+00  0.13437E-05
 0.99613E+00  0.99997E+00  0.13453E-05
 0.99683E+00  0.99997E+00  0.13450E-05
 0.99741E+00  0.99997E+00  0.13437E-05
 0.99788E+00  0.99997E+00  0.13411E-05
 0.99827E+00  0.99997E+00  0.13369E-05
 0.99859E+00  0.99997E+00  0.13315E-05
 0.99885E+00  0.99997E+00  0.13259E-05
 0.99906E+00  0.99997E+00  0.13208E-05
 0.99924E+00  0.99997E+00  0.13166E-05
 0.99938E+00  0.99997E+00  0.13135E-05
 0.99950E+00  0.99997E+00  0.13114E-05
 0.99960E+00  0.99997E+00  0.13101E-05
 0.99968E+00  0.99997E+00  0.13094E-05
 0.99975E+00  0.99997E+00  0.13092E-05
 0.99980E+00  0.99997E+00  0.13092E-05
 0.99984E+00  0.99997E+00  0.13093E-05
 0.99988E+00  0.99997E+00  0.13095E-05
 0.99991E+00  0.99997E+00  0.13097E-05
 0.99993E+00  0.99997E+00  0.13099E-05
 0.99995E+00  0.99997E+00  0.13100E-05
 0.99997E+00  0.99997E+00  0.13100E-05
 0.99998E+00  0.99997E+00  0.13101E-05
 0.10000E+01  0.99997E+00  0.13101E-05
 0.10000E+01  0.99997E+00  0.00000E+00
 0.00000E+00  0.99998E+00  0.00000E+00
 0.49709E-05  0.99998E+00  0.30656E-07
 0.16001E-04  0.99998E+00  0.30565E-07
 0.29447E-04  0.99998E+00  0.30327E-07
 0.45836E-04  0.99998E+00  0.29865E-07
 0.65814E-04  0.99998E+00  0.29081E-07
 0.90165E-04  0.99998E+00  0.27849E-07
 0.11985E-03  0.99998E+00  0.26030E-07
 0.15603E-03  0.99998E+00  0.23480E-07
 0.20013E-03  0.99998E+00  0.20079E-07
 0.25388E-03  0.99998E+00  0.15776E-07
 0.31939E-03  0.99998E+00  0.10633E-07
 0.39924E-03  0.99998E+00  0.48794E-08
 0.49656E-03  0.99998E+00 -0.10557E-08
 0.61516E-03  0.99998E+00 -0.65513E-08
 0.75970E-03  0.99998E+00 -0.10846E-07
 0.93583E-03  0.99998E+00 -0.13133E-07
 0.11504E-02  0.99998E+00 -0.12659E-07
 0.14119E-02  0.99998E+00 -0.87917E-08
 0.17305E-02  0.99998E+00 -0.10015E-08
 0.21186E-02  0.99998E+00  0.11131E-07
 0.25912E-02  0.99998E+00  0.27248E-07
 0.31667E-02  0.99998E+00  0.44471E-07
 0.38673E-02  0.99998E+00  0.58210E-07
 0.47200E-02  0.99998E+00  0.66269E-07
 0.57574E-02  0.99998E+00  0.70411E-07
 0.70191E-02  0.99998E+00  0.67289E-07
 0.85527E-02  0.99998E+00  0.45854E-07
 0.10416E-01  0.99998E+00 -0.73434E-08
 0.12677E-01  0.99998E+00 -0.99105E-07
 0.15420E-01  0.99998E+00 -0.22087E-06
 0.18742E-01  0.99998E+00 -0.35803E-06
 0.22762E-01  0.99998E+00 -0.49687E-06
 0.27617E-01  0.99998E+00 -0.62262E-06
 0.33469E-01  0.99998E+00 -0.72084E-06
 0.40509E-01  0.99998E+00 -0.78269E-06
 0.48950E-01  0.99998E+00 -0.80469E-06
 0.59040E-01  0.99998E+00 -0.78086E-06
 0.71052E-01  0.99998E+00 -0.70746E-06
 0.85282E-01  0.99998E+00 -0.61845E-06
 0.10204E+00  0.99998E+00 -0.58538E-06
 0.12166E+00  0.99998E+00 -0.65123E-06
 0.14443E+00  0.99998E+00 -0.77825E-06
 0.17063E+00  0.99998E+00 -0.91507E-06
 0.20047E+00  0.99998E+00 -0.11353E-05
 0.23404E+00  0.99998E+00 -0.15612E-05
 0.27131E+00  0.99998E+00 -0.22169E-05
 0.31210E+00  0.99998E+00 -0.29692E-05
 0.35601E+00  0.99998E+00 -0.34935E-05
 0.40249E+00  0.99998E+00 -0.34694E-05
 0.45077E+00  0.99998E+00 -0.28106E-05
 0.50000E+00  0.99998E+00 -0.16596E-05
 0.54923E+00  0.99998E+00 -0.29084E-06
 0.59751E+00  0.99998E+00  0.91941E-06
 0.64399E+00  0.99998E+00  0.16771E-05
 0.68790E+00  0.99998E+00  0.20298E-05
 0.72869E+00  0.99998E+00  0.20765E-05
 0.76596E+00  0.99998E+00  0.18775E-05
 0.79953E+00  0.99998E+00  0.15472E-05
 0.82937E+00  0.99998E+00  0.11486E-05
 0.85557E+00  0.99998E+00  0.81217E-06
 0.87834E+00  0.99998E+00  0.63689E-06
 0.89796E+00  0.99998E+00  0.60320E-06
 0.91472E+00  0.99998E+00  0.61866E-06
 0.92895E+00  0.99998E+00  0.61063E-06
 0.94096E+00  0.99998E+00  0.58424E-06
 0.95105E+00  0.99998E+00  0.59280E-06
 0.95949E+00  0.99998E+00  0.66058E-06
 0.96653E+00  0.99998E+00  0.76848E-06
 0.97238E+00  0.99998E+00  0.88767E-06
 0.97724E+00  0.99998E+00  0.99581E-06
 0.98126E+00  0.99998E+00  0.10827E-05
 0.98458E+00  0.99998E+00  0.11488E-05
 0.98732E+00  0.99998E+00  0.12037E-05
 0.98958E+00  0.99998E+00  0.12557E-05
 0.99145E+00  0.99998E+00  0.12998E-05
 0.99298E+00  0.99998E+00  0.13254E-05
 0.99424E+00  0.99998E+00  0.13376E-05
 0.99528E+00  0.99998E+00  0.13433E-05
 0.99613E+00  0.99998E+00  0.13449E-05
 0.99683E+00  0.99998E+00  0.13446E-05
 0.99741E+00  0.99998E+00  0.13433E-05
 0.99788E+00  0.99998E+00  0.13407E-05
 0.99827E+00  0.99998E+00  0.13364E-05
 0.99859E+00  0.99998E+00  0.13310E-05
 0.99885E+00  0.99998E+00  0.13254E-05
 0.99906E+00  0.99998E+00  0.13204E-05
 0.99924E+00  0.99998E+00  0.13162E-05
 0.99938E+00  0.99998E+00  0.13131E-05
 0.99950E+00  0.99998E+00  0.13110E-05
 0.99960E+00  0.99998E+00  0.13097E-05
 0.99968E+00  0.99998E+00  0.13090E-05
 0.99975E+00  0.99998E+00  0.13088E-05
 0.99980E+00  0.99998E+00  0.13088E-05
 0.99984E+00  0.99998E+00  0.13089E-05
 0.99988E+00  0.99998E+00  0.13091E-05
 0.99991E+00  0.99998E+00  0.13093E-05
 0.99993E+00  0.99998E+00  0.13094E-05
 0.99995E+00  0.99998E+00  0.13095E-05
 0.99997E+00  0.99998E+00  0.13096E-05
 0.99998E+00  0.99998E+00  0.13097E-05
 0.10000E+01  0.99998E+00  0.13097E-05
 0.10000E+01  0.99998E+00  0.00000E+00
 0.00000E+00  0.10000E+01  0.00000E+00
 0.49709E-05  0.10000E+01  0.30835E-07
 0.16001E-04  0.10000E+01  0.30747E-07
 0.29447E-04  0.10000E+01  0.30516E-07
 0.45836E-04  0.10000E+01  0.30064E-07
 0.65814E-04  0.10000E+01  0.29290E-07
 0.90165E-04  0.10000E+01  0.28072E-07
 0.11985E-03  0.10000E+01  0.26266E-07
 0.15603E-03  0.10000E+01  0.23729E-07
 0.20013E-03  0.10000E+01  0.20341E-07
 0.25388E-03  0.10000E+01  0.16049E-07
 0.31939E-03  0.10000E+01  0.10914E-07
 0.39924E-03  0.10000E+01  0.51666E-08
 0.49656E-03  0.10000E+01 -0.76533E-09
 0.61516E-03  0.10000E+01 -0.62601E-08
 0.75970E-03  0.10000E+01 -0.10556E-07
 0.93583E-03  0.10000E+01 -0.12844E-07
 0.11504E-02  0.10000E+01 -0.12372E-07
 0.14119E-02  0.10000E+01 -0.85076E-08
 0.17305E-02  0.10000E+01 -0.72063E-09
 0.21186E-02  0.10000E+01  0.11407E-07
 0.25912E-02  0.10000E+01  0.27518E-07
 0.31667E-02  0.10000E+01  0.44736E-07
 0.38673E-02  0.10000E+01  0.58473E-07
 0.47200E-02  0.10000E+01  0.66530E-07
 0.57574E-02  0.10000E+01  0.70670E-07
 0.70191E-02  0.10000E+01  0.67548E-07
 0.85527E-02  0.10000E+01  0.46117E-07
 0.10416E-01  0.10000E+01 -0.70689E-08
 0.12677E-01  0.10000E+01 -0.98810E-07
 0.15420E-01  0.10000E+01 -0.22055E-06
 0.18742E-01  0.10000E+01 -0.35767E-06
 0.22762E-01  0.10000E+01 -0.49648E-06
 0.27617E-01  0.10000E+01 -0.62220E-06
 0.33469E-01  0.10000E+01 -0.72040E-06
 0.40509E-01  0.10000E+01 -0.78224E-06
 0.48950E-01  0.10000E+01 -0.80423E-06
 0.59040E-01  0.10000E+01 -0.78040E-06
 0.71052E-01  0.10000E+01 -0.70703E-06
 0.85282E-01  0.10000E+01 -0.61804E-06
 0.10204E+00  0.10000E+01 -0.58498E-06
 0.12166E+00  0.10000E+01 -0.65081E-06
 0.14443E+00  0.10000E+01 -0.77780E-06
 0.17063E+00  0.10000E+01 -0.91458E-06
 0.20047E+00  0.10000E+01 -0.11348E-05
 0.23404E+00  0.10000E+01 -0.15605E-05
 0.27131E+00  0.10000E+01 -0.22161E-05
 0.31210E+00  0.10000E+01 -0.29682E-05
 0.35601E+00  0.10000E+01 -0.34924E-05
 0.40249E+00  0.10000E+01 -0.34683E-05
 0.45077E+00  0.10000E+01 -0.28097E-05
 0.50000E+00  0.10000E+01 -0.16589E-05
 0.54923E+00  0.10000E+01 -0.29057E-06
 0.59751E+00  0.10000E+01  0.91939E-06
 0.64399E+00  0.10000E+01  0.16769E-05
 0.68790E+00  0.10000E+01  0.20296E-05
 0.72869E+00  0.10000E+01  0.20763E-05
 0.76596E+00  0.10000E+01  0.18774E-05
 0.79953E+00  0.10000E+01  0.15471E-05
 0.82937E+00  0.10000E+01  0.11486E-05
 0.85557E+00  0.10000E+01  0.81227E-06
 0.87834E+00  0.10000E+01  0.63704E-06
 0.89796E+00  0.10000E+01  0.60336E-06
 0.91472E+00  0.10000E+01  0.61880E-06
 0.92895E+00  0.10000E+01  0.61077E-06
 0.94096E+00  0.10000E+01  0.58438E-06
 0.95105E+00  0.10000E+01  0.59294E-06
 0.95949E+00  0.10000E+01  0.66069E-06
 0.96653E+00  0.10000E+01  0.76856E-06
 0.97238E+00  0.10000E+01  0.88772E-06
 0.97724E+00  0.10000E+01  0.99583E-06
 0.98126E+00  0.10000E+01  0.10827E-05
 0.98458E+00  0.10000E+01  0.11488E-05
 0.98732E+00  0.10000E+01  0.12037E-05
 0.98958E+00  0.10000E+01  0.12556E-05
 0.99145E+00  0.10000E+01  0.12998E-05
 0.99298E+00  0.10000E+01  0.13253E-05
 0.99424E+00  0.10000E+01  0.13375E-05
 0.99528E+00  0.10000E+01  0.13432E-05
 0.99613E+00  0.10000E+01  0.13448E-05
 0.99683E+00  0.10000E+01  0.13445E-05
 0.99741E+00  0.10000E+01  0.13432E-05
 0.99788E+00  0.10000E+01  0.13406E-05
 0.99827E+00  0.10000E+01  0.13364E-05
 0.99859E+00  0.10000E+01  0.13310E-05
 0.99885E+00  0.10000E+01  0.13254E-05
 0.99906E+00  0.10000E+01  0.13203E-05
 0.99924E+00  0.10000E+01  0.13162E-05
 0.99938E+00  0.10000E+01  0.13130E-05
 0.99950E+00  0.10000E+01  0.13109E-05
 0.99960E+00  0.10000E+01  0.13096E-05
 0.99968E+00  0.10000E+01  0.13089E-05
 0.99975E+00  0.10000E+01  0.13087E-05
 0.99980E+00  0.10000E+01  0.13087E-05
 0.99984E+00  0.10000E+01  0.13089E-05
 0.99988E+00  0.10000E+01  0.13091E-05
 0.99991E+00  0.10000E+01  0.13092E-05
 0.99993E+00  0.10000E+01  0.13094E-05
 0.99995E+00  0.10000E+01  0.13095E-05
 0.99997E+00  0.10000E+01  0.13095E-05
 0.99998E+00  0.10000E+01  0.13096E-05
 0.10000E+01  0.10000E+01  0.13096E-05
 0.10000E+01  0.10000E+01  0.00000E+00
 0.00000E+00  0.10000E+01  0.00000E+00
 0.49709E-05  0.10000E+01  0.30835E-07
 0.16001E-04  0.10000E+01  0.30747E-07
 0.29447E-04  0.10000E+01  0.30516E-07
 0.45836E-04  0.10000E+01  0.30064E-07
 0.65814E-04  0.10000E+01  0.29290E-07
 0.90165E-04  0.10000E+01  0.28072E-07
 0.11985E-03  0.10000E+01  0.26266E-07
 0.15603E-03  0.10000E+01  0.23729E-07
 0.20013E-03  0.10000E+01  0.20341E-07
 0.25388E-03  0.10000E+01  0.16049E-07
 0.31939E-03  0.10000E+01  0.10914E-07
 0.39924E-03  0.10000E+01  0.51666E-08
 0.49656E-03  0.10000E+01 -0.76533E-09
 0.61516E-03  0.10000E+01 -0.62601E-08
 0.75970E-03  0.10000E+01 -0.10556E-07
 0.93583E-03  0.10000E+01 -0.12844E-07
 0.11504E-02  0.10000E+01 -0.12372E-07
 0.14119E-02  0.10000E+01 -0.85076E-08
 0.17305E-02  0.10000E+01 -0.72063E-09
 0.21186E-02  0.10000E+01  0.11407E-07
 0.25912E-02  0.10000E+01  0.27518E-07
 0.31667E-02  0.10000E+01  0.44736E-07
 0.38673E-02  0.10000E+01  0.58473E-07
 0.47200E-02  0.10000E+01  0.66530E-07
 0.57574E-02  0.10000E+01  0.70670E-07
 0.70191E-02  0.10000E+01  0.67548E-07
 0.85527E-02  0.10000E+01  0.46117E-07
 0.10416E-01  0.10000E+01 -0.70689E-08
 0.12677E-01  0.10000E+01 -0.98810E-07
 0.15420E-01  0.10000E+01 -0.22055E-06
 0.18742E-01  0.10000E+01 -0.35767E-06
 0.22762E-01  0.10000E+01 -0.49648E-06
 0.27617E-01  0.10000E+01 -0.62220E-06
 0.33469E-01  0.10000E+01 -0.72040E-06
 0.40509E-01  0.10000E+01 -0.78224E-06
 0.48950E-01  0.10000E+01 -0.80423E-06
 0.59040E-01  0.10000E+01 -0.78040E-06
 0.71052E-01  0.10000E+01 -0.70703E-06
 0.85282E-01  0.10000E+01 -0.61804E-06
 0.10204E+00  0.10000E+01 -0.58498E-06
 0.12166E+00  0.10000E+01 -0.65081E-06
 0.14443E+00  0.10000E+01 -0.77780E-06
 0.17063E+00  0.10000E+01 -0.91458E-06
 0.20047E+00  0.10000E+01 -0.11348E-05
 0.23404E+00  0.10000E+01 -0.15605E-05
 0.27131E+00  0.10000E+01 -0.22161E-05
 0.31210E+00  0.10000E+01 -0.29682E-05
 0.35601E+00  0.10000E+01 -0.34924E-05
 0.40249E+00  0.10000E+01 -0.34683E-05
 0.45077E+00  0.10000E+01 -0.28097E-05
 0.50000E+00  0.10000E+01 -0.16589E-05
 0.54923E+00  0.10000E+01 -0.29057E-06
 0.59751E+00  0.10000E+01  0.91939E-06
 0.64399E+00  0.10000E+01  0.16769E-05
 0.68790E+00  0.10000E+01  0.20296E-05
 0.72869E+00  0.10000E+01  0.20763E-05
 0.76596E+00  0.10000E+01  0.18774E-05
 0.79953E+00  0.10000E+01  0.15471E-05
 0.82937E+00  0.10000E+01  0.11486E-05
 0.85557E+00  0.10000E+01  0.81227E-06
 0.87834E+00  0.10000E+01  0.63704E-06
 0.89796E+00  0.10000E+01  0.60336E-06
 0.91472E+00  0.10000E+01  0.61880E-06
 0.92895E+00  0.10000E+01  0.61077E-06
 0.94096E+00  0.10000E+01  0.58438E-06
 0.95105E+00  0.10000E+01  0.59294E-06
 0.95949E+00  0.10000E+01  0.66069E-06
 0.96653E+00  0.10000E+01  0.76856E-06
 0.97238E+00  0.10000E+01  0.88772E-06
 0.97724E+00  0.10000E+01  0.99583E-06
 0.98126E+00  0.10000E+01  0.10827E-05
 0.98458E+00  0.10000E+01  0.11488E-05
 0.98732E+00  0.10000E+01  0.12037E-05
 0.98958E+00  0.10000E+01  0.12556E-05
 0.99145E+00  0.10000E+01  0.12998E-05
 0.99298E+00  0.10000E+01  0.13253E-05
 0.99424E+00  0.10000E+01  0.13375E-05
 0.99528E+00  0.10000E+01  0.13432E-05
 0.99613E+00  0.10000E+01  0.13448E-05
 0.99683E+00  0.10000E+01  0.13445E-05
 0.99741E+00  0.10000E+01  0.13432E-05
 0.99788E+00  0.10000E+01  0.13406E-05
 0.99827E+00  0.10000E+01  0.13364E-05
 0.99859E+00  0.10000E+01  0.13310E-05
 0.99885E+00  0.10000E+01  0.13254E-05
 0.99906E+00  0.10000E+01  0.13203E-05
 0.99924E+00  0.10000E+01  0.13162E-05
 0.99938E+00  0.10000E+01  0.13130E-05
 0.99950E+00  0.10000E+01  0.13109E-05
 0.99960E+00  0.10000E+01  0.13096E-05
 0.99968E+00  0.10000E+01  0.13089E-05
 0.99975E+00  0.10000E+01  0.13087E-05
 0.99980E+00  0.10000E+01  0.13087E-05
 0.99984E+00  0.10000E+01  0.13089E-05
 0.99988E+00  0.10000E+01  0.13091E-05
 0.99991E+00  0.10000E+01  0.13092E-05
 0.99993E+00  0.10000E+01  0.13094E-05
 0.99995E+00  0.10000E+01  0.13095E-05
 0.99997E+00  0.10000E+01  0.13095E-05
 0.99998E+00  0.10000E+01  0.13096E-05
 0.10000E+01  0.10000E+01  0.13096E-05
 0.10000E+01  0.10000E+01  0.00000E+00
