 VARIABLES = "R","Z","Psi       "
ZONE F=POINT, I= 103, J= 103
 0.00000E+00  0.00000E+00  0.00000E+00
 0.49709E-05  0.00000E+00  0.00000E+00
 0.16001E-04  0.00000E+00  0.00000E+00
 0.29447E-04  0.00000E+00  0.00000E+00
 0.45836E-04  0.00000E+00  0.00000E+00
 0.65814E-04  0.00000E+00  0.00000E+00
 0.90165E-04  0.00000E+00  0.00000E+00
 0.11985E-03  0.00000E+00  0.00000E+00
 0.15603E-03  0.00000E+00  0.00000E+00
 0.20013E-03  0.00000E+00  0.00000E+00
 0.25388E-03  0.00000E+00  0.00000E+00
 0.31939E-03  0.00000E+00  0.00000E+00
 0.39924E-03  0.00000E+00  0.00000E+00
 0.49656E-03  0.00000E+00  0.00000E+00
 0.61516E-03  0.00000E+00  0.00000E+00
 0.75970E-03  0.00000E+00  0.00000E+00
 0.93583E-03  0.00000E+00  0.00000E+00
 0.11504E-02  0.00000E+00  0.00000E+00
 0.14119E-02  0.00000E+00  0.00000E+00
 0.17305E-02  0.00000E+00  0.00000E+00
 0.21186E-02  0.00000E+00  0.00000E+00
 0.25912E-02  0.00000E+00  0.00000E+00
 0.31667E-02  0.00000E+00  0.00000E+00
 0.38673E-02  0.00000E+00  0.00000E+00
 0.47200E-02  0.00000E+00  0.00000E+00
 0.57574E-02  0.00000E+00  0.00000E+00
 0.70191E-02  0.00000E+00  0.00000E+00
 0.85527E-02  0.00000E+00  0.00000E+00
 0.10416E-01  0.00000E+00  0.00000E+00
 0.12677E-01  0.00000E+00  0.00000E+00
 0.15420E-01  0.00000E+00  0.00000E+00
 0.18742E-01  0.00000E+00  0.00000E+00
 0.22762E-01  0.00000E+00  0.00000E+00
 0.27617E-01  0.00000E+00  0.00000E+00
 0.33469E-01  0.00000E+00  0.00000E+00
 0.40509E-01  0.00000E+00  0.00000E+00
 0.48950E-01  0.00000E+00  0.00000E+00
 0.59040E-01  0.00000E+00  0.00000E+00
 0.71052E-01  0.00000E+00  0.00000E+00
 0.85282E-01  0.00000E+00  0.00000E+00
 0.10204E+00  0.00000E+00  0.00000E+00
 0.12166E+00  0.00000E+00  0.00000E+00
 0.14443E+00  0.00000E+00  0.00000E+00
 0.17063E+00  0.00000E+00  0.00000E+00
 0.20047E+00  0.00000E+00  0.00000E+00
 0.23404E+00  0.00000E+00  0.00000E+00
 0.27131E+00  0.00000E+00  0.00000E+00
 0.31210E+00  0.00000E+00  0.00000E+00
 0.35601E+00  0.00000E+00  0.00000E+00
 0.40249E+00  0.00000E+00  0.00000E+00
 0.45077E+00  0.00000E+00  0.00000E+00
 0.50000E+00  0.00000E+00  0.00000E+00
 0.54923E+00  0.00000E+00  0.00000E+00
 0.59751E+00  0.00000E+00  0.00000E+00
 0.64399E+00  0.00000E+00  0.00000E+00
 0.68790E+00  0.00000E+00  0.00000E+00
 0.72869E+00  0.00000E+00  0.00000E+00
 0.76596E+00  0.00000E+00  0.00000E+00
 0.79953E+00  0.00000E+00  0.00000E+00
 0.82937E+00  0.00000E+00  0.00000E+00
 0.85557E+00  0.00000E+00  0.00000E+00
 0.87834E+00  0.00000E+00  0.00000E+00
 0.89796E+00  0.00000E+00  0.00000E+00
 0.91472E+00  0.00000E+00  0.00000E+00
 0.92895E+00  0.00000E+00  0.00000E+00
 0.94096E+00  0.00000E+00  0.00000E+00
 0.95105E+00  0.00000E+00  0.00000E+00
 0.95949E+00  0.00000E+00  0.00000E+00
 0.96653E+00  0.00000E+00  0.00000E+00
 0.97238E+00  0.00000E+00  0.00000E+00
 0.97724E+00  0.00000E+00  0.00000E+00
 0.98126E+00  0.00000E+00  0.00000E+00
 0.98458E+00  0.00000E+00  0.00000E+00
 0.98732E+00  0.00000E+00  0.00000E+00
 0.98958E+00  0.00000E+00  0.00000E+00
 0.99145E+00  0.00000E+00  0.00000E+00
 0.99298E+00  0.00000E+00  0.00000E+00
 0.99424E+00  0.00000E+00  0.00000E+00
 0.99528E+00  0.00000E+00  0.00000E+00
 0.99613E+00  0.00000E+00  0.00000E+00
 0.99683E+00  0.00000E+00  0.00000E+00
 0.99741E+00  0.00000E+00  0.00000E+00
 0.99788E+00  0.00000E+00  0.00000E+00
 0.99827E+00  0.00000E+00  0.00000E+00
 0.99859E+00  0.00000E+00  0.00000E+00
 0.99885E+00  0.00000E+00  0.00000E+00
 0.99906E+00  0.00000E+00  0.00000E+00
 0.99924E+00  0.00000E+00  0.00000E+00
 0.99938E+00  0.00000E+00  0.00000E+00
 0.99950E+00  0.00000E+00  0.00000E+00
 0.99960E+00  0.00000E+00  0.00000E+00
 0.99968E+00  0.00000E+00  0.00000E+00
 0.99975E+00  0.00000E+00  0.00000E+00
 0.99980E+00  0.00000E+00  0.00000E+00
 0.99984E+00  0.00000E+00  0.00000E+00
 0.99988E+00  0.00000E+00  0.00000E+00
 0.99991E+00  0.00000E+00  0.00000E+00
 0.99993E+00  0.00000E+00  0.00000E+00
 0.99995E+00  0.00000E+00  0.00000E+00
 0.99997E+00  0.00000E+00  0.00000E+00
 0.99998E+00  0.00000E+00  0.00000E+00
 0.10000E+01  0.00000E+00  0.00000E+00
 0.10000E+01  0.00000E+00  0.00000E+00
 0.00000E+00  0.49709E-05  0.00000E+00
 0.49709E-05  0.49709E-05 -0.57340E-15
 0.16001E-04  0.49709E-05  0.12322E-16
 0.29447E-04  0.49709E-05  0.19793E-14
 0.45836E-04  0.49709E-05  0.12638E-14
 0.65814E-04  0.49709E-05  0.85498E-15
 0.90165E-04  0.49709E-05  0.59713E-15
 0.11985E-03  0.49709E-05 -0.56074E-15
 0.15603E-03  0.49709E-05 -0.30030E-14
 0.20013E-03  0.49709E-05 -0.70574E-14
 0.25388E-03  0.49709E-05 -0.13121E-13
 0.31939E-03  0.49709E-05 -0.21434E-13
 0.39924E-03  0.49709E-05 -0.31864E-13
 0.49656E-03  0.49709E-05 -0.43591E-13
 0.61516E-03  0.49709E-05 -0.54615E-13
 0.75970E-03  0.49709E-05 -0.61075E-13
 0.93583E-03  0.49709E-05 -0.56316E-13
 0.11504E-02  0.49709E-05 -0.29685E-13
 0.14119E-02  0.49709E-05  0.34924E-13
 0.17305E-02  0.49709E-05  0.16072E-12
 0.21186E-02  0.49709E-05  0.37968E-12
 0.25912E-02  0.49709E-05  0.73385E-12
 0.31667E-02  0.49709E-05  0.12759E-11
 0.38673E-02  0.49709E-05  0.20680E-11
 0.47200E-02  0.49709E-05  0.31784E-11
 0.57574E-02  0.49709E-05  0.46752E-11
 0.70191E-02  0.49709E-05  0.66172E-11
 0.85527E-02  0.49709E-05  0.90447E-11
 0.10416E-01  0.49709E-05  0.11974E-10
 0.12677E-01  0.49709E-05  0.15402E-10
 0.15420E-01  0.49709E-05  0.19325E-10
 0.18742E-01  0.49709E-05  0.23759E-10
 0.22762E-01  0.49709E-05  0.28744E-10
 0.27617E-01  0.49709E-05  0.34340E-10
 0.33469E-01  0.49709E-05  0.40606E-10
 0.40509E-01  0.49709E-05  0.47593E-10
 0.48950E-01  0.49709E-05  0.55337E-10
 0.59040E-01  0.49709E-05  0.63857E-10
 0.71052E-01  0.49709E-05  0.73146E-10
 0.85282E-01  0.49709E-05  0.83166E-10
 0.10204E+00  0.49709E-05  0.93839E-10
 0.12166E+00  0.49709E-05  0.10504E-09
 0.14443E+00  0.49709E-05  0.11659E-09
 0.17063E+00  0.49709E-05  0.12825E-09
 0.20047E+00  0.49709E-05  0.13975E-09
 0.23404E+00  0.49709E-05  0.15075E-09
 0.27131E+00  0.49709E-05  0.16089E-09
 0.31210E+00  0.49709E-05  0.16982E-09
 0.35601E+00  0.49709E-05  0.17719E-09
 0.40249E+00  0.49709E-05  0.18269E-09
 0.45077E+00  0.49709E-05  0.18611E-09
 0.50000E+00  0.49709E-05  0.18730E-09
 0.54923E+00  0.49709E-05  0.18620E-09
 0.59751E+00  0.49709E-05  0.18286E-09
 0.64399E+00  0.49709E-05  0.17742E-09
 0.68790E+00  0.49709E-05  0.17013E-09
 0.72869E+00  0.49709E-05  0.16126E-09
 0.76596E+00  0.49709E-05  0.15117E-09
 0.79953E+00  0.49709E-05  0.14021E-09
 0.82937E+00  0.49709E-05  0.12874E-09
 0.85557E+00  0.49709E-05  0.11709E-09
 0.87834E+00  0.49709E-05  0.10555E-09
 0.89796E+00  0.49709E-05  0.94341E-10
 0.91472E+00  0.49709E-05  0.83652E-10
 0.92895E+00  0.49709E-05  0.73606E-10
 0.94096E+00  0.49709E-05  0.64284E-10
 0.95105E+00  0.49709E-05  0.55725E-10
 0.95949E+00  0.49709E-05  0.47938E-10
 0.96653E+00  0.49709E-05  0.40904E-10
 0.97238E+00  0.49709E-05  0.34588E-10
 0.97724E+00  0.49709E-05  0.28941E-10
 0.98126E+00  0.49709E-05  0.23904E-10
 0.98458E+00  0.49709E-05  0.19421E-10
 0.98732E+00  0.49709E-05  0.15453E-10
 0.98958E+00  0.49709E-05  0.11989E-10
 0.99145E+00  0.49709E-05  0.90352E-11
 0.99298E+00  0.49709E-05  0.65941E-11
 0.99424E+00  0.49709E-05  0.46469E-11
 0.99528E+00  0.49709E-05  0.31504E-11
 0.99613E+00  0.49709E-05  0.20432E-11
 0.99683E+00  0.49709E-05  0.12552E-11
 0.99741E+00  0.49709E-05  0.71727E-12
 0.99788E+00  0.49709E-05  0.36655E-12
 0.99827E+00  0.49709E-05  0.15028E-12
 0.99859E+00  0.49709E-05  0.26427E-13
 0.99885E+00  0.49709E-05 -0.36848E-13
 0.99906E+00  0.49709E-05 -0.62615E-13
 0.99924E+00  0.49709E-05 -0.66852E-13
 0.99938E+00  0.49709E-05 -0.60102E-13
 0.99950E+00  0.49709E-05 -0.48939E-13
 0.99960E+00  0.49709E-05 -0.37164E-13
 0.99968E+00  0.49709E-05 -0.26735E-13
 0.99975E+00  0.49709E-05 -0.18447E-13
 0.99980E+00  0.49709E-05 -0.12416E-13
 0.99984E+00  0.49709E-05 -0.83967E-14
 0.99988E+00  0.49709E-05 -0.59924E-14
 0.99991E+00  0.49709E-05 -0.47744E-14
 0.99993E+00  0.49709E-05 -0.43476E-14
 0.99995E+00  0.49709E-05 -0.43796E-14
 0.99997E+00  0.49709E-05 -0.46088E-14
 0.99998E+00  0.49709E-05 -0.48422E-14
 0.10000E+01  0.49709E-05 -0.49595E-14
 0.10000E+01  0.49709E-05  0.00000E+00
 0.00000E+00  0.16001E-04  0.00000E+00
 0.49709E-05  0.16001E-04 -0.60590E-15
 0.16001E-04  0.16001E-04  0.10584E-14
 0.29447E-04  0.16001E-04  0.46206E-14
 0.45836E-04  0.16001E-04  0.37768E-14
 0.65814E-04  0.16001E-04  0.23059E-14
 0.90165E-04  0.16001E-04 -0.52707E-15
 0.11985E-03  0.16001E-04 -0.78774E-14
 0.15603E-03  0.16001E-04 -0.22143E-13
 0.20013E-03  0.16001E-04 -0.45613E-13
 0.25388E-03  0.16001E-04 -0.80574E-13
 0.31939E-03  0.16001E-04 -0.12841E-12
 0.39924E-03  0.16001E-04 -0.18834E-12
 0.49656E-03  0.16001E-04 -0.25554E-12
 0.61516E-03  0.16001E-04 -0.31826E-12
 0.75970E-03  0.16001E-04 -0.35372E-12
 0.93583E-03  0.16001E-04 -0.32270E-12
 0.11504E-02  0.16001E-04 -0.16231E-12
 0.14119E-02  0.16001E-04  0.22258E-12
 0.17305E-02  0.16001E-04  0.96912E-12
 0.21186E-02  0.16001E-04  0.22663E-11
 0.25912E-02  0.16001E-04  0.43629E-11
 0.31667E-02  0.16001E-04  0.75705E-11
 0.38673E-02  0.16001E-04  0.12257E-10
 0.47200E-02  0.16001E-04  0.18826E-10
 0.57574E-02  0.16001E-04  0.27682E-10
 0.70191E-02  0.16001E-04  0.39172E-10
 0.85527E-02  0.16001E-04  0.53536E-10
 0.10416E-01  0.16001E-04  0.70870E-10
 0.12677E-01  0.16001E-04  0.91159E-10
 0.15420E-01  0.16001E-04  0.11438E-09
 0.18742E-01  0.16001E-04  0.14062E-09
 0.22762E-01  0.16001E-04  0.17012E-09
 0.27617E-01  0.16001E-04  0.20324E-09
 0.33469E-01  0.16001E-04  0.24033E-09
 0.40509E-01  0.16001E-04  0.28169E-09
 0.48950E-01  0.16001E-04  0.32752E-09
 0.59040E-01  0.16001E-04  0.37795E-09
 0.71052E-01  0.16001E-04  0.43293E-09
 0.85282E-01  0.16001E-04  0.49223E-09
 0.10204E+00  0.16001E-04  0.55540E-09
 0.12166E+00  0.16001E-04  0.62169E-09
 0.14443E+00  0.16001E-04  0.69005E-09
 0.17063E+00  0.16001E-04  0.75909E-09
 0.20047E+00  0.16001E-04  0.82713E-09
 0.23404E+00  0.16001E-04  0.89223E-09
 0.27131E+00  0.16001E-04  0.95227E-09
 0.31210E+00  0.16001E-04  0.10051E-08
 0.35601E+00  0.16001E-04  0.10487E-08
 0.40249E+00  0.16001E-04  0.10813E-08
 0.45077E+00  0.16001E-04  0.11016E-08
 0.50000E+00  0.16001E-04  0.11086E-08
 0.54923E+00  0.16001E-04  0.11020E-08
 0.59751E+00  0.16001E-04  0.10823E-08
 0.64399E+00  0.16001E-04  0.10501E-08
 0.68790E+00  0.16001E-04  0.10069E-08
 0.72869E+00  0.16001E-04  0.95444E-09
 0.76596E+00  0.16001E-04  0.89471E-09
 0.79953E+00  0.16001E-04  0.82985E-09
 0.82937E+00  0.16001E-04  0.76198E-09
 0.85557E+00  0.16001E-04  0.69303E-09
 0.87834E+00  0.16001E-04  0.62470E-09
 0.89796E+00  0.16001E-04  0.55837E-09
 0.91472E+00  0.16001E-04  0.49510E-09
 0.92895E+00  0.16001E-04  0.43564E-09
 0.94096E+00  0.16001E-04  0.38047E-09
 0.95105E+00  0.16001E-04  0.32981E-09
 0.95949E+00  0.16001E-04  0.28372E-09
 0.96653E+00  0.16001E-04  0.24209E-09
 0.97238E+00  0.16001E-04  0.20471E-09
 0.97724E+00  0.16001E-04  0.17129E-09
 0.98126E+00  0.16001E-04  0.14148E-09
 0.98458E+00  0.16001E-04  0.11494E-09
 0.98732E+00  0.16001E-04  0.91458E-10
 0.98958E+00  0.16001E-04  0.70958E-10
 0.99145E+00  0.16001E-04  0.53480E-10
 0.99298E+00  0.16001E-04  0.39036E-10
 0.99424E+00  0.16001E-04  0.27515E-10
 0.99528E+00  0.16001E-04  0.18661E-10
 0.99613E+00  0.16001E-04  0.12110E-10
 0.99683E+00  0.16001E-04  0.74485E-11
 0.99741E+00  0.16001E-04  0.42649E-11
 0.99788E+00  0.16001E-04  0.21887E-11
 0.99827E+00  0.16001E-04  0.90731E-12
 0.99859E+00  0.16001E-04  0.17225E-12
 0.99885E+00  0.16001E-04 -0.20476E-12
 0.99906E+00  0.16001E-04 -0.36006E-12
 0.99924E+00  0.16001E-04 -0.38799E-12
 0.99938E+00  0.16001E-04 -0.35079E-12
 0.99950E+00  0.16001E-04 -0.28724E-12
 0.99960E+00  0.16001E-04 -0.21972E-12
 0.99968E+00  0.16001E-04 -0.15978E-12
 0.99975E+00  0.16001E-04 -0.11207E-12
 0.99980E+00  0.16001E-04 -0.77281E-13
 0.99984E+00  0.16001E-04 -0.53992E-13
 0.99988E+00  0.16001E-04 -0.39894E-13
 0.99991E+00  0.16001E-04 -0.32509E-13
 0.99993E+00  0.16001E-04 -0.29575E-13
 0.99995E+00  0.16001E-04 -0.29221E-13
 0.99997E+00  0.16001E-04 -0.30022E-13
 0.99998E+00  0.16001E-04 -0.30989E-13
 0.10000E+01  0.16001E-04 -0.31549E-13
 0.10000E+01  0.16001E-04  0.00000E+00
 0.00000E+00  0.29447E-04  0.00000E+00
 0.49709E-05  0.29447E-04  0.41807E-15
 0.16001E-04  0.29447E-04  0.32983E-14
 0.29447E-04  0.29447E-04  0.62029E-14
 0.45836E-04  0.29447E-04  0.58614E-14
 0.65814E-04  0.29447E-04  0.18226E-14
 0.90165E-04  0.29447E-04 -0.89509E-14
 0.11985E-03  0.29447E-04 -0.32828E-13
 0.15603E-03  0.29447E-04 -0.77003E-13
 0.20013E-03  0.29447E-04 -0.14895E-12
 0.25388E-03  0.29447E-04 -0.25573E-12
 0.31939E-03  0.29447E-04 -0.40160E-12
 0.39924E-03  0.29447E-04 -0.58416E-12
 0.49656E-03  0.29447E-04 -0.78836E-12
 0.61516E-03  0.29447E-04 -0.97746E-12
 0.75970E-03  0.29447E-04 -0.10803E-11
 0.93583E-03  0.29447E-04 -0.97386E-12
 0.11504E-02  0.29447E-04 -0.46106E-12
 0.14119E-02  0.29447E-04  0.75665E-12
 0.17305E-02  0.29447E-04  0.31100E-11
 0.21186E-02  0.29447E-04  0.71927E-11
 0.25912E-02  0.29447E-04  0.13787E-10
 0.31667E-02  0.29447E-04  0.23872E-10
 0.38673E-02  0.29447E-04  0.38605E-10
 0.47200E-02  0.29447E-04  0.59258E-10
 0.57574E-02  0.29447E-04  0.87099E-10
 0.70191E-02  0.29447E-04  0.12323E-09
 0.85527E-02  0.29447E-04  0.16839E-09
 0.10416E-01  0.29447E-04  0.22290E-09
 0.12677E-01  0.29447E-04  0.28671E-09
 0.15420E-01  0.29447E-04  0.35974E-09
 0.18742E-01  0.29447E-04  0.44227E-09
 0.22762E-01  0.29447E-04  0.53507E-09
 0.27617E-01  0.29447E-04  0.63925E-09
 0.33469E-01  0.29447E-04  0.75591E-09
 0.40509E-01  0.29447E-04  0.88599E-09
 0.48950E-01  0.29447E-04  0.10302E-08
 0.59040E-01  0.29447E-04  0.11888E-08
 0.71052E-01  0.29447E-04  0.13617E-08
 0.85282E-01  0.29447E-04  0.15482E-08
 0.10204E+00  0.29447E-04  0.17469E-08
 0.12166E+00  0.29447E-04  0.19554E-08
 0.14443E+00  0.29447E-04  0.21704E-08
 0.17063E+00  0.29447E-04  0.23876E-08
 0.20047E+00  0.29447E-04  0.26016E-08
 0.23404E+00  0.29447E-04  0.28064E-08
 0.27131E+00  0.29447E-04  0.29952E-08
 0.31210E+00  0.29447E-04  0.31614E-08
 0.35601E+00  0.29447E-04  0.32986E-08
 0.40249E+00  0.29447E-04  0.34011E-08
 0.45077E+00  0.29447E-04  0.34648E-08
 0.50000E+00  0.29447E-04  0.34868E-08
 0.54923E+00  0.29447E-04  0.34663E-08
 0.59751E+00  0.29447E-04  0.34041E-08
 0.64399E+00  0.29447E-04  0.33030E-08
 0.68790E+00  0.29447E-04  0.31671E-08
 0.72869E+00  0.29447E-04  0.30020E-08
 0.76596E+00  0.29447E-04  0.28142E-08
 0.79953E+00  0.29447E-04  0.26102E-08
 0.82937E+00  0.29447E-04  0.23967E-08
 0.85557E+00  0.29447E-04  0.21798E-08
 0.87834E+00  0.29447E-04  0.19649E-08
 0.89796E+00  0.29447E-04  0.17562E-08
 0.91472E+00  0.29447E-04  0.15572E-08
 0.92895E+00  0.29447E-04  0.13702E-08
 0.94096E+00  0.29447E-04  0.11967E-08
 0.95105E+00  0.29447E-04  0.10373E-08
 0.95949E+00  0.29447E-04  0.89237E-09
 0.96653E+00  0.29447E-04  0.76143E-09
 0.97238E+00  0.29447E-04  0.64386E-09
 0.97724E+00  0.29447E-04  0.53873E-09
 0.98126E+00  0.29447E-04  0.44497E-09
 0.98458E+00  0.29447E-04  0.36151E-09
 0.98732E+00  0.29447E-04  0.28765E-09
 0.98958E+00  0.29447E-04  0.22318E-09
 0.99145E+00  0.29447E-04  0.16822E-09
 0.99298E+00  0.29447E-04  0.12280E-09
 0.99424E+00  0.29447E-04  0.86575E-10
 0.99528E+00  0.29447E-04  0.58739E-10
 0.99613E+00  0.29447E-04  0.38145E-10
 0.99683E+00  0.29447E-04  0.23489E-10
 0.99741E+00  0.29447E-04  0.13479E-10
 0.99788E+00  0.29447E-04  0.69488E-11
 0.99827E+00  0.29447E-04  0.29156E-11
 0.99859E+00  0.29447E-04  0.59826E-12
 0.99885E+00  0.29447E-04 -0.59478E-12
 0.99906E+00  0.29447E-04 -0.10916E-11
 0.99924E+00  0.29447E-04 -0.11883E-11
 0.99938E+00  0.29447E-04 -0.10800E-11
 0.99950E+00  0.29447E-04 -0.88817E-12
 0.99960E+00  0.29447E-04 -0.68293E-12
 0.99968E+00  0.29447E-04 -0.50026E-12
 0.99975E+00  0.29447E-04 -0.35473E-12
 0.99980E+00  0.29447E-04 -0.24845E-12
 0.99984E+00  0.29447E-04 -0.17701E-12
 0.99988E+00  0.29447E-04 -0.13328E-12
 0.99991E+00  0.29447E-04 -0.10969E-12
 0.99993E+00  0.29447E-04 -0.99376E-13
 0.99995E+00  0.29447E-04 -0.96787E-13
 0.99997E+00  0.29447E-04 -0.97815E-13
 0.99998E+00  0.29447E-04 -0.99732E-13
 0.10000E+01  0.29447E-04 -0.10101E-12
 0.10000E+01  0.29447E-04  0.00000E+00
 0.00000E+00  0.45836E-04  0.00000E+00
 0.49709E-05  0.45836E-04  0.79011E-15
 0.16001E-04  0.45836E-04  0.41528E-14
 0.29447E-04  0.45836E-04  0.66273E-14
 0.45836E-04  0.45836E-04  0.48921E-14
 0.65814E-04  0.45836E-04 -0.58516E-14
 0.90165E-04  0.45836E-04 -0.33635E-13
 0.11985E-03  0.45836E-04 -0.90958E-13
 0.15603E-03  0.45836E-04 -0.19355E-12
 0.20013E-03  0.45836E-04 -0.35870E-12
 0.25388E-03  0.45836E-04 -0.60269E-12
 0.31939E-03  0.45836E-04 -0.93539E-12
 0.39924E-03  0.45836E-04 -0.13512E-11
 0.49656E-03  0.45836E-04 -0.18150E-11
 0.61516E-03  0.45836E-04 -0.22405E-11
 0.75970E-03  0.45836E-04 -0.24606E-11
 0.93583E-03  0.45836E-04 -0.21858E-11
 0.11504E-02  0.45836E-04 -0.95158E-12
 0.14119E-02  0.45836E-04  0.19461E-11
 0.17305E-02  0.45836E-04  0.75239E-11
 0.21186E-02  0.45836E-04  0.17184E-10
 0.25912E-02  0.45836E-04  0.32775E-10
 0.31667E-02  0.45836E-04  0.56612E-10
 0.38673E-02  0.45836E-04  0.91432E-10
 0.47200E-02  0.45836E-04  0.14025E-09
 0.57574E-02  0.45836E-04  0.20605E-09
 0.70191E-02  0.45836E-04  0.29146E-09
 0.85527E-02  0.45836E-04  0.39824E-09
 0.10416E-01  0.45836E-04  0.52713E-09
 0.12677E-01  0.45836E-04  0.67802E-09
 0.15420E-01  0.45836E-04  0.85071E-09
 0.18742E-01  0.45836E-04  0.10459E-08
 0.22762E-01  0.45836E-04  0.12654E-08
 0.27617E-01  0.45836E-04  0.15117E-08
 0.33469E-01  0.45836E-04  0.17876E-08
 0.40509E-01  0.45836E-04  0.20953E-08
 0.48950E-01  0.45836E-04  0.24362E-08
 0.59040E-01  0.45836E-04  0.28113E-08
 0.71052E-01  0.45836E-04  0.32203E-08
 0.85282E-01  0.45836E-04  0.36615E-08
 0.10204E+00  0.45836E-04  0.41314E-08
 0.12166E+00  0.45836E-04  0.46245E-08
 0.14443E+00  0.45836E-04  0.51329E-08
 0.17063E+00  0.45836E-04  0.56465E-08
 0.20047E+00  0.45836E-04  0.61527E-08
 0.23404E+00  0.45836E-04  0.66369E-08
 0.27131E+00  0.45836E-04  0.70835E-08
 0.31210E+00  0.45836E-04  0.74766E-08
 0.35601E+00  0.45836E-04  0.78009E-08
 0.40249E+00  0.45836E-04  0.80435E-08
 0.45077E+00  0.45836E-04  0.81940E-08
 0.50000E+00  0.45836E-04  0.82461E-08
 0.54923E+00  0.45836E-04  0.81976E-08
 0.59751E+00  0.45836E-04  0.80505E-08
 0.64399E+00  0.45836E-04  0.78113E-08
 0.68790E+00  0.45836E-04  0.74900E-08
 0.72869E+00  0.45836E-04  0.70996E-08
 0.76596E+00  0.45836E-04  0.66553E-08
 0.79953E+00  0.45836E-04  0.61728E-08
 0.82937E+00  0.45836E-04  0.56679E-08
 0.85557E+00  0.45836E-04  0.51550E-08
 0.87834E+00  0.45836E-04  0.46467E-08
 0.89796E+00  0.45836E-04  0.41533E-08
 0.91472E+00  0.45836E-04  0.36827E-08
 0.92895E+00  0.45836E-04  0.32404E-08
 0.94096E+00  0.45836E-04  0.28300E-08
 0.95105E+00  0.45836E-04  0.24532E-08
 0.95949E+00  0.45836E-04  0.21103E-08
 0.96653E+00  0.45836E-04  0.18007E-08
 0.97238E+00  0.45836E-04  0.15226E-08
 0.97724E+00  0.45836E-04  0.12740E-08
 0.98126E+00  0.45836E-04  0.10522E-08
 0.98458E+00  0.45836E-04  0.85489E-09
 0.98732E+00  0.45836E-04  0.68023E-09
 0.98958E+00  0.45836E-04  0.52778E-09
 0.99145E+00  0.45836E-04  0.39783E-09
 0.99298E+00  0.45836E-04  0.29045E-09
 0.99424E+00  0.45836E-04  0.20482E-09
 0.99528E+00  0.45836E-04  0.13902E-09
 0.99613E+00  0.45836E-04  0.90346E-10
 0.99683E+00  0.45836E-04  0.55708E-10
 0.99741E+00  0.45836E-04  0.32048E-10
 0.99788E+00  0.45836E-04  0.16608E-10
 0.99827E+00  0.45836E-04  0.70643E-11
 0.99859E+00  0.45836E-04  0.15713E-11
 0.99885E+00  0.45836E-04 -0.12682E-11
 0.99906E+00  0.45836E-04 -0.24646E-11
 0.99924E+00  0.45836E-04 -0.27164E-11
 0.99938E+00  0.45836E-04 -0.24834E-11
 0.99950E+00  0.45836E-04 -0.20513E-11
 0.99960E+00  0.45836E-04 -0.15850E-11
 0.99968E+00  0.45836E-04 -0.11687E-11
 0.99975E+00  0.45836E-04 -0.83670E-12
 0.99980E+00  0.45836E-04 -0.59376E-12
 0.99984E+00  0.45836E-04 -0.42969E-12
 0.99988E+00  0.45836E-04 -0.32806E-12
 0.99991E+00  0.45836E-04 -0.27154E-12
 0.99993E+00  0.45836E-04 -0.24473E-12
 0.99995E+00  0.45836E-04 -0.23535E-12
 0.99997E+00  0.45836E-04 -0.23458E-12
 0.99998E+00  0.45836E-04 -0.23670E-12
 0.10000E+01  0.45836E-04 -0.23851E-12
 0.10000E+01  0.45836E-04  0.00000E+00
 0.00000E+00  0.65814E-04  0.00000E+00
 0.49709E-05  0.65814E-04  0.49058E-15
 0.16001E-04  0.65814E-04  0.25929E-14
 0.29447E-04  0.65814E-04  0.28075E-14
 0.45836E-04  0.65814E-04 -0.51670E-14
 0.65814E-04  0.65814E-04 -0.31579E-13
 0.90165E-04  0.65814E-04 -0.92296E-13
 0.11985E-03  0.65814E-04 -0.21026E-12
 0.15603E-03  0.65814E-04 -0.41504E-12
 0.20013E-03  0.65814E-04 -0.74024E-12
 0.25388E-03  0.65814E-04 -0.12178E-11
 0.31939E-03  0.65814E-04 -0.18671E-11
 0.39924E-03  0.65814E-04 -0.26771E-11
 0.49656E-03  0.65814E-04 -0.35768E-11
 0.61516E-03  0.65814E-04 -0.43924E-11
 0.75970E-03  0.65814E-04 -0.47857E-11
 0.93583E-03  0.65814E-04 -0.41706E-11
 0.11504E-02  0.65814E-04 -0.16047E-11
 0.14119E-02  0.65814E-04  0.43420E-11
 0.17305E-02  0.65814E-04  0.15736E-10
 0.21186E-02  0.65814E-04  0.35431E-10
 0.25912E-02  0.65814E-04  0.67190E-10
 0.31667E-02  0.65814E-04  0.11573E-09
 0.38673E-02  0.65814E-04  0.18662E-09
 0.47200E-02  0.65814E-04  0.28601E-09
 0.57574E-02  0.65814E-04  0.42002E-09
 0.70191E-02  0.65814E-04  0.59396E-09
 0.85527E-02  0.65814E-04  0.81147E-09
 0.10416E-01  0.65814E-04  0.10740E-08
 0.12677E-01  0.65814E-04  0.13815E-08
 0.15420E-01  0.65814E-04  0.17333E-08
 0.18742E-01  0.65814E-04  0.21310E-08
 0.22762E-01  0.65814E-04  0.25783E-08
 0.27617E-01  0.65814E-04  0.30803E-08
 0.33469E-01  0.65814E-04  0.36425E-08
 0.40509E-01  0.65814E-04  0.42693E-08
 0.48950E-01  0.65814E-04  0.49641E-08
 0.59040E-01  0.65814E-04  0.57285E-08
 0.71052E-01  0.65814E-04  0.65619E-08
 0.85282E-01  0.65814E-04  0.74608E-08
 0.10204E+00  0.65814E-04  0.84183E-08
 0.12166E+00  0.65814E-04  0.94231E-08
 0.14443E+00  0.65814E-04  0.10459E-07
 0.17063E+00  0.65814E-04  0.11506E-07
 0.20047E+00  0.65814E-04  0.12537E-07
 0.23404E+00  0.65814E-04  0.13524E-07
 0.27131E+00  0.65814E-04  0.14434E-07
 0.31210E+00  0.65814E-04  0.15235E-07
 0.35601E+00  0.65814E-04  0.15896E-07
 0.40249E+00  0.65814E-04  0.16390E-07
 0.45077E+00  0.65814E-04  0.16697E-07
 0.50000E+00  0.65814E-04  0.16803E-07
 0.54923E+00  0.65814E-04  0.16704E-07
 0.59751E+00  0.65814E-04  0.16404E-07
 0.64399E+00  0.65814E-04  0.15917E-07
 0.68790E+00  0.65814E-04  0.15262E-07
 0.72869E+00  0.65814E-04  0.14467E-07
 0.76596E+00  0.65814E-04  0.13561E-07
 0.79953E+00  0.65814E-04  0.12578E-07
 0.82937E+00  0.65814E-04  0.11549E-07
 0.85557E+00  0.65814E-04  0.10504E-07
 0.87834E+00  0.65814E-04  0.94684E-08
 0.89796E+00  0.65814E-04  0.84630E-08
 0.91472E+00  0.65814E-04  0.75040E-08
 0.92895E+00  0.65814E-04  0.66027E-08
 0.94096E+00  0.65814E-04  0.57664E-08
 0.95105E+00  0.65814E-04  0.49986E-08
 0.95949E+00  0.65814E-04  0.43000E-08
 0.96653E+00  0.65814E-04  0.36690E-08
 0.97238E+00  0.65814E-04  0.31024E-08
 0.97724E+00  0.65814E-04  0.25958E-08
 0.98126E+00  0.65814E-04  0.21440E-08
 0.98458E+00  0.65814E-04  0.17418E-08
 0.98732E+00  0.65814E-04  0.13860E-08
 0.98958E+00  0.65814E-04  0.10754E-08
 0.99145E+00  0.65814E-04  0.81062E-09
 0.99298E+00  0.65814E-04  0.59190E-09
 0.99424E+00  0.65814E-04  0.41751E-09
 0.99528E+00  0.65814E-04  0.28352E-09
 0.99613E+00  0.65814E-04  0.18441E-09
 0.99683E+00  0.65814E-04  0.11389E-09
 0.99741E+00  0.65814E-04  0.65711E-10
 0.99788E+00  0.65814E-04  0.34258E-10
 0.99827E+00  0.65814E-04  0.14800E-10
 0.99859E+00  0.65814E-04  0.35778E-11
 0.99885E+00  0.65814E-04 -0.22507E-11
 0.99906E+00  0.65814E-04 -0.47399E-11
 0.99924E+00  0.65814E-04 -0.53081E-11
 0.99938E+00  0.65814E-04 -0.48881E-11
 0.99950E+00  0.65814E-04 -0.40590E-11
 0.99960E+00  0.65814E-04 -0.31538E-11
 0.99968E+00  0.65814E-04 -0.23427E-11
 0.99975E+00  0.65814E-04 -0.16943E-11
 0.99980E+00  0.65814E-04 -0.12187E-11
 0.99984E+00  0.65814E-04 -0.89542E-12
 0.99988E+00  0.65814E-04 -0.69235E-12
 0.99991E+00  0.65814E-04 -0.57582E-12
 0.99993E+00  0.65814E-04 -0.51634E-12
 0.99995E+00  0.65814E-04 -0.49093E-12
 0.99997E+00  0.65814E-04 -0.48334E-12
 0.99998E+00  0.65814E-04 -0.48319E-12
 0.10000E+01  0.65814E-04 -0.48459E-12
 0.10000E+01  0.65814E-04  0.00000E+00
 0.00000E+00  0.90165E-04  0.00000E+00
 0.49709E-05  0.90165E-04  0.89715E-16
 0.16001E-04  0.90165E-04 -0.90288E-15
 0.29447E-04  0.90165E-04 -0.83920E-14
 0.45836E-04  0.90165E-04 -0.32850E-13
 0.65814E-04  0.90165E-04 -0.91882E-13
 0.90165E-04  0.90165E-04 -0.21270E-12
 0.11985E-03  0.90165E-04 -0.43421E-12
 0.15603E-03  0.90165E-04 -0.80702E-12
 0.20013E-03  0.90165E-04 -0.13897E-11
 0.25388E-03  0.90165E-04 -0.22385E-11
 0.31939E-03  0.90165E-04 -0.33879E-11
 0.39924E-03  0.90165E-04 -0.48169E-11
 0.49656E-03  0.90165E-04 -0.63949E-11
 0.61516E-03  0.90165E-04 -0.78018E-11
 0.75970E-03  0.90165E-04 -0.84134E-11
 0.93583E-03  0.90165E-04 -0.71449E-11
 0.11504E-02  0.90165E-04 -0.22502E-11
 0.14119E-02  0.90165E-04  0.89251E-11
 0.17305E-02  0.90165E-04  0.30221E-10
 0.21186E-02  0.90165E-04  0.66945E-10
 0.25912E-02  0.90165E-04  0.12610E-09
 0.31667E-02  0.90165E-04  0.21647E-09
 0.38673E-02  0.90165E-04  0.34845E-09
 0.47200E-02  0.90165E-04  0.53349E-09
 0.57574E-02  0.90165E-04  0.78302E-09
 0.70191E-02  0.90165E-04  0.11069E-08
 0.85527E-02  0.90165E-04  0.15121E-08
 0.10416E-01  0.90165E-04  0.20012E-08
 0.12677E-01  0.90165E-04  0.25740E-08
 0.15420E-01  0.90165E-04  0.32297E-08
 0.18742E-01  0.90165E-04  0.39707E-08
 0.22762E-01  0.90165E-04  0.48041E-08
 0.27617E-01  0.90165E-04  0.57397E-08
 0.33469E-01  0.90165E-04  0.67873E-08
 0.40509E-01  0.90165E-04  0.79554E-08
 0.48950E-01  0.90165E-04  0.92501E-08
 0.59040E-01  0.90165E-04  0.10674E-07
 0.71052E-01  0.90165E-04  0.12227E-07
 0.85282E-01  0.90165E-04  0.13903E-07
 0.10204E+00  0.90165E-04  0.15687E-07
 0.12166E+00  0.90165E-04  0.17559E-07
 0.14443E+00  0.90165E-04  0.19490E-07
 0.17063E+00  0.90165E-04  0.21440E-07
 0.20047E+00  0.90165E-04  0.23362E-07
 0.23404E+00  0.90165E-04  0.25201E-07
 0.27131E+00  0.90165E-04  0.26897E-07
 0.31210E+00  0.90165E-04  0.28389E-07
 0.35601E+00  0.90165E-04  0.29621E-07
 0.40249E+00  0.90165E-04  0.30542E-07
 0.45077E+00  0.90165E-04  0.31113E-07
 0.50000E+00  0.90165E-04  0.31311E-07
 0.54923E+00  0.90165E-04  0.31127E-07
 0.59751E+00  0.90165E-04  0.30568E-07
 0.64399E+00  0.90165E-04  0.29660E-07
 0.68790E+00  0.90165E-04  0.28440E-07
 0.72869E+00  0.90165E-04  0.26958E-07
 0.76596E+00  0.90165E-04  0.25270E-07
 0.79953E+00  0.90165E-04  0.23438E-07
 0.82937E+00  0.90165E-04  0.21521E-07
 0.85557E+00  0.90165E-04  0.19574E-07
 0.87834E+00  0.90165E-04  0.17643E-07
 0.89796E+00  0.90165E-04  0.15770E-07
 0.91472E+00  0.90165E-04  0.13983E-07
 0.92895E+00  0.90165E-04  0.12303E-07
 0.94096E+00  0.90165E-04  0.10745E-07
 0.95105E+00  0.90165E-04  0.93142E-08
 0.95949E+00  0.90165E-04  0.80124E-08
 0.96653E+00  0.90165E-04  0.68365E-08
 0.97238E+00  0.90165E-04  0.57807E-08
 0.97724E+00  0.90165E-04  0.48367E-08
 0.98126E+00  0.90165E-04  0.39947E-08
 0.98458E+00  0.90165E-04  0.32454E-08
 0.98732E+00  0.90165E-04  0.25823E-08
 0.98958E+00  0.90165E-04  0.20037E-08
 0.99145E+00  0.90165E-04  0.15105E-08
 0.99298E+00  0.90165E-04  0.11031E-08
 0.99424E+00  0.90165E-04  0.77834E-09
 0.99528E+00  0.90165E-04  0.52887E-09
 0.99613E+00  0.90165E-04  0.34435E-09
 0.99683E+00  0.90165E-04  0.21305E-09
 0.99741E+00  0.90165E-04  0.12335E-09
 0.99788E+00  0.90165E-04  0.64761E-10
 0.99827E+00  0.90165E-04  0.28477E-10
 0.99859E+00  0.90165E-04  0.75001E-11
 0.99885E+00  0.90165E-04 -0.34559E-11
 0.99906E+00  0.90165E-04 -0.82080E-11
 0.99924E+00  0.90165E-04 -0.93889E-11
 0.99938E+00  0.90165E-04 -0.87275E-11
 0.99950E+00  0.90165E-04 -0.72948E-11
 0.99960E+00  0.90165E-04 -0.57058E-11
 0.99968E+00  0.90165E-04 -0.42741E-11
 0.99975E+00  0.90165E-04 -0.31259E-11
 0.99980E+00  0.90165E-04 -0.22800E-11
 0.99984E+00  0.90165E-04 -0.17005E-11
 0.99988E+00  0.90165E-04 -0.13304E-11
 0.99991E+00  0.90165E-04 -0.11111E-11
 0.99993E+00  0.90165E-04 -0.99179E-12
 0.99995E+00  0.90165E-04 -0.93369E-12
 0.99997E+00  0.90165E-04 -0.90956E-12
 0.99998E+00  0.90165E-04 -0.90202E-12
 0.10000E+01  0.90165E-04 -0.90094E-12
 0.10000E+01  0.90165E-04  0.00000E+00
 0.00000E+00  0.11985E-03  0.00000E+00
 0.49709E-05  0.11985E-03 -0.56040E-15
 0.16001E-04  0.11985E-03 -0.77808E-14
 0.29447E-04  0.11985E-03 -0.31775E-13
 0.45836E-04  0.11985E-03 -0.89520E-13
 0.65814E-04  0.11985E-03 -0.20901E-12
 0.90165E-04  0.11985E-03 -0.43330E-12
 0.11985E-03  0.11985E-03 -0.82387E-12
 0.15603E-03  0.11985E-03 -0.14613E-11
 0.20013E-03  0.11985E-03 -0.24399E-11
 0.25388E-03  0.11985E-03 -0.38511E-11
 0.31939E-03  0.11985E-03 -0.57505E-11
 0.39924E-03  0.11985E-03 -0.80995E-11
 0.49656E-03  0.11985E-03 -0.10671E-10
 0.61516E-03  0.11985E-03 -0.12911E-10
 0.75970E-03  0.11985E-03 -0.13733E-10
 0.93583E-03  0.11985E-03 -0.11247E-10
 0.11504E-02  0.11985E-03 -0.24062E-11
 0.14119E-02  0.11985E-03  0.17433E-10
 0.17305E-02  0.11985E-03  0.54994E-10
 0.21186E-02  0.11985E-03  0.11958E-09
 0.25912E-02  0.11985E-03  0.22349E-09
 0.31667E-02  0.11985E-03  0.38214E-09
 0.38673E-02  0.11985E-03  0.61383E-09
 0.47200E-02  0.11985E-03  0.93866E-09
 0.57574E-02  0.11985E-03  0.13768E-08
 0.70191E-02  0.11985E-03  0.19456E-08
 0.85527E-02  0.11985E-03  0.26572E-08
 0.10416E-01  0.11985E-03  0.35166E-08
 0.12677E-01  0.11985E-03  0.45230E-08
 0.15420E-01  0.11985E-03  0.56752E-08
 0.18742E-01  0.11985E-03  0.69775E-08
 0.22762E-01  0.11985E-03  0.84421E-08
 0.27617E-01  0.11985E-03  0.10086E-07
 0.33469E-01  0.11985E-03  0.11927E-07
 0.40509E-01  0.11985E-03  0.13980E-07
 0.48950E-01  0.11985E-03  0.16256E-07
 0.59040E-01  0.11985E-03  0.18759E-07
 0.71052E-01  0.11985E-03  0.21488E-07
 0.85282E-01  0.11985E-03  0.24432E-07
 0.10204E+00  0.11985E-03  0.27568E-07
 0.12166E+00  0.11985E-03  0.30859E-07
 0.14443E+00  0.11985E-03  0.34252E-07
 0.17063E+00  0.11985E-03  0.37679E-07
 0.20047E+00  0.11985E-03  0.41057E-07
 0.23404E+00  0.11985E-03  0.44288E-07
 0.27131E+00  0.11985E-03  0.47269E-07
 0.31210E+00  0.11985E-03  0.49891E-07
 0.35601E+00  0.11985E-03  0.52056E-07
 0.40249E+00  0.11985E-03  0.53674E-07
 0.45077E+00  0.11985E-03  0.54679E-07
 0.50000E+00  0.11985E-03  0.55027E-07
 0.54923E+00  0.11985E-03  0.54703E-07
 0.59751E+00  0.11985E-03  0.53721E-07
 0.64399E+00  0.11985E-03  0.52125E-07
 0.68790E+00  0.11985E-03  0.49980E-07
 0.72869E+00  0.11985E-03  0.47375E-07
 0.76596E+00  0.11985E-03  0.44410E-07
 0.79953E+00  0.11985E-03  0.41190E-07
 0.82937E+00  0.11985E-03  0.37821E-07
 0.85557E+00  0.11985E-03  0.34398E-07
 0.87834E+00  0.11985E-03  0.31006E-07
 0.89796E+00  0.11985E-03  0.27713E-07
 0.91472E+00  0.11985E-03  0.24573E-07
 0.92895E+00  0.11985E-03  0.21621E-07
 0.94096E+00  0.11985E-03  0.18883E-07
 0.95105E+00  0.11985E-03  0.16368E-07
 0.95949E+00  0.11985E-03  0.14080E-07
 0.96653E+00  0.11985E-03  0.12014E-07
 0.97238E+00  0.11985E-03  0.10158E-07
 0.97724E+00  0.11985E-03  0.84992E-08
 0.98126E+00  0.11985E-03  0.70196E-08
 0.98458E+00  0.11985E-03  0.57027E-08
 0.98732E+00  0.11985E-03  0.45375E-08
 0.98958E+00  0.11985E-03  0.35208E-08
 0.99145E+00  0.11985E-03  0.26544E-08
 0.99298E+00  0.11985E-03  0.19389E-08
 0.99424E+00  0.11985E-03  0.13686E-08
 0.99528E+00  0.11985E-03  0.93055E-09
 0.99613E+00  0.11985E-03  0.60663E-09
 0.99683E+00  0.11985E-03  0.37615E-09
 0.99741E+00  0.11985E-03  0.21867E-09
 0.99788E+00  0.11985E-03  0.11575E-09
 0.99827E+00  0.11985E-03  0.51930E-10
 0.99859E+00  0.11985E-03  0.14926E-10
 0.99885E+00  0.11985E-03 -0.45286E-11
 0.99906E+00  0.11985E-03 -0.13120E-10
 0.99924E+00  0.11985E-03 -0.15452E-10
 0.99938E+00  0.11985E-03 -0.14541E-10
 0.99950E+00  0.11985E-03 -0.12255E-10
 0.99960E+00  0.11985E-03 -0.96629E-11
 0.99968E+00  0.11985E-03 -0.73077E-11
 0.99975E+00  0.11985E-03 -0.54092E-11
 0.99980E+00  0.11985E-03 -0.40019E-11
 0.99984E+00  0.11985E-03 -0.30280E-11
 0.99988E+00  0.11985E-03 -0.23946E-11
 0.99991E+00  0.11985E-03 -0.20072E-11
 0.99993E+00  0.11985E-03 -0.17851E-11
 0.99995E+00  0.11985E-03 -0.16670E-11
 0.99997E+00  0.11985E-03 -0.16100E-11
 0.99998E+00  0.11985E-03 -0.15863E-11
 0.10000E+01  0.11985E-03 -0.15792E-11
 0.10000E+01  0.11985E-03  0.00000E+00
 0.00000E+00  0.15603E-03  0.00000E+00
 0.49709E-05  0.15603E-03 -0.17954E-14
 0.16001E-04  0.15603E-03 -0.20465E-13
 0.29447E-04  0.15603E-03 -0.74088E-13
 0.45836E-04  0.15603E-03 -0.19001E-12
 0.65814E-04  0.15603E-03 -0.41149E-12
 0.90165E-04  0.15603E-03 -0.80365E-12
 0.11985E-03  0.15603E-03 -0.14587E-11
 0.15603E-03  0.15603E-03 -0.24978E-11
 0.20013E-03  0.15603E-03 -0.40629E-11
 0.25388E-03  0.15603E-03 -0.62926E-11
 0.31939E-03  0.15603E-03 -0.92684E-11
 0.39924E-03  0.15603E-03 -0.12920E-10
 0.49656E-03  0.15603E-03 -0.16866E-10
 0.61516E-03  0.15603E-03 -0.20185E-10
 0.75970E-03  0.15603E-03 -0.21067E-10
 0.93583E-03  0.15603E-03 -0.16358E-10
 0.11504E-02  0.15603E-03 -0.95564E-12
 0.14119E-02  0.15603E-03  0.32925E-10
 0.17305E-02  0.15603E-03  0.96580E-10
 0.21186E-02  0.15603E-03  0.20567E-09
 0.25912E-02  0.15603E-03  0.38088E-09
 0.31667E-02  0.15603E-03  0.64824E-09
 0.38673E-02  0.15603E-03  0.10386E-08
 0.47200E-02  0.15603E-03  0.15859E-08
 0.57574E-02  0.15603E-03  0.23243E-08
 0.70191E-02  0.15603E-03  0.32832E-08
 0.85527E-02  0.15603E-03  0.44831E-08
 0.10416E-01  0.15603E-03  0.59324E-08
 0.12677E-01  0.15603E-03  0.76300E-08
 0.15420E-01  0.15603E-03  0.95739E-08
 0.18742E-01  0.15603E-03  0.11771E-07
 0.22762E-01  0.15603E-03  0.14242E-07
 0.27617E-01  0.15603E-03  0.17017E-07
 0.33469E-01  0.15603E-03  0.20123E-07
 0.40509E-01  0.15603E-03  0.23587E-07
 0.48950E-01  0.15603E-03  0.27426E-07
 0.59040E-01  0.15603E-03  0.31650E-07
 0.71052E-01  0.15603E-03  0.36255E-07
 0.85282E-01  0.15603E-03  0.41222E-07
 0.10204E+00  0.15603E-03  0.46513E-07
 0.12166E+00  0.15603E-03  0.52065E-07
 0.14443E+00  0.15603E-03  0.57790E-07
 0.17063E+00  0.15603E-03  0.63573E-07
 0.20047E+00  0.15603E-03  0.69272E-07
 0.23404E+00  0.15603E-03  0.74724E-07
 0.27131E+00  0.15603E-03  0.79753E-07
 0.31210E+00  0.15603E-03  0.84179E-07
 0.35601E+00  0.15603E-03  0.87831E-07
 0.40249E+00  0.15603E-03  0.90561E-07
 0.45077E+00  0.15603E-03  0.92256E-07
 0.50000E+00  0.15603E-03  0.92843E-07
 0.54923E+00  0.15603E-03  0.92296E-07
 0.59751E+00  0.15603E-03  0.90640E-07
 0.64399E+00  0.15603E-03  0.87946E-07
 0.68790E+00  0.15603E-03  0.84328E-07
 0.72869E+00  0.15603E-03  0.79932E-07
 0.76596E+00  0.15603E-03  0.74929E-07
 0.79953E+00  0.15603E-03  0.69496E-07
 0.82937E+00  0.15603E-03  0.63811E-07
 0.85557E+00  0.15603E-03  0.58036E-07
 0.87834E+00  0.15603E-03  0.52313E-07
 0.89796E+00  0.15603E-03  0.46758E-07
 0.91472E+00  0.15603E-03  0.41458E-07
 0.92895E+00  0.15603E-03  0.36479E-07
 0.94096E+00  0.15603E-03  0.31858E-07
 0.95105E+00  0.15603E-03  0.27615E-07
 0.95949E+00  0.15603E-03  0.23755E-07
 0.96653E+00  0.15603E-03  0.20268E-07
 0.97238E+00  0.15603E-03  0.17137E-07
 0.97724E+00  0.15603E-03  0.14338E-07
 0.98126E+00  0.15603E-03  0.11842E-07
 0.98458E+00  0.15603E-03  0.96202E-08
 0.98732E+00  0.15603E-03  0.76545E-08
 0.98958E+00  0.15603E-03  0.59395E-08
 0.99145E+00  0.15603E-03  0.44783E-08
 0.99298E+00  0.15603E-03  0.32719E-08
 0.99424E+00  0.15603E-03  0.23105E-08
 0.99528E+00  0.15603E-03  0.15723E-08
 0.99613E+00  0.15603E-03  0.10265E-08
 0.99683E+00  0.15603E-03  0.63816E-09
 0.99741E+00  0.15603E-03  0.37276E-09
 0.99788E+00  0.15603E-03  0.19921E-09
 0.99827E+00  0.15603E-03  0.91413E-10
 0.99859E+00  0.15603E-03  0.28693E-10
 0.99885E+00  0.15603E-03 -0.45434E-11
 0.99906E+00  0.15603E-03 -0.19526E-10
 0.99924E+00  0.15603E-03 -0.23975E-10
 0.99938E+00  0.15603E-03 -0.22942E-10
 0.99950E+00  0.15603E-03 -0.19543E-10
 0.99960E+00  0.15603E-03 -0.15559E-10
 0.99968E+00  0.15603E-03 -0.11895E-10
 0.99975E+00  0.15603E-03 -0.89181E-11
 0.99980E+00  0.15603E-03 -0.66930E-11
 0.99984E+00  0.15603E-03 -0.51340E-11
 0.99988E+00  0.15603E-03 -0.41006E-11
 0.99991E+00  0.15603E-03 -0.34500E-11
 0.99993E+00  0.15603E-03 -0.30610E-11
 0.99995E+00  0.15603E-03 -0.28416E-11
 0.99997E+00  0.15603E-03 -0.27270E-11
 0.99998E+00  0.15603E-03 -0.26740E-11
 0.10000E+01  0.15603E-03 -0.26556E-11
 0.10000E+01  0.15603E-03  0.00000E+00
 0.00000E+00  0.20013E-03  0.00000E+00
 0.49709E-05  0.20013E-03 -0.38489E-14
 0.16001E-04  0.20013E-03 -0.41227E-13
 0.29447E-04  0.20013E-03 -0.14260E-12
 0.45836E-04  0.20013E-03 -0.35101E-12
 0.65814E-04  0.20013E-03 -0.73183E-12
 0.90165E-04  0.20013E-03 -0.13808E-11
 0.11985E-03  0.20013E-03 -0.24311E-11
 0.15603E-03  0.20013E-03 -0.40562E-11
 0.20013E-03  0.20013E-03 -0.64587E-11
 0.25388E-03  0.20013E-03 -0.98338E-11
 0.31939E-03  0.20013E-03 -0.14288E-10
 0.39924E-03  0.20013E-03 -0.19690E-10
 0.49656E-03  0.20013E-03 -0.25418E-10
 0.61516E-03  0.20013E-03 -0.29978E-10
 0.75970E-03  0.20013E-03 -0.30451E-10
 0.93583E-03  0.20013E-03 -0.21733E-10
 0.11504E-02  0.20013E-03  0.44522E-11
 0.14119E-02  0.20013E-03  0.60761E-10
 0.17305E-02  0.20013E-03  0.16560E-09
 0.21186E-02  0.20013E-03  0.34452E-09
 0.25912E-02  0.20013E-03  0.63135E-09
 0.31667E-02  0.20013E-03  0.10687E-08
 0.38673E-02  0.20013E-03  0.17070E-08
 0.47200E-02  0.20013E-03  0.26022E-08
 0.57574E-02  0.20013E-03  0.38100E-08
 0.70191E-02  0.20013E-03  0.53790E-08
 0.85527E-02  0.20013E-03  0.73429E-08
 0.10416E-01  0.20013E-03  0.97157E-08
 0.12677E-01  0.20013E-03  0.12496E-07
 0.15420E-01  0.20013E-03  0.15680E-07
 0.18742E-01  0.20013E-03  0.19279E-07
 0.22762E-01  0.20013E-03  0.23327E-07
 0.27617E-01  0.20013E-03  0.27871E-07
 0.33469E-01  0.20013E-03  0.32960E-07
 0.40509E-01  0.20013E-03  0.38634E-07
 0.48950E-01  0.20013E-03  0.44923E-07
 0.59040E-01  0.20013E-03  0.51842E-07
 0.71052E-01  0.20013E-03  0.59385E-07
 0.85282E-01  0.20013E-03  0.67522E-07
 0.10204E+00  0.20013E-03  0.76189E-07
 0.12166E+00  0.20013E-03  0.85284E-07
 0.14443E+00  0.20013E-03  0.94662E-07
 0.17063E+00  0.20013E-03  0.10413E-06
 0.20047E+00  0.20013E-03  0.11347E-06
 0.23404E+00  0.20013E-03  0.12240E-06
 0.27131E+00  0.20013E-03  0.13064E-06
 0.31210E+00  0.20013E-03  0.13789E-06
 0.35601E+00  0.20013E-03  0.14387E-06
 0.40249E+00  0.20013E-03  0.14834E-06
 0.45077E+00  0.20013E-03  0.15112E-06
 0.50000E+00  0.20013E-03  0.15208E-06
 0.54923E+00  0.20013E-03  0.15118E-06
 0.59751E+00  0.20013E-03  0.14847E-06
 0.64399E+00  0.20013E-03  0.14406E-06
 0.68790E+00  0.20013E-03  0.13813E-06
 0.72869E+00  0.20013E-03  0.13093E-06
 0.76596E+00  0.20013E-03  0.12273E-06
 0.79953E+00  0.20013E-03  0.11384E-06
 0.82937E+00  0.20013E-03  0.10452E-06
 0.85557E+00  0.20013E-03  0.95063E-07
 0.87834E+00  0.20013E-03  0.85688E-07
 0.89796E+00  0.20013E-03  0.76588E-07
 0.91472E+00  0.20013E-03  0.67907E-07
 0.92895E+00  0.20013E-03  0.59750E-07
 0.94096E+00  0.20013E-03  0.52180E-07
 0.95105E+00  0.20013E-03  0.45231E-07
 0.95949E+00  0.20013E-03  0.38907E-07
 0.96653E+00  0.20013E-03  0.33196E-07
 0.97238E+00  0.20013E-03  0.28068E-07
 0.97724E+00  0.20013E-03  0.23483E-07
 0.98126E+00  0.20013E-03  0.19394E-07
 0.98458E+00  0.20013E-03  0.15755E-07
 0.98732E+00  0.20013E-03  0.12536E-07
 0.98958E+00  0.20013E-03  0.97272E-08
 0.99145E+00  0.20013E-03  0.73351E-08
 0.99298E+00  0.20013E-03  0.53605E-08
 0.99424E+00  0.20013E-03  0.37874E-08
 0.99528E+00  0.20013E-03  0.25799E-08
 0.99613E+00  0.20013E-03  0.16873E-08
 0.99683E+00  0.20013E-03  0.10522E-08
 0.99741E+00  0.20013E-03  0.61809E-09
 0.99788E+00  0.20013E-03  0.33396E-09
 0.99827E+00  0.20013E-03  0.15714E-09
 0.99859E+00  0.20013E-03  0.53824E-10
 0.99885E+00  0.20013E-03 -0.14365E-11
 0.99906E+00  0.20013E-03 -0.26936E-10
 0.99924E+00  0.20013E-03 -0.35228E-10
 0.99938E+00  0.20013E-03 -0.34505E-10
 0.99950E+00  0.20013E-03 -0.29810E-10
 0.99960E+00  0.20013E-03 -0.24016E-10
 0.99968E+00  0.20013E-03 -0.18588E-10
 0.99975E+00  0.20013E-03 -0.14127E-10
 0.99980E+00  0.20013E-03 -0.10756E-10
 0.99984E+00  0.20013E-03 -0.83604E-11
 0.99988E+00  0.20013E-03 -0.67424E-11
 0.99991E+00  0.20013E-03 -0.56980E-11
 0.99993E+00  0.20013E-03 -0.50534E-11
 0.99995E+00  0.20013E-03 -0.46755E-11
 0.99997E+00  0.20013E-03 -0.44689E-11
 0.99998E+00  0.20013E-03 -0.43685E-11
 0.10000E+01  0.20013E-03 -0.43316E-11
 0.10000E+01  0.20013E-03  0.00000E+00
 0.00000E+00  0.25388E-03  0.00000E+00
 0.49709E-05  0.25388E-03 -0.69065E-14
 0.16001E-04  0.25388E-03 -0.72017E-13
 0.29447E-04  0.25388E-03 -0.24385E-12
 0.45836E-04  0.25388E-03 -0.58793E-12
 0.65814E-04  0.25388E-03 -0.12006E-11
 0.90165E-04  0.25388E-03 -0.22189E-11
 0.11985E-03  0.25388E-03 -0.38297E-11
 0.15603E-03  0.25388E-03 -0.62713E-11
 0.20013E-03  0.25388E-03 -0.98177E-11
 0.25388E-03  0.25388E-03 -0.14725E-10
 0.31939E-03  0.25388E-03 -0.21109E-10
 0.39924E-03  0.25388E-03 -0.28720E-10
 0.49656E-03  0.25388E-03 -0.36551E-10
 0.61516E-03  0.25388E-03 -0.42239E-10
 0.75970E-03  0.25388E-03 -0.41177E-10
 0.93583E-03  0.25388E-03 -0.25305E-10
 0.11504E-02  0.25388E-03  0.18479E-10
 0.14119E-02  0.25388E-03  0.11027E-09
 0.17305E-02  0.25388E-03  0.27935E-09
 0.21186E-02  0.25388E-03  0.56648E-09
 0.25912E-02  0.25388E-03  0.10257E-08
 0.31667E-02  0.25388E-03  0.17252E-08
 0.38673E-02  0.25388E-03  0.27458E-08
 0.47200E-02  0.25388E-03  0.41772E-08
 0.57574E-02  0.25388E-03  0.61089E-08
 0.70191E-02  0.25388E-03  0.86194E-08
 0.85527E-02  0.25388E-03  0.11763E-07
 0.10416E-01  0.25388E-03  0.15562E-07
 0.12677E-01  0.25388E-03  0.20014E-07
 0.15420E-01  0.25388E-03  0.25114E-07
 0.18742E-01  0.25388E-03  0.30880E-07
 0.22762E-01  0.25388E-03  0.37366E-07
 0.27617E-01  0.25388E-03  0.44646E-07
 0.33469E-01  0.25388E-03  0.52799E-07
 0.40509E-01  0.25388E-03  0.61889E-07
 0.48950E-01  0.25388E-03  0.71965E-07
 0.59040E-01  0.25388E-03  0.83050E-07
 0.71052E-01  0.25388E-03  0.95135E-07
 0.85282E-01  0.25388E-03  0.10817E-06
 0.10204E+00  0.25388E-03  0.12206E-06
 0.12166E+00  0.25388E-03  0.13663E-06
 0.14443E+00  0.25388E-03  0.15165E-06
 0.17063E+00  0.25388E-03  0.16683E-06
 0.20047E+00  0.25388E-03  0.18179E-06
 0.23404E+00  0.25388E-03  0.19610E-06
 0.27131E+00  0.25388E-03  0.20929E-06
 0.31210E+00  0.25388E-03  0.22091E-06
 0.35601E+00  0.25388E-03  0.23049E-06
 0.40249E+00  0.25388E-03  0.23766E-06
 0.45077E+00  0.25388E-03  0.24210E-06
 0.50000E+00  0.25388E-03  0.24364E-06
 0.54923E+00  0.25388E-03  0.24221E-06
 0.59751E+00  0.25388E-03  0.23786E-06
 0.64399E+00  0.25388E-03  0.23079E-06
 0.68790E+00  0.25388E-03  0.22130E-06
 0.72869E+00  0.25388E-03  0.20976E-06
 0.76596E+00  0.25388E-03  0.19663E-06
 0.79953E+00  0.25388E-03  0.18237E-06
 0.82937E+00  0.25388E-03  0.16745E-06
 0.85557E+00  0.25388E-03  0.15229E-06
 0.87834E+00  0.25388E-03  0.13727E-06
 0.89796E+00  0.25388E-03  0.12269E-06
 0.91472E+00  0.25388E-03  0.10879E-06
 0.92895E+00  0.25388E-03  0.95717E-07
 0.94096E+00  0.25388E-03  0.83590E-07
 0.95105E+00  0.25388E-03  0.72456E-07
 0.95949E+00  0.25388E-03  0.62325E-07
 0.96653E+00  0.25388E-03  0.53175E-07
 0.97238E+00  0.25388E-03  0.44960E-07
 0.97724E+00  0.25388E-03  0.37614E-07
 0.98126E+00  0.25388E-03  0.31063E-07
 0.98458E+00  0.25388E-03  0.25234E-07
 0.98732E+00  0.25388E-03  0.20077E-07
 0.98958E+00  0.25388E-03  0.15580E-07
 0.99145E+00  0.25388E-03  0.11750E-07
 0.99298E+00  0.25388E-03  0.85897E-08
 0.99424E+00  0.25388E-03  0.60729E-08
 0.99528E+00  0.25388E-03  0.41417E-08
 0.99613E+00  0.25388E-03  0.27143E-08
 0.99683E+00  0.25388E-03  0.16989E-08
 0.99741E+00  0.25388E-03  0.10045E-08
 0.99788E+00  0.25388E-03  0.54961E-09
 0.99827E+00  0.25388E-03  0.26581E-09
 0.99859E+00  0.25388E-03  0.99148E-10
 0.99885E+00  0.25388E-03  0.90256E-11
 0.99906E+00  0.25388E-03 -0.33665E-10
 0.99924E+00  0.25388E-03 -0.48853E-10
 0.99938E+00  0.25388E-03 -0.49509E-10
 0.99950E+00  0.25388E-03 -0.43596E-10
 0.99960E+00  0.25388E-03 -0.35650E-10
 0.99968E+00  0.25388E-03 -0.27988E-10
 0.99975E+00  0.25388E-03 -0.21587E-10
 0.99980E+00  0.25388E-03 -0.16679E-10
 0.99984E+00  0.25388E-03 -0.13139E-10
 0.99988E+00  0.25388E-03 -0.10705E-10
 0.99991E+00  0.25388E-03 -0.91014E-11
 0.99993E+00  0.25388E-03 -0.80884E-11
 0.99995E+00  0.25388E-03 -0.74795E-11
 0.99997E+00  0.25388E-03 -0.71378E-11
 0.99998E+00  0.25388E-03 -0.69673E-11
 0.10000E+01  0.25388E-03 -0.69027E-11
 0.10000E+01  0.25388E-03  0.00000E+00
 0.00000E+00  0.31939E-03  0.00000E+00
 0.49709E-05  0.31939E-03 -0.11079E-13
 0.16001E-04  0.31939E-03 -0.11396E-12
 0.29447E-04  0.31939E-03 -0.38160E-12
 0.45836E-04  0.31939E-03 -0.90971E-12
 0.65814E-04  0.31939E-03 -0.18356E-11
 0.90165E-04  0.31939E-03 -0.33499E-11
 0.11985E-03  0.31939E-03 -0.57059E-11
 0.15603E-03  0.31939E-03 -0.92186E-11
 0.20013E-03  0.31939E-03 -0.14238E-10
 0.25388E-03  0.31939E-03 -0.21071E-10
 0.31939E-03  0.31939E-03 -0.29799E-10
 0.39924E-03  0.31939E-03 -0.39946E-10
 0.49656E-03  0.31939E-03 -0.49889E-10
 0.61516E-03  0.31939E-03 -0.55933E-10
 0.75970E-03  0.31939E-03 -0.50938E-10
 0.93583E-03  0.31939E-03 -0.22414E-10
 0.11504E-02  0.31939E-03  0.49987E-10
 0.14119E-02  0.31939E-03  0.19756E-09
 0.17305E-02  0.31939E-03  0.46604E-09
 0.21186E-02  0.31939E-03  0.91925E-09
 0.25912E-02  0.31939E-03  0.16420E-08
 0.31667E-02  0.31939E-03  0.27414E-08
 0.38673E-02  0.31939E-03  0.43451E-08
 0.47200E-02  0.31939E-03  0.65941E-08
 0.57574E-02  0.31939E-03  0.96304E-08
 0.70191E-02  0.31939E-03  0.13578E-07
 0.85527E-02  0.31939E-03  0.18522E-07
 0.10416E-01  0.31939E-03  0.24501E-07
 0.12677E-01  0.31939E-03  0.31510E-07
 0.15420E-01  0.31939E-03  0.39540E-07
 0.18742E-01  0.31939E-03  0.48621E-07
 0.22762E-01  0.31939E-03  0.58835E-07
 0.27617E-01  0.31939E-03  0.70302E-07
 0.33469E-01  0.31939E-03  0.83142E-07
 0.40509E-01  0.31939E-03  0.97459E-07
 0.48950E-01  0.31939E-03  0.11333E-06
 0.59040E-01  0.31939E-03  0.13078E-06
 0.71052E-01  0.31939E-03  0.14982E-06
 0.85282E-01  0.31939E-03  0.17035E-06
 0.10204E+00  0.31939E-03  0.19222E-06
 0.12166E+00  0.31939E-03  0.21517E-06
 0.14443E+00  0.31939E-03  0.23883E-06
 0.17063E+00  0.31939E-03  0.26273E-06
 0.20047E+00  0.31939E-03  0.28629E-06
 0.23404E+00  0.31939E-03  0.30882E-06
 0.27131E+00  0.31939E-03  0.32961E-06
 0.31210E+00  0.31939E-03  0.34790E-06
 0.35601E+00  0.31939E-03  0.36299E-06
 0.40249E+00  0.31939E-03  0.37428E-06
 0.45077E+00  0.31939E-03  0.38128E-06
 0.50000E+00  0.31939E-03  0.38371E-06
 0.54923E+00  0.31939E-03  0.38145E-06
 0.59751E+00  0.31939E-03  0.37460E-06
 0.64399E+00  0.31939E-03  0.36346E-06
 0.68790E+00  0.31939E-03  0.34851E-06
 0.72869E+00  0.31939E-03  0.33034E-06
 0.76596E+00  0.31939E-03  0.30966E-06
 0.79953E+00  0.31939E-03  0.28720E-06
 0.82937E+00  0.31939E-03  0.26370E-06
 0.85557E+00  0.31939E-03  0.23983E-06
 0.87834E+00  0.31939E-03  0.21618E-06
 0.89796E+00  0.31939E-03  0.19321E-06
 0.91472E+00  0.31939E-03  0.17131E-06
 0.92895E+00  0.31939E-03  0.15073E-06
 0.94096E+00  0.31939E-03  0.13163E-06
 0.95105E+00  0.31939E-03  0.11409E-06
 0.95949E+00  0.31939E-03  0.98140E-07
 0.96653E+00  0.31939E-03  0.83730E-07
 0.97238E+00  0.31939E-03  0.70792E-07
 0.97724E+00  0.31939E-03  0.59224E-07
 0.98126E+00  0.31939E-03  0.48907E-07
 0.98458E+00  0.31939E-03  0.39727E-07
 0.98732E+00  0.31939E-03  0.31608E-07
 0.98958E+00  0.31939E-03  0.24529E-07
 0.99145E+00  0.31939E-03  0.18502E-07
 0.99298E+00  0.31939E-03  0.13531E-07
 0.99424E+00  0.31939E-03  0.95739E-08
 0.99528E+00  0.31939E-03  0.65385E-08
 0.99613E+00  0.31939E-03  0.42958E-08
 0.99683E+00  0.31939E-03  0.27003E-08
 0.99741E+00  0.31939E-03  0.16088E-08
 0.99788E+00  0.31939E-03  0.89276E-09
 0.99827E+00  0.31939E-03  0.44475E-09
 0.99859E+00  0.31939E-03  0.18003E-09
 0.99885E+00  0.31939E-03  0.35069E-10
 0.99906E+00  0.31939E-03 -0.35617E-10
 0.99924E+00  0.31939E-03 -0.63060E-10
 0.99938E+00  0.31939E-03 -0.67407E-10
 0.99950E+00  0.31939E-03 -0.60994E-10
 0.99960E+00  0.31939E-03 -0.50854E-10
 0.99968E+00  0.31939E-03 -0.40611E-10
 0.99975E+00  0.31939E-03 -0.31842E-10
 0.99980E+00  0.31939E-03 -0.24998E-10
 0.99984E+00  0.31939E-03 -0.19980E-10
 0.99988E+00  0.31939E-03 -0.16473E-10
 0.99991E+00  0.31939E-03 -0.14124E-10
 0.99993E+00  0.31939E-03 -0.12615E-10
 0.99995E+00  0.31939E-03 -0.11693E-10
 0.99997E+00  0.31939E-03 -0.11168E-10
 0.99998E+00  0.31939E-03 -0.10902E-10
 0.10000E+01  0.31939E-03 -0.10799E-10
 0.10000E+01  0.31939E-03  0.00000E+00
 0.00000E+00  0.39924E-03  0.00000E+00
 0.49709E-05  0.39924E-03 -0.16290E-13
 0.16001E-04  0.39924E-03 -0.16627E-12
 0.29447E-04  0.39924E-03 -0.55319E-12
 0.45836E-04  0.39924E-03 -0.13100E-11
 0.65814E-04  0.39924E-03 -0.26240E-11
 0.90165E-04  0.39924E-03 -0.47494E-11
 0.11985E-03  0.39924E-03 -0.80156E-11
 0.15603E-03  0.39924E-03 -0.12819E-10
 0.20013E-03  0.39924E-03 -0.19575E-10
 0.25388E-03  0.39924E-03 -0.28603E-10
 0.31939E-03  0.39924E-03 -0.39858E-10
 0.39924E-03  0.39924E-03 -0.52438E-10
 0.49656E-03  0.39924E-03 -0.63722E-10
 0.61516E-03  0.39924E-03 -0.67981E-10
 0.75970E-03  0.39924E-03 -0.54288E-10
 0.93583E-03  0.39924E-03 -0.35736E-11
 0.11504E-02  0.39924E-03  0.11526E-09
 0.14119E-02  0.39924E-03  0.35019E-09
 0.17305E-02  0.39924E-03  0.77156E-09
 0.21186E-02  0.39924E-03  0.14778E-08
 0.25912E-02  0.39924E-03  0.26001E-08
 0.31667E-02  0.39924E-03  0.43046E-08
 0.38673E-02  0.39924E-03  0.67893E-08
 0.47200E-02  0.39924E-03  0.10274E-07
 0.57574E-02  0.39924E-03  0.14980E-07
 0.70191E-02  0.39924E-03  0.21102E-07
 0.85527E-02  0.39924E-03  0.28773E-07
 0.10416E-01  0.39924E-03  0.38054E-07
 0.12677E-01  0.39924E-03  0.48938E-07
 0.15420E-01  0.39924E-03  0.61412E-07
 0.18742E-01  0.39924E-03  0.75520E-07
 0.22762E-01  0.39924E-03  0.91390E-07
 0.27617E-01  0.39924E-03  0.10921E-06
 0.33469E-01  0.39924E-03  0.12916E-06
 0.40509E-01  0.39924E-03  0.15140E-06
 0.48950E-01  0.39924E-03  0.17606E-06
 0.59040E-01  0.39924E-03  0.20318E-06
 0.71052E-01  0.39924E-03  0.23276E-06
 0.85282E-01  0.39924E-03  0.26466E-06
 0.10204E+00  0.39924E-03  0.29864E-06
 0.12166E+00  0.39924E-03  0.33429E-06
 0.14443E+00  0.39924E-03  0.37106E-06
 0.17063E+00  0.39924E-03  0.40820E-06
 0.20047E+00  0.39924E-03  0.44480E-06
 0.23404E+00  0.39924E-03  0.47981E-06
 0.27131E+00  0.39924E-03  0.51211E-06
 0.31210E+00  0.39924E-03  0.54053E-06
 0.35601E+00  0.39924E-03  0.56398E-06
 0.40249E+00  0.39924E-03  0.58151E-06
 0.45077E+00  0.39924E-03  0.59240E-06
 0.50000E+00  0.39924E-03  0.59616E-06
 0.54923E+00  0.39924E-03  0.59265E-06
 0.59751E+00  0.39924E-03  0.58201E-06
 0.64399E+00  0.39924E-03  0.56470E-06
 0.68790E+00  0.39924E-03  0.54146E-06
 0.72869E+00  0.39924E-03  0.51323E-06
 0.76596E+00  0.39924E-03  0.48109E-06
 0.79953E+00  0.39924E-03  0.44620E-06
 0.82937E+00  0.39924E-03  0.40969E-06
 0.85557E+00  0.39924E-03  0.37260E-06
 0.87834E+00  0.39924E-03  0.33585E-06
 0.89796E+00  0.39924E-03  0.30017E-06
 0.91472E+00  0.39924E-03  0.26614E-06
 0.92895E+00  0.39924E-03  0.23416E-06
 0.94096E+00  0.39924E-03  0.20448E-06
 0.95105E+00  0.39924E-03  0.17724E-06
 0.95949E+00  0.39924E-03  0.15245E-06
 0.96653E+00  0.39924E-03  0.13006E-06
 0.97238E+00  0.39924E-03  0.10996E-06
 0.97724E+00  0.39924E-03  0.91989E-07
 0.98126E+00  0.39924E-03  0.75960E-07
 0.98458E+00  0.39924E-03  0.61699E-07
 0.98732E+00  0.39924E-03  0.49088E-07
 0.98958E+00  0.39924E-03  0.38096E-07
 0.99145E+00  0.39924E-03  0.28742E-07
 0.99298E+00  0.39924E-03  0.21029E-07
 0.99424E+00  0.39924E-03  0.14893E-07
 0.99528E+00  0.39924E-03  0.10188E-07
 0.99613E+00  0.39924E-03  0.67132E-08
 0.99683E+00  0.39924E-03  0.42411E-08
 0.99741E+00  0.39924E-03  0.25488E-08
 0.99788E+00  0.39924E-03  0.14368E-08
 0.99827E+00  0.39924E-03  0.73854E-09
 0.99859E+00  0.39924E-03  0.32296E-09
 0.99885E+00  0.39924E-03  0.92043E-10
 0.99906E+00  0.39924E-03 -0.24140E-10
 0.99924E+00  0.39924E-03 -0.73168E-10
 0.99938E+00  0.39924E-03 -0.85835E-10
 0.99950E+00  0.39924E-03 -0.80976E-10
 0.99960E+00  0.39924E-03 -0.69358E-10
 0.99968E+00  0.39924E-03 -0.56603E-10
 0.99975E+00  0.39924E-03 -0.45264E-10
 0.99980E+00  0.39924E-03 -0.36199E-10
 0.99984E+00  0.39924E-03 -0.29431E-10
 0.99988E+00  0.39924E-03 -0.24627E-10
 0.99991E+00  0.39924E-03 -0.21364E-10
 0.99993E+00  0.39924E-03 -0.19242E-10
 0.99995E+00  0.39924E-03 -0.17931E-10
 0.99997E+00  0.39924E-03 -0.17177E-10
 0.99998E+00  0.39924E-03 -0.16791E-10
 0.10000E+01  0.39924E-03 -0.16642E-10
 0.10000E+01  0.39924E-03  0.00000E+00
 0.00000E+00  0.49656E-03  0.00000E+00
 0.49709E-05  0.49656E-03 -0.22111E-13
 0.16001E-04  0.49656E-03 -0.22452E-12
 0.29447E-04  0.49656E-03 -0.74383E-12
 0.45836E-04  0.49656E-03 -0.17535E-11
 0.65814E-04  0.49656E-03 -0.34937E-11
 0.90165E-04  0.49656E-03 -0.62842E-11
 0.11985E-03  0.49656E-03 -0.10526E-10
 0.15603E-03  0.49656E-03 -0.16682E-10
 0.20013E-03  0.49656E-03 -0.25191E-10
 0.25388E-03  0.49656E-03 -0.36291E-10
 0.31939E-03  0.49656E-03 -0.49624E-10
 0.39924E-03  0.49656E-03 -0.63521E-10
 0.49656E-03  0.49656E-03 -0.73743E-10
 0.61516E-03  0.49656E-03 -0.71436E-10
 0.75970E-03  0.49656E-03 -0.40018E-10
 0.93583E-03  0.49656E-03  0.49280E-10
 0.11504E-02  0.49656E-03  0.24338E-09
 0.14119E-02  0.49656E-03  0.61482E-09
 0.17305E-02  0.49656E-03  0.12704E-08
 0.21186E-02  0.49656E-03  0.23600E-08
 0.25912E-02  0.49656E-03  0.40840E-08
 0.31667E-02  0.49656E-03  0.66969E-08
 0.38673E-02  0.49656E-03  0.10503E-07
 0.47200E-02  0.49656E-03  0.15841E-07
 0.57574E-02  0.49656E-03  0.23053E-07
 0.70191E-02  0.49656E-03  0.32438E-07
 0.85527E-02  0.49656E-03  0.44207E-07
 0.10416E-01  0.49656E-03  0.58453E-07
 0.12677E-01  0.49656E-03  0.75170E-07
 0.15420E-01  0.49656E-03  0.94334E-07
 0.18742E-01  0.49656E-03  0.11601E-06
 0.22762E-01  0.49656E-03  0.14040E-06
 0.27617E-01  0.49656E-03  0.16778E-06
 0.33469E-01  0.49656E-03  0.19844E-06
 0.40509E-01  0.49656E-03  0.23263E-06
 0.48950E-01  0.49656E-03  0.27052E-06
 0.59040E-01  0.49656E-03  0.31221E-06
 0.71052E-01  0.49656E-03  0.35766E-06
 0.85282E-01  0.49656E-03  0.40668E-06
 0.10204E+00  0.49656E-03  0.45890E-06
 0.12166E+00  0.49656E-03  0.51370E-06
 0.14443E+00  0.49656E-03  0.57021E-06
 0.17063E+00  0.49656E-03  0.62728E-06
 0.20047E+00  0.49656E-03  0.68352E-06
 0.23404E+00  0.49656E-03  0.73733E-06
 0.27131E+00  0.49656E-03  0.78696E-06
 0.31210E+00  0.49656E-03  0.83064E-06
 0.35601E+00  0.49656E-03  0.86668E-06
 0.40249E+00  0.49656E-03  0.89362E-06
 0.45077E+00  0.49656E-03  0.91035E-06
 0.50000E+00  0.49656E-03  0.91613E-06
 0.54923E+00  0.49656E-03  0.91073E-06
 0.59751E+00  0.49656E-03  0.89438E-06
 0.64399E+00  0.49656E-03  0.86778E-06
 0.68790E+00  0.49656E-03  0.83206E-06
 0.72869E+00  0.49656E-03  0.78867E-06
 0.76596E+00  0.49656E-03  0.73928E-06
 0.79953E+00  0.49656E-03  0.68566E-06
 0.82937E+00  0.49656E-03  0.62955E-06
 0.85557E+00  0.49656E-03  0.57255E-06
 0.87834E+00  0.49656E-03  0.51606E-06
 0.89796E+00  0.49656E-03  0.46123E-06
 0.91472E+00  0.49656E-03  0.40894E-06
 0.92895E+00  0.49656E-03  0.35979E-06
 0.94096E+00  0.49656E-03  0.31419E-06
 0.95105E+00  0.49656E-03  0.27232E-06
 0.95949E+00  0.49656E-03  0.23422E-06
 0.96653E+00  0.49656E-03  0.19982E-06
 0.97238E+00  0.49656E-03  0.16893E-06
 0.97724E+00  0.49656E-03  0.14131E-06
 0.98126E+00  0.49656E-03  0.11668E-06
 0.98458E+00  0.49656E-03  0.94769E-07
 0.98732E+00  0.49656E-03  0.75396E-07
 0.98958E+00  0.49656E-03  0.58515E-07
 0.99145E+00  0.49656E-03  0.44158E-07
 0.99298E+00  0.49656E-03  0.32327E-07
 0.99424E+00  0.49656E-03  0.22919E-07
 0.99528E+00  0.49656E-03  0.15710E-07
 0.99613E+00  0.49656E-03  0.10387E-07
 0.99683E+00  0.49656E-03  0.66000E-08
 0.99741E+00  0.49656E-03  0.40056E-08
 0.99788E+00  0.49656E-03  0.22972E-08
 0.99827E+00  0.49656E-03  0.12198E-08
 0.99859E+00  0.49656E-03  0.57299E-09
 0.99885E+00  0.49656E-03  0.20765E-09
 0.99906E+00  0.49656E-03  0.17614E-10
 0.99924E+00  0.49656E-03 -0.69078E-10
 0.99938E+00  0.49656E-03 -0.98883E-10
 0.99950E+00  0.49656E-03 -0.10022E-09
 0.99960E+00  0.49656E-03 -0.89444E-10
 0.99968E+00  0.49656E-03 -0.75235E-10
 0.99975E+00  0.49656E-03 -0.61735E-10
 0.99980E+00  0.49656E-03 -0.50551E-10
 0.99984E+00  0.49656E-03 -0.42001E-10
 0.99988E+00  0.49656E-03 -0.35828E-10
 0.99991E+00  0.49656E-03 -0.31579E-10
 0.99993E+00  0.49656E-03 -0.28787E-10
 0.99995E+00  0.49656E-03 -0.27047E-10
 0.99997E+00  0.49656E-03 -0.26039E-10
 0.99998E+00  0.49656E-03 -0.25520E-10
 0.10000E+01  0.49656E-03 -0.25318E-10
 0.10000E+01  0.49656E-03  0.00000E+00
 0.00000E+00  0.61516E-03  0.00000E+00
 0.49709E-05  0.61516E-03 -0.27516E-13
 0.16001E-04  0.61516E-03 -0.27818E-12
 0.29447E-04  0.61516E-03 -0.91803E-12
 0.45836E-04  0.61516E-03 -0.21548E-11
 0.65814E-04  0.61516E-03 -0.42710E-11
 0.90165E-04  0.61516E-03 -0.76322E-11
 0.11985E-03  0.61516E-03 -0.12678E-10
 0.15603E-03  0.61516E-03 -0.19873E-10
 0.20013E-03  0.61516E-03 -0.29573E-10
 0.25388E-03  0.61516E-03 -0.41737E-10
 0.31939E-03  0.61516E-03 -0.55354E-10
 0.39924E-03  0.61516E-03 -0.67394E-10
 0.49656E-03  0.61516E-03 -0.70995E-10
 0.61516E-03  0.61516E-03 -0.52497E-10
 0.75970E-03  0.61516E-03  0.13124E-10
 0.93583E-03  0.61516E-03  0.16889E-09
 0.11504E-02  0.61516E-03  0.48482E-09
 0.14119E-02  0.61516E-03  0.10694E-08
 0.17305E-02  0.61516E-03  0.20826E-08
 0.21186E-02  0.61516E-03  0.37503E-08
 0.25912E-02  0.61516E-03  0.63754E-08
 0.31667E-02  0.61516E-03  0.10344E-07
 0.38673E-02  0.61516E-03  0.16119E-07
 0.47200E-02  0.61516E-03  0.24217E-07
 0.57574E-02  0.61516E-03  0.35161E-07
 0.70191E-02  0.61516E-03  0.49413E-07
 0.85527E-02  0.61516E-03  0.67298E-07
 0.10416E-01  0.61516E-03  0.88962E-07
 0.12677E-01  0.61516E-03  0.11440E-06
 0.15420E-01  0.61516E-03  0.14357E-06
 0.18742E-01  0.61516E-03  0.17658E-06
 0.22762E-01  0.61516E-03  0.21372E-06
 0.27617E-01  0.61516E-03  0.25542E-06
 0.33469E-01  0.61516E-03  0.30211E-06
 0.40509E-01  0.61516E-03  0.35417E-06
 0.48950E-01  0.61516E-03  0.41187E-06
 0.59040E-01  0.61516E-03  0.47535E-06
 0.71052E-01  0.61516E-03  0.54457E-06
 0.85282E-01  0.61516E-03  0.61923E-06
 0.10204E+00  0.61516E-03  0.69875E-06
 0.12166E+00  0.61516E-03  0.78220E-06
 0.14443E+00  0.61516E-03  0.86825E-06
 0.17063E+00  0.61516E-03  0.95516E-06
 0.20047E+00  0.61516E-03  0.10408E-05
 0.23404E+00  0.61516E-03  0.11228E-05
 0.27131E+00  0.61516E-03  0.11983E-05
 0.31210E+00  0.61516E-03  0.12648E-05
 0.35601E+00  0.61516E-03  0.13197E-05
 0.40249E+00  0.61516E-03  0.13607E-05
 0.45077E+00  0.61516E-03  0.13862E-05
 0.50000E+00  0.61516E-03  0.13950E-05
 0.54923E+00  0.61516E-03  0.13868E-05
 0.59751E+00  0.61516E-03  0.13619E-05
 0.64399E+00  0.61516E-03  0.13214E-05
 0.68790E+00  0.61516E-03  0.12670E-05
 0.72869E+00  0.61516E-03  0.12009E-05
 0.76596E+00  0.61516E-03  0.11257E-05
 0.79953E+00  0.61516E-03  0.10440E-05
 0.82937E+00  0.61516E-03  0.95857E-06
 0.85557E+00  0.61516E-03  0.87177E-06
 0.87834E+00  0.61516E-03  0.78575E-06
 0.89796E+00  0.61516E-03  0.70226E-06
 0.91472E+00  0.61516E-03  0.62261E-06
 0.92895E+00  0.61516E-03  0.54778E-06
 0.94096E+00  0.61516E-03  0.47833E-06
 0.95105E+00  0.61516E-03  0.41458E-06
 0.95949E+00  0.61516E-03  0.35657E-06
 0.96653E+00  0.61516E-03  0.30418E-06
 0.97238E+00  0.61516E-03  0.25714E-06
 0.97724E+00  0.61516E-03  0.21508E-06
 0.98126E+00  0.61516E-03  0.17758E-06
 0.98458E+00  0.61516E-03  0.14422E-06
 0.98732E+00  0.61516E-03  0.11474E-06
 0.98958E+00  0.61516E-03  0.89052E-07
 0.99145E+00  0.61516E-03  0.67221E-07
 0.99298E+00  0.61516E-03  0.49244E-07
 0.99424E+00  0.61516E-03  0.34959E-07
 0.99528E+00  0.61516E-03  0.24019E-07
 0.99613E+00  0.61516E-03  0.15943E-07
 0.99683E+00  0.61516E-03  0.10197E-07
 0.99741E+00  0.61516E-03  0.62569E-08
 0.99788E+00  0.61516E-03  0.36553E-08
 0.99827E+00  0.61516E-03  0.20058E-08
 0.99859E+00  0.61516E-03  0.10057E-08
 0.99885E+00  0.61516E-03  0.43040E-09
 0.99906E+00  0.61516E-03  0.12063E-09
 0.99924E+00  0.61516E-03 -0.31135E-10
 0.99938E+00  0.61516E-03 -0.94240E-10
 0.99950E+00  0.61516E-03 -0.11119E-09
 0.99960E+00  0.61516E-03 -0.10667E-09
 0.99968E+00  0.61516E-03 -0.94086E-10
 0.99975E+00  0.61516E-03 -0.80158E-10
 0.99980E+00  0.61516E-03 -0.67820E-10
 0.99984E+00  0.61516E-03 -0.58024E-10
 0.99988E+00  0.61516E-03 -0.50778E-10
 0.99991E+00  0.61516E-03 -0.45706E-10
 0.99993E+00  0.61516E-03 -0.42331E-10
 0.99995E+00  0.61516E-03 -0.40208E-10
 0.99997E+00  0.61516E-03 -0.38969E-10
 0.99998E+00  0.61516E-03 -0.38328E-10
 0.10000E+01  0.61516E-03 -0.38077E-10
 0.10000E+01  0.61516E-03  0.00000E+00
 0.00000E+00  0.75970E-03  0.00000E+00
 0.49709E-05  0.75970E-03 -0.30536E-13
 0.16001E-04  0.75970E-03 -0.30694E-12
 0.29447E-04  0.75970E-03 -0.10075E-11
 0.45836E-04  0.75970E-03 -0.23498E-11
 0.65814E-04  0.75970E-03 -0.46202E-11
 0.90165E-04  0.75970E-03 -0.81702E-11
 0.11985E-03  0.75970E-03 -0.13383E-10
 0.15603E-03  0.75970E-03 -0.20576E-10
 0.20013E-03  0.75970E-03 -0.29783E-10
 0.25388E-03  0.75970E-03 -0.40302E-10
 0.31939E-03  0.75970E-03 -0.49849E-10
 0.39924E-03  0.75970E-03 -0.53035E-10
 0.49656E-03  0.75970E-03 -0.38756E-10
 0.61516E-03  0.75970E-03  0.14060E-10
 0.75970E-03  0.75970E-03  0.14306E-09
 0.93583E-03  0.75970E-03  0.41215E-09
 0.11504E-02  0.75970E-03  0.92490E-09
 0.14119E-02  0.75970E-03  0.18418E-08
 0.17305E-02  0.75970E-03  0.34003E-08
 0.21186E-02  0.75970E-03  0.59368E-08
 0.25912E-02  0.75970E-03  0.99046E-08
 0.31667E-02  0.75970E-03  0.15884E-07
 0.38673E-02  0.75970E-03  0.24573E-07
 0.47200E-02  0.75970E-03  0.36754E-07
 0.57574E-02  0.75970E-03  0.53223E-07
 0.70191E-02  0.75970E-03  0.74685E-07
 0.85527E-02  0.75970E-03  0.10164E-06
 0.10416E-01  0.75970E-03  0.13432E-06
 0.12677E-01  0.75970E-03  0.17271E-06
 0.15420E-01  0.75970E-03  0.21677E-06
 0.18742E-01  0.75970E-03  0.26664E-06
 0.22762E-01  0.75970E-03  0.32275E-06
 0.27617E-01  0.75970E-03  0.38575E-06
 0.33469E-01  0.75970E-03  0.45630E-06
 0.40509E-01  0.75970E-03  0.53496E-06
 0.48950E-01  0.75970E-03  0.62215E-06
 0.59040E-01  0.75970E-03  0.71807E-06
 0.71052E-01  0.75970E-03  0.82265E-06
 0.85282E-01  0.75970E-03  0.93546E-06
 0.10204E+00  0.75970E-03  0.10556E-05
 0.12166E+00  0.75970E-03  0.11817E-05
 0.14443E+00  0.75970E-03  0.13117E-05
 0.17063E+00  0.75970E-03  0.14430E-05
 0.20047E+00  0.75970E-03  0.15724E-05
 0.23404E+00  0.75970E-03  0.16963E-05
 0.27131E+00  0.75970E-03  0.18104E-05
 0.31210E+00  0.75970E-03  0.19109E-05
 0.35601E+00  0.75970E-03  0.19939E-05
 0.40249E+00  0.75970E-03  0.20558E-05
 0.45077E+00  0.75970E-03  0.20943E-05
 0.50000E+00  0.75970E-03  0.21076E-05
 0.54923E+00  0.75970E-03  0.20952E-05
 0.59751E+00  0.75970E-03  0.20575E-05
 0.64399E+00  0.75970E-03  0.19963E-05
 0.68790E+00  0.75970E-03  0.19141E-05
 0.72869E+00  0.75970E-03  0.18143E-05
 0.76596E+00  0.75970E-03  0.17006E-05
 0.79953E+00  0.75970E-03  0.15772E-05
 0.82937E+00  0.75970E-03  0.14481E-05
 0.85557E+00  0.75970E-03  0.13170E-05
 0.87834E+00  0.75970E-03  0.11870E-05
 0.89796E+00  0.75970E-03  0.10608E-05
 0.91472E+00  0.75970E-03  0.94050E-06
 0.92895E+00  0.75970E-03  0.82742E-06
 0.94096E+00  0.75970E-03  0.72250E-06
 0.95105E+00  0.75970E-03  0.62617E-06
 0.95949E+00  0.75970E-03  0.53853E-06
 0.96653E+00  0.75970E-03  0.45938E-06
 0.97238E+00  0.75970E-03  0.38831E-06
 0.97724E+00  0.75970E-03  0.32478E-06
 0.98126E+00  0.75970E-03  0.26812E-06
 0.98458E+00  0.75970E-03  0.21773E-06
 0.98732E+00  0.75970E-03  0.17321E-06
 0.98958E+00  0.75970E-03  0.13445E-06
 0.99145E+00  0.75970E-03  0.10152E-06
 0.99298E+00  0.75970E-03  0.74431E-07
 0.99424E+00  0.75970E-03  0.52920E-07
 0.99528E+00  0.75970E-03  0.36458E-07
 0.99613E+00  0.75970E-03  0.24311E-07
 0.99683E+00  0.75970E-03  0.15665E-07
 0.99741E+00  0.75970E-03  0.97272E-08
 0.99788E+00  0.75970E-03  0.57943E-08
 0.99827E+00  0.75970E-03  0.32848E-08
 0.99859E+00  0.75970E-03  0.17459E-08
 0.99885E+00  0.75970E-03  0.84277E-09
 0.99906E+00  0.75970E-03  0.33931E-09
 0.99924E+00  0.75970E-03  0.76317E-10
 0.99938E+00  0.75970E-03 -0.48775E-10
 0.99950E+00  0.75970E-03 -0.99141E-10
 0.99960E+00  0.75970E-03 -0.11191E-09
 0.99968E+00  0.75970E-03 -0.10780E-09
 0.99975E+00  0.75970E-03 -0.97700E-10
 0.99980E+00  0.75970E-03 -0.86851E-10
 0.99984E+00  0.75970E-03 -0.77450E-10
 0.99988E+00  0.75970E-03 -0.70144E-10
 0.99991E+00  0.75970E-03 -0.64866E-10
 0.99993E+00  0.75970E-03 -0.61280E-10
 0.99995E+00  0.75970E-03 -0.58990E-10
 0.99997E+00  0.75970E-03 -0.57637E-10
 0.99998E+00  0.75970E-03 -0.56932E-10
 0.10000E+01  0.75970E-03 -0.56654E-10
 0.10000E+01  0.75970E-03  0.00000E+00
 0.00000E+00  0.93583E-03  0.00000E+00
 0.49709E-05  0.93583E-03 -0.27795E-13
 0.16001E-04  0.93583E-03 -0.27598E-12
 0.29447E-04  0.93583E-03 -0.89485E-12
 0.45836E-04  0.93583E-03 -0.20556E-11
 0.65814E-04  0.93583E-03 -0.39622E-11
 0.90165E-04  0.93583E-03 -0.68202E-11
 0.11985E-03  0.93583E-03 -0.10756E-10
 0.15603E-03  0.93583E-03 -0.15636E-10
 0.20013E-03  0.93583E-03 -0.20706E-10
 0.25388E-03  0.93583E-03 -0.23897E-10
 0.31939E-03  0.93583E-03 -0.20564E-10
 0.39924E-03  0.93583E-03 -0.12776E-11
 0.49656E-03  0.93583E-03  0.51906E-10
 0.61516E-03  0.93583E-03  0.17151E-09
 0.75970E-03  0.93583E-03  0.41406E-09
 0.93583E-03  0.93583E-03  0.87410E-09
 0.11504E-02  0.93583E-03  0.17037E-08
 0.14119E-02  0.93583E-03  0.31382E-08
 0.17305E-02  0.93583E-03  0.55266E-08
 0.21186E-02  0.93583E-03  0.93648E-08
 0.25912E-02  0.93583E-03  0.15325E-07
 0.31667E-02  0.93583E-03  0.24270E-07
 0.38673E-02  0.93583E-03  0.37248E-07
 0.47200E-02  0.93583E-03  0.55432E-07
 0.57574E-02  0.93583E-03  0.80027E-07
 0.70191E-02  0.93583E-03  0.11210E-06
 0.85527E-02  0.93583E-03  0.15243E-06
 0.10416E-01  0.93583E-03  0.20136E-06
 0.12677E-01  0.93583E-03  0.25890E-06
 0.15420E-01  0.93583E-03  0.32497E-06
 0.18742E-01  0.93583E-03  0.39978E-06
 0.22762E-01  0.93583E-03  0.48397E-06
 0.27617E-01  0.93583E-03  0.57850E-06
 0.33469E-01  0.93583E-03  0.68436E-06
 0.40509E-01  0.93583E-03  0.80239E-06
 0.48950E-01  0.93583E-03  0.93321E-06
 0.59040E-01  0.93583E-03  0.10771E-05
 0.71052E-01  0.93583E-03  0.12341E-05
 0.85282E-01  0.93583E-03  0.14033E-05
 0.10204E+00  0.93583E-03  0.15836E-05
 0.12166E+00  0.93583E-03  0.17728E-05
 0.14443E+00  0.93583E-03  0.19679E-05
 0.17063E+00  0.93583E-03  0.21649E-05
 0.20047E+00  0.93583E-03  0.23591E-05
 0.23404E+00  0.93583E-03  0.25449E-05
 0.27131E+00  0.93583E-03  0.27162E-05
 0.31210E+00  0.93583E-03  0.28670E-05
 0.35601E+00  0.93583E-03  0.29914E-05
 0.40249E+00  0.93583E-03  0.30844E-05
 0.45077E+00  0.93583E-03  0.31421E-05
 0.50000E+00  0.93583E-03  0.31620E-05
 0.54923E+00  0.93583E-03  0.31434E-05
 0.59751E+00  0.93583E-03  0.30869E-05
 0.64399E+00  0.93583E-03  0.29950E-05
 0.68790E+00  0.93583E-03  0.28717E-05
 0.72869E+00  0.93583E-03  0.27218E-05
 0.76596E+00  0.93583E-03  0.25513E-05
 0.79953E+00  0.93583E-03  0.23662E-05
 0.82937E+00  0.93583E-03  0.21724E-05
 0.85557E+00  0.93583E-03  0.19756E-05
 0.87834E+00  0.93583E-03  0.17806E-05
 0.89796E+00  0.93583E-03  0.15913E-05
 0.91472E+00  0.93583E-03  0.14107E-05
 0.92895E+00  0.93583E-03  0.12411E-05
 0.94096E+00  0.93583E-03  0.10837E-05
 0.95105E+00  0.93583E-03  0.93913E-06
 0.95949E+00  0.93583E-03  0.80763E-06
 0.96653E+00  0.93583E-03  0.68888E-06
 0.97238E+00  0.93583E-03  0.58226E-06
 0.97724E+00  0.93583E-03  0.48694E-06
 0.98126E+00  0.93583E-03  0.40195E-06
 0.98458E+00  0.93583E-03  0.32637E-06
 0.98732E+00  0.93583E-03  0.25961E-06
 0.98958E+00  0.93583E-03  0.20153E-06
 0.99145E+00  0.93583E-03  0.15224E-06
 0.99298E+00  0.93583E-03  0.11172E-06
 0.99424E+00  0.93583E-03  0.79575E-07
 0.99528E+00  0.93583E-03  0.54992E-07
 0.99613E+00  0.93583E-03  0.36859E-07
 0.99683E+00  0.93583E-03  0.23946E-07
 0.99741E+00  0.93583E-03  0.15061E-07
 0.99788E+00  0.93583E-03  0.91527E-08
 0.99827E+00  0.93583E-03  0.53542E-08
 0.99859E+00  0.93583E-03  0.29949E-08
 0.99885E+00  0.93583E-03  0.15809E-08
 0.99906E+00  0.93583E-03  0.76522E-09
 0.99924E+00  0.93583E-03  0.31443E-09
 0.99938E+00  0.93583E-03  0.77890E-10
 0.99950E+00  0.93583E-03 -0.37857E-10
 0.99960E+00  0.93583E-03 -0.88598E-10
 0.99968E+00  0.93583E-03 -0.10635E-09
 0.99975E+00  0.93583E-03 -0.10873E-09
 0.99980E+00  0.93583E-03 -0.10496E-09
 0.99984E+00  0.93583E-03 -0.99525E-10
 0.99988E+00  0.93583E-03 -0.94425E-10
 0.99991E+00  0.93583E-03 -0.90359E-10
 0.99993E+00  0.93583E-03 -0.87424E-10
 0.99995E+00  0.93583E-03 -0.85474E-10
 0.99997E+00  0.93583E-03 -0.84290E-10
 0.99998E+00  0.93583E-03 -0.83660E-10
 0.10000E+01  0.93583E-03 -0.83408E-10
 0.10000E+01  0.93583E-03  0.00000E+00
 0.00000E+00  0.11504E-02  0.00000E+00
 0.49709E-05  0.11504E-02 -0.13899E-13
 0.16001E-04  0.11504E-02 -0.12964E-12
 0.29447E-04  0.11504E-02 -0.39226E-12
 0.45836E-04  0.11504E-02 -0.81925E-12
 0.65814E-04  0.11504E-02 -0.13683E-11
 0.90165E-04  0.11504E-02 -0.18513E-11
 0.11985E-03  0.11504E-02 -0.17644E-11
 0.15603E-03  0.11504E-02  0.34876E-13
 0.20013E-03  0.11504E-02  0.59239E-11
 0.25388E-03  0.11504E-02  0.20585E-10
 0.31939E-03  0.11504E-02  0.52881E-10
 0.39924E-03  0.11504E-02  0.11906E-09
 0.49656E-03  0.11504E-02  0.24806E-09
 0.61516E-03  0.11504E-02  0.49013E-09
 0.75970E-03  0.11504E-02  0.93014E-09
 0.93583E-03  0.11504E-02  0.17075E-08
 0.11504E-02  0.11504E-02  0.30443E-08
 0.14119E-02  0.11504E-02  0.52829E-08
 0.17305E-02  0.11504E-02  0.89316E-08
 0.21186E-02  0.11504E-02  0.14715E-07
 0.25912E-02  0.11504E-02  0.23619E-07
 0.31667E-02  0.11504E-02  0.36919E-07
 0.38673E-02  0.11504E-02  0.56168E-07
 0.47200E-02  0.11504E-02  0.83122E-07
 0.57574E-02  0.11504E-02  0.11959E-06
 0.70191E-02  0.11504E-02  0.16718E-06
 0.85527E-02  0.11504E-02  0.22708E-06
 0.10416E-01  0.11504E-02  0.29985E-06
 0.12677E-01  0.11504E-02  0.38551E-06
 0.15420E-01  0.11504E-02  0.48394E-06
 0.18742E-01  0.11504E-02  0.59543E-06
 0.22762E-01  0.11504E-02  0.72094E-06
 0.27617E-01  0.11504E-02  0.86187E-06
 0.33469E-01  0.11504E-02  0.10197E-05
 0.40509E-01  0.11504E-02  0.11957E-05
 0.48950E-01  0.11504E-02  0.13907E-05
 0.59040E-01  0.11504E-02  0.16053E-05
 0.71052E-01  0.11504E-02  0.18392E-05
 0.85282E-01  0.11504E-02  0.20916E-05
 0.10204E+00  0.11504E-02  0.23603E-05
 0.12166E+00  0.11504E-02  0.26424E-05
 0.14443E+00  0.11504E-02  0.29332E-05
 0.17063E+00  0.11504E-02  0.32270E-05
 0.20047E+00  0.11504E-02  0.35165E-05
 0.23404E+00  0.11504E-02  0.37934E-05
 0.27131E+00  0.11504E-02  0.40488E-05
 0.31210E+00  0.11504E-02  0.42736E-05
 0.35601E+00  0.11504E-02  0.44591E-05
 0.40249E+00  0.11504E-02  0.45977E-05
 0.45077E+00  0.11504E-02  0.46837E-05
 0.50000E+00  0.11504E-02  0.47134E-05
 0.54923E+00  0.11504E-02  0.46856E-05
 0.59751E+00  0.11504E-02  0.46013E-05
 0.64399E+00  0.11504E-02  0.44644E-05
 0.68790E+00  0.11504E-02  0.42805E-05
 0.72869E+00  0.11504E-02  0.40571E-05
 0.76596E+00  0.11504E-02  0.38028E-05
 0.79953E+00  0.11504E-02  0.35267E-05
 0.82937E+00  0.11504E-02  0.32379E-05
 0.85557E+00  0.11504E-02  0.29445E-05
 0.87834E+00  0.11504E-02  0.26537E-05
 0.89796E+00  0.11504E-02  0.23715E-05
 0.91472E+00  0.11504E-02  0.21024E-05
 0.92895E+00  0.11504E-02  0.18494E-05
 0.94096E+00  0.11504E-02  0.16148E-05
 0.95105E+00  0.11504E-02  0.13993E-05
 0.95949E+00  0.11504E-02  0.12033E-05
 0.96653E+00  0.11504E-02  0.10263E-05
 0.97238E+00  0.11504E-02  0.86733E-06
 0.97724E+00  0.11504E-02  0.72525E-06
 0.98126E+00  0.11504E-02  0.59857E-06
 0.98458E+00  0.11504E-02  0.48595E-06
 0.98732E+00  0.11504E-02  0.38653E-06
 0.98958E+00  0.11504E-02  0.30009E-06
 0.99145E+00  0.11504E-02  0.22679E-06
 0.99298E+00  0.11504E-02  0.16661E-06
 0.99424E+00  0.11504E-02  0.11892E-06
 0.99528E+00  0.11504E-02  0.82472E-07
 0.99613E+00  0.11504E-02  0.55595E-07
 0.99683E+00  0.11504E-02  0.36441E-07
 0.99741E+00  0.11504E-02  0.23230E-07
 0.99788E+00  0.11504E-02  0.14402E-07
 0.99827E+00  0.11504E-02  0.86767E-08
 0.99859E+00  0.11504E-02  0.50708E-08
 0.99885E+00  0.11504E-02  0.28624E-08
 0.99906E+00  0.11504E-02  0.15464E-08
 0.99924E+00  0.11504E-02  0.78295E-09
 0.99938E+00  0.11504E-02  0.35216E-09
 0.99950E+00  0.11504E-02  0.11610E-09
 0.99960E+00  0.11504E-02 -0.90248E-11
 0.99968E+00  0.11504E-02 -0.72711E-10
 0.99975E+00  0.11504E-02 -0.10342E-09
 0.99980E+00  0.11504E-02 -0.11708E-09
 0.99984E+00  0.11504E-02 -0.12234E-09
 0.99988E+00  0.11504E-02 -0.12375E-09
 0.99991E+00  0.11504E-02 -0.12360E-09
 0.99993E+00  0.11504E-02 -0.12297E-09
 0.99995E+00  0.11504E-02 -0.12234E-09
 0.99997E+00  0.11504E-02 -0.12187E-09
 0.99998E+00  0.11504E-02 -0.12158E-09
 0.10000E+01  0.11504E-02 -0.12146E-09
 0.10000E+01  0.11504E-02  0.00000E+00
 0.00000E+00  0.14119E-02  0.00000E+00
 0.49709E-05  0.14119E-02  0.19286E-13
 0.16001E-04  0.14119E-02  0.21614E-12
 0.29447E-04  0.14119E-02  0.78402E-12
 0.45836E-04  0.14119E-02  0.20443E-11
 0.65814E-04  0.14119E-02  0.45675E-11
 0.90165E-04  0.14119E-02  0.93614E-11
 0.11985E-03  0.14119E-02  0.18198E-10
 0.15603E-03  0.14119E-02  0.34182E-10
 0.20013E-03  0.14119E-02  0.62722E-10
 0.25388E-03  0.14119E-02  0.11320E-09
 0.31939E-03  0.14119E-02  0.20175E-09
 0.39924E-03  0.14119E-02  0.35594E-09
 0.49656E-03  0.14119E-02  0.62233E-09
 0.61516E-03  0.14119E-02  0.10786E-08
 0.75970E-03  0.14119E-02  0.18521E-08
 0.93583E-03  0.14119E-02  0.31482E-08
 0.11504E-02  0.14119E-02  0.52900E-08
 0.14119E-02  0.14119E-02  0.87724E-08
 0.17305E-02  0.14119E-02  0.14329E-07
 0.21186E-02  0.14119E-02  0.23009E-07
 0.25912E-02  0.14119E-02  0.36246E-07
 0.31667E-02  0.14119E-02  0.55905E-07
 0.38673E-02  0.14119E-02  0.84273E-07
 0.47200E-02  0.14119E-02  0.12395E-06
 0.57574E-02  0.14119E-02  0.17764E-06
 0.70191E-02  0.14119E-02  0.24777E-06
 0.85527E-02  0.14119E-02  0.33614E-06
 0.10416E-01  0.14119E-02  0.44364E-06
 0.12677E-01  0.14119E-02  0.57033E-06
 0.15420E-01  0.14119E-02  0.71603E-06
 0.18742E-01  0.14119E-02  0.88116E-06
 0.22762E-01  0.14119E-02  0.10671E-05
 0.27617E-01  0.14119E-02  0.12759E-05
 0.33469E-01  0.14119E-02  0.15097E-05
 0.40509E-01  0.14119E-02  0.17704E-05
 0.48950E-01  0.14119E-02  0.20594E-05
 0.59040E-01  0.14119E-02  0.23773E-05
 0.71052E-01  0.14119E-02  0.27239E-05
 0.85282E-01  0.14119E-02  0.30978E-05
 0.10204E+00  0.14119E-02  0.34960E-05
 0.12166E+00  0.14119E-02  0.39139E-05
 0.14443E+00  0.14119E-02  0.43448E-05
 0.17063E+00  0.14119E-02  0.47801E-05
 0.20047E+00  0.14119E-02  0.52090E-05
 0.23404E+00  0.14119E-02  0.56193E-05
 0.27131E+00  0.14119E-02  0.59977E-05
 0.31210E+00  0.14119E-02  0.63307E-05
 0.35601E+00  0.14119E-02  0.66055E-05
 0.40249E+00  0.14119E-02  0.68109E-05
 0.45077E+00  0.14119E-02  0.69383E-05
 0.50000E+00  0.14119E-02  0.69822E-05
 0.54923E+00  0.14119E-02  0.69409E-05
 0.59751E+00  0.14119E-02  0.68161E-05
 0.64399E+00  0.14119E-02  0.66131E-05
 0.68790E+00  0.14119E-02  0.63406E-05
 0.72869E+00  0.14119E-02  0.60096E-05
 0.76596E+00  0.14119E-02  0.56328E-05
 0.79953E+00  0.14119E-02  0.52238E-05
 0.82937E+00  0.14119E-02  0.47958E-05
 0.85557E+00  0.14119E-02  0.43611E-05
 0.87834E+00  0.14119E-02  0.39303E-05
 0.89796E+00  0.14119E-02  0.35122E-05
 0.91472E+00  0.14119E-02  0.31134E-05
 0.92895E+00  0.14119E-02  0.27387E-05
 0.94096E+00  0.14119E-02  0.23910E-05
 0.95105E+00  0.14119E-02  0.20718E-05
 0.95949E+00  0.14119E-02  0.17814E-05
 0.96653E+00  0.14119E-02  0.15192E-05
 0.97238E+00  0.14119E-02  0.12837E-05
 0.97724E+00  0.14119E-02  0.10733E-05
 0.98126E+00  0.14119E-02  0.88563E-06
 0.98458E+00  0.14119E-02  0.71887E-06
 0.98732E+00  0.14119E-02  0.57173E-06
 0.98958E+00  0.14119E-02  0.44393E-06
 0.99145E+00  0.14119E-02  0.33568E-06
 0.99298E+00  0.14119E-02  0.24691E-06
 0.99424E+00  0.14119E-02  0.17665E-06
 0.99528E+00  0.14119E-02  0.12300E-06
 0.99613E+00  0.14119E-02  0.83434E-07
 0.99683E+00  0.14119E-02  0.55206E-07
 0.99741E+00  0.14119E-02  0.35678E-07
 0.99788E+00  0.14119E-02  0.22550E-07
 0.99827E+00  0.14119E-02  0.13956E-07
 0.99859E+00  0.14119E-02  0.84613E-08
 0.99885E+00  0.14119E-02  0.50234E-08
 0.99906E+00  0.14119E-02  0.29124E-08
 0.99924E+00  0.14119E-02  0.16371E-08
 0.99938E+00  0.14119E-02  0.87761E-09
 0.99950E+00  0.14119E-02  0.43065E-09
 0.99960E+00  0.14119E-02  0.17034E-09
 0.99968E+00  0.14119E-02  0.20107E-10
 0.99975E+00  0.14119E-02 -0.65884E-10
 0.99980E+00  0.14119E-02 -0.11471E-09
 0.99984E+00  0.14119E-02 -0.14221E-09
 0.99988E+00  0.14119E-02 -0.15753E-09
 0.99991E+00  0.14119E-02 -0.16596E-09
 0.99993E+00  0.14119E-02 -0.17051E-09
 0.99995E+00  0.14119E-02 -0.17289E-09
 0.99997E+00  0.14119E-02 -0.17407E-09
 0.99998E+00  0.14119E-02 -0.17460E-09
 0.10000E+01  0.14119E-02 -0.17478E-09
 0.10000E+01  0.14119E-02  0.00000E+00
 0.00000E+00  0.17305E-02  0.00000E+00
 0.49709E-05  0.17305E-02  0.83467E-13
 0.16001E-04  0.17305E-02  0.88233E-12
 0.29447E-04  0.17305E-02  0.30428E-11
 0.45836E-04  0.17305E-02  0.75225E-11
 0.65814E-04  0.17305E-02  0.15874E-10
 0.90165E-04  0.17305E-02  0.30610E-10
 0.11985E-03  0.17305E-02  0.55796E-10
 0.15603E-03  0.17305E-02  0.98027E-10
 0.20013E-03  0.17305E-02  0.16800E-09
 0.25388E-03  0.17305E-02  0.28313E-09
 0.31939E-03  0.17305E-02  0.47168E-09
 0.39924E-03  0.17305E-02  0.77963E-09
 0.49656E-03  0.17305E-02  0.12814E-08
 0.61516E-03  0.17305E-02  0.20969E-08
 0.75970E-03  0.17305E-02  0.34177E-08
 0.93583E-03  0.17305E-02  0.55459E-08
 0.11504E-02  0.17305E-02  0.89502E-08
 0.14119E-02  0.17305E-02  0.14342E-07
 0.17305E-02  0.17305E-02  0.22774E-07
 0.21186E-02  0.17305E-02  0.35750E-07
 0.25912E-02  0.17305E-02  0.55334E-07
 0.31667E-02  0.17305E-02  0.84228E-07
 0.38673E-02  0.17305E-02  0.12577E-06
 0.47200E-02  0.17305E-02  0.18378E-06
 0.57574E-02  0.17305E-02  0.26226E-06
 0.70191E-02  0.17305E-02  0.36487E-06
 0.85527E-02  0.17305E-02  0.49433E-06
 0.10416E-01  0.17305E-02  0.65205E-06
 0.12677E-01  0.17305E-02  0.83818E-06
 0.15420E-01  0.17305E-02  0.10525E-05
 0.18742E-01  0.17305E-02  0.12955E-05
 0.22762E-01  0.17305E-02  0.15692E-05
 0.27617E-01  0.17305E-02  0.18766E-05
 0.33469E-01  0.17305E-02  0.22209E-05
 0.40509E-01  0.17305E-02  0.26048E-05
 0.48950E-01  0.17305E-02  0.30303E-05
 0.59040E-01  0.17305E-02  0.34984E-05
 0.71052E-01  0.17305E-02  0.40087E-05
 0.85282E-01  0.17305E-02  0.45592E-05
 0.10204E+00  0.17305E-02  0.51456E-05
 0.12166E+00  0.17305E-02  0.57609E-05
 0.14443E+00  0.17305E-02  0.63953E-05
 0.17063E+00  0.17305E-02  0.70361E-05
 0.20047E+00  0.17305E-02  0.76676E-05
 0.23404E+00  0.17305E-02  0.82717E-05
 0.27131E+00  0.17305E-02  0.88289E-05
 0.31210E+00  0.17305E-02  0.93191E-05
 0.35601E+00  0.17305E-02  0.97237E-05
 0.40249E+00  0.17305E-02  0.10026E-04
 0.45077E+00  0.17305E-02  0.10214E-04
 0.50000E+00  0.17305E-02  0.10278E-04
 0.54923E+00  0.17305E-02  0.10217E-04
 0.59751E+00  0.17305E-02  0.10033E-04
 0.64399E+00  0.17305E-02  0.97346E-05
 0.68790E+00  0.17305E-02  0.93332E-05
 0.72869E+00  0.17305E-02  0.88458E-05
 0.76596E+00  0.17305E-02  0.82910E-05
 0.79953E+00  0.17305E-02  0.76887E-05
 0.82937E+00  0.17305E-02  0.70585E-05
 0.85557E+00  0.17305E-02  0.64184E-05
 0.87834E+00  0.17305E-02  0.57841E-05
 0.89796E+00  0.17305E-02  0.51685E-05
 0.91472E+00  0.17305E-02  0.45813E-05
 0.92895E+00  0.17305E-02  0.40296E-05
 0.94096E+00  0.17305E-02  0.35177E-05
 0.95105E+00  0.17305E-02  0.30478E-05
 0.95949E+00  0.17305E-02  0.26203E-05
 0.96653E+00  0.17305E-02  0.22343E-05
 0.97238E+00  0.17305E-02  0.18877E-05
 0.97724E+00  0.17305E-02  0.15779E-05
 0.98126E+00  0.17305E-02  0.13017E-05
 0.98458E+00  0.17305E-02  0.10564E-05
 0.98732E+00  0.17305E-02  0.84007E-06
 0.98958E+00  0.17305E-02  0.65236E-06
 0.99145E+00  0.17305E-02  0.49360E-06
 0.99298E+00  0.17305E-02  0.36358E-06
 0.99424E+00  0.17305E-02  0.26080E-06
 0.99528E+00  0.17305E-02  0.18239E-06
 0.99613E+00  0.17305E-02  0.12455E-06
 0.99683E+00  0.17305E-02  0.83212E-07
 0.99741E+00  0.17305E-02  0.54508E-07
 0.99788E+00  0.17305E-02  0.35083E-07
 0.99827E+00  0.17305E-02  0.22231E-07
 0.99859E+00  0.17305E-02  0.13891E-07
 0.99885E+00  0.17305E-02  0.85636E-08
 0.99906E+00  0.17305E-02  0.52048E-08
 0.99924E+00  0.17305E-02  0.31078E-08
 0.99938E+00  0.17305E-02  0.18081E-08
 0.99950E+00  0.17305E-02  0.10067E-08
 0.99960E+00  0.17305E-02  0.51430E-09
 0.99968E+00  0.17305E-02  0.21252E-09
 0.99975E+00  0.17305E-02  0.28006E-10
 0.99980E+00  0.17305E-02 -0.84499E-10
 0.99984E+00  0.17305E-02 -0.15280E-09
 0.99988E+00  0.17305E-02 -0.19396E-09
 0.99991E+00  0.17305E-02 -0.21849E-09
 0.99993E+00  0.17305E-02 -0.23282E-09
 0.99995E+00  0.17305E-02 -0.24094E-09
 0.99997E+00  0.17305E-02 -0.24529E-09
 0.99998E+00  0.17305E-02 -0.24738E-09
 0.10000E+01  0.17305E-02 -0.24816E-09
 0.10000E+01  0.17305E-02  0.00000E+00
 0.00000E+00  0.21186E-02  0.00000E+00
 0.49709E-05  0.21186E-02  0.19475E-12
 0.16001E-04  0.21186E-02  0.20355E-11
 0.29447E-04  0.21186E-02  0.69469E-11
 0.45836E-04  0.21186E-02  0.16977E-10
 0.65814E-04  0.21186E-02  0.35350E-10
 0.90165E-04  0.21186E-02  0.67128E-10
 0.11985E-03  0.21186E-02  0.12024E-09
 0.15603E-03  0.21186E-02  0.20710E-09
 0.20013E-03  0.21186E-02  0.34716E-09
 0.25388E-03  0.21186E-02  0.57092E-09
 0.31939E-03  0.21186E-02  0.92622E-09
 0.39924E-03  0.21186E-02  0.14882E-08
 0.49656E-03  0.21186E-02  0.23748E-08
 0.61516E-03  0.21186E-02  0.37706E-08
 0.75970E-03  0.21186E-02  0.59630E-08
 0.93583E-03  0.21186E-02  0.93964E-08
 0.11504E-02  0.21186E-02  0.14750E-07
 0.14119E-02  0.21186E-02  0.23042E-07
 0.17305E-02  0.21186E-02  0.35773E-07
 0.21186E-02  0.21186E-02  0.55080E-07
 0.25912E-02  0.21186E-02  0.83908E-07
 0.31667E-02  0.21186E-02  0.12613E-06
 0.38673E-02  0.21186E-02  0.18656E-06
 0.47200E-02  0.21186E-02  0.27078E-06
 0.57574E-02  0.21186E-02  0.38466E-06
 0.70191E-02  0.21186E-02  0.53367E-06
 0.85527E-02  0.21186E-02  0.72195E-06
 0.10416E-01  0.21186E-02  0.95168E-06
 0.12677E-01  0.21186E-02  0.12232E-05
 0.15420E-01  0.21186E-02  0.15362E-05
 0.18742E-01  0.21186E-02  0.18915E-05
 0.22762E-01  0.21186E-02  0.22918E-05
 0.27617E-01  0.21186E-02  0.27415E-05
 0.33469E-01  0.21186E-02  0.32451E-05
 0.40509E-01  0.21186E-02  0.38066E-05
 0.48950E-01  0.21186E-02  0.44290E-05
 0.59040E-01  0.21186E-02  0.51137E-05
 0.71052E-01  0.21186E-02  0.58602E-05
 0.85282E-01  0.21186E-02  0.66655E-05
 0.10204E+00  0.21186E-02  0.75232E-05
 0.12166E+00  0.21186E-02  0.84233E-05
 0.14443E+00  0.21186E-02  0.93513E-05
 0.17063E+00  0.21186E-02  0.10289E-04
 0.20047E+00  0.21186E-02  0.11212E-04
 0.23404E+00  0.21186E-02  0.12096E-04
 0.27131E+00  0.21186E-02  0.12911E-04
 0.31210E+00  0.21186E-02  0.13628E-04
 0.35601E+00  0.21186E-02  0.14220E-04
 0.40249E+00  0.21186E-02  0.14662E-04
 0.45077E+00  0.21186E-02  0.14936E-04
 0.50000E+00  0.21186E-02  0.15031E-04
 0.54923E+00  0.21186E-02  0.14941E-04
 0.59751E+00  0.21186E-02  0.14672E-04
 0.64399E+00  0.21186E-02  0.14235E-04
 0.68790E+00  0.21186E-02  0.13648E-04
 0.72869E+00  0.21186E-02  0.12935E-04
 0.76596E+00  0.21186E-02  0.12123E-04
 0.79953E+00  0.21186E-02  0.11242E-04
 0.82937E+00  0.21186E-02  0.10320E-04
 0.85557E+00  0.21186E-02  0.93836E-05
 0.87834E+00  0.21186E-02  0.84558E-05
 0.89796E+00  0.21186E-02  0.75553E-05
 0.91472E+00  0.21186E-02  0.66964E-05
 0.92895E+00  0.21186E-02  0.58895E-05
 0.94096E+00  0.21186E-02  0.51408E-05
 0.95105E+00  0.21186E-02  0.44535E-05
 0.95949E+00  0.21186E-02  0.38282E-05
 0.96653E+00  0.21186E-02  0.32637E-05
 0.97238E+00  0.21186E-02  0.27568E-05
 0.97724E+00  0.21186E-02  0.23038E-05
 0.98126E+00  0.21186E-02  0.19001E-05
 0.98458E+00  0.21186E-02  0.15416E-05
 0.98732E+00  0.21186E-02  0.12257E-05
 0.98958E+00  0.21186E-02  0.95193E-06
 0.99145E+00  0.21186E-02  0.72076E-06
 0.99298E+00  0.21186E-02  0.53175E-06
 0.99424E+00  0.21186E-02  0.38253E-06
 0.99528E+00  0.21186E-02  0.26875E-06
 0.99613E+00  0.21186E-02  0.18480E-06
 0.99683E+00  0.21186E-02  0.12466E-06
 0.99741E+00  0.21186E-02  0.82718E-07
 0.99788E+00  0.21186E-02  0.54120E-07
 0.99827E+00  0.21186E-02  0.34991E-07
 0.99859E+00  0.21186E-02  0.22393E-07
 0.99885E+00  0.21186E-02  0.14196E-07
 0.99906E+00  0.21186E-02  0.89098E-08
 0.99924E+00  0.21186E-02  0.55226E-08
 0.99938E+00  0.21186E-02  0.33617E-08
 0.99950E+00  0.21186E-02  0.19872E-08
 0.99960E+00  0.21186E-02  0.11148E-08
 0.99968E+00  0.21186E-02  0.56226E-09
 0.99975E+00  0.21186E-02  0.21317E-09
 0.99980E+00  0.21186E-02 -0.65349E-11
 0.99984E+00  0.21186E-02 -0.14398E-09
 0.99988E+00  0.21186E-02 -0.22918E-09
 0.99991E+00  0.21186E-02 -0.28125E-09
 0.99993E+00  0.21186E-02 -0.31239E-09
 0.99995E+00  0.21186E-02 -0.33039E-09
 0.99997E+00  0.21186E-02 -0.34021E-09
 0.99998E+00  0.21186E-02 -0.34502E-09
 0.10000E+01  0.21186E-02 -0.34682E-09
 0.10000E+01  0.21186E-02  0.00000E+00
 0.00000E+00  0.25912E-02  0.00000E+00
 0.49709E-05  0.25912E-02  0.37433E-12
 0.16001E-04  0.25912E-02  0.38948E-11
 0.29447E-04  0.25912E-02  0.13238E-10
 0.45836E-04  0.25912E-02  0.32199E-10
 0.65814E-04  0.25912E-02  0.66682E-10
 0.90165E-04  0.25912E-02  0.12582E-09
 0.11985E-03  0.25912E-02  0.22369E-09
 0.15603E-03  0.25912E-02  0.38193E-09
 0.20013E-03  0.25912E-02  0.63380E-09
 0.25388E-03  0.25912E-02  0.10303E-08
 0.31939E-03  0.25912E-02  0.16498E-08
 0.39924E-03  0.25912E-02  0.26124E-08
 0.49656E-03  0.25912E-02  0.41024E-08
 0.61516E-03  0.25912E-02  0.64017E-08
 0.75970E-03  0.25912E-02  0.99404E-08
 0.93583E-03  0.25912E-02  0.15371E-07
 0.11504E-02  0.25912E-02  0.23674E-07
 0.14119E-02  0.25912E-02  0.36307E-07
 0.17305E-02  0.25912E-02  0.55391E-07
 0.21186E-02  0.25912E-02  0.83948E-07
 0.25912E-02  0.25912E-02  0.12613E-06
 0.31667E-02  0.25912E-02  0.18744E-06
 0.38673E-02  0.25912E-02  0.27476E-06
 0.47200E-02  0.25912E-02  0.39611E-06
 0.57574E-02  0.25912E-02  0.56008E-06
 0.70191E-02  0.25912E-02  0.77473E-06
 0.85527E-02  0.25912E-02  0.10463E-05
 0.10416E-01  0.25912E-02  0.13784E-05
 0.12677E-01  0.25912E-02  0.17715E-05
 0.15420E-01  0.25912E-02  0.22253E-05
 0.18742E-01  0.25912E-02  0.27410E-05
 0.22762E-01  0.25912E-02  0.33222E-05
 0.27617E-01  0.25912E-02  0.39753E-05
 0.33469E-01  0.25912E-02  0.47067E-05
 0.40509E-01  0.25912E-02  0.55222E-05
 0.48950E-01  0.25912E-02  0.64262E-05
 0.59040E-01  0.25912E-02  0.74207E-05
 0.71052E-01  0.25912E-02  0.85051E-05
 0.85282E-01  0.25912E-02  0.96747E-05
 0.10204E+00  0.25912E-02  0.10920E-04
 0.12166E+00  0.25912E-02  0.12228E-04
 0.14443E+00  0.25912E-02  0.13576E-04
 0.17063E+00  0.25912E-02  0.14937E-04
 0.20047E+00  0.25912E-02  0.16279E-04
 0.23404E+00  0.25912E-02  0.17562E-04
 0.27131E+00  0.25912E-02  0.18746E-04
 0.31210E+00  0.25912E-02  0.19787E-04
 0.35601E+00  0.25912E-02  0.20646E-04
 0.40249E+00  0.25912E-02  0.21289E-04
 0.45077E+00  0.25912E-02  0.21687E-04
 0.50000E+00  0.25912E-02  0.21824E-04
 0.54923E+00  0.25912E-02  0.21694E-04
 0.59751E+00  0.25912E-02  0.21303E-04
 0.64399E+00  0.25912E-02  0.20667E-04
 0.68790E+00  0.25912E-02  0.19814E-04
 0.72869E+00  0.25912E-02  0.18778E-04
 0.76596E+00  0.25912E-02  0.17599E-04
 0.79953E+00  0.25912E-02  0.16319E-04
 0.82937E+00  0.25912E-02  0.14980E-04
 0.85557E+00  0.25912E-02  0.13620E-04
 0.87834E+00  0.25912E-02  0.12272E-04
 0.89796E+00  0.25912E-02  0.10964E-04
 0.91472E+00  0.25912E-02  0.97171E-05
 0.92895E+00  0.25912E-02  0.85451E-05
 0.94096E+00  0.25912E-02  0.74578E-05
 0.95105E+00  0.25912E-02  0.64597E-05
 0.95949E+00  0.25912E-02  0.55518E-05
 0.96653E+00  0.25912E-02  0.47320E-05
 0.97238E+00  0.25912E-02  0.39960E-05
 0.97724E+00  0.25912E-02  0.33384E-05
 0.98126E+00  0.25912E-02  0.27524E-05
 0.98458E+00  0.25912E-02  0.22323E-05
 0.98732E+00  0.25912E-02  0.17745E-05
 0.98958E+00  0.25912E-02  0.13783E-05
 0.99145E+00  0.25912E-02  0.10444E-05
 0.99298E+00  0.25912E-02  0.77183E-06
 0.99424E+00  0.25912E-02  0.55694E-06
 0.99528E+00  0.25912E-02  0.39317E-06
 0.99613E+00  0.25912E-02  0.27221E-06
 0.99683E+00  0.25912E-02  0.18534E-06
 0.99741E+00  0.25912E-02  0.12443E-06
 0.99788E+00  0.25912E-02  0.82576E-07
 0.99827E+00  0.25912E-02  0.54278E-07
 0.99859E+00  0.25912E-02  0.35386E-07
 0.99885E+00  0.25912E-02  0.22892E-07
 0.99906E+00  0.25912E-02  0.14687E-07
 0.99924E+00  0.25912E-02  0.93246E-08
 0.99938E+00  0.25912E-02  0.58327E-08
 0.99950E+00  0.25912E-02  0.35651E-08
 0.99960E+00  0.25912E-02  0.20965E-08
 0.99968E+00  0.25912E-02  0.11481E-08
 0.99975E+00  0.25912E-02  0.53798E-09
 0.99980E+00  0.25912E-02  0.14762E-09
 0.99984E+00  0.25912E-02 -0.10026E-09
 0.99988E+00  0.25912E-02 -0.25596E-09
 0.99991E+00  0.25912E-02 -0.35223E-09
 0.99993E+00  0.25912E-02 -0.41040E-09
 0.99995E+00  0.25912E-02 -0.44431E-09
 0.99997E+00  0.25912E-02 -0.46295E-09
 0.99998E+00  0.25912E-02 -0.47213E-09
 0.10000E+01  0.25912E-02 -0.47559E-09
 0.10000E+01  0.25912E-02  0.00000E+00
 0.00000E+00  0.31667E-02  0.00000E+00
 0.49709E-05  0.31667E-02  0.64871E-12
 0.16001E-04  0.31667E-02  0.67348E-11
 0.29447E-04  0.31667E-02  0.22843E-10
 0.45836E-04  0.31667E-02  0.55435E-10
 0.65814E-04  0.31667E-02  0.11449E-09
 0.90165E-04  0.31667E-02  0.21535E-09
 0.11985E-03  0.31667E-02  0.38140E-09
 0.15603E-03  0.31667E-02  0.64832E-09
 0.20013E-03  0.31667E-02  0.10702E-08
 0.25388E-03  0.31667E-02  0.17291E-08
 0.31939E-03  0.31667E-02  0.27491E-08
 0.39924E-03  0.31667E-02  0.43177E-08
 0.49656E-03  0.31667E-02  0.67179E-08
 0.61516E-03  0.31667E-02  0.10375E-07
 0.75970E-03  0.31667E-02  0.15929E-07
 0.93583E-03  0.31667E-02  0.24332E-07
 0.11504E-02  0.31667E-02  0.36998E-07
 0.14119E-02  0.31667E-02  0.56000E-07
 0.17305E-02  0.31667E-02  0.84333E-07
 0.21186E-02  0.31667E-02  0.12623E-06
 0.25912E-02  0.31667E-02  0.18751E-06
 0.31667E-02  0.31667E-02  0.27589E-06
 0.38673E-02  0.31667E-02  0.40108E-06
 0.47200E-02  0.31667E-02  0.57452E-06
 0.57574E-02  0.31667E-02  0.80858E-06
 0.70191E-02  0.31667E-02  0.11151E-05
 0.85527E-02  0.31667E-02  0.15035E-05
 0.10416E-01  0.31667E-02  0.19791E-05
 0.12677E-01  0.31667E-02  0.25434E-05
 0.15420E-01  0.31667E-02  0.31960E-05
 0.18742E-01  0.31667E-02  0.39383E-05
 0.22762E-01  0.31667E-02  0.47755E-05
 0.27617E-01  0.31667E-02  0.57164E-05
 0.33469E-01  0.31667E-02  0.67704E-05
 0.40509E-01  0.31667E-02  0.79456E-05
 0.48950E-01  0.31667E-02  0.92483E-05
 0.59040E-01  0.31667E-02  0.10681E-04
 0.71052E-01  0.31667E-02  0.12244E-04
 0.85282E-01  0.31667E-02  0.13930E-04
 0.10204E+00  0.31667E-02  0.15725E-04
 0.12166E+00  0.31667E-02  0.17609E-04
 0.14443E+00  0.31667E-02  0.19551E-04
 0.17063E+00  0.31667E-02  0.21513E-04
 0.20047E+00  0.31667E-02  0.23446E-04
 0.23404E+00  0.31667E-02  0.25296E-04
 0.27131E+00  0.31667E-02  0.27001E-04
 0.31210E+00  0.31667E-02  0.28502E-04
 0.35601E+00  0.31667E-02  0.29740E-04
 0.40249E+00  0.31667E-02  0.30665E-04
 0.45077E+00  0.31667E-02  0.31238E-04
 0.50000E+00  0.31667E-02  0.31435E-04
 0.54923E+00  0.31667E-02  0.31248E-04
 0.59751E+00  0.31667E-02  0.30684E-04
 0.64399E+00  0.31667E-02  0.29768E-04
 0.68790E+00  0.31667E-02  0.28538E-04
 0.72869E+00  0.31667E-02  0.27045E-04
 0.76596E+00  0.31667E-02  0.25345E-04
 0.79953E+00  0.31667E-02  0.23501E-04
 0.82937E+00  0.31667E-02  0.21571E-04
 0.85557E+00  0.31667E-02  0.19611E-04
 0.87834E+00  0.31667E-02  0.17669E-04
 0.89796E+00  0.31667E-02  0.15784E-04
 0.91472E+00  0.31667E-02  0.13986E-04
 0.92895E+00  0.31667E-02  0.12298E-04
 0.94096E+00  0.31667E-02  0.10731E-04
 0.95105E+00  0.31667E-02  0.92930E-05
 0.95949E+00  0.31667E-02  0.79849E-05
 0.96653E+00  0.31667E-02  0.68039E-05
 0.97238E+00  0.31667E-02  0.57438E-05
 0.97724E+00  0.31667E-02  0.47966E-05
 0.98126E+00  0.31667E-02  0.39530E-05
 0.98458E+00  0.31667E-02  0.32046E-05
 0.98732E+00  0.31667E-02  0.25467E-05
 0.98958E+00  0.31667E-02  0.19784E-05
 0.99145E+00  0.31667E-02  0.15002E-05
 0.99298E+00  0.31667E-02  0.11107E-05
 0.99424E+00  0.31667E-02  0.80396E-06
 0.99528E+00  0.31667E-02  0.57024E-06
 0.99613E+00  0.31667E-02  0.39741E-06
 0.99683E+00  0.31667E-02  0.27287E-06
 0.99741E+00  0.31667E-02  0.18508E-06
 0.99788E+00  0.31667E-02  0.12428E-06
 0.99827E+00  0.31667E-02  0.82762E-07
 0.99859E+00  0.31667E-02  0.54710E-07
 0.99885E+00  0.31667E-02  0.35910E-07
 0.99906E+00  0.31667E-02  0.23387E-07
 0.99924E+00  0.31667E-02  0.15084E-07
 0.99938E+00  0.31667E-02  0.95992E-08
 0.99950E+00  0.31667E-02  0.59887E-08
 0.99960E+00  0.31667E-02  0.36203E-08
 0.99968E+00  0.31667E-02  0.20728E-08
 0.99975E+00  0.31667E-02  0.10668E-08
 0.99980E+00  0.31667E-02  0.41716E-09
 0.99984E+00  0.31667E-02  0.12473E-11
 0.99988E+00  0.31667E-02 -0.26184E-09
 0.99991E+00  0.31667E-02 -0.42550E-09
 0.99993E+00  0.31667E-02 -0.52488E-09
 0.99995E+00  0.31667E-02 -0.58307E-09
 0.99997E+00  0.31667E-02 -0.61518E-09
 0.99998E+00  0.31667E-02 -0.63105E-09
 0.10000E+01  0.31667E-02 -0.63705E-09
 0.10000E+01  0.31667E-02  0.00000E+00
 0.00000E+00  0.38673E-02  0.00000E+00
 0.49709E-05  0.38673E-02  0.10493E-11
 0.16001E-04  0.38673E-02  0.10880E-10
 0.29447E-04  0.38673E-02  0.36862E-10
 0.45836E-04  0.38673E-02  0.89346E-10
 0.65814E-04  0.38673E-02  0.18426E-09
 0.90165E-04  0.38673E-02  0.34597E-09
 0.11985E-03  0.38673E-02  0.61150E-09
 0.15603E-03  0.38673E-02  0.10369E-08
 0.20013E-03  0.38673E-02  0.17066E-08
 0.25388E-03  0.38673E-02  0.27479E-08
 0.31939E-03  0.38673E-02  0.43512E-08
 0.39924E-03  0.38673E-02  0.68017E-08
 0.49656E-03  0.38673E-02  0.10525E-07
 0.61516E-03  0.38673E-02  0.16154E-07
 0.75970E-03  0.38673E-02  0.24626E-07
 0.93583E-03  0.38673E-02  0.37324E-07
 0.11504E-02  0.38673E-02  0.56273E-07
 0.14119E-02  0.38673E-02  0.84408E-07
 0.17305E-02  0.38673E-02  0.12593E-06
 0.21186E-02  0.38673E-02  0.18674E-06
 0.25912E-02  0.38673E-02  0.27493E-06
 0.31667E-02  0.38673E-02  0.40120E-06
 0.38673E-02  0.38673E-02  0.57909E-06
 0.47200E-02  0.38673E-02  0.82470E-06
 0.57574E-02  0.38673E-02  0.11556E-05
 0.70191E-02  0.38673E-02  0.15890E-05
 0.85527E-02  0.38673E-02  0.21388E-05
 0.10416E-01  0.38673E-02  0.28135E-05
 0.12677E-01  0.38673E-02  0.36157E-05
 0.15420E-01  0.38673E-02  0.45452E-05
 0.18742E-01  0.38673E-02  0.56039E-05
 0.22762E-01  0.38673E-02  0.67990E-05
 0.27617E-01  0.38673E-02  0.81425E-05
 0.33469E-01  0.38673E-02  0.96475E-05
 0.40509E-01  0.38673E-02  0.11326E-04
 0.48950E-01  0.38673E-02  0.13186E-04
 0.59040E-01  0.38673E-02  0.15233E-04
 0.71052E-01  0.38673E-02  0.17465E-04
 0.85282E-01  0.38673E-02  0.19873E-04
 0.10204E+00  0.38673E-02  0.22437E-04
 0.12166E+00  0.38673E-02  0.25127E-04
 0.14443E+00  0.38673E-02  0.27902E-04
 0.17063E+00  0.38673E-02  0.30704E-04
 0.20047E+00  0.38673E-02  0.33465E-04
 0.23404E+00  0.38673E-02  0.36106E-04
 0.27131E+00  0.38673E-02  0.38542E-04
 0.31210E+00  0.38673E-02  0.40685E-04
 0.35601E+00  0.38673E-02  0.42453E-04
 0.40249E+00  0.38673E-02  0.43774E-04
 0.45077E+00  0.38673E-02  0.44592E-04
 0.50000E+00  0.38673E-02  0.44873E-04
 0.54923E+00  0.38673E-02  0.44605E-04
 0.59751E+00  0.38673E-02  0.43799E-04
 0.64399E+00  0.38673E-02  0.42490E-04
 0.68790E+00  0.38673E-02  0.40733E-04
 0.72869E+00  0.38673E-02  0.38599E-04
 0.76596E+00  0.38673E-02  0.36171E-04
 0.79953E+00  0.38673E-02  0.33536E-04
 0.82937E+00  0.38673E-02  0.30779E-04
 0.85557E+00  0.38673E-02  0.27980E-04
 0.87834E+00  0.38673E-02  0.25206E-04
 0.89796E+00  0.38673E-02  0.22514E-04
 0.91472E+00  0.38673E-02  0.19947E-04
 0.92895E+00  0.38673E-02  0.17535E-04
 0.94096E+00  0.38673E-02  0.15298E-04
 0.95105E+00  0.38673E-02  0.13244E-04
 0.95949E+00  0.38673E-02  0.11377E-04
 0.96653E+00  0.38673E-02  0.96905E-05
 0.97238E+00  0.38673E-02  0.81773E-05
 0.97724E+00  0.38673E-02  0.68254E-05
 0.98126E+00  0.38673E-02  0.56218E-05
 0.98458E+00  0.38673E-02  0.45551E-05
 0.98732E+00  0.38673E-02  0.36187E-05
 0.98958E+00  0.38673E-02  0.28113E-05
 0.99145E+00  0.38673E-02  0.21334E-05
 0.99298E+00  0.38673E-02  0.15823E-05
 0.99424E+00  0.38673E-02  0.11488E-05
 0.99528E+00  0.38673E-02  0.81849E-06
 0.99613E+00  0.38673E-02  0.57381E-06
 0.99683E+00  0.38673E-02  0.39689E-06
 0.99741E+00  0.38673E-02  0.27148E-06
 0.99788E+00  0.38673E-02  0.18400E-06
 0.99827E+00  0.38673E-02  0.12374E-06
 0.99859E+00  0.38673E-02  0.82621E-07
 0.99885E+00  0.38673E-02  0.54781E-07
 0.99906E+00  0.38673E-02  0.36042E-07
 0.99924E+00  0.38673E-02  0.23490E-07
 0.99938E+00  0.38673E-02  0.15120E-07
 0.99950E+00  0.38673E-02  0.95599E-08
 0.99960E+00  0.38673E-02  0.58835E-08
 0.99968E+00  0.38673E-02  0.34643E-08
 0.99975E+00  0.38673E-02  0.18819E-08
 0.99980E+00  0.38673E-02  0.85432E-09
 0.99984E+00  0.38673E-02  0.19345E-09
 0.99988E+00  0.38673E-02 -0.22624E-09
 0.99991E+00  0.38673E-02 -0.48819E-09
 0.99993E+00  0.38673E-02 -0.64771E-09
 0.99995E+00  0.38673E-02 -0.74134E-09
 0.99997E+00  0.38673E-02 -0.79311E-09
 0.99998E+00  0.38673E-02 -0.81873E-09
 0.10000E+01  0.38673E-02 -0.82843E-09
 0.10000E+01  0.38673E-02  0.00000E+00
 0.00000E+00  0.47200E-02  0.00000E+00
 0.49709E-05  0.47200E-02  0.16106E-11
 0.16001E-04  0.47200E-02  0.16688E-10
 0.29447E-04  0.47200E-02  0.56505E-10
 0.45836E-04  0.47200E-02  0.13686E-09
 0.65814E-04  0.47200E-02  0.28203E-09
 0.90165E-04  0.47200E-02  0.52902E-09
 0.11985E-03  0.47200E-02  0.93396E-09
 0.15603E-03  0.47200E-02  0.15815E-08
 0.20013E-03  0.47200E-02  0.25987E-08
 0.25388E-03  0.47200E-02  0.41759E-08
 0.31939E-03  0.47200E-02  0.65969E-08
 0.39924E-03  0.47200E-02  0.10284E-07
 0.49656E-03  0.47200E-02  0.15861E-07
 0.61516E-03  0.47200E-02  0.24253E-07
 0.75970E-03  0.47200E-02  0.36813E-07
 0.93583E-03  0.47200E-02  0.55523E-07
 0.11504E-02  0.47200E-02  0.83254E-07
 0.14119E-02  0.47200E-02  0.12413E-06
 0.17305E-02  0.47200E-02  0.18402E-06
 0.21186E-02  0.47200E-02  0.27107E-06
 0.25912E-02  0.47200E-02  0.39644E-06
 0.31667E-02  0.47200E-02  0.57484E-06
 0.38673E-02  0.47200E-02  0.82493E-06
 0.47200E-02  0.47200E-02  0.11691E-05
 0.57574E-02  0.47200E-02  0.16319E-05
 0.70191E-02  0.47200E-02  0.22379E-05
 0.85527E-02  0.47200E-02  0.30074E-05
 0.10416E-01  0.47200E-02  0.39537E-05
 0.12677E-01  0.47200E-02  0.50815E-05
 0.15420E-01  0.47200E-02  0.63911E-05
 0.18742E-01  0.47200E-02  0.78850E-05
 0.22762E-01  0.47200E-02  0.95731E-05
 0.27617E-01  0.47200E-02  0.11472E-04
 0.33469E-01  0.47200E-02  0.13599E-04
 0.40509E-01  0.47200E-02  0.15972E-04
 0.48950E-01  0.47200E-02  0.18602E-04
 0.59040E-01  0.47200E-02  0.21496E-04
 0.71052E-01  0.47200E-02  0.24651E-04
 0.85282E-01  0.47200E-02  0.28055E-04
 0.10204E+00  0.47200E-02  0.31680E-04
 0.12166E+00  0.47200E-02  0.35484E-04
 0.14443E+00  0.47200E-02  0.39406E-04
 0.17063E+00  0.47200E-02  0.43368E-04
 0.20047E+00  0.47200E-02  0.47272E-04
 0.23404E+00  0.47200E-02  0.51005E-04
 0.27131E+00  0.47200E-02  0.54449E-04
 0.31210E+00  0.47200E-02  0.57478E-04
 0.35601E+00  0.47200E-02  0.59977E-04
 0.40249E+00  0.47200E-02  0.61843E-04
 0.45077E+00  0.47200E-02  0.63000E-04
 0.50000E+00  0.47200E-02  0.63396E-04
 0.54923E+00  0.47200E-02  0.63016E-04
 0.59751E+00  0.47200E-02  0.61875E-04
 0.64399E+00  0.47200E-02  0.60023E-04
 0.68790E+00  0.47200E-02  0.57538E-04
 0.72869E+00  0.47200E-02  0.54521E-04
 0.76596E+00  0.47200E-02  0.51087E-04
 0.79953E+00  0.47200E-02  0.47361E-04
 0.82937E+00  0.47200E-02  0.43463E-04
 0.85557E+00  0.47200E-02  0.39504E-04
 0.87834E+00  0.47200E-02  0.35582E-04
 0.89796E+00  0.47200E-02  0.31776E-04
 0.91472E+00  0.47200E-02  0.28147E-04
 0.92895E+00  0.47200E-02  0.24738E-04
 0.94096E+00  0.47200E-02  0.21576E-04
 0.95105E+00  0.47200E-02  0.18674E-04
 0.95949E+00  0.47200E-02  0.16034E-04
 0.96653E+00  0.47200E-02  0.13652E-04
 0.97238E+00  0.47200E-02  0.11514E-04
 0.97724E+00  0.47200E-02  0.96043E-05
 0.98126E+00  0.47200E-02  0.79052E-05
 0.98458E+00  0.47200E-02  0.64010E-05
 0.98732E+00  0.47200E-02  0.50826E-05
 0.98958E+00  0.47200E-02  0.39484E-05
 0.99145E+00  0.47200E-02  0.29985E-05
 0.99298E+00  0.47200E-02  0.22275E-05
 0.99424E+00  0.47200E-02  0.16217E-05
 0.99528E+00  0.47200E-02  0.11600E-05
 0.99613E+00  0.47200E-02  0.81733E-06
 0.99683E+00  0.47200E-02  0.56869E-06
 0.99741E+00  0.47200E-02  0.39157E-06
 0.99788E+00  0.47200E-02  0.26724E-06
 0.99827E+00  0.47200E-02  0.18098E-06
 0.99859E+00  0.47200E-02  0.12169E-06
 0.99885E+00  0.47200E-02  0.81244E-07
 0.99906E+00  0.47200E-02  0.53820E-07
 0.99924E+00  0.47200E-02  0.35325E-07
 0.99938E+00  0.47200E-02  0.22913E-07
 0.99950E+00  0.47200E-02  0.14623E-07
 0.99960E+00  0.47200E-02  0.91142E-08
 0.99968E+00  0.47200E-02  0.54736E-08
 0.99975E+00  0.47200E-02  0.30833E-08
 0.99980E+00  0.47200E-02  0.15263E-08
 0.99984E+00  0.47200E-02  0.52219E-09
 0.99988E+00  0.47200E-02 -0.11690E-09
 0.99991E+00  0.47200E-02 -0.51654E-09
 0.99993E+00  0.47200E-02 -0.76029E-09
 0.99995E+00  0.47200E-02 -0.90355E-09
 0.99997E+00  0.47200E-02 -0.98284E-09
 0.99998E+00  0.47200E-02 -0.10221E-08
 0.10000E+01  0.47200E-02 -0.10370E-08
 0.10000E+01  0.47200E-02  0.00000E+00
 0.00000E+00  0.57574E-02  0.00000E+00
 0.49709E-05  0.57574E-02  0.23671E-11
 0.16001E-04  0.57574E-02  0.24517E-10
 0.29447E-04  0.57574E-02  0.82985E-10
 0.45836E-04  0.57574E-02  0.20092E-09
 0.65814E-04  0.57574E-02  0.41384E-09
 0.90165E-04  0.57574E-02  0.77586E-09
 0.11985E-03  0.57574E-02  0.13688E-08
 0.15603E-03  0.57574E-02  0.23160E-08
 0.20013E-03  0.57574E-02  0.38022E-08
 0.25388E-03  0.57574E-02  0.61030E-08
 0.31939E-03  0.57574E-02  0.96284E-08
 0.39924E-03  0.57574E-02  0.14986E-07
 0.49656E-03  0.57574E-02  0.23070E-07
 0.61516E-03  0.57574E-02  0.35198E-07
 0.75970E-03  0.57574E-02  0.53289E-07
 0.93583E-03  0.57574E-02  0.80134E-07
 0.11504E-02  0.57574E-02  0.11975E-06
 0.14119E-02  0.57574E-02  0.17788E-06
 0.17305E-02  0.57574E-02  0.26259E-06
 0.21186E-02  0.57574E-02  0.38511E-06
 0.25912E-02  0.57574E-02  0.56063E-06
 0.31667E-02  0.57574E-02  0.80921E-06
 0.38673E-02  0.57574E-02  0.11563E-05
 0.47200E-02  0.57574E-02  0.16323E-05
 0.57574E-02  0.57574E-02  0.22715E-05
 0.70191E-02  0.57574E-02  0.31081E-05
 0.85527E-02  0.57574E-02  0.41716E-05
 0.10416E-01  0.57574E-02  0.54817E-05
 0.12677E-01  0.57574E-02  0.70470E-05
 0.15420E-01  0.57574E-02  0.88691E-05
 0.18742E-01  0.57574E-02  0.10952E-04
 0.22762E-01  0.57574E-02  0.13307E-04
 0.27617E-01  0.57574E-02  0.15959E-04
 0.33469E-01  0.57574E-02  0.18931E-04
 0.40509E-01  0.57574E-02  0.22246E-04
 0.48950E-01  0.57574E-02  0.25921E-04
 0.59040E-01  0.57574E-02  0.29965E-04
 0.71052E-01  0.57574E-02  0.34374E-04
 0.85282E-01  0.57574E-02  0.39130E-04
 0.10204E+00  0.57574E-02  0.44196E-04
 0.12166E+00  0.57574E-02  0.49513E-04
 0.14443E+00  0.57574E-02  0.54994E-04
 0.17063E+00  0.57574E-02  0.60530E-04
 0.20047E+00  0.57574E-02  0.65985E-04
 0.23404E+00  0.57574E-02  0.71202E-04
 0.27131E+00  0.57574E-02  0.76014E-04
 0.31210E+00  0.57574E-02  0.80246E-04
 0.35601E+00  0.57574E-02  0.83737E-04
 0.40249E+00  0.57574E-02  0.86345E-04
 0.45077E+00  0.57574E-02  0.87960E-04
 0.50000E+00  0.57574E-02  0.88512E-04
 0.54923E+00  0.57574E-02  0.87979E-04
 0.59751E+00  0.57574E-02  0.86383E-04
 0.64399E+00  0.57574E-02  0.83793E-04
 0.68790E+00  0.57574E-02  0.80319E-04
 0.72869E+00  0.57574E-02  0.76100E-04
 0.76596E+00  0.57574E-02  0.71301E-04
 0.79953E+00  0.57574E-02  0.66093E-04
 0.82937E+00  0.57574E-02  0.60644E-04
 0.85557E+00  0.57574E-02  0.55111E-04
 0.87834E+00  0.57574E-02  0.49630E-04
 0.89796E+00  0.57574E-02  0.44312E-04
 0.91472E+00  0.57574E-02  0.39241E-04
 0.92895E+00  0.57574E-02  0.34477E-04
 0.94096E+00  0.57574E-02  0.30059E-04
 0.95105E+00  0.57574E-02  0.26005E-04
 0.95949E+00  0.57574E-02  0.22318E-04
 0.96653E+00  0.57574E-02  0.18991E-04
 0.97238E+00  0.57574E-02  0.16006E-04
 0.97724E+00  0.57574E-02  0.13341E-04
 0.98126E+00  0.57574E-02  0.10972E-04
 0.98458E+00  0.57574E-02  0.88763E-05
 0.98732E+00  0.57574E-02  0.70436E-05
 0.98958E+00  0.57574E-02  0.54708E-05
 0.99145E+00  0.57574E-02  0.41566E-05
 0.99298E+00  0.57574E-02  0.30920E-05
 0.99424E+00  0.57574E-02  0.22563E-05
 0.99528E+00  0.57574E-02  0.16191E-05
 0.99613E+00  0.57574E-02  0.11453E-05
 0.99683E+00  0.57574E-02  0.80045E-06
 0.99741E+00  0.57574E-02  0.55377E-06
 0.99788E+00  0.57574E-02  0.37977E-06
 0.99827E+00  0.57574E-02  0.25843E-06
 0.99859E+00  0.57574E-02  0.17459E-06
 0.99885E+00  0.57574E-02  0.11709E-06
 0.99906E+00  0.57574E-02  0.77922E-07
 0.99924E+00  0.57574E-02  0.51392E-07
 0.99938E+00  0.57574E-02  0.33518E-07
 0.99950E+00  0.57574E-02  0.21540E-07
 0.99960E+00  0.57574E-02  0.13556E-07
 0.99968E+00  0.57574E-02  0.82670E-08
 0.99975E+00  0.57574E-02  0.47867E-08
 0.99980E+00  0.57574E-02  0.25156E-08
 0.99984E+00  0.57574E-02  0.10488E-08
 0.99988E+00  0.57574E-02  0.11401E-09
 0.99991E+00  0.57574E-02 -0.47117E-09
 0.99993E+00  0.57574E-02 -0.82840E-09
 0.99995E+00  0.57574E-02 -0.10385E-08
 0.99997E+00  0.57574E-02 -0.11549E-08
 0.99998E+00  0.57574E-02 -0.12126E-08
 0.10000E+01  0.57574E-02 -0.12344E-08
 0.10000E+01  0.57574E-02  0.00000E+00
 0.00000E+00  0.70191E-02  0.00000E+00
 0.49709E-05  0.70191E-02  0.33491E-11
 0.16001E-04  0.70191E-02  0.34679E-10
 0.29447E-04  0.70191E-02  0.11736E-09
 0.45836E-04  0.70191E-02  0.28408E-09
 0.65814E-04  0.70191E-02  0.58499E-09
 0.90165E-04  0.70191E-02  0.10964E-08
 0.11985E-03  0.70191E-02  0.19337E-08
 0.15603E-03  0.70191E-02  0.32704E-08
 0.20013E-03  0.70191E-02  0.53662E-08
 0.25388E-03  0.70191E-02  0.86082E-08
 0.31939E-03  0.70191E-02  0.13571E-07
 0.39924E-03  0.70191E-02  0.21103E-07
 0.49656E-03  0.70191E-02  0.32454E-07
 0.61516E-03  0.70191E-02  0.49453E-07
 0.75970E-03  0.70191E-02  0.74764E-07
 0.93583E-03  0.70191E-02  0.11224E-06
 0.11504E-02  0.70191E-02  0.16740E-06
 0.14119E-02  0.70191E-02  0.24810E-06
 0.17305E-02  0.70191E-02  0.36534E-06
 0.21186E-02  0.70191E-02  0.53433E-06
 0.25912E-02  0.70191E-02  0.77561E-06
 0.31667E-02  0.70191E-02  0.11162E-05
 0.38673E-02  0.70191E-02  0.15902E-05
 0.47200E-02  0.70191E-02  0.22391E-05
 0.57574E-02  0.70191E-02  0.31090E-05
 0.70191E-02  0.70191E-02  0.42472E-05
 0.85527E-02  0.70191E-02  0.56953E-05
 0.10416E-01  0.70191E-02  0.74829E-05
 0.12677E-01  0.70191E-02  0.96241E-05
 0.15420E-01  0.70191E-02  0.12123E-04
 0.18742E-01  0.70191E-02  0.14985E-04
 0.22762E-01  0.70191E-02  0.18228E-04
 0.27617E-01  0.70191E-02  0.21881E-04
 0.33469E-01  0.70191E-02  0.25977E-04
 0.40509E-01  0.70191E-02  0.30548E-04
 0.48950E-01  0.70191E-02  0.35615E-04
 0.59040E-01  0.70191E-02  0.41192E-04
 0.71052E-01  0.70191E-02  0.47273E-04
 0.85282E-01  0.70191E-02  0.53833E-04
 0.10204E+00  0.70191E-02  0.60820E-04
 0.12166E+00  0.70191E-02  0.68152E-04
 0.14443E+00  0.70191E-02  0.75712E-04
 0.17063E+00  0.70191E-02  0.83346E-04
 0.20047E+00  0.70191E-02  0.90869E-04
 0.23404E+00  0.70191E-02  0.98065E-04
 0.27131E+00  0.70191E-02  0.10470E-03
 0.31210E+00  0.70191E-02  0.11054E-03
 0.35601E+00  0.70191E-02  0.11535E-03
 0.40249E+00  0.70191E-02  0.11894E-03
 0.45077E+00  0.70191E-02  0.12117E-03
 0.50000E+00  0.70191E-02  0.12193E-03
 0.54923E+00  0.70191E-02  0.12119E-03
 0.59751E+00  0.70191E-02  0.11899E-03
 0.64399E+00  0.70191E-02  0.11541E-03
 0.68790E+00  0.70191E-02  0.11062E-03
 0.72869E+00  0.70191E-02  0.10480E-03
 0.76596E+00  0.70191E-02  0.98177E-04
 0.79953E+00  0.70191E-02  0.90992E-04
 0.82937E+00  0.70191E-02  0.83475E-04
 0.85557E+00  0.70191E-02  0.75844E-04
 0.87834E+00  0.70191E-02  0.68284E-04
 0.89796E+00  0.70191E-02  0.60949E-04
 0.91472E+00  0.70191E-02  0.53956E-04
 0.92895E+00  0.70191E-02  0.47387E-04
 0.94096E+00  0.70191E-02  0.41296E-04
 0.95105E+00  0.70191E-02  0.35707E-04
 0.95949E+00  0.70191E-02  0.30625E-04
 0.96653E+00  0.70191E-02  0.26040E-04
 0.97238E+00  0.70191E-02  0.21928E-04
 0.97724E+00  0.70191E-02  0.18259E-04
 0.98126E+00  0.70191E-02  0.15000E-04
 0.98458E+00  0.70191E-02  0.12123E-04
 0.98732E+00  0.70191E-02  0.96116E-05
 0.98958E+00  0.70191E-02  0.74622E-05
 0.99145E+00  0.70191E-02  0.56708E-05
 0.99298E+00  0.70191E-02  0.42223E-05
 0.99424E+00  0.70191E-02  0.30863E-05
 0.99528E+00  0.70191E-02  0.22197E-05
 0.99613E+00  0.70191E-02  0.15745E-05
 0.99683E+00  0.70191E-02  0.11038E-05
 0.99741E+00  0.70191E-02  0.76600E-06
 0.99788E+00  0.70191E-02  0.52697E-06
 0.99827E+00  0.70191E-02  0.35970E-06
 0.99859E+00  0.70191E-02  0.24372E-06
 0.99885E+00  0.70191E-02  0.16394E-06
 0.99906E+00  0.70191E-02  0.10944E-06
 0.99924E+00  0.70191E-02  0.72424E-07
 0.99938E+00  0.70191E-02  0.47431E-07
 0.99950E+00  0.70191E-02  0.30650E-07
 0.99960E+00  0.70191E-02  0.19446E-07
 0.99968E+00  0.70191E-02  0.12013E-07
 0.99975E+00  0.70191E-02  0.71165E-08
 0.99980E+00  0.70191E-02  0.39180E-08
 0.99984E+00  0.70191E-02  0.18505E-08
 0.99988E+00  0.70191E-02  0.53198E-09
 0.99991E+00  0.70191E-02 -0.29389E-09
 0.99993E+00  0.70191E-02 -0.79830E-09
 0.99995E+00  0.70191E-02 -0.10951E-08
 0.99997E+00  0.70191E-02 -0.12595E-08
 0.99998E+00  0.70191E-02 -0.13410E-08
 0.10000E+01  0.70191E-02 -0.13719E-08
 0.10000E+01  0.70191E-02  0.00000E+00
 0.00000E+00  0.85527E-02  0.00000E+00
 0.49709E-05  0.85527E-02  0.45773E-11
 0.16001E-04  0.85527E-02  0.47390E-10
 0.29447E-04  0.85527E-02  0.16035E-09
 0.45836E-04  0.85527E-02  0.38812E-09
 0.65814E-04  0.85527E-02  0.79913E-09
 0.90165E-04  0.85527E-02  0.14975E-08
 0.11985E-03  0.85527E-02  0.26407E-08
 0.15603E-03  0.85527E-02  0.44651E-08
 0.20013E-03  0.85527E-02  0.73247E-08
 0.25388E-03  0.85527E-02  0.11746E-07
 0.31939E-03  0.85527E-02  0.18512E-07
 0.39924E-03  0.85527E-02  0.28774E-07
 0.49656E-03  0.85527E-02  0.44228E-07
 0.61516E-03  0.85527E-02  0.67351E-07
 0.75970E-03  0.85527E-02  0.10175E-06
 0.93583E-03  0.85527E-02  0.15261E-06
 0.11504E-02  0.85527E-02  0.22738E-06
 0.14119E-02  0.85527E-02  0.33661E-06
 0.17305E-02  0.85527E-02  0.49502E-06
 0.21186E-02  0.85527E-02  0.72292E-06
 0.25912E-02  0.85527E-02  0.10477E-05
 0.31667E-02  0.85527E-02  0.15052E-05
 0.38673E-02  0.85527E-02  0.21409E-05
 0.47200E-02  0.85527E-02  0.30097E-05
 0.57574E-02  0.85527E-02  0.41737E-05
 0.70191E-02  0.85527E-02  0.56967E-05
 0.85527E-02  0.85527E-02  0.76366E-05
 0.10416E-01  0.85527E-02  0.10036E-04
 0.12677E-01  0.85527E-02  0.12917E-04
 0.15420E-01  0.85527E-02  0.16290E-04
 0.18742E-01  0.85527E-02  0.20162E-04
 0.22762E-01  0.85527E-02  0.24558E-04
 0.27617E-01  0.85527E-02  0.29514E-04
 0.33469E-01  0.85527E-02  0.35076E-04
 0.40509E-01  0.85527E-02  0.41285E-04
 0.48950E-01  0.85527E-02  0.48170E-04
 0.59040E-01  0.85527E-02  0.55748E-04
 0.71052E-01  0.85527E-02  0.64012E-04
 0.85282E-01  0.85527E-02  0.72928E-04
 0.10204E+00  0.85527E-02  0.82425E-04
 0.12166E+00  0.85527E-02  0.92390E-04
 0.14443E+00  0.85527E-02  0.10267E-03
 0.17063E+00  0.85527E-02  0.11304E-03
 0.20047E+00  0.85527E-02  0.12327E-03
 0.23404E+00  0.85527E-02  0.13305E-03
 0.27131E+00  0.85527E-02  0.14206E-03
 0.31210E+00  0.85527E-02  0.15000E-03
 0.35601E+00  0.85527E-02  0.15654E-03
 0.40249E+00  0.85527E-02  0.16142E-03
 0.45077E+00  0.85527E-02  0.16444E-03
 0.50000E+00  0.85527E-02  0.16547E-03
 0.54923E+00  0.85527E-02  0.16447E-03
 0.59751E+00  0.85527E-02  0.16147E-03
 0.64399E+00  0.85527E-02  0.15660E-03
 0.68790E+00  0.85527E-02  0.15008E-03
 0.72869E+00  0.85527E-02  0.14217E-03
 0.76596E+00  0.85527E-02  0.13316E-03
 0.79953E+00  0.85527E-02  0.12339E-03
 0.82937E+00  0.85527E-02  0.11318E-03
 0.85557E+00  0.85527E-02  0.10280E-03
 0.87834E+00  0.85527E-02  0.92526E-04
 0.89796E+00  0.85527E-02  0.82556E-04
 0.91472E+00  0.85527E-02  0.73052E-04
 0.92895E+00  0.85527E-02  0.64126E-04
 0.94096E+00  0.85527E-02  0.55850E-04
 0.95105E+00  0.85527E-02  0.48258E-04
 0.95949E+00  0.85527E-02  0.41357E-04
 0.96653E+00  0.85527E-02  0.35132E-04
 0.97238E+00  0.85527E-02  0.29552E-04
 0.97724E+00  0.85527E-02  0.24577E-04
 0.98126E+00  0.85527E-02  0.20163E-04
 0.98458E+00  0.85527E-02  0.16274E-04
 0.98732E+00  0.85527E-02  0.12889E-04
 0.98958E+00  0.85527E-02  0.99992E-05
 0.99145E+00  0.85527E-02  0.75973E-05
 0.99298E+00  0.85527E-02  0.56590E-05
 0.99424E+00  0.85527E-02  0.41403E-05
 0.99528E+00  0.85527E-02  0.29818E-05
 0.99613E+00  0.85527E-02  0.21185E-05
 0.99683E+00  0.85527E-02  0.14877E-05
 0.99741E+00  0.85527E-02  0.10344E-05
 0.99788E+00  0.85527E-02  0.71289E-06
 0.99827E+00  0.85527E-02  0.48747E-06
 0.99859E+00  0.85527E-02  0.33090E-06
 0.99885E+00  0.85527E-02  0.22300E-06
 0.99906E+00  0.85527E-02  0.14917E-06
 0.99924E+00  0.85527E-02  0.98970E-07
 0.99938E+00  0.85527E-02  0.65033E-07
 0.99950E+00  0.85527E-02  0.42223E-07
 0.99960E+00  0.85527E-02  0.26982E-07
 0.99968E+00  0.85527E-02  0.16863E-07
 0.99975E+00  0.85527E-02  0.10193E-07
 0.99980E+00  0.85527E-02  0.58341E-08
 0.99984E+00  0.85527E-02  0.30153E-08
 0.99988E+00  0.85527E-02  0.12170E-08
 0.99991E+00  0.85527E-02  0.90370E-10
 0.99993E+00  0.85527E-02 -0.59792E-09
 0.99995E+00  0.85527E-02 -0.10030E-08
 0.99997E+00  0.85527E-02 -0.12274E-08
 0.99998E+00  0.85527E-02 -0.13387E-08
 0.10000E+01  0.85527E-02 -0.13809E-08
 0.10000E+01  0.85527E-02  0.00000E+00
 0.00000E+00  0.10416E-01  0.00000E+00
 0.49709E-05  0.10416E-01  0.60602E-11
 0.16001E-04  0.10416E-01  0.62739E-10
 0.29447E-04  0.10416E-01  0.21228E-09
 0.45836E-04  0.10416E-01  0.51376E-09
 0.65814E-04  0.10416E-01  0.10578E-08
 0.90165E-04  0.10416E-01  0.19821E-08
 0.11985E-03  0.10416E-01  0.34949E-08
 0.15603E-03  0.10416E-01  0.59091E-08
 0.20013E-03  0.10416E-01  0.96924E-08
 0.25388E-03  0.10416E-01  0.15541E-07
 0.31939E-03  0.10416E-01  0.24489E-07
 0.39924E-03  0.10416E-01  0.38057E-07
 0.49656E-03  0.10416E-01  0.58485E-07
 0.61516E-03  0.10416E-01  0.89040E-07
 0.75970E-03  0.10416E-01  0.13447E-06
 0.93583E-03  0.10416E-01  0.20162E-06
 0.11504E-02  0.10416E-01  0.30028E-06
 0.14119E-02  0.10416E-01  0.44430E-06
 0.17305E-02  0.10416E-01  0.65303E-06
 0.21186E-02  0.10416E-01  0.95308E-06
 0.25912E-02  0.10416E-01  0.13803E-05
 0.31667E-02  0.10416E-01  0.19816E-05
 0.38673E-02  0.10416E-01  0.28167E-05
 0.47200E-02  0.10416E-01  0.39574E-05
 0.57574E-02  0.10416E-01  0.54855E-05
 0.70191E-02  0.10416E-01  0.74862E-05
 0.85527E-02  0.10416E-01  0.10038E-04
 0.10416E-01  0.10416E-01  0.13200E-04
 0.12677E-01  0.10416E-01  0.17009E-04
 0.15420E-01  0.10416E-01  0.21481E-04
 0.18742E-01  0.10416E-01  0.26630E-04
 0.22762E-01  0.10416E-01  0.32488E-04
 0.27617E-01  0.10416E-01  0.39104E-04
 0.33469E-01  0.10416E-01  0.46534E-04
 0.40509E-01  0.10416E-01  0.54833E-04
 0.48950E-01  0.10416E-01  0.64040E-04
 0.59040E-01  0.10416E-01  0.74176E-04
 0.71052E-01  0.10416E-01  0.85232E-04
 0.85282E-01  0.10416E-01  0.97160E-04
 0.10204E+00  0.10416E-01  0.10987E-03
 0.12166E+00  0.10416E-01  0.12320E-03
 0.14443E+00  0.10416E-01  0.13695E-03
 0.17063E+00  0.10416E-01  0.15084E-03
 0.20047E+00  0.10416E-01  0.16452E-03
 0.23404E+00  0.10416E-01  0.17760E-03
 0.27131E+00  0.10416E-01  0.18967E-03
 0.31210E+00  0.10416E-01  0.20028E-03
 0.35601E+00  0.10416E-01  0.20903E-03
 0.40249E+00  0.10416E-01  0.21556E-03
 0.45077E+00  0.10416E-01  0.21960E-03
 0.50000E+00  0.10416E-01  0.22097E-03
 0.54923E+00  0.10416E-01  0.21962E-03
 0.59751E+00  0.10416E-01  0.21560E-03
 0.64399E+00  0.10416E-01  0.20909E-03
 0.68790E+00  0.10416E-01  0.20036E-03
 0.72869E+00  0.10416E-01  0.18976E-03
 0.76596E+00  0.10416E-01  0.17771E-03
 0.79953E+00  0.10416E-01  0.16463E-03
 0.82937E+00  0.10416E-01  0.15096E-03
 0.85557E+00  0.10416E-01  0.13707E-03
 0.87834E+00  0.10416E-01  0.12332E-03
 0.89796E+00  0.10416E-01  0.10998E-03
 0.91472E+00  0.10416E-01  0.97267E-04
 0.92895E+00  0.10416E-01  0.85328E-04
 0.94096E+00  0.10416E-01  0.74259E-04
 0.95105E+00  0.10416E-01  0.64108E-04
 0.95949E+00  0.10416E-01  0.54884E-04
 0.96653E+00  0.10416E-01  0.46567E-04
 0.97238E+00  0.10416E-01  0.39118E-04
 0.97724E+00  0.10416E-01  0.32483E-04
 0.98126E+00  0.10416E-01  0.26606E-04
 0.98458E+00  0.10416E-01  0.21439E-04
 0.98732E+00  0.10416E-01  0.16955E-04
 0.98958E+00  0.10416E-01  0.13140E-04
 0.99145E+00  0.10416E-01  0.99773E-05
 0.99298E+00  0.10416E-01  0.74304E-05
 0.99424E+00  0.10416E-01  0.54373E-05
 0.99528E+00  0.10416E-01  0.39177E-05
 0.99613E+00  0.10416E-01  0.27853E-05
 0.99683E+00  0.10416E-01  0.19576E-05
 0.99741E+00  0.10416E-01  0.13622E-05
 0.99788E+00  0.10416E-01  0.93965E-06
 0.99827E+00  0.10416E-01  0.64313E-06
 0.99859E+00  0.10416E-01  0.43700E-06
 0.99885E+00  0.10416E-01  0.29486E-06
 0.99906E+00  0.10416E-01  0.19754E-06
 0.99924E+00  0.10416E-01  0.13132E-06
 0.99938E+00  0.10416E-01  0.86535E-07
 0.99950E+00  0.10416E-01  0.56422E-07
 0.99960E+00  0.10416E-01  0.36295E-07
 0.99968E+00  0.10416E-01  0.22928E-07
 0.99975E+00  0.10416E-01  0.14115E-07
 0.99980E+00  0.10416E-01  0.83543E-08
 0.99984E+00  0.10416E-01  0.46285E-08
 0.99988E+00  0.10416E-01  0.22513E-08
 0.99991E+00  0.10416E-01  0.76172E-09
 0.99993E+00  0.10416E-01 -0.14835E-09
 0.99995E+00  0.10416E-01 -0.68396E-09
 0.99997E+00  0.10416E-01 -0.98078E-09
 0.99998E+00  0.10416E-01 -0.11280E-08
 0.10000E+01  0.10416E-01 -0.11838E-08
 0.10000E+01  0.10416E-01  0.00000E+00
 0.00000E+00  0.12677E-01  0.00000E+00
 0.49709E-05  0.12677E-01  0.77964E-11
 0.16001E-04  0.12677E-01  0.80710E-10
 0.29447E-04  0.12677E-01  0.27308E-09
 0.45836E-04  0.12677E-01  0.66091E-09
 0.65814E-04  0.12677E-01  0.13607E-08
 0.90165E-04  0.12677E-01  0.25497E-08
 0.11985E-03  0.12677E-01  0.44957E-08
 0.15603E-03  0.12677E-01  0.76009E-08
 0.20013E-03  0.12677E-01  0.12467E-07
 0.25388E-03  0.12677E-01  0.19990E-07
 0.31939E-03  0.12677E-01  0.31498E-07
 0.39924E-03  0.12677E-01  0.48948E-07
 0.49656E-03  0.12677E-01  0.75218E-07
 0.61516E-03  0.12677E-01  0.11451E-06
 0.75970E-03  0.12677E-01  0.17292E-06
 0.93583E-03  0.12677E-01  0.25926E-06
 0.11504E-02  0.12677E-01  0.38609E-06
 0.14119E-02  0.12677E-01  0.57122E-06
 0.17305E-02  0.12677E-01  0.83951E-06
 0.21186E-02  0.12677E-01  0.12251E-05
 0.25912E-02  0.12677E-01  0.17741E-05
 0.31667E-02  0.12677E-01  0.25469E-05
 0.38673E-02  0.12677E-01  0.36201E-05
 0.47200E-02  0.12677E-01  0.50866E-05
 0.57574E-02  0.12677E-01  0.70526E-05
 0.70191E-02  0.12677E-01  0.96293E-05
 0.85527E-02  0.12677E-01  0.12921E-04
 0.10416E-01  0.12677E-01  0.17011E-04
 0.12677E-01  0.12677E-01  0.21952E-04
 0.15420E-01  0.12677E-01  0.27771E-04
 0.18742E-01  0.12677E-01  0.34495E-04
 0.22762E-01  0.12677E-01  0.42165E-04
 0.27617E-01  0.12677E-01  0.50843E-04
 0.33469E-01  0.12677E-01  0.60603E-04
 0.40509E-01  0.12677E-01  0.71513E-04
 0.48950E-01  0.12677E-01  0.83625E-04
 0.59040E-01  0.12677E-01  0.96963E-04
 0.71052E-01  0.12677E-01  0.11151E-03
 0.85282E-01  0.12677E-01  0.12722E-03
 0.10204E+00  0.12677E-01  0.14395E-03
 0.12166E+00  0.12677E-01  0.16151E-03
 0.14443E+00  0.12677E-01  0.17961E-03
 0.17063E+00  0.12677E-01  0.19790E-03
 0.20047E+00  0.12677E-01  0.21591E-03
 0.23404E+00  0.12677E-01  0.23314E-03
 0.27131E+00  0.12677E-01  0.24903E-03
 0.31210E+00  0.12677E-01  0.26300E-03
 0.35601E+00  0.12677E-01  0.27452E-03
 0.40249E+00  0.12677E-01  0.28312E-03
 0.45077E+00  0.12677E-01  0.28843E-03
 0.50000E+00  0.12677E-01  0.29024E-03
 0.54923E+00  0.12677E-01  0.28845E-03
 0.59751E+00  0.12677E-01  0.28315E-03
 0.64399E+00  0.12677E-01  0.27457E-03
 0.68790E+00  0.12677E-01  0.26306E-03
 0.72869E+00  0.12677E-01  0.24910E-03
 0.76596E+00  0.12677E-01  0.23322E-03
 0.79953E+00  0.12677E-01  0.21600E-03
 0.82937E+00  0.12677E-01  0.19798E-03
 0.85557E+00  0.12677E-01  0.17970E-03
 0.87834E+00  0.12677E-01  0.16159E-03
 0.89796E+00  0.12677E-01  0.14402E-03
 0.91472E+00  0.12677E-01  0.12728E-03
 0.92895E+00  0.12677E-01  0.11157E-03
 0.94096E+00  0.12677E-01  0.97004E-04
 0.95105E+00  0.12677E-01  0.83651E-04
 0.95949E+00  0.12677E-01  0.71522E-04
 0.96653E+00  0.12677E-01  0.60595E-04
 0.97238E+00  0.12677E-01  0.50816E-04
 0.97724E+00  0.12677E-01  0.42119E-04
 0.98126E+00  0.12677E-01  0.34432E-04
 0.98458E+00  0.12677E-01  0.27692E-04
 0.98732E+00  0.12677E-01  0.21862E-04
 0.98958E+00  0.12677E-01  0.16918E-04
 0.99145E+00  0.12677E-01  0.12832E-04
 0.99298E+00  0.12677E-01  0.95499E-05
 0.99424E+00  0.12677E-01  0.69853E-05
 0.99528E+00  0.12677E-01  0.50322E-05
 0.99613E+00  0.12677E-01  0.35776E-05
 0.99683E+00  0.12677E-01  0.25146E-05
 0.99741E+00  0.12677E-01  0.17501E-05
 0.99788E+00  0.12677E-01  0.12076E-05
 0.99827E+00  0.12677E-01  0.82686E-06
 0.99859E+00  0.12677E-01  0.56215E-06
 0.99885E+00  0.12677E-01  0.37960E-06
 0.99906E+00  0.12677E-01  0.25459E-06
 0.99924E+00  0.12677E-01  0.16952E-06
 0.99938E+00  0.12677E-01  0.11199E-06
 0.99950E+00  0.12677E-01  0.73303E-07
 0.99960E+00  0.12677E-01  0.47443E-07
 0.99968E+00  0.12677E-01  0.30267E-07
 0.99975E+00  0.12677E-01  0.18943E-07
 0.99980E+00  0.12677E-01  0.11540E-07
 0.99984E+00  0.12677E-01  0.67523E-08
 0.99988E+00  0.12677E-01  0.36973E-08
 0.99991E+00  0.12677E-01  0.17830E-08
 0.99993E+00  0.12677E-01  0.61342E-09
 0.99995E+00  0.12677E-01 -0.74927E-10
 0.99997E+00  0.12677E-01 -0.45639E-09
 0.99998E+00  0.12677E-01 -0.64560E-09
 0.10000E+01  0.12677E-01 -0.71731E-09
 0.10000E+01  0.12677E-01  0.00000E+00
 0.00000E+00  0.15420E-01  0.00000E+00
 0.49709E-05  0.15420E-01  0.97830E-11
 0.16001E-04  0.15420E-01  0.10127E-09
 0.29447E-04  0.15420E-01  0.34265E-09
 0.45836E-04  0.15420E-01  0.82929E-09
 0.65814E-04  0.15420E-01  0.17074E-08
 0.90165E-04  0.15420E-01  0.31993E-08
 0.11985E-03  0.15420E-01  0.56412E-08
 0.15603E-03  0.15420E-01  0.95378E-08
 0.20013E-03  0.15420E-01  0.15644E-07
 0.25388E-03  0.15420E-01  0.25085E-07
 0.31939E-03  0.15420E-01  0.39527E-07
 0.39924E-03  0.15420E-01  0.61427E-07
 0.49656E-03  0.15420E-01  0.94398E-07
 0.61516E-03  0.15420E-01  0.14372E-06
 0.75970E-03  0.15420E-01  0.21704E-06
 0.93583E-03  0.15420E-01  0.32543E-06
 0.11504E-02  0.15420E-01  0.48468E-06
 0.14119E-02  0.15420E-01  0.71716E-06
 0.17305E-02  0.15420E-01  0.10541E-05
 0.21186E-02  0.15420E-01  0.15386E-05
 0.25912E-02  0.15420E-01  0.22286E-05
 0.31667E-02  0.15420E-01  0.32003E-05
 0.38673E-02  0.15420E-01  0.45506E-05
 0.47200E-02  0.15420E-01  0.63974E-05
 0.57574E-02  0.15420E-01  0.88759E-05
 0.70191E-02  0.15420E-01  0.12129E-04
 0.85527E-02  0.15420E-01  0.16295E-04
 0.10416E-01  0.15420E-01  0.21483E-04
 0.12677E-01  0.15420E-01  0.27772E-04
 0.15420E-01  0.15420E-01  0.35207E-04
 0.18742E-01  0.15420E-01  0.43827E-04
 0.22762E-01  0.15420E-01  0.53692E-04
 0.27617E-01  0.15420E-01  0.64881E-04
 0.33469E-01  0.15420E-01  0.77488E-04
 0.40509E-01  0.15420E-01  0.91598E-04
 0.48950E-01  0.15420E-01  0.10728E-03
 0.59040E-01  0.15420E-01  0.12455E-03
 0.71052E-01  0.15420E-01  0.14341E-03
 0.85282E-01  0.15420E-01  0.16376E-03
 0.10204E+00  0.15420E-01  0.18545E-03
 0.12166E+00  0.15420E-01  0.20821E-03
 0.14443E+00  0.15420E-01  0.23169E-03
 0.17063E+00  0.15420E-01  0.25540E-03
 0.20047E+00  0.15420E-01  0.27876E-03
 0.23404E+00  0.15420E-01  0.30111E-03
 0.27131E+00  0.15420E-01  0.32171E-03
 0.31210E+00  0.15420E-01  0.33982E-03
 0.35601E+00  0.15420E-01  0.35476E-03
 0.40249E+00  0.15420E-01  0.36590E-03
 0.45077E+00  0.15420E-01  0.37279E-03
 0.50000E+00  0.15420E-01  0.37512E-03
 0.54923E+00  0.15420E-01  0.37280E-03
 0.59751E+00  0.15420E-01  0.36592E-03
 0.64399E+00  0.15420E-01  0.35478E-03
 0.68790E+00  0.15420E-01  0.33985E-03
 0.72869E+00  0.15420E-01  0.32173E-03
 0.76596E+00  0.15420E-01  0.30114E-03
 0.79953E+00  0.15420E-01  0.27879E-03
 0.82937E+00  0.15420E-01  0.25543E-03
 0.85557E+00  0.15420E-01  0.23171E-03
 0.87834E+00  0.15420E-01  0.20823E-03
 0.89796E+00  0.15420E-01  0.18546E-03
 0.91472E+00  0.15420E-01  0.16376E-03
 0.92895E+00  0.15420E-01  0.14340E-03
 0.94096E+00  0.15420E-01  0.12453E-03
 0.95105E+00  0.15420E-01  0.10724E-03
 0.95949E+00  0.15420E-01  0.91545E-04
 0.96653E+00  0.15420E-01  0.77419E-04
 0.97238E+00  0.15420E-01  0.64796E-04
 0.97724E+00  0.15420E-01  0.53590E-04
 0.98126E+00  0.15420E-01  0.43710E-04
 0.98458E+00  0.15420E-01  0.35077E-04
 0.98732E+00  0.15420E-01  0.27636E-04
 0.98958E+00  0.15420E-01  0.21350E-04
 0.99145E+00  0.15420E-01  0.16171E-04
 0.99298E+00  0.15420E-01  0.12021E-04
 0.99424E+00  0.15420E-01  0.87858E-05
 0.99528E+00  0.15420E-01  0.63254E-05
 0.99613E+00  0.15420E-01  0.44950E-05
 0.99683E+00  0.15420E-01  0.31585E-05
 0.99741E+00  0.15420E-01  0.21979E-05
 0.99788E+00  0.15420E-01  0.15165E-05
 0.99827E+00  0.15420E-01  0.10385E-05
 0.99859E+00  0.15420E-01  0.70622E-06
 0.99885E+00  0.15420E-01  0.47713E-06
 0.99906E+00  0.15420E-01  0.32028E-06
 0.99924E+00  0.15420E-01  0.21357E-06
 0.99938E+00  0.15420E-01  0.14140E-06
 0.99950E+00  0.15420E-01  0.92872E-07
 0.99960E+00  0.15420E-01  0.60438E-07
 0.99968E+00  0.15420E-01  0.38897E-07
 0.99975E+00  0.15420E-01  0.24696E-07
 0.99980E+00  0.15420E-01  0.15413E-07
 0.99984E+00  0.15420E-01  0.94089E-08
 0.99988E+00  0.15420E-01  0.55782E-08
 0.99991E+00  0.15420E-01  0.31778E-08
 0.99993E+00  0.15420E-01  0.17113E-08
 0.99995E+00  0.15420E-01  0.84815E-09
 0.99997E+00  0.15420E-01  0.36984E-09
 0.99998E+00  0.15420E-01  0.13260E-09
 0.10000E+01  0.15420E-01  0.42684E-10
 0.10000E+01  0.15420E-01  0.00000E+00
 0.00000E+00  0.18742E-01  0.00000E+00
 0.49709E-05  0.18742E-01  0.12026E-10
 0.16001E-04  0.18742E-01  0.12449E-09
 0.29447E-04  0.18742E-01  0.42121E-09
 0.45836E-04  0.18742E-01  0.10194E-08
 0.65814E-04  0.18742E-01  0.20989E-08
 0.90165E-04  0.18742E-01  0.39330E-08
 0.11985E-03  0.18742E-01  0.69349E-08
 0.15603E-03  0.18742E-01  0.11726E-07
 0.20013E-03  0.18742E-01  0.19233E-07
 0.25388E-03  0.18742E-01  0.30841E-07
 0.31939E-03  0.18742E-01  0.48598E-07
 0.39924E-03  0.18742E-01  0.75529E-07
 0.49656E-03  0.18742E-01  0.11608E-06
 0.61516E-03  0.18742E-01  0.17673E-06
 0.75970E-03  0.18742E-01  0.26693E-06
 0.93583E-03  0.18742E-01  0.40029E-06
 0.11504E-02  0.18742E-01  0.59626E-06
 0.14119E-02  0.18742E-01  0.88242E-06
 0.17305E-02  0.18742E-01  0.12973E-05
 0.21186E-02  0.18742E-01  0.18942E-05
 0.25912E-02  0.18742E-01  0.27445E-05
 0.31667E-02  0.18742E-01  0.39429E-05
 0.38673E-02  0.18742E-01  0.56096E-05
 0.47200E-02  0.18742E-01  0.78916E-05
 0.57574E-02  0.18742E-01  0.10958E-04
 0.70191E-02  0.18742E-01  0.14991E-04
 0.85527E-02  0.18742E-01  0.20166E-04
 0.10416E-01  0.18742E-01  0.26631E-04
 0.12677E-01  0.18742E-01  0.34492E-04
 0.15420E-01  0.18742E-01  0.43823E-04
 0.18742E-01  0.18742E-01  0.54686E-04
 0.22762E-01  0.18742E-01  0.67161E-04
 0.27617E-01  0.18742E-01  0.81356E-04
 0.33469E-01  0.18742E-01  0.97386E-04
 0.40509E-01  0.18742E-01  0.11536E-03
 0.48950E-01  0.18742E-01  0.13535E-03
 0.59040E-01  0.18742E-01  0.15741E-03
 0.71052E-01  0.18742E-01  0.18149E-03
 0.85282E-01  0.18742E-01  0.20750E-03
 0.10204E+00  0.18742E-01  0.23522E-03
 0.12166E+00  0.18742E-01  0.26432E-03
 0.14443E+00  0.18742E-01  0.29434E-03
 0.17063E+00  0.18742E-01  0.32466E-03
 0.20047E+00  0.18742E-01  0.35454E-03
 0.23404E+00  0.18742E-01  0.38312E-03
 0.27131E+00  0.18742E-01  0.40947E-03
 0.31210E+00  0.18742E-01  0.43264E-03
 0.35601E+00  0.18742E-01  0.45174E-03
 0.40249E+00  0.18742E-01  0.46599E-03
 0.45077E+00  0.18742E-01  0.47479E-03
 0.50000E+00  0.18742E-01  0.47777E-03
 0.54923E+00  0.18742E-01  0.47479E-03
 0.59751E+00  0.18742E-01  0.46598E-03
 0.64399E+00  0.18742E-01  0.45172E-03
 0.68790E+00  0.18742E-01  0.43261E-03
 0.72869E+00  0.18742E-01  0.40943E-03
 0.76596E+00  0.18742E-01  0.38308E-03
 0.79953E+00  0.18742E-01  0.35450E-03
 0.82937E+00  0.18742E-01  0.32461E-03
 0.85557E+00  0.18742E-01  0.29428E-03
 0.87834E+00  0.18742E-01  0.26425E-03
 0.89796E+00  0.18742E-01  0.23514E-03
 0.91472E+00  0.18742E-01  0.20741E-03
 0.92895E+00  0.18742E-01  0.18139E-03
 0.94096E+00  0.18742E-01  0.15729E-03
 0.95105E+00  0.18742E-01  0.13523E-03
 0.95949E+00  0.18742E-01  0.11522E-03
 0.96653E+00  0.18742E-01  0.97239E-04
 0.97238E+00  0.18742E-01  0.81196E-04
 0.97724E+00  0.18742E-01  0.66989E-04
 0.98126E+00  0.18742E-01  0.54504E-04
 0.98458E+00  0.18742E-01  0.43634E-04
 0.98732E+00  0.18742E-01  0.34304E-04
 0.98958E+00  0.18742E-01  0.26451E-04
 0.99145E+00  0.18742E-01  0.20003E-04
 0.99298E+00  0.18742E-01  0.14851E-04
 0.99424E+00  0.18742E-01  0.10843E-04
 0.99528E+00  0.18742E-01  0.78003E-05
 0.99613E+00  0.18742E-01  0.55397E-05
 0.99683E+00  0.18742E-01  0.38909E-05
 0.99741E+00  0.18742E-01  0.27067E-05
 0.99788E+00  0.18742E-01  0.18673E-05
 0.99827E+00  0.18742E-01  0.12786E-05
 0.99859E+00  0.18742E-01  0.86966E-06
 0.99885E+00  0.18742E-01  0.58777E-06
 0.99906E+00  0.18742E-01  0.39483E-06
 0.99924E+00  0.18742E-01  0.26359E-06
 0.99938E+00  0.18742E-01  0.17484E-06
 0.99950E+00  0.18742E-01  0.11518E-06
 0.99960E+00  0.18742E-01  0.75308E-07
 0.99968E+00  0.18742E-01  0.48830E-07
 0.99975E+00  0.18742E-01  0.31375E-07
 0.99980E+00  0.18742E-01  0.19965E-07
 0.99984E+00  0.18742E-01  0.12587E-07
 0.99988E+00  0.18742E-01  0.78789E-08
 0.99991E+00  0.18742E-01  0.49290E-08
 0.99993E+00  0.18742E-01  0.31269E-08
 0.99995E+00  0.18742E-01  0.20662E-08
 0.99997E+00  0.18742E-01  0.14785E-08
 0.99998E+00  0.18742E-01  0.11870E-08
 0.10000E+01  0.18742E-01  0.10765E-08
 0.10000E+01  0.18742E-01  0.00000E+00
 0.00000E+00  0.22762E-01  0.00000E+00
 0.49709E-05  0.22762E-01  0.14545E-10
 0.16001E-04  0.22762E-01  0.15057E-09
 0.29447E-04  0.22762E-01  0.50945E-09
 0.45836E-04  0.22762E-01  0.12330E-08
 0.65814E-04  0.22762E-01  0.25386E-08
 0.90165E-04  0.22762E-01  0.47571E-08
 0.11985E-03  0.22762E-01  0.83881E-08
 0.15603E-03  0.22762E-01  0.14183E-07
 0.20013E-03  0.22762E-01  0.23265E-07
 0.25388E-03  0.22762E-01  0.37307E-07
 0.31939E-03  0.22762E-01  0.58789E-07
 0.39924E-03  0.22762E-01  0.91373E-07
 0.49656E-03  0.22762E-01  0.14044E-06
 0.61516E-03  0.22762E-01  0.21384E-06
 0.75970E-03  0.22762E-01  0.32301E-06
 0.93583E-03  0.22762E-01  0.48443E-06
 0.11504E-02  0.22762E-01  0.72171E-06
 0.14119E-02  0.22762E-01  0.10683E-05
 0.17305E-02  0.22762E-01  0.15710E-05
 0.21186E-02  0.22762E-01  0.22943E-05
 0.25912E-02  0.22762E-01  0.33255E-05
 0.31667E-02  0.22762E-01  0.47797E-05
 0.38673E-02  0.22762E-01  0.68039E-05
 0.47200E-02  0.22762E-01  0.95783E-05
 0.57574E-02  0.22762E-01  0.13312E-04
 0.70191E-02  0.22762E-01  0.18231E-04
 0.85527E-02  0.22762E-01  0.24556E-04
 0.10416E-01  0.22762E-01  0.32482E-04
 0.12677E-01  0.22762E-01  0.42153E-04
 0.15420E-01  0.22762E-01  0.53677E-04
 0.18742E-01  0.22762E-01  0.67149E-04
 0.22762E-01  0.22762E-01  0.82685E-04
 0.27617E-01  0.22762E-01  0.10043E-03
 0.33469E-01  0.22762E-01  0.12052E-03
 0.40509E-01  0.22762E-01  0.14310E-03
 0.48950E-01  0.22762E-01  0.16827E-03
 0.59040E-01  0.22762E-01  0.19606E-03
 0.71052E-01  0.22762E-01  0.22644E-03
 0.85282E-01  0.22762E-01  0.25926E-03
 0.10204E+00  0.22762E-01  0.29427E-03
 0.12166E+00  0.22762E-01  0.33104E-03
 0.14443E+00  0.22762E-01  0.36897E-03
 0.17063E+00  0.22762E-01  0.40729E-03
 0.20047E+00  0.22762E-01  0.44506E-03
 0.23404E+00  0.22762E-01  0.48118E-03
 0.27131E+00  0.22762E-01  0.51448E-03
 0.31210E+00  0.22762E-01  0.54377E-03
 0.35601E+00  0.22762E-01  0.56792E-03
 0.40249E+00  0.22762E-01  0.58593E-03
 0.45077E+00  0.22762E-01  0.59705E-03
 0.50000E+00  0.22762E-01  0.60081E-03
 0.54923E+00  0.22762E-01  0.59703E-03
 0.59751E+00  0.22762E-01  0.58589E-03
 0.64399E+00  0.22762E-01  0.56785E-03
 0.68790E+00  0.22762E-01  0.54369E-03
 0.72869E+00  0.22762E-01  0.51438E-03
 0.76596E+00  0.22762E-01  0.48105E-03
 0.79953E+00  0.22762E-01  0.44491E-03
 0.82937E+00  0.22762E-01  0.40713E-03
 0.85557E+00  0.22762E-01  0.36880E-03
 0.87834E+00  0.22762E-01  0.33086E-03
 0.89796E+00  0.22762E-01  0.29408E-03
 0.91472E+00  0.22762E-01  0.25906E-03
 0.92895E+00  0.22762E-01  0.22622E-03
 0.94096E+00  0.22762E-01  0.19584E-03
 0.95105E+00  0.22762E-01  0.16804E-03
 0.95949E+00  0.22762E-01  0.14287E-03
 0.96653E+00  0.22762E-01  0.12028E-03
 0.97238E+00  0.22762E-01  0.10018E-03
 0.97724E+00  0.22762E-01  0.82434E-04
 0.98126E+00  0.22762E-01  0.66895E-04
 0.98458E+00  0.22762E-01  0.53423E-04
 0.98732E+00  0.22762E-01  0.41906E-04
 0.98958E+00  0.22762E-01  0.32252E-04
 0.99145E+00  0.22762E-01  0.24352E-04
 0.99298E+00  0.22762E-01  0.18057E-04
 0.99424E+00  0.22762E-01  0.13170E-04
 0.99528E+00  0.22762E-01  0.94671E-05
 0.99613E+00  0.22762E-01  0.67193E-05
 0.99683E+00  0.22762E-01  0.47172E-05
 0.99741E+00  0.22762E-01  0.32805E-05
 0.99788E+00  0.22762E-01  0.22626E-05
 0.99827E+00  0.22762E-01  0.15493E-05
 0.99859E+00  0.22762E-01  0.10538E-05
 0.99885E+00  0.22762E-01  0.71246E-06
 0.99906E+00  0.22762E-01  0.47886E-06
 0.99924E+00  0.22762E-01  0.31999E-06
 0.99938E+00  0.22762E-01  0.21259E-06
 0.99950E+00  0.22762E-01  0.14039E-06
 0.99960E+00  0.22762E-01  0.92147E-07
 0.99968E+00  0.22762E-01  0.60112E-07
 0.99975E+00  0.22762E-01  0.38994E-07
 0.99980E+00  0.22762E-01  0.25192E-07
 0.99984E+00  0.22762E-01  0.16267E-07
 0.99988E+00  0.22762E-01  0.10572E-07
 0.99991E+00  0.22762E-01  0.70041E-08
 0.99993E+00  0.22762E-01  0.48243E-08
 0.99995E+00  0.22762E-01  0.35414E-08
 0.99997E+00  0.22762E-01  0.28305E-08
 0.99998E+00  0.22762E-01  0.24779E-08
 0.10000E+01  0.22762E-01  0.23443E-08
 0.10000E+01  0.22762E-01  0.00000E+00
 0.00000E+00  0.27617E-01  0.00000E+00
 0.49709E-05  0.27617E-01  0.17368E-10
 0.16001E-04  0.27617E-01  0.17980E-09
 0.29447E-04  0.27617E-01  0.60834E-09
 0.45836E-04  0.27617E-01  0.14723E-08
 0.65814E-04  0.27617E-01  0.30315E-08
 0.90165E-04  0.27617E-01  0.56807E-08
 0.11985E-03  0.27617E-01  0.10017E-07
 0.15603E-03  0.27617E-01  0.16937E-07
 0.20013E-03  0.27617E-01  0.27784E-07
 0.25388E-03  0.27617E-01  0.44554E-07
 0.31939E-03  0.27617E-01  0.70213E-07
 0.39924E-03  0.27617E-01  0.10913E-06
 0.49656E-03  0.27617E-01  0.16774E-06
 0.61516E-03  0.27617E-01  0.25544E-06
 0.75970E-03  0.27617E-01  0.38587E-06
 0.93583E-03  0.27617E-01  0.57878E-06
 0.11504E-02  0.27617E-01  0.86237E-06
 0.14119E-02  0.27617E-01  0.12767E-05
 0.17305E-02  0.27617E-01  0.18778E-05
 0.21186E-02  0.27617E-01  0.27432E-05
 0.25912E-02  0.27617E-01  0.39774E-05
 0.31667E-02  0.27617E-01  0.57189E-05
 0.38673E-02  0.27617E-01  0.81448E-05
 0.47200E-02  0.27617E-01  0.11473E-04
 0.57574E-02  0.27617E-01  0.15958E-04
 0.70191E-02  0.27617E-01  0.21876E-04
 0.85527E-02  0.27617E-01  0.29503E-04
 0.10416E-01  0.27617E-01  0.39084E-04
 0.12677E-01  0.27617E-01  0.50815E-04
 0.15420E-01  0.27617E-01  0.64847E-04
 0.18742E-01  0.27617E-01  0.81321E-04
 0.22762E-01  0.27617E-01  0.10040E-03
 0.27617E-01  0.27617E-01  0.12228E-03
 0.33469E-01  0.27617E-01  0.14714E-03
 0.40509E-01  0.27617E-01  0.17517E-03
 0.48950E-01  0.27617E-01  0.20647E-03
 0.59040E-01  0.27617E-01  0.24111E-03
 0.71052E-01  0.27617E-01  0.27901E-03
 0.85282E-01  0.27617E-01  0.32002E-03
 0.10204E+00  0.27617E-01  0.36378E-03
 0.12166E+00  0.27617E-01  0.40976E-03
 0.14443E+00  0.27617E-01  0.45722E-03
 0.17063E+00  0.27617E-01  0.50517E-03
 0.20047E+00  0.27617E-01  0.55244E-03
 0.23404E+00  0.27617E-01  0.59766E-03
 0.27131E+00  0.27617E-01  0.63935E-03
 0.31210E+00  0.27617E-01  0.67603E-03
 0.35601E+00  0.27617E-01  0.70625E-03
 0.40249E+00  0.27617E-01  0.72880E-03
 0.45077E+00  0.27617E-01  0.74273E-03
 0.50000E+00  0.27617E-01  0.74742E-03
 0.54923E+00  0.27617E-01  0.74269E-03
 0.59751E+00  0.27617E-01  0.72872E-03
 0.64399E+00  0.27617E-01  0.70613E-03
 0.68790E+00  0.27617E-01  0.67586E-03
 0.72869E+00  0.27617E-01  0.63916E-03
 0.76596E+00  0.27617E-01  0.59743E-03
 0.79953E+00  0.27617E-01  0.55218E-03
 0.82937E+00  0.27617E-01  0.50489E-03
 0.85557E+00  0.27617E-01  0.45692E-03
 0.87834E+00  0.27617E-01  0.40945E-03
 0.89796E+00  0.27617E-01  0.36345E-03
 0.91472E+00  0.27617E-01  0.31969E-03
 0.92895E+00  0.27617E-01  0.27868E-03
 0.94096E+00  0.27617E-01  0.24077E-03
 0.95105E+00  0.27617E-01  0.20613E-03
 0.95949E+00  0.27617E-01  0.17483E-03
 0.96653E+00  0.27617E-01  0.14680E-03
 0.97238E+00  0.27617E-01  0.12194E-03
 0.97724E+00  0.27617E-01  0.10007E-03
 0.98126E+00  0.27617E-01  0.80991E-04
 0.98458E+00  0.27617E-01  0.64525E-04
 0.98732E+00  0.27617E-01  0.50509E-04
 0.98958E+00  0.27617E-01  0.38804E-04
 0.99145E+00  0.27617E-01  0.29257E-04
 0.99298E+00  0.27617E-01  0.21669E-04
 0.99424E+00  0.27617E-01  0.15790E-04
 0.99528E+00  0.27617E-01  0.11342E-04
 0.99613E+00  0.27617E-01  0.80458E-05
 0.99683E+00  0.27617E-01  0.56461E-05
 0.99741E+00  0.27617E-01  0.39254E-05
 0.99788E+00  0.27617E-01  0.27069E-05
 0.99827E+00  0.27617E-01  0.18534E-05
 0.99859E+00  0.27617E-01  0.12608E-05
 0.99885E+00  0.27617E-01  0.85257E-06
 0.99906E+00  0.27617E-01  0.57329E-06
 0.99924E+00  0.27617E-01  0.38340E-06
 0.99938E+00  0.27617E-01  0.25503E-06
 0.99950E+00  0.27617E-01  0.16875E-06
 0.99960E+00  0.27617E-01  0.11111E-06
 0.99968E+00  0.27617E-01  0.72829E-07
 0.99975E+00  0.27617E-01  0.47599E-07
 0.99980E+00  0.27617E-01  0.31110E-07
 0.99984E+00  0.27617E-01  0.20446E-07
 0.99988E+00  0.27617E-01  0.13644E-07
 0.99991E+00  0.27617E-01  0.93813E-08
 0.99993E+00  0.27617E-01  0.67774E-08
 0.99995E+00  0.27617E-01  0.52450E-08
 0.99997E+00  0.27617E-01  0.43958E-08
 0.99998E+00  0.27617E-01  0.39747E-08
 0.10000E+01  0.27617E-01  0.38150E-08
 0.10000E+01  0.27617E-01  0.00000E+00
 0.00000E+00  0.33469E-01  0.00000E+00
 0.49709E-05  0.33469E-01  0.20524E-10
 0.16001E-04  0.33469E-01  0.21247E-09
 0.29447E-04  0.33469E-01  0.71889E-09
 0.45836E-04  0.33469E-01  0.17399E-08
 0.65814E-04  0.33469E-01  0.35824E-08
 0.90165E-04  0.33469E-01  0.67132E-08
 0.11985E-03  0.33469E-01  0.11838E-07
 0.15603E-03  0.33469E-01  0.20016E-07
 0.20013E-03  0.33469E-01  0.32835E-07
 0.25388E-03  0.33469E-01  0.52657E-07
 0.31939E-03  0.33469E-01  0.82984E-07
 0.39924E-03  0.33469E-01  0.12899E-06
 0.49656E-03  0.33469E-01  0.19827E-06
 0.61516E-03  0.33469E-01  0.30194E-06
 0.75970E-03  0.33469E-01  0.45616E-06
 0.93583E-03  0.33469E-01  0.68426E-06
 0.11504E-02  0.33469E-01  0.10197E-05
 0.14119E-02  0.33469E-01  0.15098E-05
 0.17305E-02  0.33469E-01  0.22210E-05
 0.21186E-02  0.33469E-01  0.32451E-05
 0.25912E-02  0.33469E-01  0.47065E-05
 0.31667E-02  0.33469E-01  0.67695E-05
 0.38673E-02  0.33469E-01  0.96452E-05
 0.47200E-02  0.33469E-01  0.13594E-04
 0.57574E-02  0.33469E-01  0.18921E-04
 0.70191E-02  0.33469E-01  0.25960E-04
 0.85527E-02  0.33469E-01  0.35048E-04
 0.10416E-01  0.33469E-01  0.46493E-04
 0.12677E-01  0.33469E-01  0.60548E-04
 0.15420E-01  0.33469E-01  0.77423E-04
 0.18742E-01  0.33469E-01  0.97316E-04
 0.22762E-01  0.33469E-01  0.12046E-03
 0.27617E-01  0.33469E-01  0.14710E-03
 0.33469E-01  0.33469E-01  0.17751E-03
 0.40509E-01  0.33469E-01  0.21190E-03
 0.48950E-01  0.33469E-01  0.25043E-03
 0.59040E-01  0.33469E-01  0.29315E-03
 0.71052E-01  0.33469E-01  0.34000E-03
 0.85282E-01  0.33469E-01  0.39075E-03
 0.10204E+00  0.33469E-01  0.44497E-03
 0.12166E+00  0.33469E-01  0.50198E-03
 0.14443E+00  0.33469E-01  0.56085E-03
 0.17063E+00  0.33469E-01  0.62037E-03
 0.20047E+00  0.33469E-01  0.67905E-03
 0.23404E+00  0.33469E-01  0.73520E-03
 0.27131E+00  0.33469E-01  0.78698E-03
 0.31210E+00  0.33469E-01  0.83253E-03
 0.35601E+00  0.33469E-01  0.87007E-03
 0.40249E+00  0.33469E-01  0.89808E-03
 0.45077E+00  0.33469E-01  0.91537E-03
 0.50000E+00  0.33469E-01  0.92120E-03
 0.54923E+00  0.33469E-01  0.91531E-03
 0.59751E+00  0.33469E-01  0.89795E-03
 0.64399E+00  0.33469E-01  0.86988E-03
 0.68790E+00  0.33469E-01  0.83228E-03
 0.72869E+00  0.33469E-01  0.78668E-03
 0.76596E+00  0.33469E-01  0.73485E-03
 0.79953E+00  0.33469E-01  0.67866E-03
 0.82937E+00  0.33469E-01  0.61995E-03
 0.85557E+00  0.33469E-01  0.56040E-03
 0.87834E+00  0.33469E-01  0.50152E-03
 0.89796E+00  0.33469E-01  0.44449E-03
 0.91472E+00  0.33469E-01  0.39027E-03
 0.92895E+00  0.33469E-01  0.33953E-03
 0.94096E+00  0.33469E-01  0.29268E-03
 0.95105E+00  0.33469E-01  0.24996E-03
 0.95949E+00  0.33469E-01  0.21144E-03
 0.96653E+00  0.33469E-01  0.17706E-03
 0.97238E+00  0.33469E-01  0.14667E-03
 0.97724E+00  0.33469E-01  0.12003E-03
 0.98126E+00  0.33469E-01  0.96908E-04
 0.98458E+00  0.33469E-01  0.77033E-04
 0.98732E+00  0.33469E-01  0.60184E-04
 0.98958E+00  0.33469E-01  0.46163E-04
 0.99145E+00  0.33469E-01  0.34761E-04
 0.99298E+00  0.33469E-01  0.25720E-04
 0.99424E+00  0.33469E-01  0.18727E-04
 0.99528E+00  0.33469E-01  0.13444E-04
 0.99613E+00  0.33469E-01  0.95323E-05
 0.99683E+00  0.33469E-01  0.66870E-05
 0.99741E+00  0.33469E-01  0.46479E-05
 0.99788E+00  0.33469E-01  0.32047E-05
 0.99827E+00  0.33469E-01  0.21941E-05
 0.99859E+00  0.33469E-01  0.14926E-05
 0.99885E+00  0.33469E-01  0.10095E-05
 0.99906E+00  0.33469E-01  0.67909E-06
 0.99924E+00  0.33469E-01  0.45443E-06
 0.99938E+00  0.33469E-01  0.30259E-06
 0.99950E+00  0.33469E-01  0.20054E-06
 0.99960E+00  0.33469E-01  0.13235E-06
 0.99968E+00  0.33469E-01  0.87085E-07
 0.99975E+00  0.33469E-01  0.57247E-07
 0.99980E+00  0.33469E-01  0.37748E-07
 0.99984E+00  0.33469E-01  0.25138E-07
 0.99988E+00  0.33469E-01  0.17094E-07
 0.99991E+00  0.33469E-01  0.12054E-07
 0.99993E+00  0.33469E-01  0.89751E-08
 0.99995E+00  0.33469E-01  0.71631E-08
 0.99997E+00  0.33469E-01  0.61591E-08
 0.99998E+00  0.33469E-01  0.56611E-08
 0.10000E+01  0.33469E-01  0.54723E-08
 0.10000E+01  0.33469E-01  0.00000E+00
 0.00000E+00  0.40509E-01  0.00000E+00
 0.49709E-05  0.40509E-01  0.24037E-10
 0.16001E-04  0.40509E-01  0.24884E-09
 0.29447E-04  0.40509E-01  0.84195E-09
 0.45836E-04  0.40509E-01  0.20378E-08
 0.65814E-04  0.40509E-01  0.41957E-08
 0.90165E-04  0.40509E-01  0.78625E-08
 0.11985E-03  0.40509E-01  0.13865E-07
 0.15603E-03  0.40509E-01  0.23444E-07
 0.20013E-03  0.40509E-01  0.38459E-07
 0.25388E-03  0.40509E-01  0.61676E-07
 0.31939E-03  0.40509E-01  0.97200E-07
 0.39924E-03  0.40509E-01  0.15109E-06
 0.49656E-03  0.40509E-01  0.23225E-06
 0.61516E-03  0.40509E-01  0.35371E-06
 0.75970E-03  0.40509E-01  0.53440E-06
 0.93583E-03  0.40509E-01  0.80169E-06
 0.11504E-02  0.40509E-01  0.11948E-05
 0.14119E-02  0.40509E-01  0.17692E-05
 0.17305E-02  0.40509E-01  0.26031E-05
 0.21186E-02  0.40509E-01  0.38041E-05
 0.25912E-02  0.40509E-01  0.55184E-05
 0.31667E-02  0.40509E-01  0.79395E-05
 0.38673E-02  0.40509E-01  0.11316E-04
 0.47200E-02  0.40509E-01  0.15956E-04
 0.57574E-02  0.40509E-01  0.22222E-04
 0.70191E-02  0.40509E-01  0.30511E-04
 0.85527E-02  0.40509E-01  0.41232E-04
 0.10416E-01  0.40509E-01  0.54761E-04
 0.12677E-01  0.40509E-01  0.71421E-04
 0.15420E-01  0.40509E-01  0.91489E-04
 0.18742E-01  0.40509E-01  0.11524E-03
 0.22762E-01  0.40509E-01  0.14298E-03
 0.27617E-01  0.40509E-01  0.17506E-03
 0.33469E-01  0.40509E-01  0.21183E-03
 0.40509E-01  0.40509E-01  0.25359E-03
 0.48950E-01  0.40509E-01  0.30052E-03
 0.59040E-01  0.40509E-01  0.35273E-03
 0.71052E-01  0.40509E-01  0.41011E-03
 0.85282E-01  0.40509E-01  0.47239E-03
 0.10204E+00  0.40509E-01  0.53901E-03
 0.12166E+00  0.40509E-01  0.60915E-03
 0.14443E+00  0.40509E-01  0.68164E-03
 0.17063E+00  0.40509E-01  0.75496E-03
 0.20047E+00  0.40509E-01  0.82730E-03
 0.23404E+00  0.40509E-01  0.89653E-03
 0.27131E+00  0.40509E-01  0.96039E-03
 0.31210E+00  0.40509E-01  0.10166E-02
 0.35601E+00  0.40509E-01  0.10629E-02
 0.40249E+00  0.40509E-01  0.10974E-02
 0.45077E+00  0.40509E-01  0.11188E-02
 0.50000E+00  0.40509E-01  0.11260E-02
 0.54923E+00  0.40509E-01  0.11187E-02
 0.59751E+00  0.40509E-01  0.10973E-02
 0.64399E+00  0.40509E-01  0.10626E-02
 0.68790E+00  0.40509E-01  0.10162E-02
 0.72869E+00  0.40509E-01  0.95997E-03
 0.76596E+00  0.40509E-01  0.89605E-03
 0.79953E+00  0.40509E-01  0.82676E-03
 0.82937E+00  0.40509E-01  0.75439E-03
 0.85557E+00  0.40509E-01  0.68103E-03
 0.87834E+00  0.40509E-01  0.60852E-03
 0.89796E+00  0.40509E-01  0.53837E-03
 0.91472E+00  0.40509E-01  0.47175E-03
 0.92895E+00  0.40509E-01  0.40948E-03
 0.94096E+00  0.40509E-01  0.35211E-03
 0.95105E+00  0.40509E-01  0.29993E-03
 0.95949E+00  0.40509E-01  0.25301E-03
 0.96653E+00  0.40509E-01  0.21128E-03
 0.97238E+00  0.40509E-01  0.17453E-03
 0.97724E+00  0.40509E-01  0.14247E-03
 0.98126E+00  0.40509E-01  0.11475E-03
 0.98458E+00  0.40509E-01  0.91033E-04
 0.98732E+00  0.40509E-01  0.71001E-04
 0.98958E+00  0.40509E-01  0.54384E-04
 0.99145E+00  0.40509E-01  0.40906E-04
 0.99298E+00  0.40509E-01  0.30240E-04
 0.99424E+00  0.40509E-01  0.22005E-04
 0.99528E+00  0.40509E-01  0.15788E-04
 0.99613E+00  0.40509E-01  0.11190E-04
 0.99683E+00  0.40509E-01  0.78480E-05
 0.99741E+00  0.40509E-01  0.54537E-05
 0.99788E+00  0.40509E-01  0.37599E-05
 0.99827E+00  0.40509E-01  0.25741E-05
 0.99859E+00  0.40509E-01  0.17512E-05
 0.99885E+00  0.40509E-01  0.11846E-05
 0.99906E+00  0.40509E-01  0.79707E-06
 0.99924E+00  0.40509E-01  0.53365E-06
 0.99938E+00  0.40509E-01  0.35561E-06
 0.99950E+00  0.40509E-01  0.23597E-06
 0.99960E+00  0.40509E-01  0.15603E-06
 0.99968E+00  0.40509E-01  0.10297E-06
 0.99975E+00  0.40509E-01  0.67991E-07
 0.99980E+00  0.40509E-01  0.45134E-07
 0.99984E+00  0.40509E-01  0.30354E-07
 0.99988E+00  0.40509E-01  0.20925E-07
 0.99991E+00  0.40509E-01  0.15017E-07
 0.99993E+00  0.40509E-01  0.11408E-07
 0.99995E+00  0.40509E-01  0.92844E-08
 0.99997E+00  0.40509E-01  0.81075E-08
 0.99998E+00  0.40509E-01  0.75239E-08
 0.10000E+01  0.40509E-01  0.73027E-08
 0.10000E+01  0.40509E-01  0.00000E+00
 0.00000E+00  0.48950E-01  0.00000E+00
 0.49709E-05  0.48950E-01  0.27925E-10
 0.16001E-04  0.48950E-01  0.28908E-09
 0.29447E-04  0.48950E-01  0.97812E-09
 0.45836E-04  0.48950E-01  0.23674E-08
 0.65814E-04  0.48950E-01  0.48744E-08
 0.90165E-04  0.48950E-01  0.91344E-08
 0.11985E-03  0.48950E-01  0.16107E-07
 0.15603E-03  0.48950E-01  0.27237E-07
 0.20013E-03  0.48950E-01  0.44681E-07
 0.25388E-03  0.48950E-01  0.71657E-07
 0.31939E-03  0.48950E-01  0.11293E-06
 0.39924E-03  0.48950E-01  0.17555E-06
 0.49656E-03  0.48950E-01  0.26986E-06
 0.61516E-03  0.48950E-01  0.41100E-06
 0.75970E-03  0.48950E-01  0.62099E-06
 0.93583E-03  0.48950E-01  0.93165E-06
 0.11504E-02  0.48950E-01  0.13885E-05
 0.14119E-02  0.48950E-01  0.20564E-05
 0.17305E-02  0.48950E-01  0.30260E-05
 0.21186E-02  0.48950E-01  0.44227E-05
 0.25912E-02  0.48950E-01  0.64170E-05
 0.31667E-02  0.48950E-01  0.92347E-05
 0.38673E-02  0.48950E-01  0.13166E-04
 0.47200E-02  0.48950E-01  0.18572E-04
 0.57574E-02  0.48950E-01  0.25877E-04
 0.70191E-02  0.48950E-01  0.35554E-04
 0.85527E-02  0.48950E-01  0.48085E-04
 0.10416E-01  0.48950E-01  0.63928E-04
 0.12677E-01  0.48950E-01  0.83483E-04
 0.15420E-01  0.48950E-01  0.10711E-03
 0.18742E-01  0.48950E-01  0.13516E-03
 0.22762E-01  0.48950E-01  0.16806E-03
 0.27617E-01  0.48950E-01  0.20628E-03
 0.33469E-01  0.48950E-01  0.25026E-03
 0.40509E-01  0.48950E-01  0.30042E-03
 0.48950E-01  0.48950E-01  0.35703E-03
 0.59040E-01  0.48950E-01  0.42021E-03
 0.71052E-01  0.48950E-01  0.48987E-03
 0.85282E-01  0.48950E-01  0.56566E-03
 0.10204E+00  0.48950E-01  0.64689E-03
 0.12166E+00  0.48950E-01  0.73255E-03
 0.14443E+00  0.48950E-01  0.82117E-03
 0.17063E+00  0.48950E-01  0.91090E-03
 0.20047E+00  0.48950E-01  0.99946E-03
 0.23404E+00  0.48950E-01  0.10843E-02
 0.27131E+00  0.48950E-01  0.11625E-02
 0.31210E+00  0.48950E-01  0.12314E-02
 0.35601E+00  0.48950E-01  0.12882E-02
 0.40249E+00  0.48950E-01  0.13306E-02
 0.45077E+00  0.48950E-01  0.13567E-02
 0.50000E+00  0.48950E-01  0.13655E-02
 0.54923E+00  0.48950E-01  0.13566E-02
 0.59751E+00  0.48950E-01  0.13303E-02
 0.64399E+00  0.48950E-01  0.12878E-02
 0.68790E+00  0.48950E-01  0.12310E-02
 0.72869E+00  0.48950E-01  0.11620E-02
 0.76596E+00  0.48950E-01  0.10836E-02
 0.79953E+00  0.48950E-01  0.99876E-03
 0.82937E+00  0.48950E-01  0.91014E-03
 0.85557E+00  0.48950E-01  0.82038E-03
 0.87834E+00  0.48950E-01  0.73174E-03
 0.89796E+00  0.48950E-01  0.64608E-03
 0.91472E+00  0.48950E-01  0.56485E-03
 0.92895E+00  0.48950E-01  0.48908E-03
 0.94096E+00  0.48950E-01  0.41945E-03
 0.95105E+00  0.48950E-01  0.35630E-03
 0.95949E+00  0.48950E-01  0.29972E-03
 0.96653E+00  0.48950E-01  0.24960E-03
 0.97238E+00  0.48950E-01  0.20565E-03
 0.97724E+00  0.48950E-01  0.16747E-03
 0.98126E+00  0.48950E-01  0.13461E-03
 0.98458E+00  0.48950E-01  0.10659E-03
 0.98732E+00  0.48950E-01  0.83010E-04
 0.98958E+00  0.48950E-01  0.63507E-04
 0.99145E+00  0.48950E-01  0.47723E-04
 0.99298E+00  0.48950E-01  0.35254E-04
 0.99424E+00  0.48950E-01  0.25639E-04
 0.99528E+00  0.48950E-01  0.18388E-04
 0.99613E+00  0.48950E-01  0.13029E-04
 0.99683E+00  0.48950E-01  0.91351E-05
 0.99741E+00  0.48950E-01  0.63472E-05
 0.99788E+00  0.48950E-01  0.43754E-05
 0.99827E+00  0.48950E-01  0.29953E-05
 0.99859E+00  0.48950E-01  0.20378E-05
 0.99885E+00  0.48950E-01  0.13786E-05
 0.99906E+00  0.48950E-01  0.92783E-06
 0.99924E+00  0.48950E-01  0.62142E-06
 0.99938E+00  0.48950E-01  0.41435E-06
 0.99950E+00  0.48950E-01  0.27520E-06
 0.99960E+00  0.48950E-01  0.18224E-06
 0.99968E+00  0.48950E-01  0.12053E-06
 0.99975E+00  0.48950E-01  0.79853E-07
 0.99980E+00  0.48950E-01  0.53273E-07
 0.99984E+00  0.48950E-01  0.36086E-07
 0.99988E+00  0.48950E-01  0.25122E-07
 0.99991E+00  0.48950E-01  0.18253E-07
 0.99993E+00  0.48950E-01  0.14056E-07
 0.99995E+00  0.48950E-01  0.11587E-07
 0.99997E+00  0.48950E-01  0.10218E-07
 0.99998E+00  0.48950E-01  0.95396E-08
 0.10000E+01  0.48950E-01  0.92823E-08
 0.10000E+01  0.48950E-01  0.00000E+00
 0.00000E+00  0.59040E-01  0.00000E+00
 0.49709E-05  0.59040E-01  0.32195E-10
 0.16001E-04  0.59040E-01  0.33329E-09
 0.29447E-04  0.59040E-01  0.11277E-08
 0.45836E-04  0.59040E-01  0.27294E-08
 0.65814E-04  0.59040E-01  0.56199E-08
 0.90165E-04  0.59040E-01  0.10531E-07
 0.11985E-03  0.59040E-01  0.18571E-07
 0.15603E-03  0.59040E-01  0.31403E-07
 0.20013E-03  0.59040E-01  0.51517E-07
 0.25388E-03  0.59040E-01  0.82620E-07
 0.31939E-03  0.59040E-01  0.13021E-06
 0.39924E-03  0.59040E-01  0.20242E-06
 0.49656E-03  0.59040E-01  0.31117E-06
 0.61516E-03  0.59040E-01  0.47394E-06
 0.75970E-03  0.59040E-01  0.71611E-06
 0.93583E-03  0.59040E-01  0.10744E-05
 0.11504E-02  0.59040E-01  0.16014E-05
 0.14119E-02  0.59040E-01  0.23719E-05
 0.17305E-02  0.59040E-01  0.34905E-05
 0.21186E-02  0.59040E-01  0.51024E-05
 0.25912E-02  0.59040E-01  0.74044E-05
 0.31667E-02  0.59040E-01  0.10658E-04
 0.38673E-02  0.59040E-01  0.15199E-04
 0.47200E-02  0.59040E-01  0.21447E-04
 0.57574E-02  0.59040E-01  0.29896E-04
 0.70191E-02  0.59040E-01  0.41097E-04
 0.85527E-02  0.59040E-01  0.55620E-04
 0.10416E-01  0.59040E-01  0.74011E-04
 0.12677E-01  0.59040E-01  0.96757E-04
 0.15420E-01  0.59040E-01  0.12431E-03
 0.18742E-01  0.59040E-01  0.15713E-03
 0.22762E-01  0.59040E-01  0.19575E-03
 0.27617E-01  0.59040E-01  0.24079E-03
 0.33469E-01  0.59040E-01  0.29286E-03
 0.40509E-01  0.59040E-01  0.35248E-03
 0.48950E-01  0.59040E-01  0.42006E-03
 0.59040E-01  0.59040E-01  0.49579E-03
 0.71052E-01  0.59040E-01  0.57957E-03
 0.85282E-01  0.59040E-01  0.67101E-03
 0.10204E+00  0.59040E-01  0.76927E-03
 0.12166E+00  0.59040E-01  0.87308E-03
 0.14443E+00  0.59040E-01  0.98066E-03
 0.17063E+00  0.59040E-01  0.10897E-02
 0.20047E+00  0.59040E-01  0.11975E-02
 0.23404E+00  0.59040E-01  0.13007E-02
 0.27131E+00  0.59040E-01  0.13960E-02
 0.31210E+00  0.59040E-01  0.14800E-02
 0.35601E+00  0.59040E-01  0.15492E-02
 0.40249E+00  0.59040E-01  0.16008E-02
 0.45077E+00  0.59040E-01  0.16327E-02
 0.50000E+00  0.59040E-01  0.16434E-02
 0.54923E+00  0.59040E-01  0.16325E-02
 0.59751E+00  0.59040E-01  0.16005E-02
 0.64399E+00  0.59040E-01  0.15487E-02
 0.68790E+00  0.59040E-01  0.14794E-02
 0.72869E+00  0.59040E-01  0.13953E-02
 0.76596E+00  0.59040E-01  0.12999E-02
 0.79953E+00  0.59040E-01  0.11966E-02
 0.82937E+00  0.59040E-01  0.10888E-02
 0.85557E+00  0.59040E-01  0.97968E-03
 0.87834E+00  0.59040E-01  0.87208E-03
 0.89796E+00  0.59040E-01  0.76827E-03
 0.91472E+00  0.59040E-01  0.67003E-03
 0.92895E+00  0.59040E-01  0.57862E-03
 0.94096E+00  0.59040E-01  0.49488E-03
 0.95105E+00  0.59040E-01  0.41920E-03
 0.95949E+00  0.59040E-01  0.35167E-03
 0.96653E+00  0.59040E-01  0.29209E-03
 0.97238E+00  0.59040E-01  0.24008E-03
 0.97724E+00  0.59040E-01  0.19509E-03
 0.98126E+00  0.59040E-01  0.15651E-03
 0.98458E+00  0.59040E-01  0.12373E-03
 0.98732E+00  0.59040E-01  0.96237E-04
 0.98958E+00  0.59040E-01  0.73551E-04
 0.99145E+00  0.59040E-01  0.55227E-04
 0.99298E+00  0.59040E-01  0.40772E-04
 0.99424E+00  0.59040E-01  0.29638E-04
 0.99528E+00  0.59040E-01  0.21249E-04
 0.99613E+00  0.59040E-01  0.15052E-04
 0.99683E+00  0.59040E-01  0.10551E-04
 0.99741E+00  0.59040E-01  0.73303E-05
 0.99788E+00  0.59040E-01  0.50526E-05
 0.99827E+00  0.59040E-01  0.34588E-05
 0.99859E+00  0.59040E-01  0.23532E-05
 0.99885E+00  0.59040E-01  0.15921E-05
 0.99906E+00  0.59040E-01  0.10716E-05
 0.99924E+00  0.59040E-01  0.71793E-06
 0.99938E+00  0.59040E-01  0.47890E-06
 0.99950E+00  0.59040E-01  0.31828E-06
 0.99960E+00  0.59040E-01  0.21099E-06
 0.99968E+00  0.59040E-01  0.13976E-06
 0.99975E+00  0.59040E-01  0.92816E-07
 0.99980E+00  0.59040E-01  0.62140E-07
 0.99984E+00  0.59040E-01  0.42304E-07
 0.99988E+00  0.59040E-01  0.29650E-07
 0.99991E+00  0.59040E-01  0.21722E-07
 0.99993E+00  0.59040E-01  0.16879E-07
 0.99995E+00  0.59040E-01  0.14029E-07
 0.99997E+00  0.59040E-01  0.12450E-07
 0.99998E+00  0.59040E-01  0.11667E-07
 0.10000E+01  0.59040E-01  0.11370E-07
 0.10000E+01  0.59040E-01  0.00000E+00
 0.00000E+00  0.71052E-01  0.00000E+00
 0.49709E-05  0.71052E-01  0.36843E-10
 0.16001E-04  0.71052E-01  0.38141E-09
 0.29447E-04  0.71052E-01  0.12905E-08
 0.45836E-04  0.71052E-01  0.31235E-08
 0.65814E-04  0.71052E-01  0.64314E-08
 0.90165E-04  0.71052E-01  0.12052E-07
 0.11985E-03  0.71052E-01  0.21253E-07
 0.15603E-03  0.71052E-01  0.35938E-07
 0.20013E-03  0.71052E-01  0.58958E-07
 0.25388E-03  0.71052E-01  0.94555E-07
 0.31939E-03  0.71052E-01  0.14903E-06
 0.39924E-03  0.71052E-01  0.23166E-06
 0.49656E-03  0.71052E-01  0.35614E-06
 0.61516E-03  0.71052E-01  0.54245E-06
 0.75970E-03  0.71052E-01  0.81967E-06
 0.93583E-03  0.71052E-01  0.12298E-05
 0.11504E-02  0.71052E-01  0.18332E-05
 0.14119E-02  0.71052E-01  0.27153E-05
 0.17305E-02  0.71052E-01  0.39964E-05
 0.21186E-02  0.71052E-01  0.58425E-05
 0.25912E-02  0.71052E-01  0.84796E-05
 0.31667E-02  0.71052E-01  0.12208E-04
 0.38673E-02  0.71052E-01  0.17413E-04
 0.47200E-02  0.71052E-01  0.24578E-04
 0.57574E-02  0.71052E-01  0.34273E-04
 0.70191E-02  0.71052E-01  0.47135E-04
 0.85527E-02  0.71052E-01  0.63831E-04
 0.10416E-01  0.71052E-01  0.85000E-04
 0.12677E-01  0.71052E-01  0.11123E-03
 0.15420E-01  0.71052E-01  0.14307E-03
 0.18742E-01  0.71052E-01  0.18110E-03
 0.22762E-01  0.71052E-01  0.22600E-03
 0.27617E-01  0.71052E-01  0.27855E-03
 0.33469E-01  0.71052E-01  0.33954E-03
 0.40509E-01  0.71052E-01  0.40968E-03
 0.48950E-01  0.71052E-01  0.48952E-03
 0.59040E-01  0.71052E-01  0.57936E-03
 0.71052E-01  0.71052E-01  0.67917E-03
 0.85282E-01  0.71052E-01  0.78848E-03
 0.10204E+00  0.71052E-01  0.90631E-03
 0.12166E+00  0.71052E-01  0.10311E-02
 0.14443E+00  0.71052E-01  0.11607E-02
 0.17063E+00  0.71052E-01  0.12924E-02
 0.20047E+00  0.71052E-01  0.14226E-02
 0.23404E+00  0.71052E-01  0.15475E-02
 0.27131E+00  0.71052E-01  0.16628E-02
 0.31210E+00  0.71052E-01  0.17645E-02
 0.35601E+00  0.71052E-01  0.18483E-02
 0.40249E+00  0.71052E-01  0.19109E-02
 0.45077E+00  0.71052E-01  0.19495E-02
 0.50000E+00  0.71052E-01  0.19626E-02
 0.54923E+00  0.71052E-01  0.19494E-02
 0.59751E+00  0.71052E-01  0.19105E-02
 0.64399E+00  0.71052E-01  0.18478E-02
 0.68790E+00  0.71052E-01  0.17637E-02
 0.72869E+00  0.71052E-01  0.16620E-02
 0.76596E+00  0.71052E-01  0.15465E-02
 0.79953E+00  0.71052E-01  0.14215E-02
 0.82937E+00  0.71052E-01  0.12912E-02
 0.85557E+00  0.71052E-01  0.11596E-02
 0.87834E+00  0.71052E-01  0.10299E-02
 0.89796E+00  0.71052E-01  0.90513E-03
 0.91472E+00  0.71052E-01  0.78732E-03
 0.92895E+00  0.71052E-01  0.67806E-03
 0.94096E+00  0.71052E-01  0.57831E-03
 0.95105E+00  0.71052E-01  0.48853E-03
 0.95949E+00  0.71052E-01  0.40876E-03
 0.96653E+00  0.71052E-01  0.33869E-03
 0.97238E+00  0.71052E-01  0.27776E-03
 0.97724E+00  0.71052E-01  0.22527E-03
 0.98126E+00  0.71052E-01  0.18042E-03
 0.98458E+00  0.71052E-01  0.14245E-03
 0.98732E+00  0.71052E-01  0.11067E-03
 0.98958E+00  0.71052E-01  0.84508E-04
 0.99145E+00  0.71052E-01  0.63411E-04
 0.99298E+00  0.71052E-01  0.46791E-04
 0.99424E+00  0.71052E-01  0.33999E-04
 0.99528E+00  0.71052E-01  0.24369E-04
 0.99613E+00  0.71052E-01  0.17258E-04
 0.99683E+00  0.71052E-01  0.12096E-04
 0.99741E+00  0.71052E-01  0.84022E-05
 0.99788E+00  0.71052E-01  0.57910E-05
 0.99827E+00  0.71052E-01  0.39641E-05
 0.99859E+00  0.71052E-01  0.26969E-05
 0.99885E+00  0.71052E-01  0.18247E-05
 0.99906E+00  0.71052E-01  0.12283E-05
 0.99924E+00  0.71052E-01  0.82303E-06
 0.99938E+00  0.71052E-01  0.54915E-06
 0.99950E+00  0.71052E-01  0.36513E-06
 0.99960E+00  0.71052E-01  0.24219E-06
 0.99968E+00  0.71052E-01  0.16059E-06
 0.99975E+00  0.71052E-01  0.10681E-06
 0.99980E+00  0.71052E-01  0.71665E-07
 0.99984E+00  0.71052E-01  0.48940E-07
 0.99988E+00  0.71052E-01  0.34444E-07
 0.99991E+00  0.71052E-01  0.25362E-07
 0.99993E+00  0.71052E-01  0.19814E-07
 0.99995E+00  0.71052E-01  0.16549E-07
 0.99997E+00  0.71052E-01  0.14740E-07
 0.99998E+00  0.71052E-01  0.13842E-07
 0.10000E+01  0.71052E-01  0.13502E-07
 0.10000E+01  0.71052E-01  0.00000E+00
 0.00000E+00  0.85282E-01  0.00000E+00
 0.49709E-05  0.85282E-01  0.41850E-10
 0.16001E-04  0.85282E-01  0.43324E-09
 0.29447E-04  0.85282E-01  0.14659E-08
 0.45836E-04  0.85282E-01  0.35480E-08
 0.65814E-04  0.85282E-01  0.73054E-08
 0.90165E-04  0.85282E-01  0.13690E-07
 0.11985E-03  0.85282E-01  0.24142E-07
 0.15603E-03  0.85282E-01  0.40823E-07
 0.20013E-03  0.85282E-01  0.66972E-07
 0.25388E-03  0.85282E-01  0.10741E-06
 0.31939E-03  0.85282E-01  0.16929E-06
 0.39924E-03  0.85282E-01  0.26317E-06
 0.49656E-03  0.85282E-01  0.40458E-06
 0.61516E-03  0.85282E-01  0.61624E-06
 0.75970E-03  0.85282E-01  0.93120E-06
 0.93583E-03  0.85282E-01  0.13972E-05
 0.11504E-02  0.85282E-01  0.20828E-05
 0.14119E-02  0.85282E-01  0.30853E-05
 0.17305E-02  0.85282E-01  0.45412E-05
 0.21186E-02  0.85282E-01  0.66397E-05
 0.25912E-02  0.85282E-01  0.96378E-05
 0.31667E-02  0.85282E-01  0.13877E-04
 0.38673E-02  0.85282E-01  0.19799E-04
 0.47200E-02  0.85282E-01  0.27952E-04
 0.57574E-02  0.85282E-01  0.38989E-04
 0.70191E-02  0.85282E-01  0.53644E-04
 0.85527E-02  0.85282E-01  0.72681E-04
 0.10416E-01  0.85282E-01  0.96847E-04
 0.12677E-01  0.85282E-01  0.12684E-03
 0.15420E-01  0.85282E-01  0.16331E-03
 0.18742E-01  0.85282E-01  0.20697E-03
 0.22762E-01  0.85282E-01  0.25868E-03
 0.27617E-01  0.85282E-01  0.31938E-03
 0.33469E-01  0.85282E-01  0.39008E-03
 0.40509E-01  0.85282E-01  0.47172E-03
 0.48950E-01  0.85282E-01  0.56505E-03
 0.59040E-01  0.85282E-01  0.67052E-03
 0.71052E-01  0.85282E-01  0.78818E-03
 0.85282E-01  0.85282E-01  0.91757E-03
 0.10204E+00  0.85282E-01  0.10576E-02
 0.12166E+00  0.85282E-01  0.12063E-02
 0.14443E+00  0.85282E-01  0.13612E-02
 0.17063E+00  0.85282E-01  0.15188E-02
 0.20047E+00  0.85282E-01  0.16750E-02
 0.23404E+00  0.85282E-01  0.18250E-02
 0.27131E+00  0.85282E-01  0.19637E-02
 0.31210E+00  0.85282E-01  0.20860E-02
 0.35601E+00  0.85282E-01  0.21869E-02
 0.40249E+00  0.85282E-01  0.22623E-02
 0.45077E+00  0.85282E-01  0.23089E-02
 0.50000E+00  0.85282E-01  0.23245E-02
 0.54923E+00  0.85282E-01  0.23086E-02
 0.59751E+00  0.85282E-01  0.22619E-02
 0.64399E+00  0.85282E-01  0.21863E-02
 0.68790E+00  0.85282E-01  0.20851E-02
 0.72869E+00  0.85282E-01  0.19627E-02
 0.76596E+00  0.85282E-01  0.18238E-02
 0.79953E+00  0.85282E-01  0.16737E-02
 0.82937E+00  0.85282E-01  0.15175E-02
 0.85557E+00  0.85282E-01  0.13598E-02
 0.87834E+00  0.85282E-01  0.12049E-02
 0.89796E+00  0.85282E-01  0.10562E-02
 0.91472E+00  0.85282E-01  0.91626E-03
 0.92895E+00  0.85282E-01  0.78693E-03
 0.94096E+00  0.85282E-01  0.66934E-03
 0.95105E+00  0.85282E-01  0.56395E-03
 0.95949E+00  0.85282E-01  0.47071E-03
 0.96653E+00  0.85282E-01  0.38915E-03
 0.97238E+00  0.85282E-01  0.31853E-03
 0.97724E+00  0.85282E-01  0.25789E-03
 0.98126E+00  0.85282E-01  0.20625E-03
 0.98458E+00  0.85282E-01  0.16265E-03
 0.98732E+00  0.85282E-01  0.12625E-03
 0.98958E+00  0.85282E-01  0.96331E-04
 0.99145E+00  0.85282E-01  0.72242E-04
 0.99298E+00  0.85282E-01  0.53284E-04
 0.99424E+00  0.85282E-01  0.38705E-04
 0.99528E+00  0.85282E-01  0.27734E-04
 0.99613E+00  0.85282E-01  0.19638E-04
 0.99683E+00  0.85282E-01  0.13762E-04
 0.99741E+00  0.85282E-01  0.95585E-05
 0.99788E+00  0.85282E-01  0.65875E-05
 0.99827E+00  0.85282E-01  0.45090E-05
 0.99859E+00  0.85282E-01  0.30676E-05
 0.99885E+00  0.85282E-01  0.20755E-05
 0.99906E+00  0.85282E-01  0.13972E-05
 0.99924E+00  0.85282E-01  0.93621E-06
 0.99938E+00  0.85282E-01  0.62474E-06
 0.99950E+00  0.85282E-01  0.41545E-06
 0.99960E+00  0.85282E-01  0.27565E-06
 0.99968E+00  0.85282E-01  0.18285E-06
 0.99975E+00  0.85282E-01  0.12169E-06
 0.99980E+00  0.85282E-01  0.81729E-07
 0.99984E+00  0.85282E-01  0.55888E-07
 0.99988E+00  0.85282E-01  0.39403E-07
 0.99991E+00  0.85282E-01  0.29076E-07
 0.99993E+00  0.85282E-01  0.22767E-07
 0.99995E+00  0.85282E-01  0.19054E-07
 0.99997E+00  0.85282E-01  0.16997E-07
 0.99998E+00  0.85282E-01  0.15977E-07
 0.10000E+01  0.85282E-01  0.15590E-07
 0.10000E+01  0.85282E-01  0.00000E+00
 0.00000E+00  0.10204E+00  0.00000E+00
 0.49709E-05  0.10204E+00  0.47174E-10
 0.16001E-04  0.10204E+00  0.48836E-09
 0.29447E-04  0.10204E+00  0.16524E-08
 0.45836E-04  0.10204E+00  0.39994E-08
 0.65814E-04  0.10204E+00  0.82349E-08
 0.90165E-04  0.10204E+00  0.15432E-07
 0.11985E-03  0.10204E+00  0.27214E-07
 0.15603E-03  0.10204E+00  0.46018E-07
 0.20013E-03  0.10204E+00  0.75495E-07
 0.25388E-03  0.10204E+00  0.12108E-06
 0.31939E-03  0.10204E+00  0.19084E-06
 0.39924E-03  0.10204E+00  0.29667E-06
 0.49656E-03  0.10204E+00  0.45609E-06
 0.61516E-03  0.10204E+00  0.69472E-06
 0.75970E-03  0.10204E+00  0.10498E-05
 0.93583E-03  0.10204E+00  0.15753E-05
 0.11504E-02  0.10204E+00  0.23484E-05
 0.14119E-02  0.10204E+00  0.34788E-05
 0.17305E-02  0.10204E+00  0.51208E-05
 0.21186E-02  0.10204E+00  0.74877E-05
 0.25912E-02  0.10204E+00  0.10870E-04
 0.31667E-02  0.10204E+00  0.15653E-04
 0.38673E-02  0.10204E+00  0.22336E-04
 0.47200E-02  0.10204E+00  0.31541E-04
 0.57574E-02  0.10204E+00  0.44008E-04
 0.70191E-02  0.10204E+00  0.60569E-04
 0.85527E-02  0.10204E+00  0.82100E-04
 0.10416E-01  0.10204E+00  0.10946E-03
 0.12677E-01  0.10204E+00  0.14345E-03
 0.15420E-01  0.10204E+00  0.18486E-03
 0.18742E-01  0.10204E+00  0.23454E-03
 0.22762E-01  0.10204E+00  0.29350E-03
 0.27617E-01  0.10204E+00  0.36293E-03
 0.33469E-01  0.10204E+00  0.44406E-03
 0.40509E-01  0.10204E+00  0.53807E-03
 0.48950E-01  0.10204E+00  0.64597E-03
 0.59040E-01  0.10204E+00  0.76843E-03
 0.71052E-01  0.10204E+00  0.90564E-03
 0.85282E-01  0.10204E+00  0.10572E-02
 0.10204E+00  0.10204E+00  0.12218E-02
 0.12166E+00  0.10204E+00  0.13973E-02
 0.14443E+00  0.10204E+00  0.15807E-02
 0.17063E+00  0.10204E+00  0.17678E-02
 0.20047E+00  0.10204E+00  0.19536E-02
 0.23404E+00  0.10204E+00  0.21324E-02
 0.27131E+00  0.10204E+00  0.22979E-02
 0.31210E+00  0.10204E+00  0.24440E-02
 0.35601E+00  0.10204E+00  0.25646E-02
 0.40249E+00  0.10204E+00  0.26548E-02
 0.45077E+00  0.10204E+00  0.27105E-02
 0.50000E+00  0.10204E+00  0.27292E-02
 0.54923E+00  0.10204E+00  0.27102E-02
 0.59751E+00  0.10204E+00  0.26543E-02
 0.64399E+00  0.10204E+00  0.25639E-02
 0.68790E+00  0.10204E+00  0.24430E-02
 0.72869E+00  0.10204E+00  0.22967E-02
 0.76596E+00  0.10204E+00  0.21310E-02
 0.79953E+00  0.10204E+00  0.19521E-02
 0.82937E+00  0.10204E+00  0.17663E-02
 0.85557E+00  0.10204E+00  0.15791E-02
 0.87834E+00  0.10204E+00  0.13958E-02
 0.89796E+00  0.10204E+00  0.12203E-02
 0.91472E+00  0.10204E+00  0.10557E-02
 0.92895E+00  0.10204E+00  0.90427E-03
 0.94096E+00  0.10204E+00  0.76715E-03
 0.95105E+00  0.10204E+00  0.64479E-03
 0.95949E+00  0.10204E+00  0.53699E-03
 0.96653E+00  0.10204E+00  0.44307E-03
 0.97238E+00  0.10204E+00  0.36203E-03
 0.97724E+00  0.10204E+00  0.29268E-03
 0.98126E+00  0.10204E+00  0.23379E-03
 0.98458E+00  0.10204E+00  0.18418E-03
 0.98732E+00  0.10204E+00  0.14284E-03
 0.98958E+00  0.10204E+00  0.10893E-03
 0.99145E+00  0.10204E+00  0.81649E-04
 0.99298E+00  0.10204E+00  0.60200E-04
 0.99424E+00  0.10204E+00  0.43717E-04
 0.99528E+00  0.10204E+00  0.31319E-04
 0.99613E+00  0.10204E+00  0.22173E-04
 0.99683E+00  0.10204E+00  0.15537E-04
 0.99741E+00  0.10204E+00  0.10790E-04
 0.99788E+00  0.10204E+00  0.74357E-05
 0.99827E+00  0.10204E+00  0.50893E-05
 0.99859E+00  0.10204E+00  0.34622E-05
 0.99885E+00  0.10204E+00  0.23424E-05
 0.99906E+00  0.10204E+00  0.15768E-05
 0.99924E+00  0.10204E+00  0.10565E-05
 0.99938E+00  0.10204E+00  0.70497E-06
 0.99950E+00  0.10204E+00  0.46878E-06
 0.99960E+00  0.10204E+00  0.31101E-06
 0.99968E+00  0.10204E+00  0.20628E-06
 0.99975E+00  0.10204E+00  0.13726E-06
 0.99980E+00  0.10204E+00  0.92157E-07
 0.99984E+00  0.10204E+00  0.62995E-07
 0.99988E+00  0.10204E+00  0.44392E-07
 0.99991E+00  0.10204E+00  0.32738E-07
 0.99993E+00  0.10204E+00  0.25618E-07
 0.99995E+00  0.10204E+00  0.21429E-07
 0.99997E+00  0.10204E+00  0.19107E-07
 0.99998E+00  0.10204E+00  0.17956E-07
 0.10000E+01  0.10204E+00  0.17520E-07
 0.10000E+01  0.10204E+00  0.00000E+00
 0.00000E+00  0.12166E+00  0.00000E+00
 0.49709E-05  0.12166E+00  0.52752E-10
 0.16001E-04  0.12166E+00  0.54611E-09
 0.29447E-04  0.12166E+00  0.18478E-08
 0.45836E-04  0.12166E+00  0.44724E-08
 0.65814E-04  0.12166E+00  0.92088E-08
 0.90165E-04  0.12166E+00  0.17257E-07
 0.11985E-03  0.12166E+00  0.30432E-07
 0.15603E-03  0.12166E+00  0.51461E-07
 0.20013E-03  0.12166E+00  0.84426E-07
 0.25388E-03  0.12166E+00  0.13540E-06
 0.31939E-03  0.12166E+00  0.21341E-06
 0.39924E-03  0.12166E+00  0.33178E-06
 0.49656E-03  0.12166E+00  0.51007E-06
 0.61516E-03  0.12166E+00  0.77696E-06
 0.75970E-03  0.12166E+00  0.11741E-05
 0.93583E-03  0.12166E+00  0.17619E-05
 0.11504E-02  0.12166E+00  0.26266E-05
 0.14119E-02  0.12166E+00  0.38912E-05
 0.17305E-02  0.12166E+00  0.57281E-05
 0.21186E-02  0.12166E+00  0.83764E-05
 0.25912E-02  0.12166E+00  0.12161E-04
 0.31667E-02  0.12166E+00  0.17515E-04
 0.38673E-02  0.12166E+00  0.24996E-04
 0.47200E-02  0.12166E+00  0.35304E-04
 0.57574E-02  0.12166E+00  0.49269E-04
 0.70191E-02  0.12166E+00  0.67830E-04
 0.85527E-02  0.12166E+00  0.91976E-04
 0.10416E-01  0.12166E+00  0.12268E-03
 0.12677E-01  0.12166E+00  0.16088E-03
 0.15420E-01  0.12166E+00  0.20747E-03
 0.18742E-01  0.12166E+00  0.26346E-03
 0.22762E-01  0.12166E+00  0.33006E-03
 0.27617E-01  0.12166E+00  0.40867E-03
 0.33469E-01  0.12166E+00  0.50079E-03
 0.40509E-01  0.12166E+00  0.60789E-03
 0.48950E-01  0.12166E+00  0.73126E-03
 0.59040E-01  0.12166E+00  0.87183E-03
 0.71052E-01  0.12166E+00  0.10300E-02
 0.85282E-01  0.12166E+00  0.12054E-02
 0.10204E+00  0.12166E+00  0.13968E-02
 0.12166E+00  0.12166E+00  0.16017E-02
 0.14443E+00  0.12166E+00  0.18166E-02
 0.17063E+00  0.12166E+00  0.20365E-02
 0.20047E+00  0.12166E+00  0.22555E-02
 0.23404E+00  0.12166E+00  0.24666E-02
 0.27131E+00  0.12166E+00  0.26625E-02
 0.31210E+00  0.12166E+00  0.28355E-02
 0.35601E+00  0.12166E+00  0.29786E-02
 0.40249E+00  0.12166E+00  0.30855E-02
 0.45077E+00  0.12166E+00  0.31517E-02
 0.50000E+00  0.12166E+00  0.31739E-02
 0.54923E+00  0.12166E+00  0.31514E-02
 0.59751E+00  0.12166E+00  0.30849E-02
 0.64399E+00  0.12166E+00  0.29777E-02
 0.68790E+00  0.12166E+00  0.28344E-02
 0.72869E+00  0.12166E+00  0.26611E-02
 0.76596E+00  0.12166E+00  0.24651E-02
 0.79953E+00  0.12166E+00  0.22538E-02
 0.82937E+00  0.12166E+00  0.20348E-02
 0.85557E+00  0.12166E+00  0.18149E-02
 0.87834E+00  0.12166E+00  0.16000E-02
 0.89796E+00  0.12166E+00  0.13952E-02
 0.91472E+00  0.12166E+00  0.12039E-02
 0.92895E+00  0.12166E+00  0.10285E-02
 0.94096E+00  0.12166E+00  0.87048E-03
 0.95105E+00  0.12166E+00  0.73002E-03
 0.95949E+00  0.12166E+00  0.60676E-03
 0.96653E+00  0.12166E+00  0.49977E-03
 0.97238E+00  0.12166E+00  0.40774E-03
 0.97724E+00  0.12166E+00  0.32922E-03
 0.98126E+00  0.12166E+00  0.26270E-03
 0.98458E+00  0.12166E+00  0.20678E-03
 0.98732E+00  0.12166E+00  0.16026E-03
 0.98958E+00  0.12166E+00  0.12215E-03
 0.99145E+00  0.12166E+00  0.91522E-04
 0.99298E+00  0.12166E+00  0.67459E-04
 0.99424E+00  0.12166E+00  0.48977E-04
 0.99528E+00  0.12166E+00  0.35082E-04
 0.99613E+00  0.12166E+00  0.24833E-04
 0.99683E+00  0.12166E+00  0.17399E-04
 0.99741E+00  0.12166E+00  0.12082E-04
 0.99788E+00  0.12166E+00  0.83256E-05
 0.99827E+00  0.12166E+00  0.56980E-05
 0.99859E+00  0.12166E+00  0.38760E-05
 0.99885E+00  0.12166E+00  0.26221E-05
 0.99906E+00  0.12166E+00  0.17649E-05
 0.99924E+00  0.12166E+00  0.11824E-05
 0.99938E+00  0.12166E+00  0.78880E-06
 0.99950E+00  0.12166E+00  0.52436E-06
 0.99960E+00  0.12166E+00  0.34772E-06
 0.99968E+00  0.12166E+00  0.23048E-06
 0.99975E+00  0.12166E+00  0.15321E-06
 0.99980E+00  0.12166E+00  0.10271E-06
 0.99984E+00  0.12166E+00  0.70066E-07
 0.99988E+00  0.12166E+00  0.49240E-07
 0.99991E+00  0.12166E+00  0.36193E-07
 0.99993E+00  0.12166E+00  0.28223E-07
 0.99995E+00  0.12166E+00  0.23532E-07
 0.99997E+00  0.12166E+00  0.20933E-07
 0.99998E+00  0.12166E+00  0.19644E-07
 0.10000E+01  0.12166E+00  0.19156E-07
 0.10000E+01  0.12166E+00  0.00000E+00
 0.00000E+00  0.14443E+00  0.00000E+00
 0.49709E-05  0.14443E+00  0.58496E-10
 0.16001E-04  0.14443E+00  0.60557E-09
 0.29447E-04  0.14443E+00  0.20490E-08
 0.45836E-04  0.14443E+00  0.49593E-08
 0.65814E-04  0.14443E+00  0.10211E-07
 0.90165E-04  0.14443E+00  0.19136E-07
 0.11985E-03  0.14443E+00  0.33746E-07
 0.15603E-03  0.14443E+00  0.57066E-07
 0.20013E-03  0.14443E+00  0.93620E-07
 0.25388E-03  0.14443E+00  0.15015E-06
 0.31939E-03  0.14443E+00  0.23666E-06
 0.39924E-03  0.14443E+00  0.36792E-06
 0.49656E-03  0.14443E+00  0.56565E-06
 0.61516E-03  0.14443E+00  0.86164E-06
 0.75970E-03  0.14443E+00  0.13021E-05
 0.93583E-03  0.14443E+00  0.19540E-05
 0.11504E-02  0.14443E+00  0.29131E-05
 0.14119E-02  0.14443E+00  0.43158E-05
 0.17305E-02  0.14443E+00  0.63535E-05
 0.21186E-02  0.14443E+00  0.92916E-05
 0.25912E-02  0.14443E+00  0.13491E-04
 0.31667E-02  0.14443E+00  0.19432E-04
 0.38673E-02  0.14443E+00  0.27736E-04
 0.47200E-02  0.14443E+00  0.39179E-04
 0.57574E-02  0.14443E+00  0.54688E-04
 0.70191E-02  0.14443E+00  0.75310E-04
 0.85527E-02  0.14443E+00  0.10215E-03
 0.10416E-01  0.14443E+00  0.13631E-03
 0.12677E-01  0.14443E+00  0.17884E-03
 0.15420E-01  0.14443E+00  0.23077E-03
 0.18742E-01  0.14443E+00  0.29328E-03
 0.22762E-01  0.14443E+00  0.36776E-03
 0.27617E-01  0.14443E+00  0.45586E-03
 0.33469E-01  0.14443E+00  0.55935E-03
 0.40509E-01  0.14443E+00  0.68002E-03
 0.48950E-01  0.14443E+00  0.81947E-03
 0.59040E-01  0.14443E+00  0.97894E-03
 0.71052E-01  0.14443E+00  0.11591E-02
 0.85282E-01  0.14443E+00  0.13597E-02
 0.10204E+00  0.14443E+00  0.15796E-02
 0.12166E+00  0.14443E+00  0.18159E-02
 0.14443E+00  0.14443E+00  0.20647E-02
 0.17063E+00  0.14443E+00  0.23203E-02
 0.20047E+00  0.14443E+00  0.25756E-02
 0.23404E+00  0.14443E+00  0.28224E-02
 0.27131E+00  0.14443E+00  0.30518E-02
 0.31210E+00  0.14443E+00  0.32548E-02
 0.35601E+00  0.14443E+00  0.34229E-02
 0.40249E+00  0.14443E+00  0.35487E-02
 0.45077E+00  0.14443E+00  0.36265E-02
 0.50000E+00  0.14443E+00  0.36527E-02
 0.54923E+00  0.14443E+00  0.36261E-02
 0.59751E+00  0.14443E+00  0.35480E-02
 0.64399E+00  0.14443E+00  0.34219E-02
 0.68790E+00  0.14443E+00  0.32536E-02
 0.72869E+00  0.14443E+00  0.30503E-02
 0.76596E+00  0.14443E+00  0.28207E-02
 0.79953E+00  0.14443E+00  0.25738E-02
 0.82937E+00  0.14443E+00  0.23185E-02
 0.85557E+00  0.14443E+00  0.20629E-02
 0.87834E+00  0.14443E+00  0.18141E-02
 0.89796E+00  0.14443E+00  0.15778E-02
 0.91472E+00  0.14443E+00  0.13581E-02
 0.92895E+00  0.14443E+00  0.11576E-02
 0.94096E+00  0.14443E+00  0.97756E-03
 0.95105E+00  0.14443E+00  0.81821E-03
 0.95949E+00  0.14443E+00  0.67888E-03
 0.96653E+00  0.14443E+00  0.55832E-03
 0.97238E+00  0.14443E+00  0.45493E-03
 0.97724E+00  0.14443E+00  0.36692E-03
 0.98126E+00  0.14443E+00  0.29252E-03
 0.98458E+00  0.14443E+00  0.23009E-03
 0.98732E+00  0.14443E+00  0.17823E-03
 0.98958E+00  0.14443E+00  0.13578E-03
 0.99145E+00  0.14443E+00  0.10170E-03
 0.99298E+00  0.14443E+00  0.74945E-04
 0.99424E+00  0.14443E+00  0.54401E-04
 0.99528E+00  0.14443E+00  0.38961E-04
 0.99613E+00  0.14443E+00  0.27576E-04
 0.99683E+00  0.14443E+00  0.19319E-04
 0.99741E+00  0.14443E+00  0.13415E-04
 0.99788E+00  0.14443E+00  0.92430E-05
 0.99827E+00  0.14443E+00  0.63253E-05
 0.99859E+00  0.14443E+00  0.43023E-05
 0.99885E+00  0.14443E+00  0.29101E-05
 0.99906E+00  0.14443E+00  0.19584E-05
 0.99924E+00  0.14443E+00  0.13117E-05
 0.99938E+00  0.14443E+00  0.87477E-06
 0.99950E+00  0.14443E+00  0.58120E-06
 0.99960E+00  0.14443E+00  0.38511E-06
 0.99968E+00  0.14443E+00  0.25494E-06
 0.99975E+00  0.14443E+00  0.16916E-06
 0.99980E+00  0.14443E+00  0.11311E-06
 0.99984E+00  0.14443E+00  0.76868E-07
 0.99988E+00  0.14443E+00  0.53748E-07
 0.99991E+00  0.14443E+00  0.39264E-07
 0.99993E+00  0.14443E+00  0.30416E-07
 0.99995E+00  0.14443E+00  0.25210E-07
 0.99997E+00  0.14443E+00  0.22324E-07
 0.99998E+00  0.14443E+00  0.20894E-07
 0.10000E+01  0.14443E+00  0.20351E-07
 0.10000E+01  0.14443E+00  0.00000E+00
 0.00000E+00  0.17063E+00  0.00000E+00
 0.49709E-05  0.17063E+00  0.64288E-10
 0.16001E-04  0.17063E+00  0.66553E-09
 0.29447E-04  0.17063E+00  0.22519E-08
 0.45836E-04  0.17063E+00  0.54504E-08
 0.65814E-04  0.17063E+00  0.11223E-07
 0.90165E-04  0.17063E+00  0.21031E-07
 0.11985E-03  0.17063E+00  0.37088E-07
 0.15603E-03  0.17063E+00  0.62717E-07
 0.20013E-03  0.17063E+00  0.10289E-06
 0.25388E-03  0.17063E+00  0.16502E-06
 0.31939E-03  0.17063E+00  0.26011E-06
 0.39924E-03  0.17063E+00  0.40437E-06
 0.49656E-03  0.17063E+00  0.62170E-06
 0.61516E-03  0.17063E+00  0.94703E-06
 0.75970E-03  0.17063E+00  0.14312E-05
 0.93583E-03  0.17063E+00  0.21477E-05
 0.11504E-02  0.17063E+00  0.32020E-05
 0.14119E-02  0.17063E+00  0.47440E-05
 0.17305E-02  0.17063E+00  0.69843E-05
 0.21186E-02  0.17063E+00  0.10215E-04
 0.25912E-02  0.17063E+00  0.14832E-04
 0.31667E-02  0.17063E+00  0.21366E-04
 0.38673E-02  0.17063E+00  0.30499E-04
 0.47200E-02  0.17063E+00  0.43089E-04
 0.57574E-02  0.17063E+00  0.60156E-04
 0.70191E-02  0.17063E+00  0.82857E-04
 0.85527E-02  0.17063E+00  0.11242E-03
 0.10416E-01  0.17063E+00  0.15006E-03
 0.12677E-01  0.17063E+00  0.19696E-03
 0.15420E-01  0.17063E+00  0.25430E-03
 0.18742E-01  0.17063E+00  0.32339E-03
 0.22762E-01  0.17063E+00  0.40583E-03
 0.27617E-01  0.17063E+00  0.50352E-03
 0.33469E-01  0.17063E+00  0.61853E-03
 0.40509E-01  0.17063E+00  0.75296E-03
 0.48950E-01  0.17063E+00  0.90875E-03
 0.59040E-01  0.17063E+00  0.10875E-02
 0.71052E-01  0.17063E+00  0.12901E-02
 0.85282E-01  0.17063E+00  0.15167E-02
 0.10204E+00  0.17063E+00  0.17660E-02
 0.12166E+00  0.17063E+00  0.20351E-02
 0.14443E+00  0.17063E+00  0.23195E-02
 0.17063E+00  0.17063E+00  0.26128E-02
 0.20047E+00  0.17063E+00  0.29068E-02
 0.23404E+00  0.17063E+00  0.31919E-02
 0.27131E+00  0.17063E+00  0.34575E-02
 0.31210E+00  0.17063E+00  0.36931E-02
 0.35601E+00  0.17063E+00  0.38884E-02
 0.40249E+00  0.17063E+00  0.40347E-02
 0.45077E+00  0.17063E+00  0.41253E-02
 0.50000E+00  0.17063E+00  0.41558E-02
 0.54923E+00  0.17063E+00  0.41249E-02
 0.59751E+00  0.17063E+00  0.40340E-02
 0.64399E+00  0.17063E+00  0.38874E-02
 0.68790E+00  0.17063E+00  0.36918E-02
 0.72869E+00  0.17063E+00  0.34560E-02
 0.76596E+00  0.17063E+00  0.31902E-02
 0.79953E+00  0.17063E+00  0.29050E-02
 0.82937E+00  0.17063E+00  0.26109E-02
 0.85557E+00  0.17063E+00  0.23176E-02
 0.87834E+00  0.17063E+00  0.20332E-02
 0.89796E+00  0.17063E+00  0.17642E-02
 0.91472E+00  0.17063E+00  0.15151E-02
 0.92895E+00  0.17063E+00  0.12886E-02
 0.94096E+00  0.17063E+00  0.10861E-02
 0.95105E+00  0.17063E+00  0.90750E-03
 0.95949E+00  0.17063E+00  0.75183E-03
 0.96653E+00  0.17063E+00  0.61752E-03
 0.97238E+00  0.17063E+00  0.50262E-03
 0.97724E+00  0.17063E+00  0.40502E-03
 0.98126E+00  0.17063E+00  0.32265E-03
 0.98458E+00  0.17063E+00  0.25364E-03
 0.98732E+00  0.17063E+00  0.19637E-03
 0.98958E+00  0.17063E+00  0.14955E-03
 0.99145E+00  0.17063E+00  0.11199E-03
 0.99298E+00  0.17063E+00  0.82506E-04
 0.99424E+00  0.17063E+00  0.59880E-04
 0.99528E+00  0.17063E+00  0.42880E-04
 0.99613E+00  0.17063E+00  0.30347E-04
 0.99683E+00  0.17063E+00  0.21258E-04
 0.99741E+00  0.17063E+00  0.14760E-04
 0.99788E+00  0.17063E+00  0.10169E-04
 0.99827E+00  0.17063E+00  0.69585E-05
 0.99859E+00  0.17063E+00  0.47324E-05
 0.99885E+00  0.17063E+00  0.32005E-05
 0.99906E+00  0.17063E+00  0.21533E-05
 0.99924E+00  0.17063E+00  0.14418E-05
 0.99938E+00  0.17063E+00  0.96103E-06
 0.99950E+00  0.17063E+00  0.63803E-06
 0.99960E+00  0.17063E+00  0.42228E-06
 0.99968E+00  0.17063E+00  0.27906E-06
 0.99975E+00  0.17063E+00  0.18469E-06
 0.99980E+00  0.17063E+00  0.12302E-06
 0.99984E+00  0.17063E+00  0.83141E-07
 0.99988E+00  0.17063E+00  0.57704E-07
 0.99991E+00  0.17063E+00  0.41768E-07
 0.99993E+00  0.17063E+00  0.32034E-07
 0.99995E+00  0.17063E+00  0.26305E-07
 0.99997E+00  0.17063E+00  0.23131E-07
 0.99998E+00  0.17063E+00  0.21557E-07
 0.10000E+01  0.17063E+00  0.20960E-07
 0.10000E+01  0.17063E+00  0.00000E+00
 0.00000E+00  0.20047E+00  0.00000E+00
 0.49709E-05  0.20047E+00  0.69986E-10
 0.16001E-04  0.20047E+00  0.72452E-09
 0.29447E-04  0.20047E+00  0.24515E-08
 0.45836E-04  0.20047E+00  0.59335E-08
 0.65814E-04  0.20047E+00  0.12217E-07
 0.90165E-04  0.20047E+00  0.22896E-07
 0.11985E-03  0.20047E+00  0.40376E-07
 0.15603E-03  0.20047E+00  0.68277E-07
 0.20013E-03  0.20047E+00  0.11202E-06
 0.25388E-03  0.20047E+00  0.17966E-06
 0.31939E-03  0.20047E+00  0.28317E-06
 0.39924E-03  0.20047E+00  0.44023E-06
 0.49656E-03  0.20047E+00  0.67685E-06
 0.61516E-03  0.20047E+00  0.10310E-05
 0.75970E-03  0.20047E+00  0.15582E-05
 0.93583E-03  0.20047E+00  0.23383E-05
 0.11504E-02  0.20047E+00  0.34863E-05
 0.14119E-02  0.20047E+00  0.51654E-05
 0.17305E-02  0.20047E+00  0.76050E-05
 0.21186E-02  0.20047E+00  0.11123E-04
 0.25912E-02  0.20047E+00  0.16152E-04
 0.31667E-02  0.20047E+00  0.23269E-04
 0.38673E-02  0.20047E+00  0.33219E-04
 0.47200E-02  0.20047E+00  0.46937E-04
 0.57574E-02  0.20047E+00  0.65537E-04
 0.70191E-02  0.20047E+00  0.90286E-04
 0.85527E-02  0.20047E+00  0.12253E-03
 0.10416E-01  0.20047E+00  0.16360E-03
 0.12677E-01  0.20047E+00  0.21481E-03
 0.15420E-01  0.20047E+00  0.27746E-03
 0.18742E-01  0.20047E+00  0.35304E-03
 0.22762E-01  0.20047E+00  0.44334E-03
 0.27617E-01  0.20047E+00  0.55049E-03
 0.33469E-01  0.20047E+00  0.67686E-03
 0.40509E-01  0.20047E+00  0.82488E-03
 0.48950E-01  0.20047E+00  0.99685E-03
 0.59040E-01  0.20047E+00  0.11947E-02
 0.71052E-01  0.20047E+00  0.14197E-02
 0.85282E-01  0.20047E+00  0.16722E-02
 0.10204E+00  0.20047E+00  0.19510E-02
 0.12166E+00  0.20047E+00  0.22532E-02
 0.14443E+00  0.20047E+00  0.25739E-02
 0.17063E+00  0.20047E+00  0.29059E-02
 0.20047E+00  0.20047E+00  0.32399E-02
 0.23404E+00  0.20047E+00  0.35648E-02
 0.27131E+00  0.20047E+00  0.38684E-02
 0.31210E+00  0.20047E+00  0.41381E-02
 0.35601E+00  0.20047E+00  0.43622E-02
 0.40249E+00  0.20047E+00  0.45303E-02
 0.45077E+00  0.20047E+00  0.46345E-02
 0.50000E+00  0.20047E+00  0.46696E-02
 0.54923E+00  0.20047E+00  0.46341E-02
 0.59751E+00  0.20047E+00  0.45296E-02
 0.64399E+00  0.20047E+00  0.43612E-02
 0.68790E+00  0.20047E+00  0.41368E-02
 0.72869E+00  0.20047E+00  0.38668E-02
 0.76596E+00  0.20047E+00  0.35630E-02
 0.79953E+00  0.20047E+00  0.32380E-02
 0.82937E+00  0.20047E+00  0.29040E-02
 0.85557E+00  0.20047E+00  0.25720E-02
 0.87834E+00  0.20047E+00  0.22514E-02
 0.89796E+00  0.20047E+00  0.19493E-02
 0.91472E+00  0.20047E+00  0.16706E-02
 0.92895E+00  0.20047E+00  0.14183E-02
 0.94096E+00  0.20047E+00  0.11934E-02
 0.95105E+00  0.20047E+00  0.99565E-03
 0.95949E+00  0.20047E+00  0.82381E-03
 0.96653E+00  0.20047E+00  0.67590E-03
 0.97238E+00  0.20047E+00  0.54963E-03
 0.97724E+00  0.20047E+00  0.44257E-03
 0.98126E+00  0.20047E+00  0.35235E-03
 0.98458E+00  0.20047E+00  0.27684E-03
 0.98732E+00  0.20047E+00  0.21426E-03
 0.98958E+00  0.20047E+00  0.16312E-03
 0.99145E+00  0.20047E+00  0.12212E-03
 0.99298E+00  0.20047E+00  0.89957E-04
 0.99424E+00  0.20047E+00  0.65280E-04
 0.99528E+00  0.20047E+00  0.46742E-04
 0.99613E+00  0.20047E+00  0.33077E-04
 0.99683E+00  0.20047E+00  0.23169E-04
 0.99741E+00  0.20047E+00  0.16086E-04
 0.99788E+00  0.20047E+00  0.11081E-04
 0.99827E+00  0.20047E+00  0.75819E-05
 0.99859E+00  0.20047E+00  0.51557E-05
 0.99885E+00  0.20047E+00  0.34861E-05
 0.99906E+00  0.20047E+00  0.23448E-05
 0.99924E+00  0.20047E+00  0.15693E-05
 0.99938E+00  0.20047E+00  0.10454E-05
 0.99950E+00  0.20047E+00  0.69335E-06
 0.99960E+00  0.20047E+00  0.45822E-06
 0.99968E+00  0.20047E+00  0.30214E-06
 0.99975E+00  0.20047E+00  0.19929E-06
 0.99980E+00  0.20047E+00  0.13208E-06
 0.99984E+00  0.20047E+00  0.88621E-07
 0.99988E+00  0.20047E+00  0.60900E-07
 0.99991E+00  0.20047E+00  0.43533E-07
 0.99993E+00  0.20047E+00  0.32924E-07
 0.99995E+00  0.20047E+00  0.26682E-07
 0.99997E+00  0.20047E+00  0.23222E-07
 0.99998E+00  0.20047E+00  0.21507E-07
 0.10000E+01  0.20047E+00  0.20856E-07
 0.10000E+01  0.20047E+00  0.00000E+00
 0.00000E+00  0.23404E+00  0.00000E+00
 0.49709E-05  0.23404E+00  0.75427E-10
 0.16001E-04  0.23404E+00  0.78085E-09
 0.29447E-04  0.23404E+00  0.26421E-08
 0.45836E-04  0.23404E+00  0.63949E-08
 0.65814E-04  0.23404E+00  0.13167E-07
 0.90165E-04  0.23404E+00  0.24676E-07
 0.11985E-03  0.23404E+00  0.43516E-07
 0.15603E-03  0.23404E+00  0.73587E-07
 0.20013E-03  0.23404E+00  0.12073E-06
 0.25388E-03  0.23404E+00  0.19363E-06
 0.31939E-03  0.23404E+00  0.30520E-06
 0.39924E-03  0.23404E+00  0.47448E-06
 0.49656E-03  0.23404E+00  0.72951E-06
 0.61516E-03  0.23404E+00  0.11113E-05
 0.75970E-03  0.23404E+00  0.16795E-05
 0.93583E-03  0.23404E+00  0.25204E-05
 0.11504E-02  0.23404E+00  0.37579E-05
 0.14119E-02  0.23404E+00  0.55679E-05
 0.17305E-02  0.23404E+00  0.81978E-05
 0.21186E-02  0.23404E+00  0.11990E-04
 0.25912E-02  0.23404E+00  0.17413E-04
 0.31667E-02  0.23404E+00  0.25086E-04
 0.38673E-02  0.23404E+00  0.35817E-04
 0.47200E-02  0.23404E+00  0.50613E-04
 0.57574E-02  0.23404E+00  0.70679E-04
 0.70191E-02  0.23404E+00  0.97384E-04
 0.85527E-02  0.23404E+00  0.13218E-03
 0.10416E-01  0.23404E+00  0.17654E-03
 0.12677E-01  0.23404E+00  0.23187E-03
 0.15420E-01  0.23404E+00  0.29961E-03
 0.18742E-01  0.23404E+00  0.38139E-03
 0.22762E-01  0.23404E+00  0.47920E-03
 0.27617E-01  0.23404E+00  0.59541E-03
 0.33469E-01  0.23404E+00  0.73266E-03
 0.40509E-01  0.23404E+00  0.89371E-03
 0.48950E-01  0.23404E+00  0.10812E-02
 0.59040E-01  0.23404E+00  0.12974E-02
 0.71052E-01  0.23404E+00  0.15440E-02
 0.85282E-01  0.23404E+00  0.18215E-02
 0.10204E+00  0.23404E+00  0.21290E-02
 0.12166E+00  0.23404E+00  0.24635E-02
 0.14443E+00  0.23404E+00  0.28198E-02
 0.17063E+00  0.23404E+00  0.31900E-02
 0.20047E+00  0.23404E+00  0.35637E-02
 0.23404E+00  0.23404E+00  0.39285E-02
 0.27131E+00  0.23404E+00  0.42704E-02
 0.31210E+00  0.23404E+00  0.45750E-02
 0.35601E+00  0.23404E+00  0.48284E-02
 0.40249E+00  0.23404E+00  0.50188E-02
 0.45077E+00  0.23404E+00  0.51369E-02
 0.50000E+00  0.23404E+00  0.51768E-02
 0.54923E+00  0.23404E+00  0.51365E-02
 0.59751E+00  0.23404E+00  0.50181E-02
 0.64399E+00  0.23404E+00  0.48274E-02
 0.68790E+00  0.23404E+00  0.45736E-02
 0.72869E+00  0.23404E+00  0.42689E-02
 0.76596E+00  0.23404E+00  0.39268E-02
 0.79953E+00  0.23404E+00  0.35619E-02
 0.82937E+00  0.23404E+00  0.31882E-02
 0.85557E+00  0.23404E+00  0.28180E-02
 0.87834E+00  0.23404E+00  0.24618E-02
 0.89796E+00  0.23404E+00  0.21273E-02
 0.91472E+00  0.23404E+00  0.18200E-02
 0.92895E+00  0.23404E+00  0.15426E-02
 0.94096E+00  0.23404E+00  0.12962E-02
 0.95105E+00  0.23404E+00  0.10801E-02
 0.95949E+00  0.23404E+00  0.89272E-03
 0.96653E+00  0.23404E+00  0.73178E-03
 0.97238E+00  0.23404E+00  0.59462E-03
 0.97724E+00  0.23404E+00  0.47849E-03
 0.98126E+00  0.23404E+00  0.38075E-03
 0.98458E+00  0.23404E+00  0.29904E-03
 0.98732E+00  0.23404E+00  0.23136E-03
 0.98958E+00  0.23404E+00  0.17610E-03
 0.99145E+00  0.23404E+00  0.13182E-03
 0.99298E+00  0.23404E+00  0.97086E-04
 0.99424E+00  0.23404E+00  0.70446E-04
 0.99528E+00  0.23404E+00  0.50437E-04
 0.99613E+00  0.23404E+00  0.35689E-04
 0.99683E+00  0.23404E+00  0.24997E-04
 0.99741E+00  0.23404E+00  0.17353E-04
 0.99788E+00  0.23404E+00  0.11954E-04
 0.99827E+00  0.23404E+00  0.81778E-05
 0.99859E+00  0.23404E+00  0.55600E-05
 0.99885E+00  0.23404E+00  0.37587E-05
 0.99906E+00  0.23404E+00  0.25273E-05
 0.99924E+00  0.23404E+00  0.16906E-05
 0.99938E+00  0.23404E+00  0.11253E-05
 0.99950E+00  0.23404E+00  0.74549E-06
 0.99960E+00  0.23404E+00  0.49181E-06
 0.99968E+00  0.23404E+00  0.32343E-06
 0.99975E+00  0.23404E+00  0.21246E-06
 0.99980E+00  0.23404E+00  0.13995E-06
 0.99984E+00  0.23404E+00  0.93063E-07
 0.99988E+00  0.23404E+00  0.63156E-07
 0.99991E+00  0.23404E+00  0.44420E-07
 0.99993E+00  0.23404E+00  0.32974E-07
 0.99995E+00  0.23404E+00  0.26239E-07
 0.99997E+00  0.23404E+00  0.22507E-07
 0.99998E+00  0.23404E+00  0.20656E-07
 0.10000E+01  0.23404E+00  0.19954E-07
 0.10000E+01  0.23404E+00  0.00000E+00
 0.00000E+00  0.27131E+00  0.00000E+00
 0.49709E-05  0.27131E+00  0.80435E-10
 0.16001E-04  0.27131E+00  0.83269E-09
 0.29447E-04  0.27131E+00  0.28175E-08
 0.45836E-04  0.27131E+00  0.68195E-08
 0.65814E-04  0.27131E+00  0.14042E-07
 0.90165E-04  0.27131E+00  0.26315E-07
 0.11985E-03  0.27131E+00  0.46406E-07
 0.15603E-03  0.27131E+00  0.78474E-07
 0.20013E-03  0.27131E+00  0.12875E-06
 0.25388E-03  0.27131E+00  0.20649E-06
 0.31939E-03  0.27131E+00  0.32547E-06
 0.39924E-03  0.27131E+00  0.50600E-06
 0.49656E-03  0.27131E+00  0.77798E-06
 0.61516E-03  0.27131E+00  0.11851E-05
 0.75970E-03  0.27131E+00  0.17911E-05
 0.93583E-03  0.27131E+00  0.26880E-05
 0.11504E-02  0.27131E+00  0.40078E-05
 0.14119E-02  0.27131E+00  0.59383E-05
 0.17305E-02  0.27131E+00  0.87435E-05
 0.21186E-02  0.27131E+00  0.12789E-04
 0.25912E-02  0.27131E+00  0.18573E-04
 0.31667E-02  0.27131E+00  0.26760E-04
 0.38673E-02  0.27131E+00  0.38209E-04
 0.47200E-02  0.27131E+00  0.53997E-04
 0.57574E-02  0.27131E+00  0.75414E-04
 0.70191E-02  0.27131E+00  0.10392E-03
 0.85527E-02  0.27131E+00  0.14108E-03
 0.10416E-01  0.27131E+00  0.18846E-03
 0.12677E-01  0.27131E+00  0.24758E-03
 0.15420E-01  0.27131E+00  0.32001E-03
 0.18742E-01  0.27131E+00  0.40751E-03
 0.22762E-01  0.27131E+00  0.51224E-03
 0.27617E-01  0.27131E+00  0.63681E-03
 0.33469E-01  0.27131E+00  0.78410E-03
 0.40509E-01  0.27131E+00  0.95718E-03
 0.48950E-01  0.27131E+00  0.11590E-02
 0.59040E-01  0.27131E+00  0.13922E-02
 0.71052E-01  0.27131E+00  0.16588E-02
 0.85282E-01  0.27131E+00  0.19595E-02
 0.10204E+00  0.27131E+00  0.22937E-02
 0.12166E+00  0.27131E+00  0.26585E-02
 0.14443E+00  0.27131E+00  0.30482E-02
 0.17063E+00  0.27131E+00  0.34546E-02
 0.20047E+00  0.27131E+00  0.38663E-02
 0.23404E+00  0.27131E+00  0.42693E-02
 0.27131E+00  0.27131E+00  0.46482E-02
 0.31210E+00  0.27131E+00  0.49865E-02
 0.35601E+00  0.27131E+00  0.52686E-02
 0.40249E+00  0.27131E+00  0.54808E-02
 0.45077E+00  0.27131E+00  0.56125E-02
 0.50000E+00  0.27131E+00  0.56571E-02
 0.54923E+00  0.27131E+00  0.56122E-02
 0.59751E+00  0.27131E+00  0.54801E-02
 0.64399E+00  0.27131E+00  0.52676E-02
 0.68790E+00  0.27131E+00  0.49852E-02
 0.72869E+00  0.27131E+00  0.46467E-02
 0.76596E+00  0.27131E+00  0.42678E-02
 0.79953E+00  0.27131E+00  0.38646E-02
 0.82937E+00  0.27131E+00  0.34530E-02
 0.85557E+00  0.27131E+00  0.30466E-02
 0.87834E+00  0.27131E+00  0.26569E-02
 0.89796E+00  0.27131E+00  0.22923E-02
 0.91472E+00  0.27131E+00  0.19582E-02
 0.92895E+00  0.27131E+00  0.16575E-02
 0.94096E+00  0.27131E+00  0.13911E-02
 0.95105E+00  0.27131E+00  0.11580E-02
 0.95949E+00  0.27131E+00  0.95630E-03
 0.96653E+00  0.27131E+00  0.78333E-03
 0.97238E+00  0.27131E+00  0.63611E-03
 0.97724E+00  0.27131E+00  0.51162E-03
 0.98126E+00  0.27131E+00  0.40695E-03
 0.98458E+00  0.27131E+00  0.31951E-03
 0.98732E+00  0.27131E+00  0.24714E-03
 0.98958E+00  0.27131E+00  0.18808E-03
 0.99145E+00  0.27131E+00  0.14076E-03
 0.99298E+00  0.27131E+00  0.10366E-03
 0.99424E+00  0.27131E+00  0.75211E-04
 0.99528E+00  0.27131E+00  0.53844E-04
 0.99613E+00  0.27131E+00  0.38098E-04
 0.99683E+00  0.27131E+00  0.26683E-04
 0.99741E+00  0.27131E+00  0.18522E-04
 0.99788E+00  0.27131E+00  0.12758E-04
 0.99827E+00  0.27131E+00  0.87268E-05
 0.99859E+00  0.27131E+00  0.59322E-05
 0.99885E+00  0.27131E+00  0.40092E-05
 0.99906E+00  0.27131E+00  0.26947E-05
 0.99924E+00  0.27131E+00  0.18016E-05
 0.99938E+00  0.27131E+00  0.11981E-05
 0.99950E+00  0.27131E+00  0.79272E-06
 0.99960E+00  0.27131E+00  0.52192E-06
 0.99968E+00  0.27131E+00  0.34217E-06
 0.99975E+00  0.27131E+00  0.22371E-06
 0.99980E+00  0.27131E+00  0.14631E-06
 0.99984E+00  0.27131E+00  0.96264E-07
 0.99988E+00  0.27131E+00  0.64339E-07
 0.99991E+00  0.27131E+00  0.44338E-07
 0.99993E+00  0.27131E+00  0.32120E-07
 0.99995E+00  0.27131E+00  0.24931E-07
 0.99997E+00  0.27131E+00  0.20947E-07
 0.99998E+00  0.27131E+00  0.18971E-07
 0.10000E+01  0.27131E+00  0.18222E-07
 0.10000E+01  0.27131E+00  0.00000E+00
 0.00000E+00  0.31210E+00  0.00000E+00
 0.49709E-05  0.31210E+00  0.84830E-10
 0.16001E-04  0.31210E+00  0.87820E-09
 0.29447E-04  0.31210E+00  0.29715E-08
 0.45836E-04  0.31210E+00  0.71922E-08
 0.65814E-04  0.31210E+00  0.14809E-07
 0.90165E-04  0.31210E+00  0.27753E-07
 0.11985E-03  0.31210E+00  0.48942E-07
 0.15603E-03  0.31210E+00  0.82763E-07
 0.20013E-03  0.31210E+00  0.13578E-06
 0.25388E-03  0.31210E+00  0.21778E-06
 0.31939E-03  0.31210E+00  0.34327E-06
 0.39924E-03  0.31210E+00  0.53367E-06
 0.49656E-03  0.31210E+00  0.82053E-06
 0.61516E-03  0.31210E+00  0.12500E-05
 0.75970E-03  0.31210E+00  0.18891E-05
 0.93583E-03  0.31210E+00  0.28351E-05
 0.11504E-02  0.31210E+00  0.42272E-05
 0.14119E-02  0.31210E+00  0.62635E-05
 0.17305E-02  0.31210E+00  0.92226E-05
 0.21186E-02  0.31210E+00  0.13490E-04
 0.25912E-02  0.31210E+00  0.19592E-04
 0.31667E-02  0.31210E+00  0.28230E-04
 0.38673E-02  0.31210E+00  0.40310E-04
 0.47200E-02  0.31210E+00  0.56970E-04
 0.57574E-02  0.31210E+00  0.79573E-04
 0.70191E-02  0.31210E+00  0.10966E-03
 0.85527E-02  0.31210E+00  0.14890E-03
 0.10416E-01  0.31210E+00  0.19893E-03
 0.12677E-01  0.31210E+00  0.26139E-03
 0.15420E-01  0.31210E+00  0.33794E-03
 0.18742E-01  0.31210E+00  0.43047E-03
 0.22762E-01  0.31210E+00  0.54129E-03
 0.27617E-01  0.31210E+00  0.67320E-03
 0.33469E-01  0.31210E+00  0.82934E-03
 0.40509E-01  0.31210E+00  0.10130E-02
 0.48950E-01  0.31210E+00  0.12274E-02
 0.59040E-01  0.31210E+00  0.14756E-02
 0.71052E-01  0.31210E+00  0.17598E-02
 0.85282E-01  0.31210E+00  0.20812E-02
 0.10204E+00  0.31210E+00  0.24391E-02
 0.12166E+00  0.31210E+00  0.28307E-02
 0.14443E+00  0.31210E+00  0.32504E-02
 0.17063E+00  0.31210E+00  0.36892E-02
 0.20047E+00  0.31210E+00  0.41351E-02
 0.23404E+00  0.31210E+00  0.45729E-02
 0.27131E+00  0.31210E+00  0.49854E-02
 0.31210E+00  0.31210E+00  0.53547E-02
 0.35601E+00  0.31210E+00  0.56632E-02
 0.40249E+00  0.31210E+00  0.58956E-02
 0.45077E+00  0.31210E+00  0.60401E-02
 0.50000E+00  0.31210E+00  0.60890E-02
 0.54923E+00  0.31210E+00  0.60397E-02
 0.59751E+00  0.31210E+00  0.58950E-02
 0.64399E+00  0.31210E+00  0.56623E-02
 0.68790E+00  0.31210E+00  0.53536E-02
 0.72869E+00  0.31210E+00  0.49841E-02
 0.76596E+00  0.31210E+00  0.45715E-02
 0.79953E+00  0.31210E+00  0.41336E-02
 0.82937E+00  0.31210E+00  0.36878E-02
 0.85557E+00  0.31210E+00  0.32490E-02
 0.87834E+00  0.31210E+00  0.28294E-02
 0.89796E+00  0.31210E+00  0.24378E-02
 0.91472E+00  0.31210E+00  0.20800E-02
 0.92895E+00  0.31210E+00  0.17588E-02
 0.94096E+00  0.31210E+00  0.14747E-02
 0.95105E+00  0.31210E+00  0.12266E-02
 0.95949E+00  0.31210E+00  0.10123E-02
 0.96653E+00  0.31210E+00  0.82869E-03
 0.97238E+00  0.31210E+00  0.67262E-03
 0.97724E+00  0.31210E+00  0.54078E-03
 0.98126E+00  0.31210E+00  0.43001E-03
 0.98458E+00  0.31210E+00  0.33753E-03
 0.98732E+00  0.31210E+00  0.26103E-03
 0.98958E+00  0.31210E+00  0.19861E-03
 0.99145E+00  0.31210E+00  0.14863E-03
 0.99298E+00  0.31210E+00  0.10945E-03
 0.99424E+00  0.31210E+00  0.79404E-04
 0.99528E+00  0.31210E+00  0.56843E-04
 0.99613E+00  0.31210E+00  0.40218E-04
 0.99683E+00  0.31210E+00  0.28166E-04
 0.99741E+00  0.31210E+00  0.19550E-04
 0.99788E+00  0.31210E+00  0.13465E-04
 0.99827E+00  0.31210E+00  0.92092E-05
 0.99859E+00  0.31210E+00  0.62590E-05
 0.99885E+00  0.31210E+00  0.42289E-05
 0.99906E+00  0.31210E+00  0.28412E-05
 0.99924E+00  0.31210E+00  0.18983E-05
 0.99938E+00  0.31210E+00  0.12613E-05
 0.99950E+00  0.31210E+00  0.83330E-06
 0.99960E+00  0.31210E+00  0.54743E-06
 0.99968E+00  0.31210E+00  0.35767E-06
 0.99975E+00  0.31210E+00  0.23262E-06
 0.99980E+00  0.31210E+00  0.15091E-06
 0.99984E+00  0.31210E+00  0.98078E-07
 0.99988E+00  0.31210E+00  0.64376E-07
 0.99991E+00  0.31210E+00  0.43262E-07
 0.99993E+00  0.31210E+00  0.30364E-07
 0.99995E+00  0.31210E+00  0.22774E-07
 0.99997E+00  0.31210E+00  0.18568E-07
 0.99998E+00  0.31210E+00  0.16483E-07
 0.10000E+01  0.31210E+00  0.15692E-07
 0.10000E+01  0.31210E+00  0.00000E+00
 0.00000E+00  0.35601E+00  0.00000E+00
 0.49709E-05  0.35601E+00  0.88444E-10
 0.16001E-04  0.35601E+00  0.91561E-09
 0.29447E-04  0.35601E+00  0.30981E-08
 0.45836E-04  0.35601E+00  0.74986E-08
 0.65814E-04  0.35601E+00  0.15440E-07
 0.90165E-04  0.35601E+00  0.28935E-07
 0.11985E-03  0.35601E+00  0.51027E-07
 0.15603E-03  0.35601E+00  0.86290E-07
 0.20013E-03  0.35601E+00  0.14157E-06
 0.25388E-03  0.35601E+00  0.22706E-06
 0.31939E-03  0.35601E+00  0.35790E-06
 0.39924E-03  0.35601E+00  0.55642E-06
 0.49656E-03  0.35601E+00  0.85551E-06
 0.61516E-03  0.35601E+00  0.13033E-05
 0.75970E-03  0.35601E+00  0.19697E-05
 0.93583E-03  0.35601E+00  0.29560E-05
 0.11504E-02  0.35601E+00  0.44076E-05
 0.14119E-02  0.35601E+00  0.65310E-05
 0.17305E-02  0.35601E+00  0.96166E-05
 0.21186E-02  0.35601E+00  0.14067E-04
 0.25912E-02  0.35601E+00  0.20431E-04
 0.31667E-02  0.35601E+00  0.29438E-04
 0.38673E-02  0.35601E+00  0.42038E-04
 0.47200E-02  0.35601E+00  0.59416E-04
 0.57574E-02  0.35601E+00  0.82995E-04
 0.70191E-02  0.35601E+00  0.11439E-03
 0.85527E-02  0.35601E+00  0.15533E-03
 0.10416E-01  0.35601E+00  0.20755E-03
 0.12677E-01  0.35601E+00  0.27277E-03
 0.15420E-01  0.35601E+00  0.35271E-03
 0.18742E-01  0.35601E+00  0.44938E-03
 0.22762E-01  0.35601E+00  0.56523E-03
 0.27617E-01  0.35601E+00  0.70319E-03
 0.33469E-01  0.35601E+00  0.86661E-03
 0.40509E-01  0.35601E+00  0.10590E-02
 0.48950E-01  0.35601E+00  0.12839E-02
 0.59040E-01  0.35601E+00  0.15444E-02
 0.71052E-01  0.35601E+00  0.18432E-02
 0.85282E-01  0.35601E+00  0.21816E-02
 0.10204E+00  0.35601E+00  0.25591E-02
 0.12166E+00  0.35601E+00  0.29731E-02
 0.14443E+00  0.35601E+00  0.34177E-02
 0.17063E+00  0.35601E+00  0.38837E-02
 0.20047E+00  0.35601E+00  0.43583E-02
 0.23404E+00  0.35601E+00  0.48254E-02
 0.27131E+00  0.35601E+00  0.52666E-02
 0.31210E+00  0.35601E+00  0.56622E-02
 0.35601E+00  0.35601E+00  0.59934E-02
 0.40249E+00  0.35601E+00  0.62432E-02
 0.45077E+00  0.35601E+00  0.63985E-02
 0.50000E+00  0.35601E+00  0.64512E-02
 0.54923E+00  0.35601E+00  0.63983E-02
 0.59751E+00  0.35601E+00  0.62427E-02
 0.64399E+00  0.35601E+00  0.59927E-02
 0.68790E+00  0.35601E+00  0.56613E-02
 0.72869E+00  0.35601E+00  0.52656E-02
 0.76596E+00  0.35601E+00  0.48243E-02
 0.79953E+00  0.35601E+00  0.43572E-02
 0.82937E+00  0.35601E+00  0.38826E-02
 0.85557E+00  0.35601E+00  0.34166E-02
 0.87834E+00  0.35601E+00  0.29721E-02
 0.89796E+00  0.35601E+00  0.25582E-02
 0.91472E+00  0.35601E+00  0.21807E-02
 0.92895E+00  0.35601E+00  0.18424E-02
 0.94096E+00  0.35601E+00  0.15437E-02
 0.95105E+00  0.35601E+00  0.12832E-02
 0.95949E+00  0.35601E+00  0.10584E-02
 0.96653E+00  0.35601E+00  0.86610E-03
 0.97238E+00  0.35601E+00  0.70274E-03
 0.97724E+00  0.35601E+00  0.56482E-03
 0.98126E+00  0.35601E+00  0.44902E-03
 0.98458E+00  0.35601E+00  0.35239E-03
 0.98732E+00  0.35601E+00  0.27248E-03
 0.98958E+00  0.35601E+00  0.20731E-03
 0.99145E+00  0.35601E+00  0.15512E-03
 0.99298E+00  0.35601E+00  0.11422E-03
 0.99424E+00  0.35601E+00  0.82865E-04
 0.99528E+00  0.35601E+00  0.59319E-04
 0.99613E+00  0.35601E+00  0.41967E-04
 0.99683E+00  0.35601E+00  0.29389E-04
 0.99741E+00  0.35601E+00  0.20399E-04
 0.99788E+00  0.35601E+00  0.14048E-04
 0.99827E+00  0.35601E+00  0.96066E-05
 0.99859E+00  0.35601E+00  0.65278E-05
 0.99885E+00  0.35601E+00  0.44093E-05
 0.99906E+00  0.35601E+00  0.29611E-05
 0.99924E+00  0.35601E+00  0.19771E-05
 0.99938E+00  0.35601E+00  0.13123E-05
 0.99950E+00  0.35601E+00  0.86569E-06
 0.99960E+00  0.35601E+00  0.56736E-06
 0.99968E+00  0.35601E+00  0.36934E-06
 0.99975E+00  0.35601E+00  0.23884E-06
 0.99980E+00  0.35601E+00  0.15357E-06
 0.99984E+00  0.35601E+00  0.98432E-07
 0.99988E+00  0.35601E+00  0.63261E-07
 0.99991E+00  0.35601E+00  0.41227E-07
 0.99993E+00  0.35601E+00  0.27767E-07
 0.99995E+00  0.35601E+00  0.19847E-07
 0.99997E+00  0.35601E+00  0.15458E-07
 0.99998E+00  0.35601E+00  0.13281E-07
 0.10000E+01  0.35601E+00  0.12456E-07
 0.10000E+01  0.35601E+00  0.00000E+00
 0.00000E+00  0.40249E+00  0.00000E+00
 0.49709E-05  0.40249E+00  0.91128E-10
 0.16001E-04  0.40249E+00  0.94340E-09
 0.29447E-04  0.40249E+00  0.31921E-08
 0.45836E-04  0.40249E+00  0.77262E-08
 0.65814E-04  0.40249E+00  0.15909E-07
 0.90165E-04  0.40249E+00  0.29814E-07
 0.11985E-03  0.40249E+00  0.52576E-07
 0.15603E-03  0.40249E+00  0.88910E-07
 0.20013E-03  0.40249E+00  0.14587E-06
 0.25388E-03  0.40249E+00  0.23396E-06
 0.31939E-03  0.40249E+00  0.36877E-06
 0.39924E-03  0.40249E+00  0.57332E-06
 0.49656E-03  0.40249E+00  0.88150E-06
 0.61516E-03  0.40249E+00  0.13429E-05
 0.75970E-03  0.40249E+00  0.20296E-05
 0.93583E-03  0.40249E+00  0.30459E-05
 0.11504E-02  0.40249E+00  0.45417E-05
 0.14119E-02  0.40249E+00  0.67297E-05
 0.17305E-02  0.40249E+00  0.99094E-05
 0.21186E-02  0.40249E+00  0.14496E-04
 0.25912E-02  0.40249E+00  0.21054E-04
 0.31667E-02  0.40249E+00  0.30337E-04
 0.38673E-02  0.40249E+00  0.43323E-04
 0.47200E-02  0.40249E+00  0.61236E-04
 0.57574E-02  0.40249E+00  0.85541E-04
 0.70191E-02  0.40249E+00  0.11791E-03
 0.85527E-02  0.40249E+00  0.16012E-03
 0.10416E-01  0.40249E+00  0.21397E-03
 0.12677E-01  0.40249E+00  0.28124E-03
 0.15420E-01  0.40249E+00  0.36371E-03
 0.18742E-01  0.40249E+00  0.46347E-03
 0.22762E-01  0.40249E+00  0.58306E-03
 0.27617E-01  0.40249E+00  0.72555E-03
 0.33469E-01  0.40249E+00  0.89440E-03
 0.40509E-01  0.40249E+00  0.10933E-02
 0.48950E-01  0.40249E+00  0.13260E-02
 0.59040E-01  0.40249E+00  0.15958E-02
 0.71052E-01  0.40249E+00  0.19054E-02
 0.85282E-01  0.40249E+00  0.22565E-02
 0.10204E+00  0.40249E+00  0.26488E-02
 0.12166E+00  0.40249E+00  0.30795E-02
 0.14443E+00  0.40249E+00  0.35429E-02
 0.17063E+00  0.40249E+00  0.40294E-02
 0.20047E+00  0.40249E+00  0.45257E-02
 0.23404E+00  0.40249E+00  0.50151E-02
 0.27131E+00  0.40249E+00  0.54781E-02
 0.31210E+00  0.40249E+00  0.58939E-02
 0.35601E+00  0.40249E+00  0.62424E-02
 0.40249E+00  0.40249E+00  0.65056E-02
 0.45077E+00  0.40249E+00  0.66694E-02
 0.50000E+00  0.40249E+00  0.67250E-02
 0.54923E+00  0.40249E+00  0.66692E-02
 0.59751E+00  0.40249E+00  0.65052E-02
 0.64399E+00  0.40249E+00  0.62419E-02
 0.68790E+00  0.40249E+00  0.58933E-02
 0.72869E+00  0.40249E+00  0.54774E-02
 0.76596E+00  0.40249E+00  0.50143E-02
 0.79953E+00  0.40249E+00  0.45249E-02
 0.82937E+00  0.40249E+00  0.40286E-02
 0.85557E+00  0.40249E+00  0.35421E-02
 0.87834E+00  0.40249E+00  0.30788E-02
 0.89796E+00  0.40249E+00  0.26481E-02
 0.91472E+00  0.40249E+00  0.22559E-02
 0.92895E+00  0.40249E+00  0.19049E-02
 0.94096E+00  0.40249E+00  0.15953E-02
 0.95105E+00  0.40249E+00  0.13255E-02
 0.95949E+00  0.40249E+00  0.10929E-02
 0.96653E+00  0.40249E+00  0.89405E-03
 0.97238E+00  0.40249E+00  0.72524E-03
 0.97724E+00  0.40249E+00  0.58279E-03
 0.98126E+00  0.40249E+00  0.46323E-03
 0.98458E+00  0.40249E+00  0.36349E-03
 0.98732E+00  0.40249E+00  0.28104E-03
 0.98958E+00  0.40249E+00  0.21381E-03
 0.99145E+00  0.40249E+00  0.15998E-03
 0.99298E+00  0.40249E+00  0.11780E-03
 0.99424E+00  0.40249E+00  0.85453E-04
 0.99528E+00  0.40249E+00  0.61169E-04
 0.99613E+00  0.40249E+00  0.43276E-04
 0.99683E+00  0.40249E+00  0.30304E-04
 0.99741E+00  0.40249E+00  0.21032E-04
 0.99788E+00  0.40249E+00  0.14483E-04
 0.99827E+00  0.40249E+00  0.99028E-05
 0.99859E+00  0.40249E+00  0.67277E-05
 0.99885E+00  0.40249E+00  0.45430E-05
 0.99906E+00  0.40249E+00  0.30495E-05
 0.99924E+00  0.40249E+00  0.20348E-05
 0.99938E+00  0.40249E+00  0.13492E-05
 0.99950E+00  0.40249E+00  0.88858E-06
 0.99960E+00  0.40249E+00  0.58092E-06
 0.99968E+00  0.40249E+00  0.37670E-06
 0.99975E+00  0.40249E+00  0.24212E-06
 0.99980E+00  0.40249E+00  0.15418E-06
 0.99984E+00  0.40249E+00  0.97320E-07
 0.99988E+00  0.40249E+00  0.61049E-07
 0.99991E+00  0.40249E+00  0.38326E-07
 0.99993E+00  0.40249E+00  0.24445E-07
 0.99995E+00  0.40249E+00  0.16277E-07
 0.99997E+00  0.40249E+00  0.11751E-07
 0.99998E+00  0.40249E+00  0.95059E-08
 0.10000E+01  0.40249E+00  0.86551E-08
 0.10000E+01  0.40249E+00  0.00000E+00
 0.00000E+00  0.45077E+00  0.00000E+00
 0.49709E-05  0.45077E+00  0.92770E-10
 0.16001E-04  0.45077E+00  0.96040E-09
 0.29447E-04  0.45077E+00  0.32496E-08
 0.45836E-04  0.45077E+00  0.78655E-08
 0.65814E-04  0.45077E+00  0.16196E-07
 0.90165E-04  0.45077E+00  0.30351E-07
 0.11985E-03  0.45077E+00  0.53524E-07
 0.15603E-03  0.45077E+00  0.90513E-07
 0.20013E-03  0.45077E+00  0.14850E-06
 0.25388E-03  0.45077E+00  0.23817E-06
 0.31939E-03  0.45077E+00  0.37542E-06
 0.39924E-03  0.45077E+00  0.58367E-06
 0.49656E-03  0.45077E+00  0.89740E-06
 0.61516E-03  0.45077E+00  0.13671E-05
 0.75970E-03  0.45077E+00  0.20662E-05
 0.93583E-03  0.45077E+00  0.31009E-05
 0.11504E-02  0.45077E+00  0.46238E-05
 0.14119E-02  0.45077E+00  0.68515E-05
 0.17305E-02  0.45077E+00  0.10089E-04
 0.21186E-02  0.45077E+00  0.14758E-04
 0.25912E-02  0.45077E+00  0.21436E-04
 0.31667E-02  0.45077E+00  0.30888E-04
 0.38673E-02  0.45077E+00  0.44112E-04
 0.47200E-02  0.45077E+00  0.62352E-04
 0.57574E-02  0.45077E+00  0.87104E-04
 0.70191E-02  0.45077E+00  0.12007E-03
 0.85527E-02  0.45077E+00  0.16306E-03
 0.10416E-01  0.45077E+00  0.21792E-03
 0.12677E-01  0.45077E+00  0.28645E-03
 0.15420E-01  0.45077E+00  0.37049E-03
 0.18742E-01  0.45077E+00  0.47215E-03
 0.22762E-01  0.45077E+00  0.59405E-03
 0.27617E-01  0.45077E+00  0.73933E-03
 0.33469E-01  0.45077E+00  0.91153E-03
 0.40509E-01  0.45077E+00  0.11145E-02
 0.48950E-01  0.45077E+00  0.13519E-02
 0.59040E-01  0.45077E+00  0.16274E-02
 0.71052E-01  0.45077E+00  0.19438E-02
 0.85282E-01  0.45077E+00  0.23028E-02
 0.10204E+00  0.45077E+00  0.27042E-02
 0.12166E+00  0.45077E+00  0.31453E-02
 0.14443E+00  0.45077E+00  0.36203E-02
 0.17063E+00  0.45077E+00  0.41195E-02
 0.20047E+00  0.45077E+00  0.46294E-02
 0.23404E+00  0.45077E+00  0.51327E-02
 0.27131E+00  0.45077E+00  0.56093E-02
 0.31210E+00  0.45077E+00  0.60379E-02
 0.35601E+00  0.45077E+00  0.63973E-02
 0.40249E+00  0.45077E+00  0.66689E-02
 0.45077E+00  0.45077E+00  0.68381E-02
 0.50000E+00  0.45077E+00  0.68955E-02
 0.54923E+00  0.45077E+00  0.68380E-02
 0.59751E+00  0.45077E+00  0.66688E-02
 0.64399E+00  0.45077E+00  0.63971E-02
 0.68790E+00  0.45077E+00  0.60376E-02
 0.72869E+00  0.45077E+00  0.56090E-02
 0.76596E+00  0.45077E+00  0.51323E-02
 0.79953E+00  0.45077E+00  0.46290E-02
 0.82937E+00  0.45077E+00  0.41191E-02
 0.85557E+00  0.45077E+00  0.36199E-02
 0.87834E+00  0.45077E+00  0.31450E-02
 0.89796E+00  0.45077E+00  0.27039E-02
 0.91472E+00  0.45077E+00  0.23025E-02
 0.92895E+00  0.45077E+00  0.19435E-02
 0.94096E+00  0.45077E+00  0.16272E-02
 0.95105E+00  0.45077E+00  0.13517E-02
 0.95949E+00  0.45077E+00  0.11143E-02
 0.96653E+00  0.45077E+00  0.91136E-03
 0.97238E+00  0.45077E+00  0.73917E-03
 0.97724E+00  0.45077E+00  0.59392E-03
 0.98126E+00  0.45077E+00  0.47203E-03
 0.98458E+00  0.45077E+00  0.37038E-03
 0.98732E+00  0.45077E+00  0.28635E-03
 0.98958E+00  0.45077E+00  0.21784E-03
 0.99145E+00  0.45077E+00  0.16299E-03
 0.99298E+00  0.45077E+00  0.12001E-03
 0.99424E+00  0.45077E+00  0.87060E-04
 0.99528E+00  0.45077E+00  0.62319E-04
 0.99613E+00  0.45077E+00  0.44088E-04
 0.99683E+00  0.45077E+00  0.30872E-04
 0.99741E+00  0.45077E+00  0.21425E-04
 0.99788E+00  0.45077E+00  0.14752E-04
 0.99827E+00  0.45077E+00  0.10085E-04
 0.99859E+00  0.45077E+00  0.68505E-05
 0.99885E+00  0.45077E+00  0.46245E-05
 0.99906E+00  0.45077E+00  0.31028E-05
 0.99924E+00  0.45077E+00  0.20689E-05
 0.99938E+00  0.45077E+00  0.13703E-05
 0.99950E+00  0.45077E+00  0.90103E-06
 0.99960E+00  0.45077E+00  0.58755E-06
 0.99968E+00  0.45077E+00  0.37947E-06
 0.99975E+00  0.45077E+00  0.24234E-06
 0.99980E+00  0.45077E+00  0.15274E-06
 0.99984E+00  0.45077E+00  0.94805E-07
 0.99988E+00  0.45077E+00  0.57848E-07
 0.99991E+00  0.45077E+00  0.34695E-07
 0.99993E+00  0.45077E+00  0.20552E-07
 0.99995E+00  0.45077E+00  0.12229E-07
 0.99997E+00  0.45077E+00  0.76170E-08
 0.99998E+00  0.45077E+00  0.53298E-08
 0.10000E+01  0.45077E+00  0.44629E-08
 0.10000E+01  0.45077E+00  0.00000E+00
 0.00000E+00  0.50000E+00  0.00000E+00
 0.49709E-05  0.50000E+00  0.93298E-10
 0.16001E-04  0.50000E+00  0.96587E-09
 0.29447E-04  0.50000E+00  0.32682E-08
 0.45836E-04  0.50000E+00  0.79103E-08
 0.65814E-04  0.50000E+00  0.16288E-07
 0.90165E-04  0.50000E+00  0.30524E-07
 0.11985E-03  0.50000E+00  0.53829E-07
 0.15603E-03  0.50000E+00  0.91029E-07
 0.20013E-03  0.50000E+00  0.14934E-06
 0.25388E-03  0.50000E+00  0.23953E-06
 0.31939E-03  0.50000E+00  0.37756E-06
 0.39924E-03  0.50000E+00  0.58700E-06
 0.49656E-03  0.50000E+00  0.90253E-06
 0.61516E-03  0.50000E+00  0.13749E-05
 0.75970E-03  0.50000E+00  0.20780E-05
 0.93583E-03  0.50000E+00  0.31187E-05
 0.11504E-02  0.50000E+00  0.46503E-05
 0.14119E-02  0.50000E+00  0.68908E-05
 0.17305E-02  0.50000E+00  0.10147E-04
 0.21186E-02  0.50000E+00  0.14843E-04
 0.25912E-02  0.50000E+00  0.21560E-04
 0.31667E-02  0.50000E+00  0.31068E-04
 0.38673E-02  0.50000E+00  0.44369E-04
 0.47200E-02  0.50000E+00  0.62717E-04
 0.57574E-02  0.50000E+00  0.87617E-04
 0.70191E-02  0.50000E+00  0.12078E-03
 0.85527E-02  0.50000E+00  0.16403E-03
 0.10416E-01  0.50000E+00  0.21923E-03
 0.12677E-01  0.50000E+00  0.28818E-03
 0.15420E-01  0.50000E+00  0.37274E-03
 0.18742E-01  0.50000E+00  0.47505E-03
 0.22762E-01  0.50000E+00  0.59772E-03
 0.27617E-01  0.50000E+00  0.74393E-03
 0.33469E-01  0.50000E+00  0.91727E-03
 0.40509E-01  0.50000E+00  0.11216E-02
 0.48950E-01  0.50000E+00  0.13606E-02
 0.59040E-01  0.50000E+00  0.16380E-02
 0.71052E-01  0.50000E+00  0.19567E-02
 0.85282E-01  0.50000E+00  0.23184E-02
 0.10204E+00  0.50000E+00  0.27228E-02
 0.12166E+00  0.50000E+00  0.31675E-02
 0.14443E+00  0.50000E+00  0.36464E-02
 0.17063E+00  0.50000E+00  0.41499E-02
 0.20047E+00  0.50000E+00  0.46644E-02
 0.23404E+00  0.50000E+00  0.51724E-02
 0.27131E+00  0.50000E+00  0.56537E-02
 0.31210E+00  0.50000E+00  0.60866E-02
 0.35601E+00  0.50000E+00  0.64498E-02
 0.40249E+00  0.50000E+00  0.67243E-02
 0.45077E+00  0.50000E+00  0.68954E-02
 0.50000E+00  0.50000E+00  0.69534E-02
 0.54923E+00  0.50000E+00  0.68954E-02
 0.59751E+00  0.50000E+00  0.67243E-02
 0.64399E+00  0.50000E+00  0.64498E-02
 0.68790E+00  0.50000E+00  0.60866E-02
 0.72869E+00  0.50000E+00  0.56537E-02
 0.76596E+00  0.50000E+00  0.51724E-02
 0.79953E+00  0.50000E+00  0.46644E-02
 0.82937E+00  0.50000E+00  0.41499E-02
 0.85557E+00  0.50000E+00  0.36464E-02
 0.87834E+00  0.50000E+00  0.31675E-02
 0.89796E+00  0.50000E+00  0.27228E-02
 0.91472E+00  0.50000E+00  0.23184E-02
 0.92895E+00  0.50000E+00  0.19567E-02
 0.94096E+00  0.50000E+00  0.16380E-02
 0.95105E+00  0.50000E+00  0.13606E-02
 0.95949E+00  0.50000E+00  0.11216E-02
 0.96653E+00  0.50000E+00  0.91727E-03
 0.97238E+00  0.50000E+00  0.74393E-03
 0.97724E+00  0.50000E+00  0.59772E-03
 0.98126E+00  0.50000E+00  0.47505E-03
 0.98458E+00  0.50000E+00  0.37274E-03
 0.98732E+00  0.50000E+00  0.28818E-03
 0.98958E+00  0.50000E+00  0.21923E-03
 0.99145E+00  0.50000E+00  0.16403E-03
 0.99298E+00  0.50000E+00  0.12078E-03
 0.99424E+00  0.50000E+00  0.87617E-04
 0.99528E+00  0.50000E+00  0.62717E-04
 0.99613E+00  0.50000E+00  0.44369E-04
 0.99683E+00  0.50000E+00  0.31068E-04
 0.99741E+00  0.50000E+00  0.21560E-04
 0.99788E+00  0.50000E+00  0.14843E-04
 0.99827E+00  0.50000E+00  0.10147E-04
 0.99859E+00  0.50000E+00  0.68908E-05
 0.99885E+00  0.50000E+00  0.46503E-05
 0.99906E+00  0.50000E+00  0.31187E-05
 0.99924E+00  0.50000E+00  0.20780E-05
 0.99938E+00  0.50000E+00  0.13749E-05
 0.99950E+00  0.50000E+00  0.90251E-06
 0.99960E+00  0.50000E+00  0.58698E-06
 0.99968E+00  0.50000E+00  0.37754E-06
 0.99975E+00  0.50000E+00  0.23951E-06
 0.99980E+00  0.50000E+00  0.14932E-06
 0.99984E+00  0.50000E+00  0.91007E-07
 0.99988E+00  0.50000E+00  0.53807E-07
 0.99991E+00  0.50000E+00  0.30502E-07
 0.99993E+00  0.50000E+00  0.16266E-07
 0.99995E+00  0.50000E+00  0.78880E-08
 0.99997E+00  0.50000E+00  0.32459E-08
 0.99998E+00  0.50000E+00  0.94358E-09
 0.10000E+01  0.50000E+00  0.71008E-10
 0.10000E+01  0.50000E+00  0.00000E+00
 0.00000E+00  0.54923E+00  0.00000E+00
 0.49709E-05  0.54923E+00  0.92689E-10
 0.16001E-04  0.54923E+00  0.95956E-09
 0.29447E-04  0.54923E+00  0.32468E-08
 0.45836E-04  0.54923E+00  0.78586E-08
 0.65814E-04  0.54923E+00  0.16182E-07
 0.90165E-04  0.54923E+00  0.30325E-07
 0.11985E-03  0.54923E+00  0.53478E-07
 0.15603E-03  0.54923E+00  0.90435E-07
 0.20013E-03  0.54923E+00  0.14837E-06
 0.25388E-03  0.54923E+00  0.23797E-06
 0.31939E-03  0.54923E+00  0.37510E-06
 0.39924E-03  0.54923E+00  0.58317E-06
 0.49656E-03  0.54923E+00  0.89665E-06
 0.61516E-03  0.54923E+00  0.13660E-05
 0.75970E-03  0.54923E+00  0.20645E-05
 0.93583E-03  0.54923E+00  0.30984E-05
 0.11504E-02  0.54923E+00  0.46201E-05
 0.14119E-02  0.54923E+00  0.68461E-05
 0.17305E-02  0.54923E+00  0.10081E-04
 0.21186E-02  0.54923E+00  0.14747E-04
 0.25912E-02  0.54923E+00  0.21420E-04
 0.31667E-02  0.54923E+00  0.30867E-04
 0.38673E-02  0.54923E+00  0.44083E-04
 0.47200E-02  0.54923E+00  0.62314E-04
 0.57574E-02  0.54923E+00  0.87055E-04
 0.70191E-02  0.54923E+00  0.12001E-03
 0.85527E-02  0.54923E+00  0.16299E-03
 0.10416E-01  0.54923E+00  0.21783E-03
 0.12677E-01  0.54923E+00  0.28635E-03
 0.15420E-01  0.54923E+00  0.37037E-03
 0.18742E-01  0.54923E+00  0.47203E-03
 0.22762E-01  0.54923E+00  0.59391E-03
 0.27617E-01  0.54923E+00  0.73916E-03
 0.33469E-01  0.54923E+00  0.91135E-03
 0.40509E-01  0.54923E+00  0.11143E-02
 0.48950E-01  0.54923E+00  0.13517E-02
 0.59040E-01  0.54923E+00  0.16272E-02
 0.71052E-01  0.54923E+00  0.19435E-02
 0.85282E-01  0.54923E+00  0.23025E-02
 0.10204E+00  0.54923E+00  0.27038E-02
 0.12166E+00  0.54923E+00  0.31449E-02
 0.14443E+00  0.54923E+00  0.36199E-02
 0.17063E+00  0.54923E+00  0.41191E-02
 0.20047E+00  0.54923E+00  0.46290E-02
 0.23404E+00  0.54923E+00  0.51323E-02
 0.27131E+00  0.54923E+00  0.56090E-02
 0.31210E+00  0.54923E+00  0.60376E-02
 0.35601E+00  0.54923E+00  0.63970E-02
 0.40249E+00  0.54923E+00  0.66687E-02
 0.45077E+00  0.54923E+00  0.68380E-02
 0.50000E+00  0.54923E+00  0.68955E-02
 0.54923E+00  0.54923E+00  0.68381E-02
 0.59751E+00  0.54923E+00  0.66689E-02
 0.64399E+00  0.54923E+00  0.63973E-02
 0.68790E+00  0.54923E+00  0.60379E-02
 0.72869E+00  0.54923E+00  0.56093E-02
 0.76596E+00  0.54923E+00  0.51327E-02
 0.79953E+00  0.54923E+00  0.46294E-02
 0.82937E+00  0.54923E+00  0.41195E-02
 0.85557E+00  0.54923E+00  0.36203E-02
 0.87834E+00  0.54923E+00  0.31453E-02
 0.89796E+00  0.54923E+00  0.27042E-02
 0.91472E+00  0.54923E+00  0.23028E-02
 0.92895E+00  0.54923E+00  0.19438E-02
 0.94096E+00  0.54923E+00  0.16274E-02
 0.95105E+00  0.54923E+00  0.13519E-02
 0.95949E+00  0.54923E+00  0.11145E-02
 0.96653E+00  0.54923E+00  0.91153E-03
 0.97238E+00  0.54923E+00  0.73932E-03
 0.97724E+00  0.54923E+00  0.59405E-03
 0.98126E+00  0.54923E+00  0.47215E-03
 0.98458E+00  0.54923E+00  0.37048E-03
 0.98732E+00  0.54923E+00  0.28644E-03
 0.98958E+00  0.54923E+00  0.21792E-03
 0.99145E+00  0.54923E+00  0.16306E-03
 0.99298E+00  0.54923E+00  0.12006E-03
 0.99424E+00  0.54923E+00  0.87100E-04
 0.99528E+00  0.54923E+00  0.62348E-04
 0.99613E+00  0.54923E+00  0.44107E-04
 0.99683E+00  0.54923E+00  0.30884E-04
 0.99741E+00  0.54923E+00  0.21431E-04
 0.99788E+00  0.54923E+00  0.14754E-04
 0.99827E+00  0.54923E+00  0.10084E-04
 0.99859E+00  0.54923E+00  0.68471E-05
 0.99885E+00  0.54923E+00  0.46194E-05
 0.99906E+00  0.54923E+00  0.30965E-05
 0.99924E+00  0.54923E+00  0.20618E-05
 0.99938E+00  0.54923E+00  0.13627E-05
 0.99950E+00  0.54923E+00  0.89299E-06
 0.99960E+00  0.54923E+00  0.57925E-06
 0.99968E+00  0.54923E+00  0.37100E-06
 0.99975E+00  0.54923E+00  0.23376E-06
 0.99980E+00  0.54923E+00  0.14408E-06
 0.99984E+00  0.54923E+00  0.86098E-07
 0.99988E+00  0.54923E+00  0.49110E-07
 0.99991E+00  0.54923E+00  0.25937E-07
 0.99993E+00  0.54923E+00  0.11781E-07
 0.99995E+00  0.54923E+00  0.34509E-08
 0.99997E+00  0.54923E+00 -0.11650E-08
 0.99998E+00  0.54923E+00 -0.34542E-08
 0.10000E+01  0.54923E+00 -0.43219E-08
 0.10000E+01  0.54923E+00  0.00000E+00
 0.00000E+00  0.59751E+00  0.00000E+00
 0.49709E-05  0.59751E+00  0.90968E-10
 0.16001E-04  0.59751E+00  0.94175E-09
 0.29447E-04  0.59751E+00  0.31865E-08
 0.45836E-04  0.59751E+00  0.77127E-08
 0.65814E-04  0.59751E+00  0.15881E-07
 0.90165E-04  0.59751E+00  0.29762E-07
 0.11985E-03  0.59751E+00  0.52485E-07
 0.15603E-03  0.59751E+00  0.88756E-07
 0.20013E-03  0.59751E+00  0.14562E-06
 0.25388E-03  0.59751E+00  0.23355E-06
 0.31939E-03  0.59751E+00  0.36813E-06
 0.39924E-03  0.59751E+00  0.57235E-06
 0.49656E-03  0.59751E+00  0.88001E-06
 0.61516E-03  0.59751E+00  0.13406E-05
 0.75970E-03  0.59751E+00  0.20262E-05
 0.93583E-03  0.59751E+00  0.30409E-05
 0.11504E-02  0.59751E+00  0.45344E-05
 0.14119E-02  0.59751E+00  0.67191E-05
 0.17305E-02  0.59751E+00  0.98942E-05
 0.21186E-02  0.59751E+00  0.14474E-04
 0.25912E-02  0.59751E+00  0.21023E-04
 0.31667E-02  0.59751E+00  0.30296E-04
 0.38673E-02  0.59751E+00  0.43267E-04
 0.47200E-02  0.59751E+00  0.61161E-04
 0.57574E-02  0.59751E+00  0.85444E-04
 0.70191E-02  0.59751E+00  0.11779E-03
 0.85527E-02  0.59751E+00  0.15997E-03
 0.10416E-01  0.59751E+00  0.21380E-03
 0.12677E-01  0.59751E+00  0.28103E-03
 0.15420E-01  0.59751E+00  0.36348E-03
 0.18742E-01  0.59751E+00  0.46322E-03
 0.22762E-01  0.59751E+00  0.58278E-03
 0.27617E-01  0.59751E+00  0.72523E-03
 0.33469E-01  0.59751E+00  0.89404E-03
 0.40509E-01  0.59751E+00  0.10929E-02
 0.48950E-01  0.59751E+00  0.13255E-02
 0.59040E-01  0.59751E+00  0.15953E-02
 0.71052E-01  0.59751E+00  0.19049E-02
 0.85282E-01  0.59751E+00  0.22559E-02
 0.10204E+00  0.59751E+00  0.26481E-02
 0.12166E+00  0.59751E+00  0.30788E-02
 0.14443E+00  0.59751E+00  0.35421E-02
 0.17063E+00  0.59751E+00  0.40286E-02
 0.20047E+00  0.59751E+00  0.45249E-02
 0.23404E+00  0.59751E+00  0.50143E-02
 0.27131E+00  0.59751E+00  0.54773E-02
 0.31210E+00  0.59751E+00  0.58933E-02
 0.35601E+00  0.59751E+00  0.62419E-02
 0.40249E+00  0.59751E+00  0.65052E-02
 0.45077E+00  0.59751E+00  0.66692E-02
 0.50000E+00  0.59751E+00  0.67250E-02
 0.54923E+00  0.59751E+00  0.66694E-02
 0.59751E+00  0.59751E+00  0.65056E-02
 0.64399E+00  0.59751E+00  0.62424E-02
 0.68790E+00  0.59751E+00  0.58939E-02
 0.72869E+00  0.59751E+00  0.54781E-02
 0.76596E+00  0.59751E+00  0.50151E-02
 0.79953E+00  0.59751E+00  0.45257E-02
 0.82937E+00  0.59751E+00  0.40294E-02
 0.85557E+00  0.59751E+00  0.35429E-02
 0.87834E+00  0.59751E+00  0.30795E-02
 0.89796E+00  0.59751E+00  0.26488E-02
 0.91472E+00  0.59751E+00  0.22565E-02
 0.92895E+00  0.59751E+00  0.19054E-02
 0.94096E+00  0.59751E+00  0.15958E-02
 0.95105E+00  0.59751E+00  0.13260E-02
 0.95949E+00  0.59751E+00  0.10933E-02
 0.96653E+00  0.59751E+00  0.89439E-03
 0.97238E+00  0.59751E+00  0.72554E-03
 0.97724E+00  0.59751E+00  0.58306E-03
 0.98126E+00  0.59751E+00  0.46347E-03
 0.98458E+00  0.59751E+00  0.36371E-03
 0.98732E+00  0.59751E+00  0.28123E-03
 0.98958E+00  0.59751E+00  0.21397E-03
 0.99145E+00  0.59751E+00  0.16011E-03
 0.99298E+00  0.59751E+00  0.11790E-03
 0.99424E+00  0.59751E+00  0.85533E-04
 0.99528E+00  0.59751E+00  0.61227E-04
 0.99613E+00  0.59751E+00  0.43315E-04
 0.99683E+00  0.59751E+00  0.30329E-04
 0.99741E+00  0.59751E+00  0.21045E-04
 0.99788E+00  0.59751E+00  0.14487E-04
 0.99827E+00  0.59751E+00  0.99009E-05
 0.99859E+00  0.59751E+00  0.67212E-05
 0.99885E+00  0.59751E+00  0.45331E-05
 0.99906E+00  0.59751E+00  0.30373E-05
 0.99924E+00  0.59751E+00  0.20210E-05
 0.99938E+00  0.59751E+00  0.13343E-05
 0.99950E+00  0.59751E+00  0.87290E-06
 0.99960E+00  0.59751E+00  0.56472E-06
 0.99968E+00  0.59751E+00  0.36016E-06
 0.99975E+00  0.59751E+00  0.22535E-06
 0.99980E+00  0.59751E+00  0.13726E-06
 0.99984E+00  0.59751E+00  0.80302E-07
 0.99988E+00  0.59751E+00  0.43968E-07
 0.99991E+00  0.59751E+00  0.21206E-07
 0.99993E+00  0.59751E+00  0.73008E-08
 0.99995E+00  0.59751E+00 -0.88190E-09
 0.99997E+00  0.59751E+00 -0.54160E-08
 0.99998E+00  0.59751E+00 -0.76648E-08
 0.10000E+01  0.59751E+00 -0.85170E-08
 0.10000E+01  0.59751E+00  0.00000E+00
 0.00000E+00  0.64399E+00  0.00000E+00
 0.49709E-05  0.64399E+00  0.88208E-10
 0.16001E-04  0.64399E+00  0.91318E-09
 0.29447E-04  0.64399E+00  0.30899E-08
 0.45836E-04  0.64399E+00  0.74788E-08
 0.65814E-04  0.64399E+00  0.15399E-07
 0.90165E-04  0.64399E+00  0.28859E-07
 0.11985E-03  0.64399E+00  0.50893E-07
 0.15603E-03  0.64399E+00  0.86064E-07
 0.20013E-03  0.64399E+00  0.14120E-06
 0.25388E-03  0.64399E+00  0.22647E-06
 0.31939E-03  0.64399E+00  0.35697E-06
 0.39924E-03  0.64399E+00  0.55499E-06
 0.49656E-03  0.64399E+00  0.85332E-06
 0.61516E-03  0.64399E+00  0.13000E-05
 0.75970E-03  0.64399E+00  0.19647E-05
 0.93583E-03  0.64399E+00  0.29487E-05
 0.11504E-02  0.64399E+00  0.43969E-05
 0.14119E-02  0.64399E+00  0.65154E-05
 0.17305E-02  0.64399E+00  0.95942E-05
 0.21186E-02  0.64399E+00  0.14035E-04
 0.25912E-02  0.64399E+00  0.20386E-04
 0.31667E-02  0.64399E+00  0.29377E-04
 0.38673E-02  0.64399E+00  0.41955E-04
 0.47200E-02  0.64399E+00  0.59306E-04
 0.57574E-02  0.64399E+00  0.82852E-04
 0.70191E-02  0.64399E+00  0.11421E-03
 0.85527E-02  0.64399E+00  0.15511E-03
 0.10416E-01  0.64399E+00  0.20730E-03
 0.12677E-01  0.64399E+00  0.27247E-03
 0.15420E-01  0.64399E+00  0.35238E-03
 0.18742E-01  0.64399E+00  0.44901E-03
 0.22762E-01  0.64399E+00  0.56481E-03
 0.27617E-01  0.64399E+00  0.70273E-03
 0.33469E-01  0.64399E+00  0.86609E-03
 0.40509E-01  0.64399E+00  0.10584E-02
 0.48950E-01  0.64399E+00  0.12832E-02
 0.59040E-01  0.64399E+00  0.15437E-02
 0.71052E-01  0.64399E+00  0.18424E-02
 0.85282E-01  0.64399E+00  0.21807E-02
 0.10204E+00  0.64399E+00  0.25581E-02
 0.12166E+00  0.64399E+00  0.29720E-02
 0.14443E+00  0.64399E+00  0.34166E-02
 0.17063E+00  0.64399E+00  0.38826E-02
 0.20047E+00  0.64399E+00  0.43571E-02
 0.23404E+00  0.64399E+00  0.48243E-02
 0.27131E+00  0.64399E+00  0.52655E-02
 0.31210E+00  0.64399E+00  0.56613E-02
 0.35601E+00  0.64399E+00  0.59926E-02
 0.40249E+00  0.64399E+00  0.62427E-02
 0.45077E+00  0.64399E+00  0.63983E-02
 0.50000E+00  0.64399E+00  0.64512E-02
 0.54923E+00  0.64399E+00  0.63985E-02
 0.59751E+00  0.64399E+00  0.62432E-02
 0.64399E+00  0.64399E+00  0.59934E-02
 0.68790E+00  0.64399E+00  0.56622E-02
 0.72869E+00  0.64399E+00  0.52666E-02
 0.76596E+00  0.64399E+00  0.48254E-02
 0.79953E+00  0.64399E+00  0.43583E-02
 0.82937E+00  0.64399E+00  0.38837E-02
 0.85557E+00  0.64399E+00  0.34177E-02
 0.87834E+00  0.64399E+00  0.29731E-02
 0.89796E+00  0.64399E+00  0.25591E-02
 0.91472E+00  0.64399E+00  0.21816E-02
 0.92895E+00  0.64399E+00  0.18432E-02
 0.94096E+00  0.64399E+00  0.15444E-02
 0.95105E+00  0.64399E+00  0.12839E-02
 0.95949E+00  0.64399E+00  0.10590E-02
 0.96653E+00  0.64399E+00  0.86660E-03
 0.97238E+00  0.64399E+00  0.70318E-03
 0.97724E+00  0.64399E+00  0.56522E-03
 0.98126E+00  0.64399E+00  0.44937E-03
 0.98458E+00  0.64399E+00  0.35270E-03
 0.98732E+00  0.64399E+00  0.27275E-03
 0.98958E+00  0.64399E+00  0.20754E-03
 0.99145E+00  0.64399E+00  0.15532E-03
 0.99298E+00  0.64399E+00  0.11438E-03
 0.99424E+00  0.64399E+00  0.82983E-04
 0.99528E+00  0.64399E+00  0.59404E-04
 0.99613E+00  0.64399E+00  0.42026E-04
 0.99683E+00  0.64399E+00  0.29426E-04
 0.99741E+00  0.64399E+00  0.20418E-04
 0.99788E+00  0.64399E+00  0.14055E-04
 0.99827E+00  0.64399E+00  0.96042E-05
 0.99859E+00  0.64399E+00  0.65186E-05
 0.99885E+00  0.64399E+00  0.43952E-05
 0.99906E+00  0.64399E+00  0.29436E-05
 0.99924E+00  0.64399E+00  0.19573E-05
 0.99938E+00  0.64399E+00  0.12909E-05
 0.99950E+00  0.64399E+00  0.84310E-06
 0.99960E+00  0.64399E+00  0.54401E-06
 0.99968E+00  0.64399E+00  0.34549E-06
 0.99975E+00  0.64399E+00  0.21465E-06
 0.99980E+00  0.64399E+00  0.12916E-06
 0.99984E+00  0.64399E+00  0.73879E-07
 0.99988E+00  0.64399E+00  0.38616E-07
 0.99991E+00  0.64399E+00  0.16524E-07
 0.99993E+00  0.64399E+00  0.30290E-08
 0.99995E+00  0.64399E+00 -0.49126E-08
 0.99997E+00  0.64399E+00 -0.93131E-08
 0.99998E+00  0.64399E+00 -0.11496E-07
 0.10000E+01  0.64399E+00 -0.12323E-07
 0.10000E+01  0.64399E+00  0.00000E+00
 0.00000E+00  0.68790E+00  0.00000E+00
 0.49709E-05  0.68790E+00  0.84525E-10
 0.16001E-04  0.68790E+00  0.87505E-09
 0.29447E-04  0.68790E+00  0.29609E-08
 0.45836E-04  0.68790E+00  0.71665E-08
 0.65814E-04  0.68790E+00  0.14756E-07
 0.90165E-04  0.68790E+00  0.27654E-07
 0.11985E-03  0.68790E+00  0.48768E-07
 0.15603E-03  0.68790E+00  0.82470E-07
 0.20013E-03  0.68790E+00  0.13530E-06
 0.25388E-03  0.68790E+00  0.21701E-06
 0.31939E-03  0.68790E+00  0.34206E-06
 0.39924E-03  0.68790E+00  0.53182E-06
 0.49656E-03  0.68790E+00  0.81769E-06
 0.61516E-03  0.68790E+00  0.12457E-05
 0.75970E-03  0.68790E+00  0.18827E-05
 0.93583E-03  0.68790E+00  0.28256E-05
 0.11504E-02  0.68790E+00  0.42133E-05
 0.14119E-02  0.68790E+00  0.62434E-05
 0.17305E-02  0.68790E+00  0.91936E-05
 0.21186E-02  0.68790E+00  0.13449E-04
 0.25912E-02  0.68790E+00  0.19535E-04
 0.31667E-02  0.68790E+00  0.28150E-04
 0.38673E-02  0.68790E+00  0.40202E-04
 0.47200E-02  0.68790E+00  0.56827E-04
 0.57574E-02  0.68790E+00  0.79388E-04
 0.70191E-02  0.68790E+00  0.10943E-03
 0.85527E-02  0.68790E+00  0.14861E-03
 0.10416E-01  0.68790E+00  0.19860E-03
 0.12677E-01  0.68790E+00  0.26101E-03
 0.15420E-01  0.68790E+00  0.33751E-03
 0.18742E-01  0.68790E+00  0.42999E-03
 0.22762E-01  0.68790E+00  0.54076E-03
 0.27617E-01  0.68790E+00  0.67261E-03
 0.33469E-01  0.68790E+00  0.82867E-03
 0.40509E-01  0.68790E+00  0.10122E-02
 0.48950E-01  0.68790E+00  0.12266E-02
 0.59040E-01  0.68790E+00  0.14747E-02
 0.71052E-01  0.68790E+00  0.17588E-02
 0.85282E-01  0.68790E+00  0.20800E-02
 0.10204E+00  0.68790E+00  0.24378E-02
 0.12166E+00  0.68790E+00  0.28294E-02
 0.14443E+00  0.68790E+00  0.32490E-02
 0.17063E+00  0.68790E+00  0.36878E-02
 0.20047E+00  0.68790E+00  0.41336E-02
 0.23404E+00  0.68790E+00  0.45715E-02
 0.27131E+00  0.68790E+00  0.49841E-02
 0.31210E+00  0.68790E+00  0.53535E-02
 0.35601E+00  0.68790E+00  0.56623E-02
 0.40249E+00  0.68790E+00  0.58950E-02
 0.45077E+00  0.68790E+00  0.60397E-02
 0.50000E+00  0.68790E+00  0.60889E-02
 0.54923E+00  0.68790E+00  0.60400E-02
 0.59751E+00  0.68790E+00  0.58956E-02
 0.64399E+00  0.68790E+00  0.56632E-02
 0.68790E+00  0.68790E+00  0.53546E-02
 0.72869E+00  0.68790E+00  0.49854E-02
 0.76596E+00  0.68790E+00  0.45728E-02
 0.79953E+00  0.68790E+00  0.41351E-02
 0.82937E+00  0.68790E+00  0.36892E-02
 0.85557E+00  0.68790E+00  0.32504E-02
 0.87834E+00  0.68790E+00  0.28307E-02
 0.89796E+00  0.68790E+00  0.24391E-02
 0.91472E+00  0.68790E+00  0.20812E-02
 0.92895E+00  0.68790E+00  0.17598E-02
 0.94096E+00  0.68790E+00  0.14756E-02
 0.95105E+00  0.68790E+00  0.12274E-02
 0.95949E+00  0.68790E+00  0.10130E-02
 0.96653E+00  0.68790E+00  0.82932E-03
 0.97238E+00  0.68790E+00  0.67319E-03
 0.97724E+00  0.68790E+00  0.54128E-03
 0.98126E+00  0.68790E+00  0.43046E-03
 0.98458E+00  0.68790E+00  0.33793E-03
 0.98732E+00  0.68790E+00  0.26138E-03
 0.98958E+00  0.68790E+00  0.19892E-03
 0.99145E+00  0.68790E+00  0.14888E-03
 0.99298E+00  0.68790E+00  0.10965E-03
 0.99424E+00  0.68790E+00  0.79557E-04
 0.99528E+00  0.68790E+00  0.56955E-04
 0.99613E+00  0.68790E+00  0.40294E-04
 0.99683E+00  0.68790E+00  0.28214E-04
 0.99741E+00  0.68790E+00  0.19577E-04
 0.99788E+00  0.68790E+00  0.13475E-04
 0.99827E+00  0.68790E+00  0.92070E-05
 0.99859E+00  0.68790E+00  0.62479E-05
 0.99885E+00  0.68790E+00  0.42116E-05
 0.99906E+00  0.68790E+00  0.28194E-05
 0.99924E+00  0.68790E+00  0.18735E-05
 0.99938E+00  0.68790E+00  0.12343E-05
 0.99950E+00  0.68790E+00  0.80488E-06
 0.99960E+00  0.68790E+00  0.51803E-06
 0.99968E+00  0.68790E+00  0.32762E-06
 0.99975E+00  0.68790E+00  0.20213E-06
 0.99980E+00  0.68790E+00  0.12013E-06
 0.99984E+00  0.68790E+00  0.67114E-07
 0.99988E+00  0.68790E+00  0.33292E-07
 0.99991E+00  0.68790E+00  0.12103E-07
 0.99993E+00  0.68790E+00 -0.84062E-09
 0.99995E+00  0.68790E+00 -0.84577E-08
 0.99997E+00  0.68790E+00 -0.12678E-07
 0.99998E+00  0.68790E+00 -0.14772E-07
 0.10000E+01  0.68790E+00 -0.15565E-07
 0.10000E+01  0.68790E+00  0.00000E+00
 0.00000E+00  0.72869E+00  0.00000E+00
 0.49709E-05  0.72869E+00  0.80068E-10
 0.16001E-04  0.72869E+00  0.82891E-09
 0.29447E-04  0.72869E+00  0.28047E-08
 0.45836E-04  0.72869E+00  0.67886E-08
 0.65814E-04  0.72869E+00  0.13978E-07
 0.90165E-04  0.72869E+00  0.26196E-07
 0.11985E-03  0.72869E+00  0.46196E-07
 0.15603E-03  0.72869E+00  0.78121E-07
 0.20013E-03  0.72869E+00  0.12817E-06
 0.25388E-03  0.72869E+00  0.20557E-06
 0.31939E-03  0.72869E+00  0.32403E-06
 0.39924E-03  0.72869E+00  0.50377E-06
 0.49656E-03  0.72869E+00  0.77457E-06
 0.61516E-03  0.72869E+00  0.11800E-05
 0.75970E-03  0.72869E+00  0.17834E-05
 0.93583E-03  0.72869E+00  0.26766E-05
 0.11504E-02  0.72869E+00  0.39911E-05
 0.14119E-02  0.72869E+00  0.59140E-05
 0.17305E-02  0.72869E+00  0.87086E-05
 0.21186E-02  0.72869E+00  0.12740E-04
 0.25912E-02  0.72869E+00  0.18504E-04
 0.31667E-02  0.72869E+00  0.26664E-04
 0.38673E-02  0.72869E+00  0.38080E-04
 0.47200E-02  0.72869E+00  0.53826E-04
 0.57574E-02  0.72869E+00  0.75192E-04
 0.70191E-02  0.72869E+00  0.10364E-03
 0.85527E-02  0.72869E+00  0.14074E-03
 0.10416E-01  0.72869E+00  0.18806E-03
 0.12677E-01  0.72869E+00  0.24712E-03
 0.15420E-01  0.72869E+00  0.31949E-03
 0.18742E-01  0.72869E+00  0.40693E-03
 0.22762E-01  0.72869E+00  0.51160E-03
 0.27617E-01  0.72869E+00  0.63609E-03
 0.33469E-01  0.72869E+00  0.78331E-03
 0.40509E-01  0.72869E+00  0.95628E-03
 0.48950E-01  0.72869E+00  0.11580E-02
 0.59040E-01  0.72869E+00  0.13911E-02
 0.71052E-01  0.72869E+00  0.16575E-02
 0.85282E-01  0.72869E+00  0.19582E-02
 0.10204E+00  0.72869E+00  0.22923E-02
 0.12166E+00  0.72869E+00  0.26569E-02
 0.14443E+00  0.72869E+00  0.30466E-02
 0.17063E+00  0.72869E+00  0.34529E-02
 0.20047E+00  0.72869E+00  0.38646E-02
 0.23404E+00  0.72869E+00  0.42677E-02
 0.27131E+00  0.72869E+00  0.46467E-02
 0.31210E+00  0.72869E+00  0.49852E-02
 0.35601E+00  0.72869E+00  0.52676E-02
 0.40249E+00  0.72869E+00  0.54801E-02
 0.45077E+00  0.72869E+00  0.56122E-02
 0.50000E+00  0.72869E+00  0.56571E-02
 0.54923E+00  0.72869E+00  0.56125E-02
 0.59751E+00  0.72869E+00  0.54808E-02
 0.64399E+00  0.72869E+00  0.52685E-02
 0.68790E+00  0.72869E+00  0.49864E-02
 0.72869E+00  0.72869E+00  0.46481E-02
 0.76596E+00  0.72869E+00  0.42693E-02
 0.79953E+00  0.72869E+00  0.38663E-02
 0.82937E+00  0.72869E+00  0.34546E-02
 0.85557E+00  0.72869E+00  0.30482E-02
 0.87834E+00  0.72869E+00  0.26585E-02
 0.89796E+00  0.72869E+00  0.22937E-02
 0.91472E+00  0.72869E+00  0.19595E-02
 0.92895E+00  0.72869E+00  0.16587E-02
 0.94096E+00  0.72869E+00  0.13922E-02
 0.95105E+00  0.72869E+00  0.11590E-02
 0.95949E+00  0.72869E+00  0.95716E-03
 0.96653E+00  0.72869E+00  0.78409E-03
 0.97238E+00  0.72869E+00  0.63679E-03
 0.97724E+00  0.72869E+00  0.51223E-03
 0.98126E+00  0.72869E+00  0.40749E-03
 0.98458E+00  0.72869E+00  0.32000E-03
 0.98732E+00  0.72869E+00  0.24757E-03
 0.98958E+00  0.72869E+00  0.18844E-03
 0.99145E+00  0.72869E+00  0.14106E-03
 0.99298E+00  0.72869E+00  0.10390E-03
 0.99424E+00  0.72869E+00  0.75396E-04
 0.99528E+00  0.72869E+00  0.53980E-04
 0.99613E+00  0.72869E+00  0.38191E-04
 0.99683E+00  0.72869E+00  0.26742E-04
 0.99741E+00  0.72869E+00  0.18555E-04
 0.99788E+00  0.72869E+00  0.12771E-04
 0.99827E+00  0.72869E+00  0.87254E-05
 0.99859E+00  0.72869E+00  0.59202E-05
 0.99885E+00  0.72869E+00  0.39896E-05
 0.99906E+00  0.72869E+00  0.26698E-05
 0.99924E+00  0.72869E+00  0.17729E-05
 0.99938E+00  0.72869E+00  0.11670E-05
 0.99950E+00  0.72869E+00  0.75980E-06
 0.99960E+00  0.72869E+00  0.48782E-06
 0.99968E+00  0.72869E+00  0.30729E-06
 0.99975E+00  0.72869E+00  0.18831E-06
 0.99980E+00  0.72869E+00  0.11056E-06
 0.99984E+00  0.72869E+00  0.60291E-07
 0.99988E+00  0.72869E+00  0.28223E-07
 0.99991E+00  0.72869E+00  0.81319E-08
 0.99993E+00  0.72869E+00 -0.41412E-08
 0.99995E+00  0.72869E+00 -0.11364E-07
 0.99997E+00  0.72869E+00 -0.15366E-07
 0.99998E+00  0.72869E+00 -0.17350E-07
 0.10000E+01  0.72869E+00 -0.18103E-07
 0.10000E+01  0.72869E+00  0.00000E+00
 0.00000E+00  0.76596E+00  0.00000E+00
 0.49709E-05  0.76596E+00  0.75008E-10
 0.16001E-04  0.76596E+00  0.77652E-09
 0.29447E-04  0.76596E+00  0.26275E-08
 0.45836E-04  0.76596E+00  0.63595E-08
 0.65814E-04  0.76596E+00  0.13095E-07
 0.90165E-04  0.76596E+00  0.24540E-07
 0.11985E-03  0.76596E+00  0.43277E-07
 0.15603E-03  0.76596E+00  0.73184E-07
 0.20013E-03  0.76596E+00  0.12007E-06
 0.25388E-03  0.76596E+00  0.19258E-06
 0.31939E-03  0.76596E+00  0.30355E-06
 0.39924E-03  0.76596E+00  0.47193E-06
 0.49656E-03  0.76596E+00  0.72561E-06
 0.61516E-03  0.76596E+00  0.11054E-05
 0.75970E-03  0.76596E+00  0.16707E-05
 0.93583E-03  0.76596E+00  0.25074E-05
 0.11504E-02  0.76596E+00  0.37387E-05
 0.14119E-02  0.76596E+00  0.55401E-05
 0.17305E-02  0.76596E+00  0.81579E-05
 0.21186E-02  0.76596E+00  0.11934E-04
 0.25912E-02  0.76596E+00  0.17333E-04
 0.31667E-02  0.76596E+00  0.24977E-04
 0.38673E-02  0.76596E+00  0.35669E-04
 0.47200E-02  0.76596E+00  0.50416E-04
 0.57574E-02  0.76596E+00  0.70426E-04
 0.70191E-02  0.76596E+00  0.97066E-04
 0.85527E-02  0.76596E+00  0.13180E-03
 0.10416E-01  0.76596E+00  0.17608E-03
 0.12677E-01  0.76596E+00  0.23134E-03
 0.15420E-01  0.76596E+00  0.29902E-03
 0.18742E-01  0.76596E+00  0.38073E-03
 0.22762E-01  0.76596E+00  0.47847E-03
 0.27617E-01  0.76596E+00  0.59460E-03
 0.33469E-01  0.76596E+00  0.73176E-03
 0.40509E-01  0.76596E+00  0.89270E-03
 0.48950E-01  0.76596E+00  0.10801E-02
 0.59040E-01  0.76596E+00  0.12961E-02
 0.71052E-01  0.76596E+00  0.15426E-02
 0.85282E-01  0.76596E+00  0.18200E-02
 0.10204E+00  0.76596E+00  0.21273E-02
 0.12166E+00  0.76596E+00  0.24617E-02
 0.14443E+00  0.76596E+00  0.28180E-02
 0.17063E+00  0.76596E+00  0.31881E-02
 0.20047E+00  0.76596E+00  0.35619E-02
 0.23404E+00  0.76596E+00  0.39268E-02
 0.27131E+00  0.76596E+00  0.42688E-02
 0.31210E+00  0.76596E+00  0.45736E-02
 0.35601E+00  0.76596E+00  0.48274E-02
 0.40249E+00  0.76596E+00  0.50181E-02
 0.45077E+00  0.76596E+00  0.51365E-02
 0.50000E+00  0.76596E+00  0.51768E-02
 0.54923E+00  0.76596E+00  0.51369E-02
 0.59751E+00  0.76596E+00  0.50188E-02
 0.64399E+00  0.76596E+00  0.48284E-02
 0.68790E+00  0.76596E+00  0.45749E-02
 0.72869E+00  0.76596E+00  0.42704E-02
 0.76596E+00  0.76596E+00  0.39285E-02
 0.79953E+00  0.76596E+00  0.35637E-02
 0.82937E+00  0.76596E+00  0.31900E-02
 0.85557E+00  0.76596E+00  0.28198E-02
 0.87834E+00  0.76596E+00  0.24635E-02
 0.89796E+00  0.76596E+00  0.21289E-02
 0.91472E+00  0.76596E+00  0.18215E-02
 0.92895E+00  0.76596E+00  0.15440E-02
 0.94096E+00  0.76596E+00  0.12974E-02
 0.95105E+00  0.76596E+00  0.10812E-02
 0.95949E+00  0.76596E+00  0.89369E-03
 0.96653E+00  0.76596E+00  0.73265E-03
 0.97238E+00  0.76596E+00  0.59539E-03
 0.97724E+00  0.76596E+00  0.47918E-03
 0.98126E+00  0.76596E+00  0.38137E-03
 0.98458E+00  0.76596E+00  0.29959E-03
 0.98732E+00  0.76596E+00  0.23185E-03
 0.98958E+00  0.76596E+00  0.17652E-03
 0.99145E+00  0.76596E+00  0.13217E-03
 0.99298E+00  0.76596E+00  0.97365E-04
 0.99424E+00  0.76596E+00  0.70659E-04
 0.99528E+00  0.76596E+00  0.50593E-04
 0.99613E+00  0.76596E+00  0.35797E-04
 0.99683E+00  0.76596E+00  0.25067E-04
 0.99741E+00  0.76596E+00  0.17393E-04
 0.99788E+00  0.76596E+00  0.11971E-04
 0.99827E+00  0.76596E+00  0.81779E-05
 0.99859E+00  0.76596E+00  0.55480E-05
 0.99885E+00  0.76596E+00  0.37380E-05
 0.99906E+00  0.76596E+00  0.25005E-05
 0.99924E+00  0.76596E+00  0.16596E-05
 0.99938E+00  0.76596E+00  0.10914E-05
 0.99950E+00  0.76596E+00  0.70959E-06
 0.99960E+00  0.76596E+00  0.45457E-06
 0.99968E+00  0.76596E+00  0.28528E-06
 0.99975E+00  0.76596E+00  0.17371E-06
 0.99980E+00  0.76596E+00  0.10081E-06
 0.99984E+00  0.76596E+00  0.53669E-07
 0.99988E+00  0.76596E+00  0.23598E-07
 0.99991E+00  0.76596E+00  0.47578E-08
 0.99993E+00  0.76596E+00 -0.67510E-08
 0.99995E+00  0.76596E+00 -0.13524E-07
 0.99997E+00  0.76596E+00 -0.17276E-07
 0.99998E+00  0.76596E+00 -0.19138E-07
 0.10000E+01  0.76596E+00 -0.19843E-07
 0.10000E+01  0.76596E+00  0.00000E+00
 0.00000E+00  0.79953E+00  0.00000E+00
 0.49709E-05  0.79953E+00  0.69524E-10
 0.16001E-04  0.79953E+00  0.71975E-09
 0.29447E-04  0.79953E+00  0.24354E-08
 0.45836E-04  0.79953E+00  0.58946E-08
 0.65814E-04  0.79953E+00  0.12138E-07
 0.90165E-04  0.79953E+00  0.22746E-07
 0.11985E-03  0.79953E+00  0.40113E-07
 0.15603E-03  0.79953E+00  0.67834E-07
 0.20013E-03  0.79953E+00  0.11129E-06
 0.25388E-03  0.79953E+00  0.17850E-06
 0.31939E-03  0.79953E+00  0.28135E-06
 0.39924E-03  0.79953E+00  0.43743E-06
 0.49656E-03  0.79953E+00  0.67256E-06
 0.61516E-03  0.79953E+00  0.10246E-05
 0.75970E-03  0.79953E+00  0.15485E-05
 0.93583E-03  0.79953E+00  0.23240E-05
 0.11504E-02  0.79953E+00  0.34653E-05
 0.14119E-02  0.79953E+00  0.51349E-05
 0.17305E-02  0.79953E+00  0.75611E-05
 0.21186E-02  0.79953E+00  0.11061E-04
 0.25912E-02  0.79953E+00  0.16065E-04
 0.31667E-02  0.79953E+00  0.23148E-04
 0.38673E-02  0.79953E+00  0.33056E-04
 0.47200E-02  0.79953E+00  0.46721E-04
 0.57574E-02  0.79953E+00  0.65259E-04
 0.70191E-02  0.79953E+00  0.89936E-04
 0.85527E-02  0.79953E+00  0.12210E-03
 0.10416E-01  0.79953E+00  0.16310E-03
 0.12677E-01  0.79953E+00  0.21423E-03
 0.15420E-01  0.79953E+00  0.27682E-03
 0.18742E-01  0.79953E+00  0.35232E-03
 0.22762E-01  0.79953E+00  0.44254E-03
 0.27617E-01  0.79953E+00  0.54961E-03
 0.33469E-01  0.79953E+00  0.67588E-03
 0.40509E-01  0.79953E+00  0.82379E-03
 0.48950E-01  0.79953E+00  0.99563E-03
 0.59040E-01  0.79953E+00  0.11933E-02
 0.71052E-01  0.79953E+00  0.14182E-02
 0.85282E-01  0.79953E+00  0.16706E-02
 0.10204E+00  0.79953E+00  0.19492E-02
 0.12166E+00  0.79953E+00  0.22514E-02
 0.14443E+00  0.79953E+00  0.25720E-02
 0.17063E+00  0.79953E+00  0.29040E-02
 0.20047E+00  0.79953E+00  0.32380E-02
 0.23404E+00  0.79953E+00  0.35630E-02
 0.27131E+00  0.79953E+00  0.38667E-02
 0.31210E+00  0.79953E+00  0.41368E-02
 0.35601E+00  0.79953E+00  0.43612E-02
 0.40249E+00  0.79953E+00  0.45296E-02
 0.45077E+00  0.79953E+00  0.46341E-02
 0.50000E+00  0.79953E+00  0.46696E-02
 0.54923E+00  0.79953E+00  0.46345E-02
 0.59751E+00  0.79953E+00  0.45303E-02
 0.64399E+00  0.79953E+00  0.43622E-02
 0.68790E+00  0.79953E+00  0.41381E-02
 0.72869E+00  0.79953E+00  0.38683E-02
 0.76596E+00  0.79953E+00  0.35647E-02
 0.79953E+00  0.79953E+00  0.32399E-02
 0.82937E+00  0.79953E+00  0.29059E-02
 0.85557E+00  0.79953E+00  0.25739E-02
 0.87834E+00  0.79953E+00  0.22532E-02
 0.89796E+00  0.79953E+00  0.19510E-02
 0.91472E+00  0.79953E+00  0.16722E-02
 0.92895E+00  0.79953E+00  0.14197E-02
 0.94096E+00  0.79953E+00  0.11947E-02
 0.95105E+00  0.79953E+00  0.99683E-03
 0.95949E+00  0.79953E+00  0.82486E-03
 0.96653E+00  0.79953E+00  0.67685E-03
 0.97238E+00  0.79953E+00  0.55047E-03
 0.97724E+00  0.79953E+00  0.44332E-03
 0.98126E+00  0.79953E+00  0.35302E-03
 0.98458E+00  0.79953E+00  0.27745E-03
 0.98732E+00  0.79953E+00  0.21479E-03
 0.98958E+00  0.79953E+00  0.16358E-03
 0.99145E+00  0.79953E+00  0.12251E-03
 0.99298E+00  0.79953E+00  0.90265E-04
 0.99424E+00  0.79953E+00  0.65517E-04
 0.99528E+00  0.79953E+00  0.46916E-04
 0.99613E+00  0.79953E+00  0.33198E-04
 0.99683E+00  0.79953E+00  0.23248E-04
 0.99741E+00  0.79953E+00  0.16131E-04
 0.99788E+00  0.79953E+00  0.11102E-04
 0.99827E+00  0.79953E+00  0.75842E-05
 0.99859E+00  0.79953E+00  0.51446E-05
 0.99885E+00  0.79953E+00  0.34655E-05
 0.99906E+00  0.79953E+00  0.23175E-05
 0.99924E+00  0.79953E+00  0.15374E-05
 0.99938E+00  0.79953E+00  0.10102E-05
 0.99950E+00  0.79953E+00  0.65603E-06
 0.99960E+00  0.79953E+00  0.41941E-06
 0.99968E+00  0.79953E+00  0.26235E-06
 0.99975E+00  0.79953E+00  0.15883E-06
 0.99980E+00  0.79953E+00  0.91192E-07
 0.99984E+00  0.79953E+00  0.47453E-07
 0.99988E+00  0.79953E+00  0.19552E-07
 0.99991E+00  0.79953E+00  0.20716E-08
 0.99993E+00  0.79953E+00 -0.86068E-08
 0.99995E+00  0.79953E+00 -0.14891E-07
 0.99997E+00  0.79953E+00 -0.18373E-07
 0.99998E+00  0.79953E+00 -0.20100E-07
 0.10000E+01  0.79953E+00 -0.20754E-07
 0.10000E+01  0.79953E+00  0.00000E+00
 0.00000E+00  0.82937E+00  0.00000E+00
 0.49709E-05  0.82937E+00  0.63796E-10
 0.16001E-04  0.82937E+00  0.66045E-09
 0.29447E-04  0.82937E+00  0.22347E-08
 0.45836E-04  0.82937E+00  0.54089E-08
 0.65814E-04  0.82937E+00  0.11137E-07
 0.90165E-04  0.82937E+00  0.20872E-07
 0.11985E-03  0.82937E+00  0.36807E-07
 0.15603E-03  0.82937E+00  0.62244E-07
 0.20013E-03  0.82937E+00  0.10212E-06
 0.25388E-03  0.82937E+00  0.16379E-06
 0.31939E-03  0.82937E+00  0.25817E-06
 0.39924E-03  0.82937E+00  0.40138E-06
 0.49656E-03  0.82937E+00  0.61713E-06
 0.61516E-03  0.82937E+00  0.94013E-06
 0.75970E-03  0.82937E+00  0.14209E-05
 0.93583E-03  0.82937E+00  0.21324E-05
 0.11504E-02  0.82937E+00  0.31796E-05
 0.14119E-02  0.82937E+00  0.47115E-05
 0.17305E-02  0.82937E+00  0.69375E-05
 0.21186E-02  0.82937E+00  0.10148E-04
 0.25912E-02  0.82937E+00  0.14739E-04
 0.31667E-02  0.82937E+00  0.21237E-04
 0.38673E-02  0.82937E+00  0.30326E-04
 0.47200E-02  0.82937E+00  0.42859E-04
 0.57574E-02  0.82937E+00  0.59859E-04
 0.70191E-02  0.82937E+00  0.82485E-04
 0.85527E-02  0.82937E+00  0.11197E-03
 0.10416E-01  0.82937E+00  0.14953E-03
 0.12677E-01  0.82937E+00  0.19635E-03
 0.15420E-01  0.82937E+00  0.25361E-03
 0.18742E-01  0.82937E+00  0.32263E-03
 0.22762E-01  0.82937E+00  0.40500E-03
 0.27617E-01  0.82937E+00  0.50259E-03
 0.33469E-01  0.82937E+00  0.61750E-03
 0.40509E-01  0.82937E+00  0.75181E-03
 0.48950E-01  0.82937E+00  0.90748E-03
 0.59040E-01  0.82937E+00  0.10861E-02
 0.71052E-01  0.82937E+00  0.12886E-02
 0.85282E-01  0.82937E+00  0.15150E-02
 0.10204E+00  0.82937E+00  0.17642E-02
 0.12166E+00  0.82937E+00  0.20332E-02
 0.14443E+00  0.82937E+00  0.23176E-02
 0.17063E+00  0.82937E+00  0.26109E-02
 0.20047E+00  0.82937E+00  0.29050E-02
 0.23404E+00  0.82937E+00  0.31901E-02
 0.27131E+00  0.82937E+00  0.34560E-02
 0.31210E+00  0.82937E+00  0.36917E-02
 0.35601E+00  0.82937E+00  0.38873E-02
 0.40249E+00  0.82937E+00  0.40340E-02
 0.45077E+00  0.82937E+00  0.41249E-02
 0.50000E+00  0.82937E+00  0.41558E-02
 0.54923E+00  0.82937E+00  0.41252E-02
 0.59751E+00  0.82937E+00  0.40347E-02
 0.64399E+00  0.82937E+00  0.38884E-02
 0.68790E+00  0.82937E+00  0.36931E-02
 0.72869E+00  0.82937E+00  0.34575E-02
 0.76596E+00  0.82937E+00  0.31919E-02
 0.79953E+00  0.82937E+00  0.29068E-02
 0.82937E+00  0.82937E+00  0.26128E-02
 0.85557E+00  0.82937E+00  0.23195E-02
 0.87834E+00  0.82937E+00  0.20351E-02
 0.89796E+00  0.82937E+00  0.17659E-02
 0.91472E+00  0.82937E+00  0.15167E-02
 0.92895E+00  0.82937E+00  0.12901E-02
 0.94096E+00  0.82937E+00  0.10875E-02
 0.95105E+00  0.82937E+00  0.90873E-03
 0.95949E+00  0.82937E+00  0.75294E-03
 0.96653E+00  0.82937E+00  0.61851E-03
 0.97238E+00  0.82937E+00  0.50350E-03
 0.97724E+00  0.82937E+00  0.40582E-03
 0.98126E+00  0.82937E+00  0.32337E-03
 0.98458E+00  0.82937E+00  0.25428E-03
 0.98732E+00  0.82937E+00  0.19694E-03
 0.98958E+00  0.82937E+00  0.15004E-03
 0.99145E+00  0.82937E+00  0.11240E-03
 0.99298E+00  0.82937E+00  0.82836E-04
 0.99424E+00  0.82937E+00  0.60135E-04
 0.99528E+00  0.82937E+00  0.43068E-04
 0.99613E+00  0.82937E+00  0.30479E-04
 0.99683E+00  0.82937E+00  0.21345E-04
 0.99741E+00  0.82937E+00  0.14811E-04
 0.99788E+00  0.82937E+00  0.10194E-04
 0.99827E+00  0.82937E+00  0.69634E-05
 0.99859E+00  0.82937E+00  0.47231E-05
 0.99885E+00  0.82937E+00  0.31811E-05
 0.99906E+00  0.82937E+00  0.21268E-05
 0.99924E+00  0.82937E+00  0.14103E-05
 0.99938E+00  0.82937E+00  0.92610E-06
 0.99950E+00  0.82937E+00  0.60077E-06
 0.99960E+00  0.82937E+00  0.38344E-06
 0.99968E+00  0.82937E+00  0.23918E-06
 0.99975E+00  0.82937E+00  0.14409E-06
 0.99980E+00  0.82937E+00  0.81962E-07
 0.99984E+00  0.82937E+00  0.41786E-07
 0.99988E+00  0.82937E+00  0.16157E-07
 0.99991E+00  0.82937E+00  0.10006E-09
 0.99993E+00  0.82937E+00 -0.97088E-08
 0.99995E+00  0.82937E+00 -0.15481E-07
 0.99997E+00  0.82937E+00 -0.18680E-07
 0.99998E+00  0.82937E+00 -0.20266E-07
 0.10000E+01  0.82937E+00 -0.20867E-07
 0.10000E+01  0.82937E+00  0.00000E+00
 0.00000E+00  0.85557E+00  0.00000E+00
 0.49709E-05  0.85557E+00  0.57985E-10
 0.16001E-04  0.85557E+00  0.60029E-09
 0.29447E-04  0.85557E+00  0.20312E-08
 0.45836E-04  0.85557E+00  0.49163E-08
 0.65814E-04  0.85557E+00  0.10123E-07
 0.90165E-04  0.85557E+00  0.18971E-07
 0.11985E-03  0.85557E+00  0.33455E-07
 0.15603E-03  0.85557E+00  0.56574E-07
 0.20013E-03  0.85557E+00  0.92816E-07
 0.25388E-03  0.85557E+00  0.14887E-06
 0.31939E-03  0.85557E+00  0.23465E-06
 0.39924E-03  0.85557E+00  0.36481E-06
 0.49656E-03  0.85557E+00  0.56090E-06
 0.61516E-03  0.85557E+00  0.85447E-06
 0.75970E-03  0.85557E+00  0.12914E-05
 0.93583E-03  0.85557E+00  0.19381E-05
 0.11504E-02  0.85557E+00  0.28898E-05
 0.14119E-02  0.85557E+00  0.42820E-05
 0.17305E-02  0.85557E+00  0.63050E-05
 0.21186E-02  0.85557E+00  0.92226E-05
 0.25912E-02  0.85557E+00  0.13394E-04
 0.31667E-02  0.85557E+00  0.19299E-04
 0.38673E-02  0.85557E+00  0.27556E-04
 0.47200E-02  0.85557E+00  0.38941E-04
 0.57574E-02  0.85557E+00  0.54381E-04
 0.70191E-02  0.85557E+00  0.74924E-04
 0.85527E-02  0.85557E+00  0.10168E-03
 0.10416E-01  0.85557E+00  0.13576E-03
 0.12677E-01  0.85557E+00  0.17821E-03
 0.15420E-01  0.85557E+00  0.23007E-03
 0.18742E-01  0.85557E+00  0.29250E-03
 0.22762E-01  0.85557E+00  0.36690E-03
 0.27617E-01  0.85557E+00  0.45491E-03
 0.33469E-01  0.85557E+00  0.55830E-03
 0.40509E-01  0.85557E+00  0.67886E-03
 0.48950E-01  0.85557E+00  0.81819E-03
 0.59040E-01  0.85557E+00  0.97754E-03
 0.71052E-01  0.85557E+00  0.11576E-02
 0.85282E-01  0.85557E+00  0.13581E-02
 0.10204E+00  0.85557E+00  0.15778E-02
 0.12166E+00  0.85557E+00  0.18141E-02
 0.14443E+00  0.85557E+00  0.20629E-02
 0.17063E+00  0.85557E+00  0.23185E-02
 0.20047E+00  0.85557E+00  0.25738E-02
 0.23404E+00  0.85557E+00  0.28207E-02
 0.27131E+00  0.85557E+00  0.30503E-02
 0.31210E+00  0.85557E+00  0.32536E-02
 0.35601E+00  0.85557E+00  0.34219E-02
 0.40249E+00  0.85557E+00  0.35480E-02
 0.45077E+00  0.85557E+00  0.36261E-02
 0.50000E+00  0.85557E+00  0.36527E-02
 0.54923E+00  0.85557E+00  0.36264E-02
 0.59751E+00  0.85557E+00  0.35487E-02
 0.64399E+00  0.85557E+00  0.34229E-02
 0.68790E+00  0.85557E+00  0.32548E-02
 0.72869E+00  0.85557E+00  0.30518E-02
 0.76596E+00  0.85557E+00  0.28224E-02
 0.79953E+00  0.85557E+00  0.25756E-02
 0.82937E+00  0.85557E+00  0.23203E-02
 0.85557E+00  0.85557E+00  0.20647E-02
 0.87834E+00  0.85557E+00  0.18159E-02
 0.89796E+00  0.85557E+00  0.15795E-02
 0.91472E+00  0.85557E+00  0.13597E-02
 0.92895E+00  0.85557E+00  0.11591E-02
 0.94096E+00  0.85557E+00  0.97892E-03
 0.95105E+00  0.85557E+00  0.81945E-03
 0.95949E+00  0.85557E+00  0.68000E-03
 0.96653E+00  0.85557E+00  0.55933E-03
 0.97238E+00  0.85557E+00  0.45584E-03
 0.97724E+00  0.85557E+00  0.36775E-03
 0.98126E+00  0.85557E+00  0.29327E-03
 0.98458E+00  0.85557E+00  0.23076E-03
 0.98732E+00  0.85557E+00  0.17882E-03
 0.98958E+00  0.85557E+00  0.13629E-03
 0.99145E+00  0.85557E+00  0.10213E-03
 0.99298E+00  0.85557E+00  0.75290E-04
 0.99424E+00  0.85557E+00  0.54668E-04
 0.99528E+00  0.85557E+00  0.39159E-04
 0.99613E+00  0.85557E+00  0.27716E-04
 0.99683E+00  0.85557E+00  0.19412E-04
 0.99741E+00  0.85557E+00  0.13471E-04
 0.99788E+00  0.85557E+00  0.92713E-05
 0.99827E+00  0.85557E+00  0.63333E-05
 0.99859E+00  0.85557E+00  0.42955E-05
 0.99885E+00  0.85557E+00  0.28928E-05
 0.99906E+00  0.85557E+00  0.19337E-05
 0.99924E+00  0.85557E+00  0.12818E-05
 0.99938E+00  0.85557E+00  0.84132E-06
 0.99950E+00  0.85557E+00  0.54533E-06
 0.99960E+00  0.85557E+00  0.34760E-06
 0.99968E+00  0.85557E+00  0.21634E-06
 0.99975E+00  0.85557E+00  0.12983E-06
 0.99980E+00  0.85557E+00  0.73295E-07
 0.99984E+00  0.85557E+00  0.36740E-07
 0.99988E+00  0.85557E+00  0.13420E-07
 0.99991E+00  0.85557E+00 -0.11897E-08
 0.99993E+00  0.85557E+00 -0.10115E-07
 0.99995E+00  0.85557E+00 -0.15367E-07
 0.99997E+00  0.85557E+00 -0.18277E-07
 0.99998E+00  0.85557E+00 -0.19721E-07
 0.10000E+01  0.85557E+00 -0.20268E-07
 0.10000E+01  0.85557E+00  0.00000E+00
 0.00000E+00  0.87834E+00  0.00000E+00
 0.49709E-05  0.87834E+00  0.52234E-10
 0.16001E-04  0.87834E+00  0.54075E-09
 0.29447E-04  0.87834E+00  0.18297E-08
 0.45836E-04  0.87834E+00  0.44286E-08
 0.65814E-04  0.87834E+00  0.91189E-08
 0.90165E-04  0.87834E+00  0.17089E-07
 0.11985E-03  0.87834E+00  0.30136E-07
 0.15603E-03  0.87834E+00  0.50962E-07
 0.20013E-03  0.87834E+00  0.83610E-07
 0.25388E-03  0.87834E+00  0.13410E-06
 0.31939E-03  0.87834E+00  0.21137E-06
 0.39924E-03  0.87834E+00  0.32862E-06
 0.49656E-03  0.87834E+00  0.50525E-06
 0.61516E-03  0.87834E+00  0.76969E-06
 0.75970E-03  0.87834E+00  0.11633E-05
 0.93583E-03  0.87834E+00  0.17458E-05
 0.11504E-02  0.87834E+00  0.26030E-05
 0.14119E-02  0.87834E+00  0.38569E-05
 0.17305E-02  0.87834E+00  0.56788E-05
 0.21186E-02  0.87834E+00  0.83064E-05
 0.25912E-02  0.87834E+00  0.12063E-04
 0.31667E-02  0.87834E+00  0.17380E-04
 0.38673E-02  0.87834E+00  0.24814E-04
 0.47200E-02  0.87834E+00  0.35062E-04
 0.57574E-02  0.87834E+00  0.48958E-04
 0.70191E-02  0.87834E+00  0.67440E-04
 0.85527E-02  0.87834E+00  0.91502E-04
 0.10416E-01  0.87834E+00  0.12213E-03
 0.12677E-01  0.87834E+00  0.16024E-03
 0.15420E-01  0.87834E+00  0.20676E-03
 0.18742E-01  0.87834E+00  0.26268E-03
 0.22762E-01  0.87834E+00  0.32920E-03
 0.27617E-01  0.87834E+00  0.40772E-03
 0.33469E-01  0.87834E+00  0.49975E-03
 0.40509E-01  0.87834E+00  0.60674E-03
 0.48950E-01  0.87834E+00  0.73000E-03
 0.59040E-01  0.87834E+00  0.87046E-03
 0.71052E-01  0.87834E+00  0.10285E-02
 0.85282E-01  0.87834E+00  0.12039E-02
 0.10204E+00  0.87834E+00  0.13952E-02
 0.12166E+00  0.87834E+00  0.16000E-02
 0.14443E+00  0.87834E+00  0.18148E-02
 0.17063E+00  0.87834E+00  0.20348E-02
 0.20047E+00  0.87834E+00  0.22538E-02
 0.23404E+00  0.87834E+00  0.24651E-02
 0.27131E+00  0.87834E+00  0.26611E-02
 0.31210E+00  0.87834E+00  0.28343E-02
 0.35601E+00  0.87834E+00  0.29777E-02
 0.40249E+00  0.87834E+00  0.30849E-02
 0.45077E+00  0.87834E+00  0.31513E-02
 0.50000E+00  0.87834E+00  0.31739E-02
 0.54923E+00  0.87834E+00  0.31516E-02
 0.59751E+00  0.87834E+00  0.30855E-02
 0.64399E+00  0.87834E+00  0.29785E-02
 0.68790E+00  0.87834E+00  0.28355E-02
 0.72869E+00  0.87834E+00  0.26624E-02
 0.76596E+00  0.87834E+00  0.24666E-02
 0.79953E+00  0.87834E+00  0.22554E-02
 0.82937E+00  0.87834E+00  0.20365E-02
 0.85557E+00  0.87834E+00  0.18166E-02
 0.87834E+00  0.87834E+00  0.16017E-02
 0.89796E+00  0.87834E+00  0.13968E-02
 0.91472E+00  0.87834E+00  0.12054E-02
 0.92895E+00  0.87834E+00  0.10300E-02
 0.94096E+00  0.87834E+00  0.87181E-03
 0.95105E+00  0.87834E+00  0.73124E-03
 0.95949E+00  0.87834E+00  0.60787E-03
 0.96653E+00  0.87834E+00  0.50077E-03
 0.97238E+00  0.87834E+00  0.40865E-03
 0.97724E+00  0.87834E+00  0.33005E-03
 0.98126E+00  0.87834E+00  0.26345E-03
 0.98458E+00  0.87834E+00  0.20745E-03
 0.98732E+00  0.87834E+00  0.16086E-03
 0.98958E+00  0.87834E+00  0.12267E-03
 0.99145E+00  0.87834E+00  0.91958E-04
 0.99298E+00  0.87834E+00  0.67812E-04
 0.99424E+00  0.87834E+00  0.49250E-04
 0.99528E+00  0.87834E+00  0.35285E-04
 0.99613E+00  0.87834E+00  0.24977E-04
 0.99683E+00  0.87834E+00  0.17496E-04
 0.99741E+00  0.87834E+00  0.12142E-04
 0.99788E+00  0.87834E+00  0.83574E-05
 0.99827E+00  0.87834E+00  0.57090E-05
 0.99859E+00  0.87834E+00  0.38721E-05
 0.99885E+00  0.87834E+00  0.26075E-05
 0.99906E+00  0.87834E+00  0.17427E-05
 0.99924E+00  0.87834E+00  0.11550E-05
 0.99938E+00  0.87834E+00  0.75784E-06
 0.99950E+00  0.87834E+00  0.49094E-06
 0.99960E+00  0.87834E+00  0.31265E-06
 0.99968E+00  0.87834E+00  0.19428E-06
 0.99975E+00  0.87834E+00  0.11627E-06
 0.99980E+00  0.87834E+00  0.65292E-07
 0.99984E+00  0.87834E+00  0.32328E-07
 0.99988E+00  0.87834E+00  0.11298E-07
 0.99991E+00  0.87834E+00 -0.18766E-08
 0.99993E+00  0.87834E+00 -0.99252E-08
 0.99995E+00  0.87834E+00 -0.14662E-07
 0.99997E+00  0.87834E+00 -0.17286E-07
 0.99998E+00  0.87834E+00 -0.18588E-07
 0.10000E+01  0.87834E+00 -0.19081E-07
 0.10000E+01  0.87834E+00  0.00000E+00
 0.00000E+00  0.89796E+00  0.00000E+00
 0.49709E-05  0.89796E+00  0.46658E-10
 0.16001E-04  0.89796E+00  0.48303E-09
 0.29447E-04  0.89796E+00  0.16344E-08
 0.45836E-04  0.89796E+00  0.39559E-08
 0.65814E-04  0.89796E+00  0.81454E-08
 0.90165E-04  0.89796E+00  0.15265E-07
 0.11985E-03  0.89796E+00  0.26919E-07
 0.15603E-03  0.89796E+00  0.45522E-07
 0.20013E-03  0.89796E+00  0.74684E-07
 0.25388E-03  0.89796E+00  0.11978E-06
 0.31939E-03  0.89796E+00  0.18880E-06
 0.39924E-03  0.89796E+00  0.29353E-06
 0.49656E-03  0.89796E+00  0.45130E-06
 0.61516E-03  0.89796E+00  0.68749E-06
 0.75970E-03  0.89796E+00  0.10390E-05
 0.93583E-03  0.89796E+00  0.15593E-05
 0.11504E-02  0.89796E+00  0.23249E-05
 0.14119E-02  0.89796E+00  0.34447E-05
 0.17305E-02  0.89796E+00  0.50718E-05
 0.21186E-02  0.89796E+00  0.74182E-05
 0.25912E-02  0.89796E+00  0.10773E-04
 0.31667E-02  0.89796E+00  0.15519E-04
 0.38673E-02  0.89796E+00  0.22155E-04
 0.47200E-02  0.89796E+00  0.31302E-04
 0.57574E-02  0.89796E+00  0.43699E-04
 0.70191E-02  0.89796E+00  0.60182E-04
 0.85527E-02  0.89796E+00  0.81631E-04
 0.10416E-01  0.89796E+00  0.10891E-03
 0.12677E-01  0.89796E+00  0.14282E-03
 0.15420E-01  0.89796E+00  0.18416E-03
 0.18742E-01  0.89796E+00  0.23377E-03
 0.22762E-01  0.89796E+00  0.29266E-03
 0.27617E-01  0.89796E+00  0.36201E-03
 0.33469E-01  0.89796E+00  0.44305E-03
 0.40509E-01  0.89796E+00  0.53697E-03
 0.48950E-01  0.89796E+00  0.64477E-03
 0.59040E-01  0.89796E+00  0.76713E-03
 0.71052E-01  0.89796E+00  0.90426E-03
 0.85282E-01  0.89796E+00  0.10557E-02
 0.10204E+00  0.89796E+00  0.12202E-02
 0.12166E+00  0.89796E+00  0.13957E-02
 0.14443E+00  0.89796E+00  0.15791E-02
 0.17063E+00  0.89796E+00  0.17662E-02
 0.20047E+00  0.89796E+00  0.19521E-02
 0.23404E+00  0.89796E+00  0.21310E-02
 0.27131E+00  0.89796E+00  0.22967E-02
 0.31210E+00  0.89796E+00  0.24430E-02
 0.35601E+00  0.89796E+00  0.25638E-02
 0.40249E+00  0.89796E+00  0.26542E-02
 0.45077E+00  0.89796E+00  0.27102E-02
 0.50000E+00  0.89796E+00  0.27292E-02
 0.54923E+00  0.89796E+00  0.27105E-02
 0.59751E+00  0.89796E+00  0.26548E-02
 0.64399E+00  0.89796E+00  0.25646E-02
 0.68790E+00  0.89796E+00  0.24440E-02
 0.72869E+00  0.89796E+00  0.22979E-02
 0.76596E+00  0.89796E+00  0.21323E-02
 0.79953E+00  0.89796E+00  0.19536E-02
 0.82937E+00  0.89796E+00  0.17678E-02
 0.85557E+00  0.89796E+00  0.15807E-02
 0.87834E+00  0.89796E+00  0.13973E-02
 0.89796E+00  0.89796E+00  0.12218E-02
 0.91472E+00  0.89796E+00  0.10572E-02
 0.92895E+00  0.89796E+00  0.90563E-03
 0.94096E+00  0.89796E+00  0.76841E-03
 0.95105E+00  0.89796E+00  0.64595E-03
 0.95949E+00  0.89796E+00  0.53805E-03
 0.96653E+00  0.89796E+00  0.44404E-03
 0.97238E+00  0.89796E+00  0.36291E-03
 0.97724E+00  0.89796E+00  0.29349E-03
 0.98126E+00  0.89796E+00  0.23452E-03
 0.98458E+00  0.89796E+00  0.18484E-03
 0.98732E+00  0.89796E+00  0.14343E-03
 0.98958E+00  0.89796E+00  0.10944E-03
 0.99145E+00  0.89796E+00  0.82083E-04
 0.99298E+00  0.89796E+00  0.60552E-04
 0.99424E+00  0.89796E+00  0.43991E-04
 0.99528E+00  0.89796E+00  0.31524E-04
 0.99613E+00  0.89796E+00  0.22319E-04
 0.99683E+00  0.89796E+00  0.15636E-04
 0.99741E+00  0.89796E+00  0.10852E-04
 0.99788E+00  0.89796E+00  0.74703E-05
 0.99827E+00  0.89796E+00  0.51033E-05
 0.99859E+00  0.89796E+00  0.34613E-05
 0.99885E+00  0.89796E+00  0.23309E-05
 0.99906E+00  0.89796E+00  0.15578E-05
 0.99924E+00  0.89796E+00  0.10323E-05
 0.99938E+00  0.89796E+00  0.67723E-06
 0.99950E+00  0.89796E+00  0.43860E-06
 0.99960E+00  0.89796E+00  0.27917E-06
 0.99968E+00  0.89796E+00  0.17334E-06
 0.99975E+00  0.89796E+00  0.10358E-06
 0.99980E+00  0.89796E+00  0.57995E-07
 0.99984E+00  0.89796E+00  0.28518E-07
 0.99988E+00  0.89796E+00  0.97131E-08
 0.99991E+00  0.89796E+00 -0.20685E-08
 0.99993E+00  0.89796E+00 -0.92658E-08
 0.99995E+00  0.89796E+00 -0.13501E-07
 0.99997E+00  0.89796E+00 -0.15848E-07
 0.99998E+00  0.89796E+00 -0.17012E-07
 0.10000E+01  0.89796E+00 -0.17454E-07
 0.10000E+01  0.89796E+00  0.00000E+00
 0.00000E+00  0.91472E+00  0.00000E+00
 0.49709E-05  0.91472E+00  0.41346E-10
 0.16001E-04  0.91472E+00  0.42804E-09
 0.29447E-04  0.91472E+00  0.14483E-08
 0.45836E-04  0.91472E+00  0.35055E-08
 0.65814E-04  0.91472E+00  0.72181E-08
 0.90165E-04  0.91472E+00  0.13527E-07
 0.11985E-03  0.91472E+00  0.23854E-07
 0.15603E-03  0.91472E+00  0.40339E-07
 0.20013E-03  0.91472E+00  0.66180E-07
 0.25388E-03  0.91472E+00  0.10614E-06
 0.31939E-03  0.91472E+00  0.16730E-06
 0.39924E-03  0.91472E+00  0.26010E-06
 0.49656E-03  0.91472E+00  0.39990E-06
 0.61516E-03  0.91472E+00  0.60918E-06
 0.75970E-03  0.91472E+00  0.92065E-06
 0.93583E-03  0.91472E+00  0.13816E-05
 0.11504E-02  0.91472E+00  0.20599E-05
 0.14119E-02  0.91472E+00  0.30520E-05
 0.17305E-02  0.91472E+00  0.44934E-05
 0.21186E-02  0.91472E+00  0.65719E-05
 0.25912E-02  0.91472E+00  0.95429E-05
 0.31667E-02  0.91472E+00  0.13746E-04
 0.38673E-02  0.91472E+00  0.19622E-04
 0.47200E-02  0.91472E+00  0.27718E-04
 0.57574E-02  0.91472E+00  0.38689E-04
 0.70191E-02  0.91472E+00  0.53267E-04
 0.85527E-02  0.91472E+00  0.72226E-04
 0.10416E-01  0.91472E+00  0.96314E-04
 0.12677E-01  0.91472E+00  0.12623E-03
 0.15420E-01  0.91472E+00  0.16263E-03
 0.18742E-01  0.91472E+00  0.20624E-03
 0.22762E-01  0.91472E+00  0.25788E-03
 0.27617E-01  0.91472E+00  0.31851E-03
 0.33469E-01  0.91472E+00  0.38914E-03
 0.40509E-01  0.91472E+00  0.47069E-03
 0.48950E-01  0.91472E+00  0.56394E-03
 0.59040E-01  0.91472E+00  0.66932E-03
 0.71052E-01  0.91472E+00  0.78692E-03
 0.85282E-01  0.91472E+00  0.91624E-03
 0.10204E+00  0.91472E+00  0.10562E-02
 0.12166E+00  0.91472E+00  0.12049E-02
 0.14443E+00  0.91472E+00  0.13598E-02
 0.17063E+00  0.91472E+00  0.15174E-02
 0.20047E+00  0.91472E+00  0.16737E-02
 0.23404E+00  0.91472E+00  0.18238E-02
 0.27131E+00  0.91472E+00  0.19627E-02
 0.31210E+00  0.91472E+00  0.20851E-02
 0.35601E+00  0.91472E+00  0.21863E-02
 0.40249E+00  0.91472E+00  0.22619E-02
 0.45077E+00  0.91472E+00  0.23086E-02
 0.50000E+00  0.91472E+00  0.23245E-02
 0.54923E+00  0.91472E+00  0.23089E-02
 0.59751E+00  0.91472E+00  0.22623E-02
 0.64399E+00  0.91472E+00  0.21869E-02
 0.68790E+00  0.91472E+00  0.20860E-02
 0.72869E+00  0.91472E+00  0.19637E-02
 0.76596E+00  0.91472E+00  0.18250E-02
 0.79953E+00  0.91472E+00  0.16750E-02
 0.82937E+00  0.91472E+00  0.15188E-02
 0.85557E+00  0.91472E+00  0.13612E-02
 0.87834E+00  0.91472E+00  0.12063E-02
 0.89796E+00  0.91472E+00  0.10575E-02
 0.91472E+00  0.91472E+00  0.91756E-03
 0.92895E+00  0.91472E+00  0.78817E-03
 0.94096E+00  0.91472E+00  0.67050E-03
 0.95105E+00  0.91472E+00  0.56503E-03
 0.95949E+00  0.91472E+00  0.47171E-03
 0.96653E+00  0.91472E+00  0.39007E-03
 0.97238E+00  0.91472E+00  0.31937E-03
 0.97724E+00  0.91472E+00  0.25866E-03
 0.98126E+00  0.91472E+00  0.20696E-03
 0.98458E+00  0.91472E+00  0.16329E-03
 0.98732E+00  0.91472E+00  0.12682E-03
 0.98958E+00  0.91472E+00  0.96833E-04
 0.99145E+00  0.91472E+00  0.72666E-04
 0.99298E+00  0.91472E+00  0.53629E-04
 0.99424E+00  0.91472E+00  0.38974E-04
 0.99528E+00  0.91472E+00  0.27937E-04
 0.99613E+00  0.91472E+00  0.19783E-04
 0.99683E+00  0.91472E+00  0.13862E-04
 0.99741E+00  0.91472E+00  0.96223E-05
 0.99788E+00  0.91472E+00  0.66242E-05
 0.99827E+00  0.91472E+00  0.45257E-05
 0.99859E+00  0.91472E+00  0.30697E-05
 0.99885E+00  0.91472E+00  0.20673E-05
 0.99906E+00  0.91472E+00  0.13817E-05
 0.99924E+00  0.91472E+00  0.91564E-06
 0.99938E+00  0.91472E+00  0.60067E-06
 0.99950E+00  0.91472E+00  0.38901E-06
 0.99960E+00  0.91472E+00  0.24760E-06
 0.99968E+00  0.91472E+00  0.15371E-06
 0.99975E+00  0.91472E+00  0.91837E-07
 0.99980E+00  0.91472E+00  0.51399E-07
 0.99984E+00  0.91472E+00  0.25250E-07
 0.99988E+00  0.91472E+00  0.85681E-08
 0.99991E+00  0.91472E+00 -0.18834E-08
 0.99993E+00  0.91472E+00 -0.82683E-08
 0.99995E+00  0.91472E+00 -0.12026E-07
 0.99997E+00  0.91472E+00 -0.14108E-07
 0.99998E+00  0.91472E+00 -0.15140E-07
 0.10000E+01  0.91472E+00 -0.15532E-07
 0.10000E+01  0.91472E+00  0.00000E+00
 0.00000E+00  0.92895E+00  0.00000E+00
 0.49709E-05  0.92895E+00  0.36361E-10
 0.16001E-04  0.92895E+00  0.37642E-09
 0.29447E-04  0.92895E+00  0.12737E-08
 0.45836E-04  0.92895E+00  0.30828E-08
 0.65814E-04  0.92895E+00  0.63477E-08
 0.90165E-04  0.92895E+00  0.11896E-07
 0.11985E-03  0.92895E+00  0.20978E-07
 0.15603E-03  0.92895E+00  0.35474E-07
 0.20013E-03  0.92895E+00  0.58198E-07
 0.25388E-03  0.92895E+00  0.93342E-07
 0.31939E-03  0.92895E+00  0.14712E-06
 0.39924E-03  0.92895E+00  0.22873E-06
 0.49656E-03  0.92895E+00  0.35166E-06
 0.61516E-03  0.92895E+00  0.53568E-06
 0.75970E-03  0.92895E+00  0.80955E-06
 0.93583E-03  0.92895E+00  0.12149E-05
 0.11504E-02  0.92895E+00  0.18112E-05
 0.14119E-02  0.92895E+00  0.26834E-05
 0.17305E-02  0.92895E+00  0.39506E-05
 0.21186E-02  0.92895E+00  0.57775E-05
 0.25912E-02  0.92895E+00  0.83886E-05
 0.31667E-02  0.92895E+00  0.12082E-04
 0.38673E-02  0.92895E+00  0.17244E-04
 0.47200E-02  0.92895E+00  0.24355E-04
 0.57574E-02  0.92895E+00  0.33985E-04
 0.70191E-02  0.92895E+00  0.46777E-04
 0.85527E-02  0.92895E+00  0.63397E-04
 0.10416E-01  0.92895E+00  0.84493E-04
 0.12677E-01  0.92895E+00  0.11066E-03
 0.15420E-01  0.92895E+00  0.14243E-03
 0.18742E-01  0.92895E+00  0.18041E-03
 0.22762E-01  0.92895E+00  0.22526E-03
 0.27617E-01  0.92895E+00  0.27775E-03
 0.33469E-01  0.92895E+00  0.33867E-03
 0.40509E-01  0.92895E+00  0.40874E-03
 0.48950E-01  0.92895E+00  0.48852E-03
 0.59040E-01  0.92895E+00  0.57830E-03
 0.71052E-01  0.92895E+00  0.67805E-03
 0.85282E-01  0.92895E+00  0.78731E-03
 0.10204E+00  0.92895E+00  0.90511E-03
 0.12166E+00  0.92895E+00  0.10299E-02
 0.14443E+00  0.92895E+00  0.11595E-02
 0.17063E+00  0.92895E+00  0.12912E-02
 0.20047E+00  0.92895E+00  0.14215E-02
 0.23404E+00  0.92895E+00  0.15465E-02
 0.27131E+00  0.92895E+00  0.16620E-02
 0.31210E+00  0.92895E+00  0.17637E-02
 0.35601E+00  0.92895E+00  0.18477E-02
 0.40249E+00  0.92895E+00  0.19105E-02
 0.45077E+00  0.92895E+00  0.19493E-02
 0.50000E+00  0.92895E+00  0.19625E-02
 0.54923E+00  0.92895E+00  0.19495E-02
 0.59751E+00  0.92895E+00  0.19109E-02
 0.64399E+00  0.92895E+00  0.18483E-02
 0.68790E+00  0.92895E+00  0.17644E-02
 0.72869E+00  0.92895E+00  0.16628E-02
 0.76596E+00  0.92895E+00  0.15474E-02
 0.79953E+00  0.92895E+00  0.14225E-02
 0.82937E+00  0.92895E+00  0.12923E-02
 0.85557E+00  0.92895E+00  0.11607E-02
 0.87834E+00  0.92895E+00  0.10311E-02
 0.89796E+00  0.92895E+00  0.90630E-03
 0.91472E+00  0.92895E+00  0.78846E-03
 0.92895E+00  0.92895E+00  0.67916E-03
 0.94096E+00  0.92895E+00  0.57935E-03
 0.95105E+00  0.92895E+00  0.48951E-03
 0.95949E+00  0.92895E+00  0.40967E-03
 0.96653E+00  0.92895E+00  0.33953E-03
 0.97238E+00  0.92895E+00  0.27854E-03
 0.97724E+00  0.92895E+00  0.22599E-03
 0.98126E+00  0.92895E+00  0.18109E-03
 0.98458E+00  0.92895E+00  0.14305E-03
 0.98732E+00  0.92895E+00  0.11122E-03
 0.98958E+00  0.92895E+00  0.84987E-04
 0.99145E+00  0.92895E+00  0.63818E-04
 0.99298E+00  0.92895E+00  0.47122E-04
 0.99424E+00  0.92895E+00  0.34260E-04
 0.99528E+00  0.92895E+00  0.24565E-04
 0.99613E+00  0.92895E+00  0.17400E-04
 0.99683E+00  0.92895E+00  0.12194E-04
 0.99741E+00  0.92895E+00  0.84662E-05
 0.99788E+00  0.92895E+00  0.58291E-05
 0.99827E+00  0.92895E+00  0.39829E-05
 0.99859E+00  0.92895E+00  0.27019E-05
 0.99885E+00  0.92895E+00  0.18197E-05
 0.99906E+00  0.92895E+00  0.12164E-05
 0.99924E+00  0.92895E+00  0.80619E-06
 0.99938E+00  0.92895E+00  0.52897E-06
 0.99950E+00  0.92895E+00  0.34266E-06
 0.99960E+00  0.92895E+00  0.21818E-06
 0.99968E+00  0.92895E+00  0.13554E-06
 0.99975E+00  0.92895E+00  0.81068E-07
 0.99980E+00  0.92895E+00  0.45470E-07
 0.99984E+00  0.92895E+00  0.22451E-07
 0.99988E+00  0.92895E+00  0.77651E-08
 0.99991E+00  0.92895E+00 -0.14359E-08
 0.99993E+00  0.92895E+00 -0.70568E-08
 0.99995E+00  0.92895E+00 -0.10365E-07
 0.99997E+00  0.92895E+00 -0.12198E-07
 0.99998E+00  0.92895E+00 -0.13107E-07
 0.10000E+01  0.92895E+00 -0.13451E-07
 0.10000E+01  0.92895E+00  0.00000E+00
 0.00000E+00  0.94096E+00  0.00000E+00
 0.49709E-05  0.94096E+00  0.31740E-10
 0.16001E-04  0.94096E+00  0.32859E-09
 0.29447E-04  0.94096E+00  0.11118E-08
 0.45836E-04  0.94096E+00  0.26910E-08
 0.65814E-04  0.94096E+00  0.55410E-08
 0.90165E-04  0.94096E+00  0.10384E-07
 0.11985E-03  0.94096E+00  0.18312E-07
 0.15603E-03  0.94096E+00  0.30965E-07
 0.20013E-03  0.94096E+00  0.50801E-07
 0.25388E-03  0.94096E+00  0.81477E-07
 0.31939E-03  0.94096E+00  0.12842E-06
 0.39924E-03  0.94096E+00  0.19965E-06
 0.49656E-03  0.94096E+00  0.30694E-06
 0.61516E-03  0.94096E+00  0.46755E-06
 0.75970E-03  0.94096E+00  0.70658E-06
 0.93583E-03  0.94096E+00  0.10603E-05
 0.11504E-02  0.94096E+00  0.15807E-05
 0.14119E-02  0.94096E+00  0.23418E-05
 0.17305E-02  0.94096E+00  0.34474E-05
 0.21186E-02  0.94096E+00  0.50412E-05
 0.25912E-02  0.94096E+00  0.73188E-05
 0.31667E-02  0.94096E+00  0.10540E-04
 0.38673E-02  0.94096E+00  0.15040E-04
 0.47200E-02  0.94096E+00  0.21237E-04
 0.57574E-02  0.94096E+00  0.29626E-04
 0.70191E-02  0.94096E+00  0.40761E-04
 0.85527E-02  0.94096E+00  0.55215E-04
 0.10416E-01  0.94096E+00  0.73539E-04
 0.12677E-01  0.94096E+00  0.96225E-04
 0.15420E-01  0.94096E+00  0.12372E-03
 0.18742E-01  0.94096E+00  0.15649E-03
 0.22762E-01  0.94096E+00  0.19507E-03
 0.27617E-01  0.94096E+00  0.24007E-03
 0.33469E-01  0.94096E+00  0.29208E-03
 0.40509E-01  0.94096E+00  0.35165E-03
 0.48950E-01  0.94096E+00  0.41918E-03
 0.59040E-01  0.94096E+00  0.49486E-03
 0.71052E-01  0.94096E+00  0.57861E-03
 0.85282E-01  0.94096E+00  0.67001E-03
 0.10204E+00  0.94096E+00  0.76826E-03
 0.12166E+00  0.94096E+00  0.87207E-03
 0.14443E+00  0.94096E+00  0.97967E-03
 0.17063E+00  0.94096E+00  0.10888E-02
 0.20047E+00  0.94096E+00  0.11966E-02
 0.23404E+00  0.94096E+00  0.12999E-02
 0.27131E+00  0.94096E+00  0.13953E-02
 0.31210E+00  0.94096E+00  0.14794E-02
 0.35601E+00  0.94096E+00  0.15487E-02
 0.40249E+00  0.94096E+00  0.16005E-02
 0.45077E+00  0.94096E+00  0.16325E-02
 0.50000E+00  0.94096E+00  0.16434E-02
 0.54923E+00  0.94096E+00  0.16327E-02
 0.59751E+00  0.94096E+00  0.16008E-02
 0.64399E+00  0.94096E+00  0.15492E-02
 0.68790E+00  0.94096E+00  0.14799E-02
 0.72869E+00  0.94096E+00  0.13960E-02
 0.76596E+00  0.94096E+00  0.13007E-02
 0.79953E+00  0.94096E+00  0.11975E-02
 0.82937E+00  0.94096E+00  0.10897E-02
 0.85557E+00  0.94096E+00  0.98065E-03
 0.87834E+00  0.94096E+00  0.87307E-03
 0.89796E+00  0.94096E+00  0.76926E-03
 0.91472E+00  0.94096E+00  0.67100E-03
 0.92895E+00  0.94096E+00  0.57956E-03
 0.94096E+00  0.94096E+00  0.49578E-03
 0.95105E+00  0.94096E+00  0.42005E-03
 0.95949E+00  0.94096E+00  0.35247E-03
 0.96653E+00  0.94096E+00  0.29285E-03
 0.97238E+00  0.94096E+00  0.24078E-03
 0.97724E+00  0.94096E+00  0.19574E-03
 0.98126E+00  0.94096E+00  0.15712E-03
 0.98458E+00  0.94096E+00  0.12430E-03
 0.98732E+00  0.94096E+00  0.96746E-04
 0.98958E+00  0.94096E+00  0.74000E-04
 0.99145E+00  0.94096E+00  0.55610E-04
 0.99298E+00  0.94096E+00  0.41086E-04
 0.99424E+00  0.94096E+00  0.29885E-04
 0.99528E+00  0.94096E+00  0.21436E-04
 0.99613E+00  0.94096E+00  0.15188E-04
 0.99683E+00  0.94096E+00  0.10647E-04
 0.99741E+00  0.94096E+00  0.73932E-05
 0.99788E+00  0.94096E+00  0.50911E-05
 0.99827E+00  0.94096E+00  0.34792E-05
 0.99859E+00  0.94096E+00  0.23605E-05
 0.99885E+00  0.94096E+00  0.15901E-05
 0.99906E+00  0.94096E+00  0.10631E-05
 0.99924E+00  0.94096E+00  0.70477E-06
 0.99938E+00  0.94096E+00  0.46258E-06
 0.99950E+00  0.94096E+00  0.29982E-06
 0.99960E+00  0.94096E+00  0.19106E-06
 0.99968E+00  0.94096E+00  0.11886E-06
 0.99975E+00  0.94096E+00  0.71263E-07
 0.99980E+00  0.94096E+00  0.40159E-07
 0.99984E+00  0.94096E+00  0.20045E-07
 0.99988E+00  0.94096E+00  0.72132E-08
 0.99991E+00  0.94096E+00 -0.82664E-09
 0.99993E+00  0.94096E+00 -0.57383E-08
 0.99995E+00  0.94096E+00 -0.86288E-08
 0.99997E+00  0.94096E+00 -0.10231E-07
 0.99998E+00  0.94096E+00 -0.11025E-07
 0.10000E+01  0.94096E+00 -0.11326E-07
 0.10000E+01  0.94096E+00  0.00000E+00
 0.00000E+00  0.95105E+00  0.00000E+00
 0.49709E-05  0.95105E+00  0.27503E-10
 0.16001E-04  0.95105E+00  0.28473E-09
 0.29447E-04  0.95105E+00  0.96340E-09
 0.45836E-04  0.95105E+00  0.23318E-08
 0.65814E-04  0.95105E+00  0.48013E-08
 0.90165E-04  0.95105E+00  0.89976E-08
 0.11985E-03  0.95105E+00  0.15867E-07
 0.15603E-03  0.95105E+00  0.26831E-07
 0.20013E-03  0.95105E+00  0.44018E-07
 0.25388E-03  0.95105E+00  0.70597E-07
 0.31939E-03  0.95105E+00  0.11127E-06
 0.39924E-03  0.95105E+00  0.17298E-06
 0.49656E-03  0.95105E+00  0.26594E-06
 0.61516E-03  0.95105E+00  0.40509E-06
 0.75970E-03  0.95105E+00  0.61216E-06
 0.93583E-03  0.95105E+00  0.91857E-06
 0.11504E-02  0.95105E+00  0.13694E-05
 0.14119E-02  0.95105E+00  0.20286E-05
 0.17305E-02  0.95105E+00  0.29860E-05
 0.21186E-02  0.95105E+00  0.43661E-05
 0.25912E-02  0.95105E+00  0.63378E-05
 0.31667E-02  0.95105E+00  0.91257E-05
 0.38673E-02  0.95105E+00  0.13019E-04
 0.47200E-02  0.95105E+00  0.18379E-04
 0.57574E-02  0.95105E+00  0.25629E-04
 0.70191E-02  0.95105E+00  0.35245E-04
 0.85527E-02  0.95105E+00  0.47713E-04
 0.10416E-01  0.95105E+00  0.63497E-04
 0.12677E-01  0.95105E+00  0.83000E-04
 0.15420E-01  0.95105E+00  0.10658E-03
 0.18742E-01  0.95105E+00  0.13460E-03
 0.22762E-01  0.95105E+00  0.16746E-03
 0.27617E-01  0.95105E+00  0.20564E-03
 0.33469E-01  0.95105E+00  0.24959E-03
 0.40509E-01  0.95105E+00  0.29971E-03
 0.48950E-01  0.95105E+00  0.35629E-03
 0.59040E-01  0.95105E+00  0.41944E-03
 0.71052E-01  0.95105E+00  0.48907E-03
 0.85282E-01  0.95105E+00  0.56484E-03
 0.10204E+00  0.95105E+00  0.64607E-03
 0.12166E+00  0.95105E+00  0.73173E-03
 0.14443E+00  0.95105E+00  0.82037E-03
 0.17063E+00  0.95105E+00  0.91013E-03
 0.20047E+00  0.95105E+00  0.99875E-03
 0.23404E+00  0.95105E+00  0.10836E-02
 0.27131E+00  0.95105E+00  0.11620E-02
 0.31210E+00  0.95105E+00  0.12309E-02
 0.35601E+00  0.95105E+00  0.12878E-02
 0.40249E+00  0.95105E+00  0.13303E-02
 0.45077E+00  0.95105E+00  0.13566E-02
 0.50000E+00  0.95105E+00  0.13655E-02
 0.54923E+00  0.95105E+00  0.13567E-02
 0.59751E+00  0.95105E+00  0.13306E-02
 0.64399E+00  0.95105E+00  0.12882E-02
 0.68790E+00  0.95105E+00  0.12314E-02
 0.72869E+00  0.95105E+00  0.11625E-02
 0.76596E+00  0.95105E+00  0.10843E-02
 0.79953E+00  0.95105E+00  0.99946E-03
 0.82937E+00  0.95105E+00  0.91089E-03
 0.85557E+00  0.95105E+00  0.82116E-03
 0.87834E+00  0.95105E+00  0.73254E-03
 0.89796E+00  0.95105E+00  0.64688E-03
 0.91472E+00  0.95105E+00  0.56565E-03
 0.92895E+00  0.95105E+00  0.48986E-03
 0.94096E+00  0.95105E+00  0.42020E-03
 0.95105E+00  0.95105E+00  0.35702E-03
 0.95949E+00  0.95105E+00  0.30041E-03
 0.96653E+00  0.95105E+00  0.25026E-03
 0.97238E+00  0.95105E+00  0.20627E-03
 0.97724E+00  0.95105E+00  0.16806E-03
 0.98126E+00  0.95105E+00  0.13515E-03
 0.98458E+00  0.95105E+00  0.10710E-03
 0.98732E+00  0.95105E+00  0.83474E-04
 0.98958E+00  0.95105E+00  0.63919E-04
 0.99145E+00  0.95105E+00  0.48076E-04
 0.99298E+00  0.95105E+00  0.35545E-04
 0.99424E+00  0.95105E+00  0.25869E-04
 0.99528E+00  0.95105E+00  0.18563E-04
 0.99613E+00  0.95105E+00  0.13157E-04
 0.99683E+00  0.95105E+00  0.92255E-05
 0.99741E+00  0.95105E+00  0.64079E-05
 0.99788E+00  0.95105E+00  0.44135E-05
 0.99827E+00  0.95105E+00  0.30167E-05
 0.99859E+00  0.95105E+00  0.20471E-05
 0.99885E+00  0.95105E+00  0.13793E-05
 0.99906E+00  0.95105E+00  0.92239E-06
 0.99924E+00  0.95105E+00  0.61173E-06
 0.99938E+00  0.95105E+00  0.40174E-06
 0.99950E+00  0.95105E+00  0.26059E-06
 0.99960E+00  0.95105E+00  0.16628E-06
 0.99968E+00  0.95105E+00  0.10366E-06
 0.99975E+00  0.95105E+00  0.62386E-07
 0.99980E+00  0.95105E+00  0.35410E-07
 0.99984E+00  0.95105E+00  0.17965E-07
 0.99988E+00  0.95105E+00  0.68354E-08
 0.99991E+00  0.95105E+00 -0.13771E-09
 0.99993E+00  0.95105E+00 -0.43978E-08
 0.99995E+00  0.95105E+00 -0.69048E-08
 0.99997E+00  0.95105E+00 -0.82941E-08
 0.99998E+00  0.95105E+00 -0.89832E-08
 0.10000E+01  0.95105E+00 -0.92443E-08
 0.10000E+01  0.95105E+00  0.00000E+00
 0.00000E+00  0.95949E+00  0.00000E+00
 0.49709E-05  0.95949E+00  0.23653E-10
 0.16001E-04  0.95949E+00  0.24487E-09
 0.29447E-04  0.95949E+00  0.82854E-09
 0.45836E-04  0.95949E+00  0.20054E-08
 0.65814E-04  0.95949E+00  0.41291E-08
 0.90165E-04  0.95949E+00  0.77379E-08
 0.11985E-03  0.95949E+00  0.13645E-07
 0.15603E-03  0.95949E+00  0.23074E-07
 0.20013E-03  0.95949E+00  0.37854E-07
 0.25388E-03  0.95949E+00  0.60711E-07
 0.31939E-03  0.95949E+00  0.95687E-07
 0.39924E-03  0.95949E+00  0.14875E-06
 0.49656E-03  0.95949E+00  0.22868E-06
 0.61516E-03  0.95949E+00  0.34833E-06
 0.75970E-03  0.95949E+00  0.52636E-06
 0.93583E-03  0.95949E+00  0.78978E-06
 0.11504E-02  0.95949E+00  0.11773E-05
 0.14119E-02  0.95949E+00  0.17439E-05
 0.17305E-02  0.95949E+00  0.25667E-05
 0.21186E-02  0.95949E+00  0.37526E-05
 0.25912E-02  0.95949E+00  0.54464E-05
 0.31667E-02  0.95949E+00  0.78406E-05
 0.38673E-02  0.95949E+00  0.11183E-04
 0.47200E-02  0.95949E+00  0.15781E-04
 0.57574E-02  0.95949E+00  0.21997E-04
 0.70191E-02  0.95949E+00  0.30233E-04
 0.85527E-02  0.95949E+00  0.40899E-04
 0.10416E-01  0.95949E+00  0.54376E-04
 0.12677E-01  0.95949E+00  0.70992E-04
 0.15420E-01  0.95949E+00  0.91025E-04
 0.18742E-01  0.95949E+00  0.11475E-03
 0.22762E-01  0.95949E+00  0.14246E-03
 0.27617E-01  0.95949E+00  0.17452E-03
 0.33469E-01  0.95949E+00  0.21127E-03
 0.40509E-01  0.95949E+00  0.25300E-03
 0.48950E-01  0.95949E+00  0.29992E-03
 0.59040E-01  0.95949E+00  0.35210E-03
 0.71052E-01  0.95949E+00  0.40947E-03
 0.85282E-01  0.95949E+00  0.47174E-03
 0.10204E+00  0.95949E+00  0.53837E-03
 0.12166E+00  0.95949E+00  0.60851E-03
 0.14443E+00  0.95949E+00  0.68102E-03
 0.17063E+00  0.95949E+00  0.75438E-03
 0.20047E+00  0.95949E+00  0.82675E-03
 0.23404E+00  0.95949E+00  0.89604E-03
 0.27131E+00  0.95949E+00  0.95997E-03
 0.31210E+00  0.95949E+00  0.10162E-02
 0.35601E+00  0.95949E+00  0.10626E-02
 0.40249E+00  0.95949E+00  0.10973E-02
 0.45077E+00  0.95949E+00  0.11187E-02
 0.50000E+00  0.95949E+00  0.11260E-02
 0.54923E+00  0.95949E+00  0.11188E-02
 0.59751E+00  0.95949E+00  0.10974E-02
 0.64399E+00  0.95949E+00  0.10629E-02
 0.68790E+00  0.95949E+00  0.10166E-02
 0.72869E+00  0.95949E+00  0.96038E-03
 0.76596E+00  0.95949E+00  0.89652E-03
 0.79953E+00  0.95949E+00  0.82729E-03
 0.82937E+00  0.95949E+00  0.75496E-03
 0.85557E+00  0.95949E+00  0.68163E-03
 0.87834E+00  0.95949E+00  0.60914E-03
 0.89796E+00  0.95949E+00  0.53900E-03
 0.91472E+00  0.95949E+00  0.47238E-03
 0.92895E+00  0.95949E+00  0.41010E-03
 0.94096E+00  0.95949E+00  0.35272E-03
 0.95105E+00  0.95949E+00  0.30052E-03
 0.95949E+00  0.95949E+00  0.25358E-03
 0.96653E+00  0.95949E+00  0.21183E-03
 0.97238E+00  0.95949E+00  0.17506E-03
 0.97724E+00  0.95949E+00  0.14297E-03
 0.98126E+00  0.95949E+00  0.11523E-03
 0.98458E+00  0.95949E+00  0.91482E-04
 0.98732E+00  0.95949E+00  0.71415E-04
 0.98958E+00  0.95949E+00  0.54755E-04
 0.99145E+00  0.95949E+00  0.41226E-04
 0.99298E+00  0.95949E+00  0.30505E-04
 0.99424E+00  0.95949E+00  0.22215E-04
 0.99528E+00  0.95949E+00  0.15949E-04
 0.99613E+00  0.95949E+00  0.11309E-04
 0.99683E+00  0.95949E+00  0.79323E-05
 0.99741E+00  0.95949E+00  0.55112E-05
 0.99788E+00  0.95949E+00  0.37968E-05
 0.99827E+00  0.95949E+00  0.25958E-05
 0.99859E+00  0.95949E+00  0.17620E-05
 0.99885E+00  0.95949E+00  0.11875E-05
 0.99906E+00  0.95949E+00  0.79440E-06
 0.99924E+00  0.95949E+00  0.52712E-06
 0.99938E+00  0.95949E+00  0.34642E-06
 0.99950E+00  0.95949E+00  0.22496E-06
 0.99960E+00  0.95949E+00  0.14380E-06
 0.99968E+00  0.95949E+00  0.89907E-07
 0.99975E+00  0.95949E+00  0.54383E-07
 0.99980E+00  0.95949E+00  0.31165E-07
 0.99984E+00  0.95949E+00  0.16150E-07
 0.99988E+00  0.95949E+00  0.65707E-08
 0.99991E+00  0.95949E+00  0.56858E-09
 0.99993E+00  0.95949E+00 -0.30983E-08
 0.99995E+00  0.95949E+00 -0.52563E-08
 0.99997E+00  0.95949E+00 -0.64521E-08
 0.99998E+00  0.95949E+00 -0.70452E-08
 0.10000E+01  0.95949E+00 -0.72700E-08
 0.10000E+01  0.95949E+00  0.00000E+00
 0.00000E+00  0.96653E+00  0.00000E+00
 0.49709E-05  0.96653E+00  0.20181E-10
 0.16001E-04  0.96653E+00  0.20892E-09
 0.29447E-04  0.96653E+00  0.70690E-09
 0.45836E-04  0.96653E+00  0.17109E-08
 0.65814E-04  0.96653E+00  0.35229E-08
 0.90165E-04  0.96653E+00  0.66018E-08
 0.11985E-03  0.96653E+00  0.11642E-07
 0.15603E-03  0.96653E+00  0.19686E-07
 0.20013E-03  0.96653E+00  0.32295E-07
 0.25388E-03  0.96653E+00  0.51794E-07
 0.31939E-03  0.96653E+00  0.81631E-07
 0.39924E-03  0.96653E+00  0.12690E-06
 0.49656E-03  0.96653E+00  0.19508E-06
 0.61516E-03  0.96653E+00  0.29713E-06
 0.75970E-03  0.96653E+00  0.44897E-06
 0.93583E-03  0.96653E+00  0.67362E-06
 0.11504E-02  0.96653E+00  0.10041E-05
 0.14119E-02  0.96653E+00  0.14872E-05
 0.17305E-02  0.96653E+00  0.21886E-05
 0.21186E-02  0.96653E+00  0.31992E-05
 0.25912E-02  0.96653E+00  0.46423E-05
 0.31667E-02  0.96653E+00  0.66814E-05
 0.38673E-02  0.96653E+00  0.95267E-05
 0.47200E-02  0.96653E+00  0.13438E-04
 0.57574E-02  0.96653E+00  0.18722E-04
 0.70191E-02  0.96653E+00  0.25714E-04
 0.85527E-02  0.96653E+00  0.34755E-04
 0.10416E-01  0.96653E+00  0.46157E-04
 0.12677E-01  0.96653E+00  0.60178E-04
 0.15420E-01  0.96653E+00  0.77027E-04
 0.18742E-01  0.96653E+00  0.96902E-04
 0.22762E-01  0.96653E+00  0.12003E-03
 0.27617E-01  0.96653E+00  0.14666E-03
 0.33469E-01  0.96653E+00  0.17706E-03
 0.40509E-01  0.96653E+00  0.21144E-03
 0.48950E-01  0.96653E+00  0.24996E-03
 0.59040E-01  0.96653E+00  0.29267E-03
 0.71052E-01  0.96653E+00  0.33952E-03
 0.85282E-01  0.96653E+00  0.39027E-03
 0.10204E+00  0.96653E+00  0.44449E-03
 0.12166E+00  0.96653E+00  0.50151E-03
 0.14443E+00  0.96653E+00  0.56040E-03
 0.17063E+00  0.96653E+00  0.61994E-03
 0.20047E+00  0.96653E+00  0.67866E-03
 0.23404E+00  0.96653E+00  0.73485E-03
 0.27131E+00  0.96653E+00  0.78667E-03
 0.31210E+00  0.96653E+00  0.83227E-03
 0.35601E+00  0.96653E+00  0.86988E-03
 0.40249E+00  0.96653E+00  0.89795E-03
 0.45077E+00  0.96653E+00  0.91530E-03
 0.50000E+00  0.96653E+00  0.92120E-03
 0.54923E+00  0.96653E+00  0.91537E-03
 0.59751E+00  0.96653E+00  0.89808E-03
 0.64399E+00  0.96653E+00  0.87007E-03
 0.68790E+00  0.96653E+00  0.83252E-03
 0.72869E+00  0.96653E+00  0.78698E-03
 0.76596E+00  0.96653E+00  0.73519E-03
 0.79953E+00  0.96653E+00  0.67904E-03
 0.82937E+00  0.96653E+00  0.62036E-03
 0.85557E+00  0.96653E+00  0.56084E-03
 0.87834E+00  0.96653E+00  0.50197E-03
 0.89796E+00  0.96653E+00  0.44496E-03
 0.91472E+00  0.96653E+00  0.39075E-03
 0.92895E+00  0.96653E+00  0.34000E-03
 0.94096E+00  0.96653E+00  0.29315E-03
 0.95105E+00  0.96653E+00  0.25043E-03
 0.95949E+00  0.96653E+00  0.21190E-03
 0.96653E+00  0.96653E+00  0.17751E-03
 0.97238E+00  0.96653E+00  0.14710E-03
 0.97724E+00  0.96653E+00  0.12045E-03
 0.98126E+00  0.96653E+00  0.97311E-04
 0.98458E+00  0.96653E+00  0.77418E-04
 0.98732E+00  0.96653E+00  0.60544E-04
 0.98958E+00  0.96653E+00  0.46488E-04
 0.99145E+00  0.96653E+00  0.35043E-04
 0.99298E+00  0.96653E+00  0.25955E-04
 0.99424E+00  0.96653E+00  0.18915E-04
 0.99528E+00  0.96653E+00  0.13589E-04
 0.99613E+00  0.96653E+00  0.96399E-05
 0.99683E+00  0.96653E+00  0.67641E-05
 0.99741E+00  0.96653E+00  0.47011E-05
 0.99788E+00  0.96653E+00  0.32397E-05
 0.99827E+00  0.96653E+00  0.22156E-05
 0.99859E+00  0.96653E+00  0.15043E-05
 0.99885E+00  0.96653E+00  0.10142E-05
 0.99906E+00  0.96653E+00  0.67880E-06
 0.99924E+00  0.96653E+00  0.45070E-06
 0.99938E+00  0.96653E+00  0.29648E-06
 0.99950E+00  0.96653E+00  0.19281E-06
 0.99960E+00  0.96653E+00  0.12352E-06
 0.99968E+00  0.96653E+00  0.77520E-07
 0.99975E+00  0.96653E+00  0.47193E-07
 0.99980E+00  0.96653E+00  0.27371E-07
 0.99984E+00  0.96653E+00  0.14552E-07
 0.99988E+00  0.96653E+00  0.63728E-08
 0.99991E+00  0.96653E+00  0.12482E-08
 0.99993E+00  0.96653E+00 -0.18826E-08
 0.99995E+00  0.96653E+00 -0.37251E-08
 0.99997E+00  0.96653E+00 -0.47462E-08
 0.99998E+00  0.96653E+00 -0.52526E-08
 0.10000E+01  0.96653E+00 -0.54446E-08
 0.10000E+01  0.96653E+00  0.00000E+00
 0.00000E+00  0.97238E+00  0.00000E+00
 0.49709E-05  0.97238E+00  0.17068E-10
 0.16001E-04  0.97238E+00  0.17669E-09
 0.29447E-04  0.97238E+00  0.59785E-09
 0.45836E-04  0.97238E+00  0.14470E-08
 0.65814E-04  0.97238E+00  0.29794E-08
 0.90165E-04  0.97238E+00  0.55832E-08
 0.11985E-03  0.97238E+00  0.98454E-08
 0.15603E-03  0.97238E+00  0.16648E-07
 0.20013E-03  0.97238E+00  0.27311E-07
 0.25388E-03  0.97238E+00  0.43800E-07
 0.31939E-03  0.97238E+00  0.69030E-07
 0.39924E-03  0.97238E+00  0.10731E-06
 0.49656E-03  0.97238E+00  0.16495E-06
 0.61516E-03  0.97238E+00  0.25123E-06
 0.75970E-03  0.97238E+00  0.37959E-06
 0.93583E-03  0.97238E+00  0.56948E-06
 0.11504E-02  0.97238E+00  0.84876E-06
 0.14119E-02  0.97238E+00  0.12570E-05
 0.17305E-02  0.97238E+00  0.18495E-05
 0.21186E-02  0.97238E+00  0.27031E-05
 0.25912E-02  0.97238E+00  0.39215E-05
 0.31667E-02  0.97238E+00  0.56422E-05
 0.38673E-02  0.97238E+00  0.80418E-05
 0.47200E-02  0.97238E+00  0.11338E-04
 0.57574E-02  0.97238E+00  0.15786E-04
 0.70191E-02  0.97238E+00  0.21665E-04
 0.85527E-02  0.97238E+00  0.29252E-04
 0.10416E-01  0.97238E+00  0.38799E-04
 0.12677E-01  0.97238E+00  0.50504E-04
 0.15420E-01  0.97238E+00  0.64520E-04
 0.18742E-01  0.97238E+00  0.80986E-04
 0.22762E-01  0.97238E+00  0.10006E-03
 0.27617E-01  0.97238E+00  0.12193E-03
 0.33469E-01  0.97238E+00  0.14680E-03
 0.40509E-01  0.97238E+00  0.17482E-03
 0.48950E-01  0.97238E+00  0.20613E-03
 0.59040E-01  0.97238E+00  0.24076E-03
 0.71052E-01  0.97238E+00  0.27867E-03
 0.85282E-01  0.97238E+00  0.31968E-03
 0.10204E+00  0.97238E+00  0.36345E-03
 0.12166E+00  0.97238E+00  0.40944E-03
 0.14443E+00  0.97238E+00  0.45691E-03
 0.17063E+00  0.97238E+00  0.50489E-03
 0.20047E+00  0.97238E+00  0.55218E-03
 0.23404E+00  0.97238E+00  0.59743E-03
 0.27131E+00  0.97238E+00  0.63915E-03
 0.31210E+00  0.97238E+00  0.67586E-03
 0.35601E+00  0.97238E+00  0.70613E-03
 0.40249E+00  0.97238E+00  0.72872E-03
 0.45077E+00  0.97238E+00  0.74268E-03
 0.50000E+00  0.97238E+00  0.74742E-03
 0.54923E+00  0.97238E+00  0.74272E-03
 0.59751E+00  0.97238E+00  0.72880E-03
 0.64399E+00  0.97238E+00  0.70625E-03
 0.68790E+00  0.97238E+00  0.67602E-03
 0.72869E+00  0.97238E+00  0.63935E-03
 0.76596E+00  0.97238E+00  0.59766E-03
 0.79953E+00  0.97238E+00  0.55244E-03
 0.82937E+00  0.97238E+00  0.50517E-03
 0.85557E+00  0.97238E+00  0.45721E-03
 0.87834E+00  0.97238E+00  0.40976E-03
 0.89796E+00  0.97238E+00  0.36378E-03
 0.91472E+00  0.97238E+00  0.32002E-03
 0.92895E+00  0.97238E+00  0.27901E-03
 0.94096E+00  0.97238E+00  0.24110E-03
 0.95105E+00  0.97238E+00  0.20647E-03
 0.95949E+00  0.97238E+00  0.17517E-03
 0.96653E+00  0.97238E+00  0.14714E-03
 0.97238E+00  0.97238E+00  0.12227E-03
 0.97724E+00  0.97238E+00  0.10040E-03
 0.98126E+00  0.97238E+00  0.81318E-04
 0.98458E+00  0.97238E+00  0.64844E-04
 0.98732E+00  0.97238E+00  0.50812E-04
 0.98958E+00  0.97238E+00  0.39081E-04
 0.99145E+00  0.97238E+00  0.29500E-04
 0.99298E+00  0.97238E+00  0.21873E-04
 0.99424E+00  0.97238E+00  0.15954E-04
 0.99528E+00  0.97238E+00  0.11470E-04
 0.99613E+00  0.97238E+00  0.81412E-05
 0.99683E+00  0.97238E+00  0.57152E-05
 0.99741E+00  0.97238E+00  0.39737E-05
 0.99788E+00  0.97238E+00  0.27394E-05
 0.99827E+00  0.97238E+00  0.18741E-05
 0.99859E+00  0.97238E+00  0.12729E-05
 0.99885E+00  0.97238E+00  0.85858E-06
 0.99906E+00  0.97238E+00  0.57498E-06
 0.99924E+00  0.97238E+00  0.38207E-06
 0.99938E+00  0.97238E+00  0.25163E-06
 0.99950E+00  0.97238E+00  0.16394E-06
 0.99960E+00  0.97238E+00  0.10533E-06
 0.99968E+00  0.97238E+00  0.66405E-07
 0.99975E+00  0.97238E+00  0.40746E-07
 0.99980E+00  0.97238E+00  0.23975E-07
 0.99984E+00  0.97238E+00  0.13129E-07
 0.99988E+00  0.97238E+00  0.62081E-08
 0.99991E+00  0.97238E+00  0.18719E-08
 0.99993E+00  0.97238E+00 -0.77738E-09
 0.99995E+00  0.97238E+00 -0.23365E-08
 0.99997E+00  0.97238E+00 -0.32006E-08
 0.99998E+00  0.97238E+00 -0.36291E-08
 0.10000E+01  0.97238E+00 -0.37915E-08
 0.10000E+01  0.97238E+00  0.00000E+00
 0.00000E+00  0.97724E+00  0.00000E+00
 0.49709E-05  0.97724E+00  0.14289E-10
 0.16001E-04  0.97724E+00  0.14792E-09
 0.29447E-04  0.97724E+00  0.50050E-09
 0.45836E-04  0.97724E+00  0.12114E-08
 0.65814E-04  0.97724E+00  0.24942E-08
 0.90165E-04  0.97724E+00  0.46740E-08
 0.11985E-03  0.97724E+00  0.82419E-08
 0.15603E-03  0.97724E+00  0.13936E-07
 0.20013E-03  0.97724E+00  0.22862E-07
 0.25388E-03  0.97724E+00  0.36664E-07
 0.31939E-03  0.97724E+00  0.57781E-07
 0.39924E-03  0.97724E+00  0.89815E-07
 0.49656E-03  0.97724E+00  0.13806E-06
 0.61516E-03  0.97724E+00  0.21026E-06
 0.75970E-03  0.97724E+00  0.31766E-06
 0.93583E-03  0.97724E+00  0.47652E-06
 0.11504E-02  0.97724E+00  0.71012E-06
 0.14119E-02  0.97724E+00  0.10515E-05
 0.17305E-02  0.97724E+00  0.15469E-05
 0.21186E-02  0.97724E+00  0.22603E-05
 0.25912E-02  0.97724E+00  0.32781E-05
 0.31667E-02  0.97724E+00  0.47148E-05
 0.38673E-02  0.97724E+00  0.67169E-05
 0.47200E-02  0.97724E+00  0.94645E-05
 0.57574E-02  0.97724E+00  0.13168E-04
 0.70191E-02  0.97724E+00  0.18054E-04
 0.85527E-02  0.97724E+00  0.24349E-04
 0.10416E-01  0.97724E+00  0.32249E-04
 0.12677E-01  0.97724E+00  0.41903E-04
 0.15420E-01  0.97724E+00  0.53420E-04
 0.18742E-01  0.97724E+00  0.66891E-04
 0.22762E-01  0.97724E+00  0.82431E-04
 0.27617E-01  0.97724E+00  0.10018E-03
 0.33469E-01  0.97724E+00  0.12028E-03
 0.40509E-01  0.97724E+00  0.14287E-03
 0.48950E-01  0.97724E+00  0.16804E-03
 0.59040E-01  0.97724E+00  0.19583E-03
 0.71052E-01  0.97724E+00  0.22622E-03
 0.85282E-01  0.97724E+00  0.25906E-03
 0.10204E+00  0.97724E+00  0.29408E-03
 0.12166E+00  0.97724E+00  0.33085E-03
 0.14443E+00  0.97724E+00  0.36880E-03
 0.17063E+00  0.97724E+00  0.40713E-03
 0.20047E+00  0.97724E+00  0.44491E-03
 0.23404E+00  0.97724E+00  0.48105E-03
 0.27131E+00  0.97724E+00  0.51437E-03
 0.31210E+00  0.97724E+00  0.54368E-03
 0.35601E+00  0.97724E+00  0.56785E-03
 0.40249E+00  0.97724E+00  0.58588E-03
 0.45077E+00  0.97724E+00  0.59703E-03
 0.50000E+00  0.97724E+00  0.60081E-03
 0.54923E+00  0.97724E+00  0.59705E-03
 0.59751E+00  0.97724E+00  0.58593E-03
 0.64399E+00  0.97724E+00  0.56791E-03
 0.68790E+00  0.97724E+00  0.54377E-03
 0.72869E+00  0.97724E+00  0.51448E-03
 0.76596E+00  0.97724E+00  0.48118E-03
 0.79953E+00  0.97724E+00  0.44505E-03
 0.82937E+00  0.97724E+00  0.40729E-03
 0.85557E+00  0.97724E+00  0.36897E-03
 0.87834E+00  0.97724E+00  0.33104E-03
 0.89796E+00  0.97724E+00  0.29427E-03
 0.91472E+00  0.97724E+00  0.25926E-03
 0.92895E+00  0.97724E+00  0.22643E-03
 0.94096E+00  0.97724E+00  0.19606E-03
 0.95105E+00  0.97724E+00  0.16827E-03
 0.95949E+00  0.97724E+00  0.14310E-03
 0.96653E+00  0.97724E+00  0.12052E-03
 0.97238E+00  0.97724E+00  0.10042E-03
 0.97724E+00  0.97724E+00  0.82683E-04
 0.98126E+00  0.97724E+00  0.67148E-04
 0.98458E+00  0.97724E+00  0.53676E-04
 0.98732E+00  0.97724E+00  0.42151E-04
 0.98958E+00  0.97724E+00  0.32480E-04
 0.99145E+00  0.97724E+00  0.24555E-04
 0.99298E+00  0.97724E+00  0.18229E-04
 0.99424E+00  0.97724E+00  0.13310E-04
 0.99528E+00  0.97724E+00  0.95761E-05
 0.99613E+00  0.97724E+00  0.68017E-05
 0.99683E+00  0.97724E+00  0.47775E-05
 0.99741E+00  0.97724E+00  0.33233E-05
 0.99788E+00  0.97724E+00  0.22920E-05
 0.99827E+00  0.97724E+00  0.15687E-05
 0.99859E+00  0.97724E+00  0.10660E-05
 0.99885E+00  0.97724E+00  0.71939E-06
 0.99906E+00  0.97724E+00  0.48210E-06
 0.99924E+00  0.97724E+00  0.32068E-06
 0.99938E+00  0.97724E+00  0.21151E-06
 0.99950E+00  0.97724E+00  0.13810E-06
 0.99960E+00  0.97724E+00  0.89036E-07
 0.99968E+00  0.97724E+00  0.56451E-07
 0.99975E+00  0.97724E+00  0.34969E-07
 0.99980E+00  0.97724E+00  0.20926E-07
 0.99984E+00  0.97724E+00  0.11844E-07
 0.99988E+00  0.97724E+00  0.60491E-08
 0.99991E+00  0.97724E+00  0.24180E-08
 0.99993E+00  0.97724E+00  0.19954E-09
 0.99995E+00  0.97724E+00 -0.11061E-08
 0.99997E+00  0.97724E+00 -0.18297E-08
 0.99998E+00  0.97724E+00 -0.21886E-08
 0.10000E+01  0.97724E+00 -0.23246E-08
 0.10000E+01  0.97724E+00  0.00000E+00
 0.00000E+00  0.98126E+00  0.00000E+00
 0.49709E-05  0.98126E+00  0.11814E-10
 0.16001E-04  0.98126E+00  0.12230E-09
 0.29447E-04  0.98126E+00  0.41381E-09
 0.45836E-04  0.98126E+00  0.10016E-08
 0.65814E-04  0.98126E+00  0.20622E-08
 0.90165E-04  0.98126E+00  0.38643E-08
 0.11985E-03  0.98126E+00  0.68141E-08
 0.15603E-03  0.98126E+00  0.11522E-07
 0.20013E-03  0.98126E+00  0.18900E-07
 0.25388E-03  0.98126E+00  0.30309E-07
 0.31939E-03  0.98126E+00  0.47765E-07
 0.39924E-03  0.98126E+00  0.74242E-07
 0.49656E-03  0.98126E+00  0.11411E-06
 0.61516E-03  0.98126E+00  0.17377E-06
 0.75970E-03  0.98126E+00  0.26252E-06
 0.93583E-03  0.98126E+00  0.39375E-06
 0.11504E-02  0.98126E+00  0.58669E-06
 0.14119E-02  0.98126E+00  0.86857E-06
 0.17305E-02  0.98126E+00  0.12775E-05
 0.21186E-02  0.98126E+00  0.18662E-05
 0.25912E-02  0.98126E+00  0.27056E-05
 0.31667E-02  0.98126E+00  0.38897E-05
 0.38673E-02  0.98126E+00  0.55385E-05
 0.47200E-02  0.98126E+00  0.77990E-05
 0.57574E-02  0.98126E+00  0.10842E-04
 0.70191E-02  0.98126E+00  0.14850E-04
 0.85527E-02  0.98126E+00  0.20002E-04
 0.10416E-01  0.98126E+00  0.26449E-04
 0.12677E-01  0.98126E+00  0.34302E-04
 0.15420E-01  0.98126E+00  0.43633E-04
 0.18742E-01  0.98126E+00  0.54502E-04
 0.22762E-01  0.98126E+00  0.66988E-04
 0.27617E-01  0.98126E+00  0.81194E-04
 0.33469E-01  0.98126E+00  0.97237E-04
 0.40509E-01  0.98126E+00  0.11522E-03
 0.48950E-01  0.98126E+00  0.13523E-03
 0.59040E-01  0.98126E+00  0.15729E-03
 0.71052E-01  0.98126E+00  0.18139E-03
 0.85282E-01  0.98126E+00  0.20740E-03
 0.10204E+00  0.98126E+00  0.23514E-03
 0.12166E+00  0.98126E+00  0.26425E-03
 0.14443E+00  0.98126E+00  0.29428E-03
 0.17063E+00  0.98126E+00  0.32461E-03
 0.20047E+00  0.98126E+00  0.35449E-03
 0.23404E+00  0.98126E+00  0.38308E-03
 0.27131E+00  0.98126E+00  0.40943E-03
 0.31210E+00  0.98126E+00  0.43261E-03
 0.35601E+00  0.98126E+00  0.45172E-03
 0.40249E+00  0.98126E+00  0.46598E-03
 0.45077E+00  0.98126E+00  0.47478E-03
 0.50000E+00  0.98126E+00  0.47777E-03
 0.54923E+00  0.98126E+00  0.47479E-03
 0.59751E+00  0.98126E+00  0.46599E-03
 0.64399E+00  0.98126E+00  0.45174E-03
 0.68790E+00  0.98126E+00  0.43264E-03
 0.72869E+00  0.98126E+00  0.40947E-03
 0.76596E+00  0.98126E+00  0.38312E-03
 0.79953E+00  0.98126E+00  0.35454E-03
 0.82937E+00  0.98126E+00  0.32466E-03
 0.85557E+00  0.98126E+00  0.29434E-03
 0.87834E+00  0.98126E+00  0.26432E-03
 0.89796E+00  0.98126E+00  0.23522E-03
 0.91472E+00  0.98126E+00  0.20750E-03
 0.92895E+00  0.98126E+00  0.18149E-03
 0.94096E+00  0.98126E+00  0.15740E-03
 0.95105E+00  0.98126E+00  0.13535E-03
 0.95949E+00  0.98126E+00  0.11536E-03
 0.96653E+00  0.98126E+00  0.97386E-04
 0.97238E+00  0.98126E+00  0.81355E-04
 0.97724E+00  0.98126E+00  0.67161E-04
 0.98126E+00  0.98126E+00  0.54685E-04
 0.98458E+00  0.98126E+00  0.43823E-04
 0.98732E+00  0.98126E+00  0.34492E-04
 0.98958E+00  0.98126E+00  0.26630E-04
 0.99145E+00  0.98126E+00  0.20165E-04
 0.99298E+00  0.98126E+00  0.14991E-04
 0.99424E+00  0.98126E+00  0.10957E-04
 0.99528E+00  0.98126E+00  0.78907E-05
 0.99613E+00  0.98126E+00  0.56087E-05
 0.99683E+00  0.98126E+00  0.39420E-05
 0.99741E+00  0.98126E+00  0.27435E-05
 0.99788E+00  0.98126E+00  0.18931E-05
 0.99827E+00  0.98126E+00  0.12963E-05
 0.99859E+00  0.98126E+00  0.88137E-06
 0.99885E+00  0.98126E+00  0.59520E-06
 0.99906E+00  0.98126E+00  0.39922E-06
 0.99924E+00  0.98126E+00  0.26587E-06
 0.99938E+00  0.98126E+00  0.17567E-06
 0.99950E+00  0.98126E+00  0.11501E-06
 0.99960E+00  0.98126E+00  0.74459E-07
 0.99968E+00  0.98126E+00  0.47527E-07
 0.99975E+00  0.98126E+00  0.29770E-07
 0.99980E+00  0.98126E+00  0.18162E-07
 0.99984E+00  0.98126E+00  0.10654E-07
 0.99988E+00  0.98126E+00  0.58629E-08
 0.99991E+00  0.98126E+00  0.28610E-08
 0.99993E+00  0.98126E+00  0.10268E-08
 0.99995E+00  0.98126E+00 -0.52699E-10
 0.99997E+00  0.98126E+00 -0.65093E-09
 0.99998E+00  0.98126E+00 -0.94766E-09
 0.10000E+01  0.98126E+00 -0.10601E-08
 0.10000E+01  0.98126E+00  0.00000E+00
 0.00000E+00  0.98458E+00  0.00000E+00
 0.49709E-05  0.98458E+00  0.96141E-11
 0.16001E-04  0.98458E+00  0.99529E-10
 0.29447E-04  0.98458E+00  0.33676E-09
 0.45836E-04  0.98458E+00  0.81505E-09
 0.65814E-04  0.98458E+00  0.16781E-08
 0.90165E-04  0.98458E+00  0.31446E-08
 0.11985E-03  0.98458E+00  0.55449E-08
 0.15603E-03  0.98458E+00  0.93756E-08
 0.20013E-03  0.98458E+00  0.15379E-07
 0.25388E-03  0.98458E+00  0.24662E-07
 0.31939E-03  0.98458E+00  0.38863E-07
 0.39924E-03  0.98458E+00  0.60403E-07
 0.49656E-03  0.98458E+00  0.92837E-07
 0.61516E-03  0.98458E+00  0.14136E-06
 0.75970E-03  0.98458E+00  0.21353E-06
 0.93583E-03  0.98458E+00  0.32024E-06
 0.11504E-02  0.98458E+00  0.47709E-06
 0.14119E-02  0.98458E+00  0.70617E-06
 0.17305E-02  0.98458E+00  0.10384E-05
 0.21186E-02  0.98458E+00  0.15165E-05
 0.25912E-02  0.98458E+00  0.21979E-05
 0.31667E-02  0.98458E+00  0.31584E-05
 0.38673E-02  0.98458E+00  0.44949E-05
 0.47200E-02  0.98458E+00  0.63252E-05
 0.57574E-02  0.98458E+00  0.87856E-05
 0.70191E-02  0.98458E+00  0.12021E-04
 0.85527E-02  0.98458E+00  0.16171E-04
 0.10416E-01  0.98458E+00  0.21349E-04
 0.12677E-01  0.98458E+00  0.27636E-04
 0.15420E-01  0.98458E+00  0.35077E-04
 0.18742E-01  0.98458E+00  0.43709E-04
 0.22762E-01  0.98458E+00  0.53589E-04
 0.27617E-01  0.98458E+00  0.64795E-04
 0.33469E-01  0.98458E+00  0.77419E-04
 0.40509E-01  0.98458E+00  0.91545E-04
 0.48950E-01  0.98458E+00  0.10724E-03
 0.59040E-01  0.98458E+00  0.12453E-03
 0.71052E-01  0.98458E+00  0.14340E-03
 0.85282E-01  0.98458E+00  0.16376E-03
 0.10204E+00  0.98458E+00  0.18546E-03
 0.12166E+00  0.98458E+00  0.20823E-03
 0.14443E+00  0.98458E+00  0.23171E-03
 0.17063E+00  0.98458E+00  0.25543E-03
 0.20047E+00  0.98458E+00  0.27879E-03
 0.23404E+00  0.98458E+00  0.30114E-03
 0.27131E+00  0.98458E+00  0.32173E-03
 0.31210E+00  0.98458E+00  0.33985E-03
 0.35601E+00  0.98458E+00  0.35478E-03
 0.40249E+00  0.98458E+00  0.36592E-03
 0.45077E+00  0.98458E+00  0.37280E-03
 0.50000E+00  0.98458E+00  0.37512E-03
 0.54923E+00  0.98458E+00  0.37279E-03
 0.59751E+00  0.98458E+00  0.36590E-03
 0.64399E+00  0.98458E+00  0.35476E-03
 0.68790E+00  0.98458E+00  0.33982E-03
 0.72869E+00  0.98458E+00  0.32171E-03
 0.76596E+00  0.98458E+00  0.30111E-03
 0.79953E+00  0.98458E+00  0.27876E-03
 0.82937E+00  0.98458E+00  0.25540E-03
 0.85557E+00  0.98458E+00  0.23169E-03
 0.87834E+00  0.98458E+00  0.20821E-03
 0.89796E+00  0.98458E+00  0.18545E-03
 0.91472E+00  0.98458E+00  0.16376E-03
 0.92895E+00  0.98458E+00  0.14341E-03
 0.94096E+00  0.98458E+00  0.12455E-03
 0.95105E+00  0.98458E+00  0.10728E-03
 0.95949E+00  0.98458E+00  0.91599E-04
 0.96653E+00  0.98458E+00  0.77489E-04
 0.97238E+00  0.98458E+00  0.64882E-04
 0.97724E+00  0.98458E+00  0.53692E-04
 0.98126E+00  0.98458E+00  0.43828E-04
 0.98458E+00  0.98458E+00  0.35207E-04
 0.98732E+00  0.98458E+00  0.27772E-04
 0.98958E+00  0.98458E+00  0.21484E-04
 0.99145E+00  0.98458E+00  0.16295E-04
 0.99298E+00  0.98458E+00  0.12130E-04
 0.99424E+00  0.98458E+00  0.88761E-05
 0.99528E+00  0.98458E+00  0.63975E-05
 0.99613E+00  0.98458E+00  0.45507E-05
 0.99683E+00  0.98458E+00  0.32004E-05
 0.99741E+00  0.98458E+00  0.22286E-05
 0.99788E+00  0.98458E+00  0.15386E-05
 0.99827E+00  0.98458E+00  0.10541E-05
 0.99859E+00  0.98458E+00  0.71714E-06
 0.99885E+00  0.98458E+00  0.48465E-06
 0.99906E+00  0.98458E+00  0.32540E-06
 0.99924E+00  0.98458E+00  0.21701E-06
 0.99938E+00  0.98458E+00  0.14368E-06
 0.99950E+00  0.98458E+00  0.94361E-07
 0.99960E+00  0.98458E+00  0.61390E-07
 0.99968E+00  0.98458E+00  0.39488E-07
 0.99975E+00  0.98458E+00  0.25047E-07
 0.99980E+00  0.98458E+00  0.15606E-07
 0.99984E+00  0.98458E+00  0.94989E-08
 0.99988E+00  0.98458E+00  0.56022E-08
 0.99991E+00  0.98458E+00  0.31603E-08
 0.99993E+00  0.98458E+00  0.16683E-08
 0.99995E+00  0.98458E+00  0.79017E-09
 0.99997E+00  0.98458E+00  0.30351E-09
 0.99998E+00  0.98458E+00  0.62130E-10
 0.10000E+01  0.98458E+00 -0.29362E-10
 0.10000E+01  0.98458E+00  0.00000E+00
 0.00000E+00  0.98732E+00  0.00000E+00
 0.49709E-05  0.98732E+00  0.76674E-11
 0.16001E-04  0.98732E+00  0.79377E-10
 0.29447E-04  0.98732E+00  0.26858E-09
 0.45836E-04  0.98732E+00  0.65003E-09
 0.65814E-04  0.98732E+00  0.13384E-08
 0.90165E-04  0.98732E+00  0.25079E-08
 0.11985E-03  0.98732E+00  0.44221E-08
 0.15603E-03  0.98732E+00  0.74770E-08
 0.20013E-03  0.98732E+00  0.12265E-07
 0.25388E-03  0.98732E+00  0.19667E-07
 0.31939E-03  0.98732E+00  0.30991E-07
 0.39924E-03  0.98732E+00  0.48166E-07
 0.49656E-03  0.98732E+00  0.74026E-07
 0.61516E-03  0.98732E+00  0.11271E-06
 0.75970E-03  0.98732E+00  0.17025E-06
 0.93583E-03  0.98732E+00  0.25530E-06
 0.11504E-02  0.98732E+00  0.38031E-06
 0.14119E-02  0.98732E+00  0.56286E-06
 0.17305E-02  0.98732E+00  0.82757E-06
 0.21186E-02  0.98732E+00  0.12083E-05
 0.25912E-02  0.98732E+00  0.17508E-05
 0.31667E-02  0.98732E+00  0.25153E-05
 0.38673E-02  0.98732E+00  0.35782E-05
 0.47200E-02  0.98732E+00  0.50328E-05
 0.57574E-02  0.98732E+00  0.69858E-05
 0.70191E-02  0.98732E+00  0.95504E-05
 0.85527E-02  0.98732E+00  0.12833E-04
 0.10416E-01  0.98732E+00  0.16919E-04
 0.12677E-01  0.98732E+00  0.21862E-04
 0.15420E-01  0.98732E+00  0.27692E-04
 0.18742E-01  0.98732E+00  0.34432E-04
 0.22762E-01  0.98732E+00  0.42119E-04
 0.27617E-01  0.98732E+00  0.50817E-04
 0.33469E-01  0.98732E+00  0.60595E-04
 0.40509E-01  0.98732E+00  0.71523E-04
 0.48950E-01  0.98732E+00  0.83651E-04
 0.59040E-01  0.98732E+00  0.97004E-04
 0.71052E-01  0.98732E+00  0.11157E-03
 0.85282E-01  0.98732E+00  0.12729E-03
 0.10204E+00  0.98732E+00  0.14402E-03
 0.12166E+00  0.98732E+00  0.16159E-03
 0.14443E+00  0.98732E+00  0.17970E-03
 0.17063E+00  0.98732E+00  0.19798E-03
 0.20047E+00  0.98732E+00  0.21600E-03
 0.23404E+00  0.98732E+00  0.23322E-03
 0.27131E+00  0.98732E+00  0.24910E-03
 0.31210E+00  0.98732E+00  0.26306E-03
 0.35601E+00  0.98732E+00  0.27457E-03
 0.40249E+00  0.98732E+00  0.28315E-03
 0.45077E+00  0.98732E+00  0.28845E-03
 0.50000E+00  0.98732E+00  0.29024E-03
 0.54923E+00  0.98732E+00  0.28843E-03
 0.59751E+00  0.98732E+00  0.28312E-03
 0.64399E+00  0.98732E+00  0.27452E-03
 0.68790E+00  0.98732E+00  0.26300E-03
 0.72869E+00  0.98732E+00  0.24903E-03
 0.76596E+00  0.98732E+00  0.23315E-03
 0.79953E+00  0.98732E+00  0.21591E-03
 0.82937E+00  0.98732E+00  0.19790E-03
 0.85557E+00  0.98732E+00  0.17961E-03
 0.87834E+00  0.98732E+00  0.16151E-03
 0.89796E+00  0.98732E+00  0.14395E-03
 0.91472E+00  0.98732E+00  0.12722E-03
 0.92895E+00  0.98732E+00  0.11152E-03
 0.94096E+00  0.98732E+00  0.96964E-04
 0.95105E+00  0.98732E+00  0.83626E-04
 0.95949E+00  0.98732E+00  0.71514E-04
 0.96653E+00  0.98732E+00  0.60604E-04
 0.97238E+00  0.98732E+00  0.50844E-04
 0.97724E+00  0.98732E+00  0.42166E-04
 0.98126E+00  0.98732E+00  0.34497E-04
 0.98458E+00  0.98732E+00  0.27773E-04
 0.98732E+00  0.98732E+00  0.21953E-04
 0.98958E+00  0.98732E+00  0.17012E-04
 0.99145E+00  0.98732E+00  0.12922E-04
 0.99298E+00  0.98732E+00  0.96303E-05
 0.99424E+00  0.98732E+00  0.70535E-05
 0.99528E+00  0.98732E+00  0.50875E-05
 0.99613E+00  0.98732E+00  0.36209E-05
 0.99683E+00  0.98732E+00  0.25477E-05
 0.99741E+00  0.98732E+00  0.17749E-05
 0.99788E+00  0.98732E+00  0.12259E-05
 0.99827E+00  0.98732E+00  0.84025E-06
 0.99859E+00  0.98732E+00  0.57196E-06
 0.99885E+00  0.98732E+00  0.38683E-06
 0.99906E+00  0.98732E+00  0.25999E-06
 0.99924E+00  0.98732E+00  0.17365E-06
 0.99938E+00  0.98732E+00  0.11523E-06
 0.99950E+00  0.98732E+00  0.75941E-07
 0.99960E+00  0.98732E+00  0.49670E-07
 0.99968E+00  0.98732E+00  0.32219E-07
 0.99975E+00  0.98732E+00  0.20711E-07
 0.99980E+00  0.98732E+00  0.13188E-07
 0.99984E+00  0.98732E+00  0.83213E-08
 0.99988E+00  0.98732E+00  0.52159E-08
 0.99991E+00  0.98732E+00  0.32699E-08
 0.99993E+00  0.98732E+00  0.20809E-08
 0.99995E+00  0.98732E+00  0.13811E-08
 0.99997E+00  0.98732E+00  0.99323E-09
 0.99998E+00  0.98732E+00  0.80086E-09
 0.10000E+01  0.98732E+00  0.72794E-09
 0.10000E+01  0.98732E+00  0.00000E+00
 0.00000E+00  0.98958E+00  0.00000E+00
 0.49709E-05  0.98958E+00  0.59655E-11
 0.16001E-04  0.98958E+00  0.61761E-10
 0.29447E-04  0.98958E+00  0.20897E-09
 0.45836E-04  0.98958E+00  0.50578E-09
 0.65814E-04  0.98958E+00  0.10414E-08
 0.90165E-04  0.98958E+00  0.19514E-08
 0.11985E-03  0.98958E+00  0.34410E-08
 0.15603E-03  0.98958E+00  0.58181E-08
 0.20013E-03  0.98958E+00  0.95438E-08
 0.25388E-03  0.98958E+00  0.15304E-07
 0.31939E-03  0.98958E+00  0.24117E-07
 0.39924E-03  0.98958E+00  0.37484E-07
 0.49656E-03  0.98958E+00  0.57610E-07
 0.61516E-03  0.98958E+00  0.87722E-07
 0.75970E-03  0.98958E+00  0.13251E-06
 0.93583E-03  0.98958E+00  0.19872E-06
 0.11504E-02  0.98958E+00  0.29604E-06
 0.14119E-02  0.98958E+00  0.43818E-06
 0.17305E-02  0.98958E+00  0.64430E-06
 0.21186E-02  0.98958E+00  0.94082E-06
 0.25912E-02  0.98958E+00  0.13633E-05
 0.31667E-02  0.98958E+00  0.19587E-05
 0.38673E-02  0.98958E+00  0.27864E-05
 0.47200E-02  0.98958E+00  0.39188E-05
 0.57574E-02  0.98958E+00  0.54383E-05
 0.70191E-02  0.98958E+00  0.74314E-05
 0.85527E-02  0.98958E+00  0.99782E-05
 0.10416E-01  0.98958E+00  0.13141E-04
 0.12677E-01  0.98958E+00  0.16956E-04
 0.15420E-01  0.98958E+00  0.21440E-04
 0.18742E-01  0.98958E+00  0.26607E-04
 0.22762E-01  0.98958E+00  0.32484E-04
 0.27617E-01  0.98958E+00  0.39119E-04
 0.33469E-01  0.98958E+00  0.46568E-04
 0.40509E-01  0.98958E+00  0.54885E-04
 0.48950E-01  0.98958E+00  0.64109E-04
 0.59040E-01  0.98958E+00  0.74260E-04
 0.71052E-01  0.98958E+00  0.85329E-04
 0.85282E-01  0.98958E+00  0.97268E-04
 0.10204E+00  0.98958E+00  0.10998E-03
 0.12166E+00  0.98958E+00  0.12332E-03
 0.14443E+00  0.98958E+00  0.13707E-03
 0.17063E+00  0.98958E+00  0.15096E-03
 0.20047E+00  0.98958E+00  0.16463E-03
 0.23404E+00  0.98958E+00  0.17771E-03
 0.27131E+00  0.98958E+00  0.18976E-03
 0.31210E+00  0.98958E+00  0.20036E-03
 0.35601E+00  0.98958E+00  0.20909E-03
 0.40249E+00  0.98958E+00  0.21560E-03
 0.45077E+00  0.98958E+00  0.21962E-03
 0.50000E+00  0.98958E+00  0.22097E-03
 0.54923E+00  0.98958E+00  0.21960E-03
 0.59751E+00  0.98958E+00  0.21556E-03
 0.64399E+00  0.98958E+00  0.20903E-03
 0.68790E+00  0.98958E+00  0.20028E-03
 0.72869E+00  0.98958E+00  0.18967E-03
 0.76596E+00  0.98958E+00  0.17760E-03
 0.79953E+00  0.98958E+00  0.16452E-03
 0.82937E+00  0.98958E+00  0.15084E-03
 0.85557E+00  0.98958E+00  0.13695E-03
 0.87834E+00  0.98958E+00  0.12320E-03
 0.89796E+00  0.98958E+00  0.10987E-03
 0.91472E+00  0.98958E+00  0.97162E-04
 0.92895E+00  0.98958E+00  0.85233E-04
 0.94096E+00  0.98958E+00  0.74178E-04
 0.95105E+00  0.98958E+00  0.64042E-04
 0.95949E+00  0.98958E+00  0.54834E-04
 0.96653E+00  0.98958E+00  0.46536E-04
 0.97238E+00  0.98958E+00  0.39105E-04
 0.97724E+00  0.98958E+00  0.32490E-04
 0.98126E+00  0.98958E+00  0.26632E-04
 0.98458E+00  0.98958E+00  0.21482E-04
 0.98732E+00  0.98958E+00  0.17011E-04
 0.98958E+00  0.98958E+00  0.13202E-04
 0.99145E+00  0.98958E+00  0.10039E-04
 0.99298E+00  0.98958E+00  0.74876E-05
 0.99424E+00  0.98958E+00  0.54868E-05
 0.99528E+00  0.98958E+00  0.39586E-05
 0.99613E+00  0.98958E+00  0.28179E-05
 0.99683E+00  0.98958E+00  0.19829E-05
 0.99741E+00  0.98958E+00  0.13815E-05
 0.99788E+00  0.98958E+00  0.95430E-06
 0.99827E+00  0.98958E+00  0.65424E-06
 0.99859E+00  0.98958E+00  0.44550E-06
 0.99885E+00  0.98958E+00  0.30147E-06
 0.99906E+00  0.98958E+00  0.20281E-06
 0.99924E+00  0.98958E+00  0.13566E-06
 0.99938E+00  0.98958E+00  0.90229E-07
 0.99950E+00  0.98958E+00  0.59673E-07
 0.99960E+00  0.98958E+00  0.39244E-07
 0.99968E+00  0.98958E+00  0.25675E-07
 0.99975E+00  0.98958E+00  0.16728E-07
 0.99980E+00  0.98958E+00  0.10879E-07
 0.99984E+00  0.98958E+00  0.70952E-08
 0.99988E+00  0.98958E+00  0.46810E-08
 0.99991E+00  0.98958E+00  0.31682E-08
 0.99993E+00  0.98958E+00  0.22438E-08
 0.99995E+00  0.98958E+00  0.16998E-08
 0.99997E+00  0.98958E+00  0.13983E-08
 0.99998E+00  0.98958E+00  0.12487E-08
 0.10000E+01  0.98958E+00  0.11921E-08
 0.10000E+01  0.98958E+00  0.00000E+00
 0.00000E+00  0.99145E+00  0.00000E+00
 0.49709E-05  0.99145E+00  0.45101E-11
 0.16001E-04  0.99145E+00  0.46696E-10
 0.29447E-04  0.99145E+00  0.15801E-09
 0.45836E-04  0.99145E+00  0.38245E-09
 0.65814E-04  0.99145E+00  0.78749E-09
 0.90165E-04  0.99145E+00  0.14758E-08
 0.11985E-03  0.99145E+00  0.26024E-08
 0.15603E-03  0.99145E+00  0.44006E-08
 0.20013E-03  0.99145E+00  0.72193E-08
 0.25388E-03  0.99145E+00  0.11578E-07
 0.31939E-03  0.99145E+00  0.18248E-07
 0.39924E-03  0.99145E+00  0.28366E-07
 0.49656E-03  0.99145E+00  0.43607E-07
 0.61516E-03  0.99145E+00  0.66417E-07
 0.75970E-03  0.99145E+00  0.10035E-06
 0.93583E-03  0.99145E+00  0.15055E-06
 0.11504E-02  0.99145E+00  0.22438E-06
 0.14119E-02  0.99145E+00  0.33227E-06
 0.17305E-02  0.99145E+00  0.48884E-06
 0.21186E-02  0.99145E+00  0.71425E-06
 0.25912E-02  0.99145E+00  0.10357E-05
 0.31667E-02  0.99145E+00  0.14891E-05
 0.38673E-02  0.99145E+00  0.21198E-05
 0.47200E-02  0.99145E+00  0.29830E-05
 0.57574E-02  0.99145E+00  0.41415E-05
 0.70191E-02  0.99145E+00  0.56603E-05
 0.85527E-02  0.99145E+00  0.75985E-05
 0.10416E-01  0.99145E+00  0.10000E-04
 0.12677E-01  0.99145E+00  0.12890E-04
 0.15420E-01  0.99145E+00  0.16275E-04
 0.18742E-01  0.99145E+00  0.20164E-04
 0.22762E-01  0.99145E+00  0.24578E-04
 0.27617E-01  0.99145E+00  0.29553E-04
 0.33469E-01  0.99145E+00  0.35133E-04
 0.40509E-01  0.99145E+00  0.41358E-04
 0.48950E-01  0.99145E+00  0.48259E-04
 0.59040E-01  0.99145E+00  0.55851E-04
 0.71052E-01  0.99145E+00  0.64128E-04
 0.85282E-01  0.99145E+00  0.73053E-04
 0.10204E+00  0.99145E+00  0.82557E-04
 0.12166E+00  0.99145E+00  0.92527E-04
 0.14443E+00  0.99145E+00  0.10280E-03
 0.17063E+00  0.99145E+00  0.11318E-03
 0.20047E+00  0.99145E+00  0.12340E-03
 0.23404E+00  0.99145E+00  0.13317E-03
 0.27131E+00  0.99145E+00  0.14217E-03
 0.31210E+00  0.99145E+00  0.15008E-03
 0.35601E+00  0.99145E+00  0.15661E-03
 0.40249E+00  0.99145E+00  0.16147E-03
 0.45077E+00  0.99145E+00  0.16447E-03
 0.50000E+00  0.99145E+00  0.16547E-03
 0.54923E+00  0.99145E+00  0.16444E-03
 0.59751E+00  0.99145E+00  0.16142E-03
 0.64399E+00  0.99145E+00  0.15654E-03
 0.68790E+00  0.99145E+00  0.15000E-03
 0.72869E+00  0.99145E+00  0.14207E-03
 0.76596E+00  0.99145E+00  0.13305E-03
 0.79953E+00  0.99145E+00  0.12327E-03
 0.82937E+00  0.99145E+00  0.11304E-03
 0.85557E+00  0.99145E+00  0.10267E-03
 0.87834E+00  0.99145E+00  0.92392E-04
 0.89796E+00  0.99145E+00  0.82426E-04
 0.91472E+00  0.99145E+00  0.72929E-04
 0.92895E+00  0.99145E+00  0.64014E-04
 0.94096E+00  0.99145E+00  0.55750E-04
 0.95105E+00  0.99145E+00  0.48172E-04
 0.95949E+00  0.99145E+00  0.41286E-04
 0.96653E+00  0.99145E+00  0.35078E-04
 0.97238E+00  0.99145E+00  0.29516E-04
 0.97724E+00  0.99145E+00  0.24560E-04
 0.98126E+00  0.99145E+00  0.20164E-04
 0.98458E+00  0.99145E+00  0.16291E-04
 0.98732E+00  0.99145E+00  0.12919E-04
 0.98958E+00  0.99145E+00  0.10037E-04
 0.99145E+00  0.99145E+00  0.76382E-05
 0.99298E+00  0.99145E+00  0.56983E-05
 0.99424E+00  0.99145E+00  0.41752E-05
 0.99528E+00  0.99145E+00  0.30112E-05
 0.99613E+00  0.99145E+00  0.21423E-05
 0.99683E+00  0.99145E+00  0.15066E-05
 0.99741E+00  0.99145E+00  0.10491E-05
 0.99788E+00  0.99145E+00  0.72433E-06
 0.99827E+00  0.99145E+00  0.49642E-06
 0.99859E+00  0.99145E+00  0.33800E-06
 0.99885E+00  0.99145E+00  0.22877E-06
 0.99906E+00  0.99145E+00  0.15400E-06
 0.99924E+00  0.99145E+00  0.10313E-06
 0.99938E+00  0.99145E+00  0.68736E-07
 0.99950E+00  0.99145E+00  0.45612E-07
 0.99960E+00  0.99145E+00  0.30157E-07
 0.99968E+00  0.99145E+00  0.19895E-07
 0.99975E+00  0.99145E+00  0.13129E-07
 0.99980E+00  0.99145E+00  0.87075E-08
 0.99984E+00  0.99145E+00  0.58478E-08
 0.99988E+00  0.99145E+00  0.40233E-08
 0.99991E+00  0.99145E+00  0.28801E-08
 0.99993E+00  0.99145E+00  0.21817E-08
 0.99995E+00  0.99145E+00  0.17707E-08
 0.99997E+00  0.99145E+00  0.15429E-08
 0.99998E+00  0.99145E+00  0.14299E-08
 0.10000E+01  0.99145E+00  0.13871E-08
 0.10000E+01  0.99145E+00  0.00000E+00
 0.00000E+00  0.99298E+00  0.00000E+00
 0.49709E-05  0.99298E+00  0.33026E-11
 0.16001E-04  0.99298E+00  0.34199E-10
 0.29447E-04  0.99298E+00  0.11573E-09
 0.45836E-04  0.99298E+00  0.28016E-09
 0.65814E-04  0.99298E+00  0.57693E-09
 0.90165E-04  0.99298E+00  0.10813E-08
 0.11985E-03  0.99298E+00  0.19072E-08
 0.15603E-03  0.99298E+00  0.32256E-08
 0.20013E-03  0.99298E+00  0.52931E-08
 0.25388E-03  0.99298E+00  0.84915E-08
 0.31939E-03  0.99298E+00  0.13388E-07
 0.39924E-03  0.99298E+00  0.20821E-07
 0.49656E-03  0.99298E+00  0.32024E-07
 0.61516E-03  0.99298E+00  0.48805E-07
 0.75970E-03  0.99298E+00  0.73797E-07
 0.93583E-03  0.99298E+00  0.11081E-06
 0.11504E-02  0.99298E+00  0.16531E-06
 0.14119E-02  0.99298E+00  0.24509E-06
 0.17305E-02  0.99298E+00  0.36106E-06
 0.21186E-02  0.99298E+00  0.52833E-06
 0.25912E-02  0.99298E+00  0.76735E-06
 0.31667E-02  0.99298E+00  0.11051E-05
 0.38673E-02  0.99298E+00  0.15758E-05
 0.47200E-02  0.99298E+00  0.22210E-05
 0.57574E-02  0.99298E+00  0.30876E-05
 0.70191E-02  0.99298E+00  0.42236E-05
 0.85527E-02  0.99298E+00  0.56720E-05
 0.10416E-01  0.99298E+00  0.74634E-05
 0.12677E-01  0.99298E+00  0.96128E-05
 0.15420E-01  0.99298E+00  0.12124E-04
 0.18742E-01  0.99298E+00  0.15001E-04
 0.22762E-01  0.99298E+00  0.18260E-04
 0.27617E-01  0.99298E+00  0.21929E-04
 0.33469E-01  0.99298E+00  0.26041E-04
 0.40509E-01  0.99298E+00  0.30626E-04
 0.48950E-01  0.99298E+00  0.35708E-04
 0.59040E-01  0.99298E+00  0.41297E-04
 0.71052E-01  0.99298E+00  0.47388E-04
 0.85282E-01  0.99298E+00  0.53957E-04
 0.10204E+00  0.99298E+00  0.60950E-04
 0.12166E+00  0.99298E+00  0.68285E-04
 0.14443E+00  0.99298E+00  0.75845E-04
 0.17063E+00  0.99298E+00  0.83477E-04
 0.20047E+00  0.99298E+00  0.90993E-04
 0.23404E+00  0.99298E+00  0.98178E-04
 0.27131E+00  0.99298E+00  0.10480E-03
 0.31210E+00  0.99298E+00  0.11062E-03
 0.35601E+00  0.99298E+00  0.11542E-03
 0.40249E+00  0.99298E+00  0.11899E-03
 0.45077E+00  0.99298E+00  0.12119E-03
 0.50000E+00  0.99298E+00  0.12193E-03
 0.54923E+00  0.99298E+00  0.12117E-03
 0.59751E+00  0.99298E+00  0.11895E-03
 0.64399E+00  0.99298E+00  0.11535E-03
 0.68790E+00  0.99298E+00  0.11054E-03
 0.72869E+00  0.99298E+00  0.10470E-03
 0.76596E+00  0.99298E+00  0.98066E-04
 0.79953E+00  0.99298E+00  0.90871E-04
 0.82937E+00  0.99298E+00  0.83348E-04
 0.85557E+00  0.99298E+00  0.75713E-04
 0.87834E+00  0.99298E+00  0.68153E-04
 0.89796E+00  0.99298E+00  0.60821E-04
 0.91472E+00  0.99298E+00  0.53834E-04
 0.92895E+00  0.99298E+00  0.47274E-04
 0.94096E+00  0.99298E+00  0.41194E-04
 0.95105E+00  0.99298E+00  0.35617E-04
 0.95949E+00  0.99298E+00  0.30549E-04
 0.96653E+00  0.99298E+00  0.25979E-04
 0.97238E+00  0.99298E+00  0.21883E-04
 0.97724E+00  0.99298E+00  0.18230E-04
 0.98126E+00  0.99298E+00  0.14987E-04
 0.98458E+00  0.99298E+00  0.12125E-04
 0.98732E+00  0.99298E+00  0.96257E-05
 0.98958E+00  0.99298E+00  0.74845E-05
 0.99145E+00  0.99298E+00  0.56969E-05
 0.99298E+00  0.99298E+00  0.42487E-05
 0.99424E+00  0.99298E+00  0.31104E-05
 0.99528E+00  0.99298E+00  0.22405E-05
 0.99613E+00  0.99298E+00  0.15917E-05
 0.99683E+00  0.99298E+00  0.11176E-05
 0.99741E+00  0.99298E+00  0.77700E-06
 0.99788E+00  0.99298E+00  0.53572E-06
 0.99827E+00  0.99298E+00  0.36673E-06
 0.99859E+00  0.99298E+00  0.24948E-06
 0.99885E+00  0.99298E+00  0.16878E-06
 0.99906E+00  0.99298E+00  0.11361E-06
 0.99924E+00  0.99298E+00  0.76139E-07
 0.99938E+00  0.99298E+00  0.50828E-07
 0.99950E+00  0.99298E+00  0.33828E-07
 0.99960E+00  0.99298E+00  0.22477E-07
 0.99968E+00  0.99298E+00  0.14944E-07
 0.99975E+00  0.99298E+00  0.99815E-08
 0.99980E+00  0.99298E+00  0.67394E-08
 0.99984E+00  0.99298E+00  0.46436E-08
 0.99988E+00  0.99298E+00  0.33068E-08
 0.99991E+00  0.99298E+00  0.24695E-08
 0.99993E+00  0.99298E+00  0.19581E-08
 0.99995E+00  0.99298E+00  0.16572E-08
 0.99997E+00  0.99298E+00  0.14904E-08
 0.99998E+00  0.99298E+00  0.14078E-08
 0.10000E+01  0.99298E+00  0.13764E-08
 0.10000E+01  0.99298E+00  0.00000E+00
 0.00000E+00  0.99424E+00  0.00000E+00
 0.49709E-05  0.99424E+00  0.23354E-11
 0.16001E-04  0.99424E+00  0.24189E-10
 0.29447E-04  0.99424E+00  0.81876E-10
 0.45836E-04  0.99424E+00  0.19824E-09
 0.65814E-04  0.99424E+00  0.40834E-09
 0.90165E-04  0.99424E+00  0.76556E-09
 0.11985E-03  0.99424E+00  0.13507E-08
 0.15603E-03  0.99424E+00  0.22855E-08
 0.20013E-03  0.99424E+00  0.37522E-08
 0.25388E-03  0.99424E+00  0.60232E-08
 0.31939E-03  0.99424E+00  0.95034E-08
 0.39924E-03  0.99424E+00  0.14793E-07
 0.49656E-03  0.99424E+00  0.22776E-07
 0.61516E-03  0.99424E+00  0.34754E-07
 0.75970E-03  0.99424E+00  0.52627E-07
 0.93583E-03  0.99424E+00  0.79156E-07
 0.11504E-02  0.99424E+00  0.11832E-06
 0.14119E-02  0.99424E+00  0.17582E-06
 0.17305E-02  0.99424E+00  0.25966E-06
 0.21186E-02  0.99424E+00  0.38100E-06
 0.25912E-02  0.99424E+00  0.55499E-06
 0.31667E-02  0.99424E+00  0.80166E-06
 0.38673E-02  0.99424E+00  0.11465E-05
 0.47200E-02  0.99424E+00  0.16203E-05
 0.57574E-02  0.99424E+00  0.22575E-05
 0.70191E-02  0.99424E+00  0.30932E-05
 0.85527E-02  0.99424E+00  0.41577E-05
 0.10416E-01  0.99424E+00  0.54719E-05
 0.12677E-01  0.99424E+00  0.70447E-05
 0.15420E-01  0.99424E+00  0.88774E-05
 0.18742E-01  0.99424E+00  0.10973E-04
 0.22762E-01  0.99424E+00  0.13342E-04
 0.27617E-01  0.99424E+00  0.16007E-04
 0.33469E-01  0.99424E+00  0.18992E-04
 0.40509E-01  0.99424E+00  0.22319E-04
 0.48950E-01  0.99424E+00  0.26006E-04
 0.59040E-01  0.99424E+00  0.30060E-04
 0.71052E-01  0.99424E+00  0.34478E-04
 0.85282E-01  0.99424E+00  0.39242E-04
 0.10204E+00  0.99424E+00  0.44313E-04
 0.12166E+00  0.99424E+00  0.49631E-04
 0.14443E+00  0.99424E+00  0.55113E-04
 0.17063E+00  0.99424E+00  0.60645E-04
 0.20047E+00  0.99424E+00  0.66094E-04
 0.23404E+00  0.99424E+00  0.71302E-04
 0.27131E+00  0.99424E+00  0.76102E-04
 0.31210E+00  0.99424E+00  0.80320E-04
 0.35601E+00  0.99424E+00  0.83795E-04
 0.40249E+00  0.99424E+00  0.86384E-04
 0.45077E+00  0.99424E+00  0.87980E-04
 0.50000E+00  0.99424E+00  0.88513E-04
 0.54923E+00  0.99424E+00  0.87961E-04
 0.59751E+00  0.99424E+00  0.86346E-04
 0.64399E+00  0.99424E+00  0.83738E-04
 0.68790E+00  0.99424E+00  0.80247E-04
 0.72869E+00  0.99424E+00  0.76015E-04
 0.76596E+00  0.99424E+00  0.71204E-04
 0.79953E+00  0.99424E+00  0.65986E-04
 0.82937E+00  0.99424E+00  0.60531E-04
 0.85557E+00  0.99424E+00  0.54995E-04
 0.87834E+00  0.99424E+00  0.49514E-04
 0.89796E+00  0.99424E+00  0.44198E-04
 0.91472E+00  0.99424E+00  0.39132E-04
 0.92895E+00  0.99424E+00  0.34375E-04
 0.94096E+00  0.99424E+00  0.29966E-04
 0.95105E+00  0.99424E+00  0.25922E-04
 0.95949E+00  0.99424E+00  0.22247E-04
 0.96653E+00  0.99424E+00  0.18932E-04
 0.97238E+00  0.99424E+00  0.15960E-04
 0.97724E+00  0.99424E+00  0.13309E-04
 0.98126E+00  0.99424E+00  0.10953E-04
 0.98458E+00  0.99424E+00  0.88705E-05
 0.98732E+00  0.99424E+00  0.70484E-05
 0.98958E+00  0.99424E+00  0.54831E-05
 0.99145E+00  0.99424E+00  0.41729E-05
 0.99298E+00  0.99424E+00  0.31095E-05
 0.99424E+00  0.99424E+00  0.22728E-05
 0.99528E+00  0.99424E+00  0.16336E-05
 0.99613E+00  0.99424E+00  0.11575E-05
 0.99683E+00  0.99424E+00  0.81047E-06
 0.99741E+00  0.99424E+00  0.56188E-06
 0.99788E+00  0.99424E+00  0.38636E-06
 0.99827E+00  0.99424E+00  0.26384E-06
 0.99859E+00  0.99424E+00  0.17912E-06
 0.99885E+00  0.99424E+00  0.12099E-06
 0.99906E+00  0.99424E+00  0.81372E-07
 0.99924E+00  0.99424E+00  0.54526E-07
 0.99938E+00  0.99424E+00  0.36434E-07
 0.99950E+00  0.99424E+00  0.24306E-07
 0.99960E+00  0.99424E+00  0.16221E-07
 0.99968E+00  0.99424E+00  0.10864E-07
 0.99975E+00  0.99424E+00  0.73384E-08
 0.99980E+00  0.99424E+00  0.50375E-08
 0.99984E+00  0.99424E+00  0.35513E-08
 0.99988E+00  0.99424E+00  0.26040E-08
 0.99991E+00  0.99424E+00  0.20110E-08
 0.99993E+00  0.99424E+00  0.16490E-08
 0.99995E+00  0.99424E+00  0.14361E-08
 0.99997E+00  0.99424E+00  0.13181E-08
 0.99998E+00  0.99424E+00  0.12597E-08
 0.10000E+01  0.99424E+00  0.12375E-08
 0.10000E+01  0.99424E+00  0.00000E+00
 0.00000E+00  0.99528E+00  0.00000E+00
 0.49709E-05  0.99528E+00  0.15891E-11
 0.16001E-04  0.99528E+00  0.16466E-10
 0.29447E-04  0.99528E+00  0.55754E-10
 0.45836E-04  0.99528E+00  0.13505E-09
 0.65814E-04  0.99528E+00  0.27830E-09
 0.90165E-04  0.99528E+00  0.52204E-09
 0.11985E-03  0.99528E+00  0.92166E-09
 0.15603E-03  0.99528E+00  0.15607E-08
 0.20013E-03  0.99528E+00  0.25648E-08
 0.25388E-03  0.99528E+00  0.41217E-08
 0.31939E-03  0.99528E+00  0.65119E-08
 0.39924E-03  0.99528E+00  0.10152E-07
 0.49656E-03  0.99528E+00  0.15661E-07
 0.61516E-03  0.99528E+00  0.23951E-07
 0.75970E-03  0.99528E+00  0.36362E-07
 0.93583E-03  0.99528E+00  0.54856E-07
 0.11504E-02  0.99528E+00  0.82279E-07
 0.14119E-02  0.99528E+00  0.12273E-06
 0.17305E-02  0.99528E+00  0.18201E-06
 0.21186E-02  0.99528E+00  0.26827E-06
 0.25912E-02  0.99528E+00  0.39259E-06
 0.31667E-02  0.99528E+00  0.56971E-06
 0.38673E-02  0.99528E+00  0.81834E-06
 0.47200E-02  0.99528E+00  0.11610E-05
 0.57574E-02  0.99528E+00  0.16227E-05
 0.70191E-02  0.99528E+00  0.22284E-05
 0.85527E-02  0.99528E+00  0.29994E-05
 0.10416E-01  0.99528E+00  0.39494E-05
 0.12677E-01  0.99528E+00  0.50835E-05
 0.15420E-01  0.99528E+00  0.64019E-05
 0.18742E-01  0.99528E+00  0.79062E-05
 0.22762E-01  0.99528E+00  0.96052E-05
 0.27617E-01  0.99528E+00  0.11515E-04
 0.33469E-01  0.99528E+00  0.13653E-04
 0.40509E-01  0.99528E+00  0.16035E-04
 0.48950E-01  0.99528E+00  0.18675E-04
 0.59040E-01  0.99528E+00  0.21577E-04
 0.71052E-01  0.99528E+00  0.24739E-04
 0.85282E-01  0.99528E+00  0.28148E-04
 0.10204E+00  0.99528E+00  0.31777E-04
 0.12166E+00  0.99528E+00  0.35583E-04
 0.14443E+00  0.99528E+00  0.39505E-04
 0.17063E+00  0.99528E+00  0.43464E-04
 0.20047E+00  0.99528E+00  0.47362E-04
 0.23404E+00  0.99528E+00  0.51088E-04
 0.27131E+00  0.99528E+00  0.54522E-04
 0.31210E+00  0.99528E+00  0.57539E-04
 0.35601E+00  0.99528E+00  0.60024E-04
 0.40249E+00  0.99528E+00  0.61876E-04
 0.45077E+00  0.99528E+00  0.63017E-04
 0.50000E+00  0.99528E+00  0.63397E-04
 0.54923E+00  0.99528E+00  0.63001E-04
 0.59751E+00  0.99528E+00  0.61844E-04
 0.64399E+00  0.99528E+00  0.59978E-04
 0.68790E+00  0.99528E+00  0.57479E-04
 0.72869E+00  0.99528E+00  0.54450E-04
 0.76596E+00  0.99528E+00  0.51006E-04
 0.79953E+00  0.99528E+00  0.47273E-04
 0.82937E+00  0.99528E+00  0.43369E-04
 0.85557E+00  0.99528E+00  0.39408E-04
 0.87834E+00  0.99528E+00  0.35485E-04
 0.89796E+00  0.99528E+00  0.31681E-04
 0.91472E+00  0.99528E+00  0.28056E-04
 0.92895E+00  0.99528E+00  0.24652E-04
 0.94096E+00  0.99528E+00  0.21497E-04
 0.95105E+00  0.99528E+00  0.18603E-04
 0.95949E+00  0.99528E+00  0.15973E-04
 0.96653E+00  0.99528E+00  0.13600E-04
 0.97238E+00  0.99528E+00  0.11473E-04
 0.97724E+00  0.99528E+00  0.95743E-05
 0.98126E+00  0.99528E+00  0.78862E-05
 0.98458E+00  0.99528E+00  0.63922E-05
 0.98732E+00  0.99528E+00  0.50826E-05
 0.98958E+00  0.99528E+00  0.39548E-05
 0.99145E+00  0.99528E+00  0.30086E-05
 0.99298E+00  0.99528E+00  0.22390E-05
 0.99424E+00  0.99528E+00  0.16330E-05
 0.99528E+00  0.99528E+00  0.11701E-05
 0.99613E+00  0.99528E+00  0.82600E-06
 0.99683E+00  0.99528E+00  0.57589E-06
 0.99741E+00  0.99528E+00  0.39749E-06
 0.99788E+00  0.99528E+00  0.27212E-06
 0.99827E+00  0.99528E+00  0.18506E-06
 0.99859E+00  0.99528E+00  0.12517E-06
 0.99885E+00  0.99528E+00  0.84294E-07
 0.99906E+00  0.99528E+00  0.56562E-07
 0.99924E+00  0.99528E+00  0.37852E-07
 0.99938E+00  0.99528E+00  0.25291E-07
 0.99950E+00  0.99528E+00  0.16899E-07
 0.99960E+00  0.99528E+00  0.11322E-07
 0.99968E+00  0.99528E+00  0.76346E-08
 0.99975E+00  0.99528E+00  0.52135E-08
 0.99980E+00  0.99528E+00  0.36362E-08
 0.99984E+00  0.99528E+00  0.26190E-08
 0.99988E+00  0.99528E+00  0.19714E-08
 0.99991E+00  0.99528E+00  0.15665E-08
 0.99993E+00  0.99528E+00  0.13195E-08
 0.99995E+00  0.99528E+00  0.11743E-08
 0.99997E+00  0.99528E+00  0.10939E-08
 0.99998E+00  0.99528E+00  0.10541E-08
 0.10000E+01  0.99528E+00  0.10390E-08
 0.10000E+01  0.99528E+00  0.00000E+00
 0.00000E+00  0.99613E+00  0.00000E+00
 0.49709E-05  0.99613E+00  0.10348E-11
 0.16001E-04  0.99613E+00  0.10730E-10
 0.29447E-04  0.99613E+00  0.36356E-10
 0.45836E-04  0.99613E+00  0.88121E-10
 0.65814E-04  0.99613E+00  0.18174E-09
 0.90165E-04  0.99613E+00  0.34126E-09
 0.11985E-03  0.99613E+00  0.60320E-09
 0.15603E-03  0.99613E+00  0.10229E-08
 0.20013E-03  0.99613E+00  0.16837E-08
 0.25388E-03  0.99613E+00  0.27112E-08
 0.31939E-03  0.99613E+00  0.42936E-08
 0.39924E-03  0.99613E+00  0.67127E-08
 0.49656E-03  0.99613E+00  0.10389E-07
 0.61516E-03  0.99613E+00  0.15948E-07
 0.75970E-03  0.99613E+00  0.24319E-07
 0.93583E-03  0.99613E+00  0.36870E-07
 0.11504E-02  0.99613E+00  0.55608E-07
 0.14119E-02  0.99613E+00  0.83448E-07
 0.17305E-02  0.99613E+00  0.12456E-06
 0.21186E-02  0.99613E+00  0.18483E-06
 0.25912E-02  0.99613E+00  0.27230E-06
 0.31667E-02  0.99613E+00  0.39771E-06
 0.38673E-02  0.99613E+00  0.57462E-06
 0.47200E-02  0.99613E+00  0.81929E-06
 0.57574E-02  0.99613E+00  0.11496E-05
 0.70191E-02  0.99613E+00  0.15831E-05
 0.85527E-02  0.99613E+00  0.21342E-05
 0.10416E-01  0.99613E+00  0.28120E-05
 0.12677E-01  0.99613E+00  0.36194E-05
 0.15420E-01  0.99613E+00  0.45558E-05
 0.18742E-01  0.99613E+00  0.56226E-05
 0.22762E-01  0.99613E+00  0.68261E-05
 0.27617E-01  0.99613E+00  0.81780E-05
 0.33469E-01  0.99613E+00  0.96912E-05
 0.40509E-01  0.99613E+00  0.11377E-04
 0.48950E-01  0.99613E+00  0.13245E-04
 0.59040E-01  0.99613E+00  0.15298E-04
 0.71052E-01  0.99613E+00  0.17536E-04
 0.85282E-01  0.99613E+00  0.19947E-04
 0.10204E+00  0.99613E+00  0.22514E-04
 0.12166E+00  0.99613E+00  0.25206E-04
 0.14443E+00  0.99613E+00  0.27980E-04
 0.17063E+00  0.99613E+00  0.30780E-04
 0.20047E+00  0.99613E+00  0.33537E-04
 0.23404E+00  0.99613E+00  0.36172E-04
 0.27131E+00  0.99613E+00  0.38600E-04
 0.31210E+00  0.99613E+00  0.40733E-04
 0.35601E+00  0.99613E+00  0.42490E-04
 0.40249E+00  0.99613E+00  0.43800E-04
 0.45077E+00  0.99613E+00  0.44606E-04
 0.50000E+00  0.99613E+00  0.44874E-04
 0.54923E+00  0.99613E+00  0.44593E-04
 0.59751E+00  0.99613E+00  0.43774E-04
 0.64399E+00  0.99613E+00  0.42453E-04
 0.68790E+00  0.99613E+00  0.40686E-04
 0.72869E+00  0.99613E+00  0.38543E-04
 0.76596E+00  0.99613E+00  0.36107E-04
 0.79953E+00  0.99613E+00  0.33466E-04
 0.82937E+00  0.99613E+00  0.30705E-04
 0.85557E+00  0.99613E+00  0.27903E-04
 0.87834E+00  0.99613E+00  0.25128E-04
 0.89796E+00  0.99613E+00  0.22438E-04
 0.91472E+00  0.99613E+00  0.19873E-04
 0.92895E+00  0.99613E+00  0.17466E-04
 0.94096E+00  0.99613E+00  0.15234E-04
 0.95105E+00  0.99613E+00  0.13187E-04
 0.95949E+00  0.99613E+00  0.11327E-04
 0.96653E+00  0.99613E+00  0.96485E-05
 0.97238E+00  0.99613E+00  0.81434E-05
 0.97724E+00  0.99613E+00  0.67999E-05
 0.98126E+00  0.99613E+00  0.56048E-05
 0.98458E+00  0.99613E+00  0.45462E-05
 0.98732E+00  0.99613E+00  0.36166E-05
 0.98958E+00  0.99613E+00  0.28144E-05
 0.99145E+00  0.99613E+00  0.21397E-05
 0.99298E+00  0.99613E+00  0.15899E-05
 0.99424E+00  0.99613E+00  0.11565E-05
 0.99528E+00  0.99613E+00  0.82556E-06
 0.99613E+00  0.99613E+00  0.57994E-06
 0.99683E+00  0.99613E+00  0.40204E-06
 0.99741E+00  0.99613E+00  0.27577E-06
 0.99788E+00  0.99613E+00  0.18758E-06
 0.99827E+00  0.99613E+00  0.12676E-06
 0.99859E+00  0.99613E+00  0.85240E-07
 0.99885E+00  0.99613E+00  0.57103E-07
 0.99906E+00  0.99613E+00  0.38154E-07
 0.99924E+00  0.99613E+00  0.25455E-07
 0.99938E+00  0.99613E+00  0.16983E-07
 0.99950E+00  0.99613E+00  0.11354E-07
 0.99960E+00  0.99613E+00  0.76306E-08
 0.99968E+00  0.99613E+00  0.51800E-08
 0.99975E+00  0.99613E+00  0.35766E-08
 0.99980E+00  0.99613E+00  0.25353E-08
 0.99984E+00  0.99613E+00  0.18656E-08
 0.99988E+00  0.99613E+00  0.14402E-08
 0.99991E+00  0.99613E+00  0.11746E-08
 0.99993E+00  0.99613E+00  0.10129E-08
 0.99995E+00  0.99613E+00  0.91798E-09
 0.99997E+00  0.99613E+00  0.86550E-09
 0.99998E+00  0.99613E+00  0.83951E-09
 0.10000E+01  0.99613E+00  0.82968E-09
 0.10000E+01  0.99613E+00  0.00000E+00
 0.00000E+00  0.99683E+00  0.00000E+00
 0.49709E-05  0.99683E+00  0.63901E-12
 0.16001E-04  0.99683E+00  0.66344E-11
 0.29447E-04  0.99683E+00  0.22504E-10
 0.45836E-04  0.99683E+00  0.54614E-10
 0.65814E-04  0.99683E+00  0.11280E-09
 0.90165E-04  0.99683E+00  0.21218E-09
 0.11985E-03  0.99683E+00  0.37583E-09
 0.15603E-03  0.99683E+00  0.63891E-09
 0.20013E-03  0.99683E+00  0.10548E-08
 0.25388E-03  0.99683E+00  0.17044E-08
 0.31939E-03  0.99683E+00  0.27104E-08
 0.39924E-03  0.99683E+00  0.42578E-08
 0.49656E-03  0.99683E+00  0.66261E-08
 0.61516E-03  0.99683E+00  0.10236E-07
 0.75970E-03  0.99683E+00  0.15721E-07
 0.93583E-03  0.99683E+00  0.24024E-07
 0.11504E-02  0.99683E+00  0.36546E-07
 0.14119E-02  0.99683E+00  0.55345E-07
 0.17305E-02  0.99683E+00  0.83397E-07
 0.21186E-02  0.99683E+00  0.12492E-06
 0.25912E-02  0.99683E+00  0.18571E-06
 0.31667E-02  0.99683E+00  0.27350E-06
 0.38673E-02  0.99683E+00  0.39803E-06
 0.47200E-02  0.99683E+00  0.57086E-06
 0.57574E-02  0.99683E+00  0.80457E-06
 0.70191E-02  0.99683E+00  0.11113E-05
 0.85527E-02  0.99683E+00  0.15008E-05
 0.10416E-01  0.99683E+00  0.19790E-05
 0.12677E-01  0.99683E+00  0.25473E-05
 0.15420E-01  0.99683E+00  0.32052E-05
 0.18742E-01  0.99683E+00  0.39535E-05
 0.22762E-01  0.99683E+00  0.47972E-05
 0.27617E-01  0.99683E+00  0.57444E-05
 0.33469E-01  0.99683E+00  0.68045E-05
 0.40509E-01  0.99683E+00  0.79855E-05
 0.48950E-01  0.99683E+00  0.92935E-05
 0.59040E-01  0.99683E+00  0.10732E-04
 0.71052E-01  0.99683E+00  0.12298E-04
 0.85282E-01  0.99683E+00  0.13987E-04
 0.10204E+00  0.99683E+00  0.15784E-04
 0.12166E+00  0.99683E+00  0.17669E-04
 0.14443E+00  0.99683E+00  0.19611E-04
 0.17063E+00  0.99683E+00  0.21571E-04
 0.20047E+00  0.99683E+00  0.23501E-04
 0.23404E+00  0.99683E+00  0.25346E-04
 0.27131E+00  0.99683E+00  0.27045E-04
 0.31210E+00  0.99683E+00  0.28539E-04
 0.35601E+00  0.99683E+00  0.29769E-04
 0.40249E+00  0.99683E+00  0.30685E-04
 0.45077E+00  0.99683E+00  0.31249E-04
 0.50000E+00  0.99683E+00  0.31436E-04
 0.54923E+00  0.99683E+00  0.31239E-04
 0.59751E+00  0.99683E+00  0.30665E-04
 0.64399E+00  0.99683E+00  0.29740E-04
 0.68790E+00  0.99683E+00  0.28502E-04
 0.72869E+00  0.99683E+00  0.27002E-04
 0.76596E+00  0.99683E+00  0.25296E-04
 0.79953E+00  0.99683E+00  0.23447E-04
 0.82937E+00  0.99683E+00  0.21514E-04
 0.85557E+00  0.99683E+00  0.19552E-04
 0.87834E+00  0.99683E+00  0.17609E-04
 0.89796E+00  0.99683E+00  0.15725E-04
 0.91472E+00  0.99683E+00  0.13930E-04
 0.92895E+00  0.99683E+00  0.12245E-04
 0.94096E+00  0.99683E+00  0.10682E-04
 0.95105E+00  0.99683E+00  0.92489E-05
 0.95949E+00  0.99683E+00  0.79463E-05
 0.96653E+00  0.99683E+00  0.67711E-05
 0.97238E+00  0.99683E+00  0.57171E-05
 0.97724E+00  0.99683E+00  0.47762E-05
 0.98126E+00  0.99683E+00  0.39390E-05
 0.98458E+00  0.99683E+00  0.31967E-05
 0.98732E+00  0.99683E+00  0.25441E-05
 0.98958E+00  0.99683E+00  0.19798E-05
 0.99145E+00  0.99683E+00  0.15041E-05
 0.99298E+00  0.99683E+00  0.11158E-05
 0.99424E+00  0.99683E+00  0.80924E-06
 0.99528E+00  0.99683E+00  0.57517E-06
 0.99613E+00  0.99683E+00  0.40173E-06
 0.99683E+00  0.99683E+00  0.27654E-06
 0.99741E+00  0.99683E+00  0.18816E-06
 0.99788E+00  0.99683E+00  0.12687E-06
 0.99827E+00  0.99683E+00  0.84973E-07
 0.99859E+00  0.99683E+00  0.56640E-07
 0.99885E+00  0.99683E+00  0.37637E-07
 0.99906E+00  0.99683E+00  0.24970E-07
 0.99924E+00  0.99683E+00  0.16566E-07
 0.99938E+00  0.99683E+00  0.11013E-07
 0.99950E+00  0.99683E+00  0.73553E-08
 0.99960E+00  0.99683E+00  0.49550E-08
 0.99968E+00  0.99683E+00  0.33863E-08
 0.99975E+00  0.99683E+00  0.23663E-08
 0.99980E+00  0.99683E+00  0.17074E-08
 0.99984E+00  0.99683E+00  0.12854E-08
 0.99988E+00  0.99683E+00  0.10185E-08
 0.99991E+00  0.99683E+00  0.85246E-09
 0.99993E+00  0.99683E+00  0.75160E-09
 0.99995E+00  0.99683E+00  0.69254E-09
 0.99997E+00  0.99683E+00  0.65994E-09
 0.99998E+00  0.99683E+00  0.64384E-09
 0.10000E+01  0.99683E+00  0.63775E-09
 0.10000E+01  0.99683E+00  0.00000E+00
 0.00000E+00  0.99741E+00  0.00000E+00
 0.49709E-05  0.99741E+00  0.36792E-12
 0.16001E-04  0.99741E+00  0.38285E-11
 0.29447E-04  0.99741E+00  0.13013E-10
 0.45836E-04  0.99741E+00  0.31655E-10
 0.65814E-04  0.99741E+00  0.65563E-10
 0.90165E-04  0.99741E+00  0.12372E-09
 0.11985E-03  0.99741E+00  0.21999E-09
 0.15603E-03  0.99741E+00  0.37568E-09
 0.20013E-03  0.99741E+00  0.62355E-09
 0.25388E-03  0.99741E+00  0.10139E-08
 0.31939E-03  0.99741E+00  0.16240E-08
 0.39924E-03  0.99741E+00  0.25723E-08
 0.49656E-03  0.99741E+00  0.40409E-08
 0.61516E-03  0.99741E+00  0.63084E-08
 0.75970E-03  0.99741E+00  0.98002E-08
 0.93583E-03  0.99741E+00  0.15162E-07
 0.11504E-02  0.99741E+00  0.23367E-07
 0.14119E-02  0.99741E+00  0.35860E-07
 0.17305E-02  0.99741E+00  0.54752E-07
 0.21186E-02  0.99741E+00  0.83048E-07
 0.25912E-02  0.99741E+00  0.12490E-06
 0.31667E-02  0.99741E+00  0.18581E-06
 0.38673E-02  0.99741E+00  0.27267E-06
 0.47200E-02  0.99741E+00  0.39363E-06
 0.57574E-02  0.99741E+00  0.55740E-06
 0.70191E-02  0.99741E+00  0.77228E-06
 0.85527E-02  0.99741E+00  0.10448E-05
 0.10416E-01  0.99741E+00  0.13788E-05
 0.12677E-01  0.99741E+00  0.17749E-05
 0.15420E-01  0.99741E+00  0.22327E-05
 0.18742E-01  0.99741E+00  0.27528E-05
 0.22762E-01  0.99741E+00  0.33388E-05
 0.27617E-01  0.99741E+00  0.39965E-05
 0.33469E-01  0.99741E+00  0.47324E-05
 0.40509E-01  0.99741E+00  0.55522E-05
 0.48950E-01  0.99741E+00  0.64602E-05
 0.59040E-01  0.99741E+00  0.74582E-05
 0.71052E-01  0.99741E+00  0.85456E-05
 0.85282E-01  0.99741E+00  0.97176E-05
 0.10204E+00  0.99741E+00  0.10965E-04
 0.12166E+00  0.99741E+00  0.12273E-04
 0.14443E+00  0.99741E+00  0.13621E-04
 0.17063E+00  0.99741E+00  0.14981E-04
 0.20047E+00  0.99741E+00  0.16320E-04
 0.23404E+00  0.99741E+00  0.17600E-04
 0.27131E+00  0.99741E+00  0.18779E-04
 0.31210E+00  0.99741E+00  0.19815E-04
 0.35601E+00  0.99741E+00  0.20668E-04
 0.40249E+00  0.99741E+00  0.21303E-04
 0.45077E+00  0.99741E+00  0.21694E-04
 0.50000E+00  0.99741E+00  0.21824E-04
 0.54923E+00  0.99741E+00  0.21687E-04
 0.59751E+00  0.99741E+00  0.21289E-04
 0.64399E+00  0.99741E+00  0.20647E-04
 0.68790E+00  0.99741E+00  0.19788E-04
 0.72869E+00  0.99741E+00  0.18746E-04
 0.76596E+00  0.99741E+00  0.17563E-04
 0.79953E+00  0.99741E+00  0.16279E-04
 0.82937E+00  0.99741E+00  0.14938E-04
 0.85557E+00  0.99741E+00  0.13576E-04
 0.87834E+00  0.99741E+00  0.12228E-04
 0.89796E+00  0.99741E+00  0.10921E-04
 0.91472E+00  0.99741E+00  0.96752E-05
 0.92895E+00  0.99741E+00  0.85056E-05
 0.94096E+00  0.99741E+00  0.74212E-05
 0.95105E+00  0.99741E+00  0.64267E-05
 0.95949E+00  0.99741E+00  0.55227E-05
 0.96653E+00  0.99741E+00  0.47072E-05
 0.97238E+00  0.99741E+00  0.39758E-05
 0.97724E+00  0.99741E+00  0.33227E-05
 0.98126E+00  0.99741E+00  0.27415E-05
 0.98458E+00  0.99741E+00  0.22259E-05
 0.98732E+00  0.99741E+00  0.17720E-05
 0.98958E+00  0.99741E+00  0.13789E-05
 0.99145E+00  0.99741E+00  0.10468E-05
 0.99298E+00  0.99741E+00  0.77523E-06
 0.99424E+00  0.99741E+00  0.56057E-06
 0.99528E+00  0.99741E+00  0.39660E-06
 0.99613E+00  0.99741E+00  0.27524E-06
 0.99683E+00  0.99741E+00  0.18793E-06
 0.99741E+00  0.99741E+00  0.12661E-06
 0.99788E+00  0.99741E+00  0.84427E-07
 0.99827E+00  0.99741E+00  0.55869E-07
 0.99859E+00  0.99741E+00  0.36784E-07
 0.99885E+00  0.99741E+00  0.24151E-07
 0.99906E+00  0.99741E+00  0.15847E-07
 0.99924E+00  0.99741E+00  0.10416E-07
 0.99938E+00  0.99741E+00  0.68775E-08
 0.99950E+00  0.99741E+00  0.45782E-08
 0.99960E+00  0.99741E+00  0.30881E-08
 0.99968E+00  0.99741E+00  0.21254E-08
 0.99975E+00  0.99741E+00  0.15059E-08
 0.99980E+00  0.99741E+00  0.11094E-08
 0.99984E+00  0.99741E+00  0.85750E-09
 0.99988E+00  0.99741E+00  0.69925E-09
 0.99991E+00  0.99741E+00  0.60138E-09
 0.99993E+00  0.99741E+00  0.54223E-09
 0.99995E+00  0.99741E+00  0.50775E-09
 0.99997E+00  0.99741E+00  0.48879E-09
 0.99998E+00  0.99741E+00  0.47945E-09
 0.10000E+01  0.99741E+00  0.47592E-09
 0.10000E+01  0.99741E+00  0.00000E+00
 0.00000E+00  0.99788E+00  0.00000E+00
 0.49709E-05  0.99788E+00  0.19061E-12
 0.16001E-04  0.99788E+00  0.19926E-11
 0.29447E-04  0.99788E+00  0.68014E-11
 0.45836E-04  0.99788E+00  0.16624E-10
 0.65814E-04  0.99788E+00  0.34623E-10
 0.90165E-04  0.99788E+00  0.65764E-10
 0.11985E-03  0.99788E+00  0.11783E-09
 0.15603E-03  0.99788E+00  0.20302E-09
 0.20013E-03  0.99788E+00  0.34046E-09
 0.25388E-03  0.99788E+00  0.56015E-09
 0.31939E-03  0.99788E+00  0.90923E-09
 0.39924E-03  0.99788E+00  0.14618E-08
 0.49656E-03  0.99788E+00  0.23341E-08
 0.61516E-03  0.99788E+00  0.37085E-08
 0.75970E-03  0.99788E+00  0.58693E-08
 0.93583E-03  0.99788E+00  0.92564E-08
 0.11504E-02  0.99788E+00  0.14542E-07
 0.14119E-02  0.99788E+00  0.22740E-07
 0.17305E-02  0.99788E+00  0.35337E-07
 0.21186E-02  0.99788E+00  0.54465E-07
 0.25912E-02  0.99788E+00  0.83062E-07
 0.31667E-02  0.99788E+00  0.12500E-06
 0.38673E-02  0.99788E+00  0.18514E-06
 0.47200E-02  0.99788E+00  0.26909E-06
 0.57574E-02  0.99788E+00  0.38286E-06
 0.70191E-02  0.99788E+00  0.53208E-06
 0.85527E-02  0.99788E+00  0.72108E-06
 0.10416E-01  0.99788E+00  0.95225E-06
 0.12677E-01  0.99788E+00  0.12260E-05
 0.15420E-01  0.99788E+00  0.15419E-05
 0.18742E-01  0.99788E+00  0.19004E-05
 0.22762E-01  0.99788E+00  0.23041E-05
 0.27617E-01  0.99788E+00  0.27571E-05
 0.33469E-01  0.99788E+00  0.32640E-05
 0.40509E-01  0.99788E+00  0.38286E-05
 0.48950E-01  0.99788E+00  0.44538E-05
 0.59040E-01  0.99788E+00  0.51411E-05
 0.71052E-01  0.99788E+00  0.58898E-05
 0.85282E-01  0.99788E+00  0.66968E-05
 0.10204E+00  0.99788E+00  0.75556E-05
 0.12166E+00  0.99788E+00  0.84561E-05
 0.14443E+00  0.99788E+00  0.93840E-05
 0.17063E+00  0.99788E+00  0.10320E-04
 0.20047E+00  0.99788E+00  0.11242E-04
 0.23404E+00  0.99788E+00  0.12123E-04
 0.27131E+00  0.99788E+00  0.12935E-04
 0.31210E+00  0.99788E+00  0.13648E-04
 0.35601E+00  0.99788E+00  0.14235E-04
 0.40249E+00  0.99788E+00  0.14673E-04
 0.45077E+00  0.99788E+00  0.14942E-04
 0.50000E+00  0.99788E+00  0.15031E-04
 0.54923E+00  0.99788E+00  0.14937E-04
 0.59751E+00  0.99788E+00  0.14662E-04
 0.64399E+00  0.99788E+00  0.14220E-04
 0.68790E+00  0.99788E+00  0.13628E-04
 0.72869E+00  0.99788E+00  0.12911E-04
 0.76596E+00  0.99788E+00  0.12096E-04
 0.79953E+00  0.99788E+00  0.11213E-04
 0.82937E+00  0.99788E+00  0.10289E-04
 0.85557E+00  0.99788E+00  0.93517E-05
 0.87834E+00  0.99788E+00  0.84236E-05
 0.89796E+00  0.99788E+00  0.75236E-05
 0.91472E+00  0.99788E+00  0.66659E-05
 0.92895E+00  0.99788E+00  0.58606E-05
 0.94096E+00  0.99788E+00  0.51141E-05
 0.95105E+00  0.99788E+00  0.44294E-05
 0.95949E+00  0.99788E+00  0.38070E-05
 0.96653E+00  0.99788E+00  0.32455E-05
 0.97238E+00  0.99788E+00  0.27419E-05
 0.97724E+00  0.99788E+00  0.22922E-05
 0.98126E+00  0.99788E+00  0.18919E-05
 0.98458E+00  0.99788E+00  0.15366E-05
 0.98732E+00  0.99788E+00  0.12236E-05
 0.98958E+00  0.99788E+00  0.95205E-06
 0.99145E+00  0.99788E+00  0.72231E-06
 0.99298E+00  0.99788E+00  0.53403E-06
 0.99424E+00  0.99788E+00  0.38502E-06
 0.99528E+00  0.99788E+00  0.27113E-06
 0.99613E+00  0.99788E+00  0.18691E-06
 0.99683E+00  0.99788E+00  0.12648E-06
 0.99741E+00  0.99788E+00  0.84258E-07
 0.99788E+00  0.99788E+00  0.55429E-07
 0.99827E+00  0.99788E+00  0.36121E-07
 0.99859E+00  0.99788E+00  0.23390E-07
 0.99885E+00  0.99788E+00  0.15097E-07
 0.99906E+00  0.99788E+00  0.97435E-08
 0.99924E+00  0.99788E+00  0.63100E-08
 0.99938E+00  0.99788E+00  0.41175E-08
 0.99950E+00  0.99788E+00  0.27217E-08
 0.99960E+00  0.99788E+00  0.18350E-08
 0.99968E+00  0.99788E+00  0.12730E-08
 0.99975E+00  0.99788E+00  0.91767E-09
 0.99980E+00  0.99788E+00  0.69391E-09
 0.99984E+00  0.99788E+00  0.55384E-09
 0.99988E+00  0.99788E+00  0.46697E-09
 0.99991E+00  0.99788E+00  0.41386E-09
 0.99993E+00  0.99788E+00  0.38208E-09
 0.99995E+00  0.99788E+00  0.36371E-09
 0.99997E+00  0.99788E+00  0.35368E-09
 0.99998E+00  0.99788E+00  0.34876E-09
 0.10000E+01  0.99788E+00  0.34692E-09
 0.10000E+01  0.99788E+00  0.00000E+00
 0.00000E+00  0.99827E+00  0.00000E+00
 0.49709E-05  0.99827E+00  0.80874E-13
 0.16001E-04  0.99827E+00  0.85539E-12
 0.29447E-04  0.99827E+00  0.29513E-11
 0.45836E-04  0.99827E+00  0.73006E-11
 0.65814E-04  0.99827E+00  0.15416E-10
 0.90165E-04  0.99827E+00  0.29748E-10
 0.11985E-03  0.99827E+00  0.54270E-10
 0.15603E-03  0.99827E+00  0.95435E-10
 0.20013E-03  0.99827E+00  0.16373E-09
 0.25388E-03  0.99827E+00  0.27623E-09
 0.31939E-03  0.99827E+00  0.46074E-09
 0.39924E-03  0.99827E+00  0.76249E-09
 0.49656E-03  0.99827E+00  0.12549E-08
 0.61516E-03  0.99827E+00  0.20562E-08
 0.75970E-03  0.99827E+00  0.33559E-08
 0.93583E-03  0.99827E+00  0.54528E-08
 0.11504E-02  0.99827E+00  0.88114E-08
 0.14119E-02  0.99827E+00  0.14138E-07
 0.17305E-02  0.99827E+00  0.22479E-07
 0.21186E-02  0.99827E+00  0.35330E-07
 0.25912E-02  0.99827E+00  0.54754E-07
 0.31667E-02  0.99827E+00  0.83457E-07
 0.38673E-02  0.99827E+00  0.12479E-06
 0.47200E-02  0.99827E+00  0.18263E-06
 0.57574E-02  0.99827E+00  0.26104E-06
 0.70191E-02  0.99827E+00  0.36382E-06
 0.85527E-02  0.99827E+00  0.49383E-06
 0.10416E-01  0.99827E+00  0.65259E-06
 0.12677E-01  0.99827E+00  0.84030E-06
 0.15420E-01  0.99827E+00  0.10566E-05
 0.18742E-01  0.99827E+00  0.13020E-05
 0.22762E-01  0.99827E+00  0.15781E-05
 0.27617E-01  0.99827E+00  0.18879E-05
 0.33469E-01  0.99827E+00  0.22345E-05
 0.40509E-01  0.99827E+00  0.26205E-05
 0.48950E-01  0.99827E+00  0.30481E-05
 0.59040E-01  0.99827E+00  0.35180E-05
 0.71052E-01  0.99827E+00  0.40299E-05
 0.85282E-01  0.99827E+00  0.45816E-05
 0.10204E+00  0.99827E+00  0.51687E-05
 0.12166E+00  0.99827E+00  0.57843E-05
 0.14443E+00  0.99827E+00  0.64186E-05
 0.17063E+00  0.99827E+00  0.70587E-05
 0.20047E+00  0.99827E+00  0.76889E-05
 0.23404E+00  0.99827E+00  0.82912E-05
 0.27131E+00  0.99827E+00  0.88460E-05
 0.31210E+00  0.99827E+00  0.93335E-05
 0.35601E+00  0.99827E+00  0.97348E-05
 0.40249E+00  0.99827E+00  0.10034E-04
 0.45077E+00  0.99827E+00  0.10218E-04
 0.50000E+00  0.99827E+00  0.10279E-04
 0.54923E+00  0.99827E+00  0.10214E-04
 0.59751E+00  0.99827E+00  0.10026E-04
 0.64399E+00  0.99827E+00  0.97239E-05
 0.68790E+00  0.99827E+00  0.93194E-05
 0.72869E+00  0.99827E+00  0.88291E-05
 0.76596E+00  0.99827E+00  0.82720E-05
 0.79953E+00  0.99827E+00  0.76679E-05
 0.82937E+00  0.99827E+00  0.70364E-05
 0.85557E+00  0.99827E+00  0.63956E-05
 0.87834E+00  0.99827E+00  0.57611E-05
 0.89796E+00  0.99827E+00  0.51458E-05
 0.91472E+00  0.99827E+00  0.45595E-05
 0.92895E+00  0.99827E+00  0.40090E-05
 0.94096E+00  0.99827E+00  0.34986E-05
 0.95105E+00  0.99827E+00  0.30305E-05
 0.95949E+00  0.99827E+00  0.26050E-05
 0.96653E+00  0.99827E+00  0.22212E-05
 0.97238E+00  0.99827E+00  0.18769E-05
 0.97724E+00  0.99827E+00  0.15695E-05
 0.98126E+00  0.99827E+00  0.12958E-05
 0.98458E+00  0.99827E+00  0.10527E-05
 0.98732E+00  0.99827E+00  0.83845E-06
 0.98958E+00  0.99827E+00  0.65232E-06
 0.99145E+00  0.99827E+00  0.49460E-06
 0.99298E+00  0.99827E+00  0.36512E-06
 0.99424E+00  0.99827E+00  0.26251E-06
 0.99528E+00  0.99827E+00  0.18403E-06
 0.99613E+00  0.99827E+00  0.12602E-06
 0.99683E+00  0.99827E+00  0.84479E-07
 0.99741E+00  0.99827E+00  0.55584E-07
 0.99788E+00  0.99827E+00  0.35999E-07
 0.99827E+00  0.99827E+00  0.23023E-07
 0.99859E+00  0.99827E+00  0.14591E-07
 0.99885E+00  0.99827E+00  0.91986E-08
 0.99906E+00  0.99827E+00  0.57942E-08
 0.99924E+00  0.99827E+00  0.36659E-08
 0.99938E+00  0.99827E+00  0.23451E-08
 0.99950E+00  0.99827E+00  0.15295E-08
 0.99960E+00  0.99827E+00  0.10277E-08
 0.99968E+00  0.99827E+00  0.71975E-09
 0.99975E+00  0.99827E+00  0.53118E-09
 0.99980E+00  0.99827E+00  0.41606E-09
 0.99984E+00  0.99827E+00  0.34608E-09
 0.99988E+00  0.99827E+00  0.30384E-09
 0.99991E+00  0.99827E+00  0.27865E-09
 0.99993E+00  0.99827E+00  0.26392E-09
 0.99995E+00  0.99827E+00  0.25556E-09
 0.99997E+00  0.99827E+00  0.25108E-09
 0.99998E+00  0.99827E+00  0.24892E-09
 0.10000E+01  0.99827E+00  0.24813E-09
 0.10000E+01  0.99827E+00  0.00000E+00
 0.00000E+00  0.99859E+00  0.00000E+00
 0.49709E-05  0.99859E+00  0.17739E-13
 0.16001E-04  0.99859E+00  0.20000E-12
 0.29447E-04  0.99859E+00  0.72907E-12
 0.45836E-04  0.99859E+00  0.19105E-11
 0.65814E-04  0.99859E+00  0.42902E-11
 0.90165E-04  0.99859E+00  0.88378E-11
 0.11985E-03  0.99859E+00  0.17267E-10
 0.15603E-03  0.99859E+00  0.32591E-10
 0.20013E-03  0.99859E+00  0.60083E-10
 0.25388E-03  0.99859E+00  0.10891E-09
 0.31939E-03  0.99859E+00  0.19489E-09
 0.39924E-03  0.99859E+00  0.34512E-09
 0.49656E-03  0.99859E+00  0.60541E-09
 0.61516E-03  0.99859E+00  0.10523E-08
 0.75970E-03  0.99859E+00  0.18118E-08
 0.93583E-03  0.99859E+00  0.30870E-08
 0.11504E-02  0.99859E+00  0.51979E-08
 0.14119E-02  0.99859E+00  0.86357E-08
 0.17305E-02  0.99859E+00  0.14130E-07
 0.21186E-02  0.99859E+00  0.22724E-07
 0.25912E-02  0.99859E+00  0.35851E-07
 0.31667E-02  0.99859E+00  0.55378E-07
 0.38673E-02  0.99859E+00  0.83606E-07
 0.47200E-02  0.99859E+00  0.12317E-06
 0.57574E-02  0.99859E+00  0.17682E-06
 0.70191E-02  0.99859E+00  0.24708E-06
 0.85527E-02  0.99859E+00  0.33585E-06
 0.10416E-01  0.99859E+00  0.44409E-06
 0.12677E-01  0.99859E+00  0.57189E-06
 0.15420E-01  0.99859E+00  0.71903E-06
 0.18742E-01  0.99859E+00  0.88579E-06
 0.22762E-01  0.99859E+00  0.10734E-05
 0.27617E-01  0.99859E+00  0.12839E-05
 0.33469E-01  0.99859E+00  0.15193E-05
 0.40509E-01  0.99859E+00  0.17816E-05
 0.48950E-01  0.99859E+00  0.20719E-05
 0.59040E-01  0.99859E+00  0.23911E-05
 0.71052E-01  0.99859E+00  0.27388E-05
 0.85282E-01  0.99859E+00  0.31135E-05
 0.10204E+00  0.99859E+00  0.35123E-05
 0.12166E+00  0.99859E+00  0.39305E-05
 0.14443E+00  0.99859E+00  0.43612E-05
 0.17063E+00  0.99859E+00  0.47960E-05
 0.20047E+00  0.99859E+00  0.52240E-05
 0.23404E+00  0.99859E+00  0.56330E-05
 0.27131E+00  0.99859E+00  0.60097E-05
 0.31210E+00  0.99859E+00  0.63408E-05
 0.35601E+00  0.99859E+00  0.66133E-05
 0.40249E+00  0.99859E+00  0.68162E-05
 0.45077E+00  0.99859E+00  0.69411E-05
 0.50000E+00  0.99859E+00  0.69824E-05
 0.54923E+00  0.99859E+00  0.69384E-05
 0.59751E+00  0.99859E+00  0.68110E-05
 0.64399E+00  0.99859E+00  0.66056E-05
 0.68790E+00  0.99859E+00  0.63309E-05
 0.72869E+00  0.99859E+00  0.59979E-05
 0.76596E+00  0.99859E+00  0.56195E-05
 0.79953E+00  0.99859E+00  0.52091E-05
 0.82937E+00  0.99859E+00  0.47802E-05
 0.85557E+00  0.99859E+00  0.43450E-05
 0.87834E+00  0.99859E+00  0.39141E-05
 0.89796E+00  0.99859E+00  0.34962E-05
 0.91472E+00  0.99859E+00  0.30980E-05
 0.92895E+00  0.99859E+00  0.27241E-05
 0.94096E+00  0.99859E+00  0.23775E-05
 0.95105E+00  0.99859E+00  0.20596E-05
 0.95949E+00  0.99859E+00  0.17706E-05
 0.96653E+00  0.99859E+00  0.15099E-05
 0.97238E+00  0.99859E+00  0.12761E-05
 0.97724E+00  0.99859E+00  0.10673E-05
 0.98126E+00  0.99859E+00  0.88135E-06
 0.98458E+00  0.99859E+00  0.71622E-06
 0.98732E+00  0.99859E+00  0.57051E-06
 0.98958E+00  0.99859E+00  0.44383E-06
 0.99145E+00  0.99859E+00  0.33633E-06
 0.99298E+00  0.99859E+00  0.24795E-06
 0.99424E+00  0.99859E+00  0.17782E-06
 0.99528E+00  0.99859E+00  0.12413E-06
 0.99613E+00  0.99859E+00  0.84450E-07
 0.99683E+00  0.99859E+00  0.56082E-07
 0.99741E+00  0.99859E+00  0.36422E-07
 0.99788E+00  0.99859E+00  0.23185E-07
 0.99827E+00  0.99859E+00  0.14505E-07
 0.99859E+00  0.99859E+00  0.89475E-08
 0.99885E+00  0.99859E+00  0.54650E-08
 0.99906E+00  0.99859E+00  0.33231E-08
 0.99924E+00  0.99859E+00  0.20269E-08
 0.99938E+00  0.99859E+00  0.12533E-08
 0.99950E+00  0.99859E+00  0.79704E-09
 0.99960E+00  0.99859E+00  0.53063E-09
 0.99968E+00  0.99859E+00  0.37643E-09
 0.99975E+00  0.99859E+00  0.28787E-09
 0.99980E+00  0.99859E+00  0.23740E-09
 0.99984E+00  0.99859E+00  0.20885E-09
 0.99988E+00  0.99859E+00  0.19287E-09
 0.99991E+00  0.99859E+00  0.18403E-09
 0.99993E+00  0.99859E+00  0.17924E-09
 0.99995E+00  0.99859E+00  0.17671E-09
 0.99997E+00  0.99859E+00  0.17545E-09
 0.99998E+00  0.99859E+00  0.17488E-09
 0.10000E+01  0.99859E+00  0.17469E-09
 0.10000E+01  0.99859E+00  0.00000E+00
 0.00000E+00  0.99885E+00  0.00000E+00
 0.49709E-05  0.99885E+00 -0.14758E-13
 0.16001E-04  0.99885E+00 -0.13867E-12
 0.29447E-04  0.99885E+00 -0.42322E-12
 0.45836E-04  0.99885E+00 -0.89507E-12
 0.65814E-04  0.99885E+00 -0.15265E-11
 0.90165E-04  0.99885E+00 -0.21521E-11
 0.11985E-03  0.99885E+00 -0.23040E-11
 0.15603E-03  0.99885E+00 -0.89548E-12
 0.20013E-03  0.99885E+00  0.43637E-11
 0.25388E-03  0.99885E+00  0.18020E-10
 0.31939E-03  0.99885E+00  0.48728E-10
 0.39924E-03  0.99885E+00  0.11241E-09
 0.49656E-03  0.99885E+00  0.23752E-09
 0.61516E-03  0.99885E+00  0.47357E-09
 0.75970E-03  0.99885E+00  0.90434E-09
 0.93583E-03  0.99885E+00  0.16677E-08
 0.11504E-02  0.99885E+00  0.29837E-08
 0.14119E-02  0.99885E+00  0.51920E-08
 0.17305E-02  0.99885E+00  0.87977E-08
 0.21186E-02  0.99885E+00  0.14522E-07
 0.25912E-02  0.99885E+00  0.23351E-07
 0.31667E-02  0.99885E+00  0.36561E-07
 0.38673E-02  0.99885E+00  0.55715E-07
 0.47200E-02  0.99885E+00  0.82591E-07
 0.57574E-02  0.99885E+00  0.11903E-06
 0.70191E-02  0.99885E+00  0.16672E-06
 0.85527E-02  0.99885E+00  0.22691E-06
 0.10416E-01  0.99885E+00  0.30020E-06
 0.12677E-01  0.99885E+00  0.38664E-06
 0.15420E-01  0.99885E+00  0.48606E-06
 0.18742E-01  0.99885E+00  0.59868E-06
 0.22762E-01  0.99885E+00  0.72536E-06
 0.27617E-01  0.99885E+00  0.86744E-06
 0.33469E-01  0.99885E+00  0.10264E-05
 0.40509E-01  0.99885E+00  0.12034E-05
 0.48950E-01  0.99885E+00  0.13994E-05
 0.59040E-01  0.99885E+00  0.16149E-05
 0.71052E-01  0.99885E+00  0.18496E-05
 0.85282E-01  0.99885E+00  0.21025E-05
 0.10204E+00  0.99885E+00  0.23717E-05
 0.12166E+00  0.99885E+00  0.26539E-05
 0.14443E+00  0.99885E+00  0.29446E-05
 0.17063E+00  0.99885E+00  0.32380E-05
 0.20047E+00  0.99885E+00  0.35269E-05
 0.23404E+00  0.99885E+00  0.38029E-05
 0.27131E+00  0.99885E+00  0.40572E-05
 0.31210E+00  0.99885E+00  0.42806E-05
 0.35601E+00  0.99885E+00  0.44645E-05
 0.40249E+00  0.99885E+00  0.46014E-05
 0.45077E+00  0.99885E+00  0.46857E-05
 0.50000E+00  0.99885E+00  0.47136E-05
 0.54923E+00  0.99885E+00  0.46838E-05
 0.59751E+00  0.99885E+00  0.45978E-05
 0.64399E+00  0.99885E+00  0.44592E-05
 0.68790E+00  0.99885E+00  0.42737E-05
 0.72869E+00  0.99885E+00  0.40489E-05
 0.76596E+00  0.99885E+00  0.37935E-05
 0.79953E+00  0.99885E+00  0.35166E-05
 0.82937E+00  0.99885E+00  0.32271E-05
 0.85557E+00  0.99885E+00  0.29333E-05
 0.87834E+00  0.99885E+00  0.26425E-05
 0.89796E+00  0.99885E+00  0.23605E-05
 0.91472E+00  0.99885E+00  0.20917E-05
 0.92895E+00  0.99885E+00  0.18393E-05
 0.94096E+00  0.99885E+00  0.16054E-05
 0.95105E+00  0.99885E+00  0.13908E-05
 0.95949E+00  0.99885E+00  0.11958E-05
 0.96653E+00  0.99885E+00  0.10198E-05
 0.97238E+00  0.99885E+00  0.86200E-06
 0.97724E+00  0.99885E+00  0.72107E-06
 0.98126E+00  0.99885E+00  0.59557E-06
 0.98458E+00  0.99885E+00  0.48407E-06
 0.98732E+00  0.99885E+00  0.38564E-06
 0.98958E+00  0.99885E+00  0.29998E-06
 0.99145E+00  0.99885E+00  0.22721E-06
 0.99298E+00  0.99885E+00  0.16731E-06
 0.99424E+00  0.99885E+00  0.11971E-06
 0.99528E+00  0.99885E+00  0.83247E-07
 0.99613E+00  0.99885E+00  0.56292E-07
 0.99683E+00  0.99885E+00  0.37042E-07
 0.99741E+00  0.99885E+00  0.23741E-07
 0.99788E+00  0.99885E+00  0.14837E-07
 0.99827E+00  0.99885E+00  0.90533E-08
 0.99859E+00  0.99885E+00  0.54045E-08
 0.99885E+00  0.99885E+00  0.31658E-08
 0.99906E+00  0.99885E+00  0.18289E-08
 0.99924E+00  0.99885E+00  0.10516E-08
 0.99938E+00  0.99885E+00  0.61152E-09
 0.99950E+00  0.99885E+00  0.36944E-09
 0.99960E+00  0.99885E+00  0.24042E-09
 0.99968E+00  0.99885E+00  0.17424E-09
 0.99975E+00  0.99885E+00  0.14194E-09
 0.99980E+00  0.99885E+00  0.12728E-09
 0.99984E+00  0.99885E+00  0.12139E-09
 0.99988E+00  0.99885E+00  0.11959E-09
 0.99991E+00  0.99885E+00  0.11950E-09
 0.99993E+00  0.99885E+00  0.11999E-09
 0.99995E+00  0.99885E+00  0.12054E-09
 0.99997E+00  0.99885E+00  0.12096E-09
 0.99998E+00  0.99885E+00  0.12123E-09
 0.10000E+01  0.99885E+00  0.12134E-09
 0.10000E+01  0.99885E+00  0.00000E+00
 0.00000E+00  0.99906E+00  0.00000E+00
 0.49709E-05  0.99906E+00 -0.28218E-13
 0.16001E-04  0.99906E+00 -0.28052E-12
 0.29447E-04  0.99906E+00 -0.91059E-12
 0.45836E-04  0.99906E+00 -0.20946E-11
 0.65814E-04  0.99906E+00 -0.40446E-11
 0.90165E-04  0.99906E+00 -0.69793E-11
 0.11985E-03  0.99906E+00 -0.11046E-10
 0.15603E-03  0.99906E+00 -0.16145E-10
 0.20013E-03  0.99906E+00 -0.21576E-10
 0.25388E-03  0.99906E+00 -0.25356E-10
 0.31939E-03  0.99906E+00 -0.22977E-10
 0.39924E-03  0.99906E+00 -0.52249E-11
 0.49656E-03  0.99906E+00  0.45512E-10
 0.61516E-03  0.99906E+00  0.16125E-09
 0.75970E-03  0.99906E+00  0.39777E-09
 0.93583E-03  0.99906E+00  0.84854E-09
 0.11504E-02  0.99906E+00  0.16642E-08
 0.14119E-02  0.99906E+00  0.30781E-08
 0.17305E-02  0.99906E+00  0.54373E-08
 0.21186E-02  0.99906E+00  0.92356E-08
 0.25912E-02  0.99906E+00  0.15144E-07
 0.31667E-02  0.99906E+00  0.24028E-07
 0.38673E-02  0.99906E+00  0.36941E-07
 0.47200E-02  0.99906E+00  0.55073E-07
 0.57574E-02  0.99906E+00  0.79655E-07
 0.70191E-02  0.99906E+00  0.11180E-06
 0.85527E-02  0.99906E+00  0.15232E-06
 0.10416E-01  0.99906E+00  0.20161E-06
 0.12677E-01  0.99906E+00  0.25969E-06
 0.15420E-01  0.99906E+00  0.32645E-06
 0.18742E-01  0.99906E+00  0.40202E-06
 0.22762E-01  0.99906E+00  0.48701E-06
 0.27617E-01  0.99906E+00  0.58234E-06
 0.33469E-01  0.99906E+00  0.68896E-06
 0.40509E-01  0.99906E+00  0.80771E-06
 0.48950E-01  0.99906E+00  0.93921E-06
 0.59040E-01  0.99906E+00  0.10837E-05
 0.71052E-01  0.99906E+00  0.12412E-05
 0.85282E-01  0.99906E+00  0.14108E-05
 0.10204E+00  0.99906E+00  0.15914E-05
 0.12166E+00  0.99906E+00  0.17807E-05
 0.14443E+00  0.99906E+00  0.19757E-05
 0.17063E+00  0.99906E+00  0.21725E-05
 0.20047E+00  0.99906E+00  0.23662E-05
 0.23404E+00  0.99906E+00  0.25514E-05
 0.27131E+00  0.99906E+00  0.27219E-05
 0.31210E+00  0.99906E+00  0.28718E-05
 0.35601E+00  0.99906E+00  0.29951E-05
 0.40249E+00  0.99906E+00  0.30870E-05
 0.45077E+00  0.99906E+00  0.31434E-05
 0.50000E+00  0.99906E+00  0.31621E-05
 0.54923E+00  0.99906E+00  0.31422E-05
 0.59751E+00  0.99906E+00  0.30845E-05
 0.64399E+00  0.99906E+00  0.29915E-05
 0.68790E+00  0.99906E+00  0.28671E-05
 0.72869E+00  0.99906E+00  0.27163E-05
 0.76596E+00  0.99906E+00  0.25449E-05
 0.79953E+00  0.99906E+00  0.23592E-05
 0.82937E+00  0.99906E+00  0.21650E-05
 0.85557E+00  0.99906E+00  0.19680E-05
 0.87834E+00  0.99906E+00  0.17729E-05
 0.89796E+00  0.99906E+00  0.15837E-05
 0.91472E+00  0.99906E+00  0.14034E-05
 0.92895E+00  0.99906E+00  0.12341E-05
 0.94096E+00  0.99906E+00  0.10772E-05
 0.95105E+00  0.99906E+00  0.93330E-06
 0.95949E+00  0.99906E+00  0.80248E-06
 0.96653E+00  0.99906E+00  0.68445E-06
 0.97238E+00  0.99906E+00  0.57859E-06
 0.97724E+00  0.99906E+00  0.48406E-06
 0.98126E+00  0.99906E+00  0.39987E-06
 0.98458E+00  0.99906E+00  0.32506E-06
 0.98732E+00  0.99906E+00  0.25899E-06
 0.98958E+00  0.99906E+00  0.20145E-06
 0.99145E+00  0.99906E+00  0.15251E-06
 0.99298E+00  0.99906E+00  0.11219E-06
 0.99424E+00  0.99906E+00  0.80113E-07
 0.99528E+00  0.99906E+00  0.55518E-07
 0.99613E+00  0.99906E+00  0.37332E-07
 0.99683E+00  0.99906E+00  0.24355E-07
 0.99741E+00  0.99906E+00  0.15409E-07
 0.99788E+00  0.99906E+00  0.94485E-08
 0.99827E+00  0.99906E+00  0.56101E-08
 0.99859E+00  0.99906E+00  0.32216E-08
 0.99885E+00  0.99906E+00  0.17871E-08
 0.99906E+00  0.99906E+00  0.95748E-09
 0.99924E+00  0.99906E+00  0.49742E-09
 0.99938E+00  0.99906E+00  0.25485E-09
 0.99950E+00  0.99906E+00  0.13524E-09
 0.99960E+00  0.99906E+00  0.82047E-10
 0.99968E+00  0.99906E+00  0.62758E-10
 0.99975E+00  0.99906E+00  0.59423E-10
 0.99980E+00  0.99906E+00  0.62613E-10
 0.99984E+00  0.99906E+00  0.67683E-10
 0.99988E+00  0.99906E+00  0.72563E-10
 0.99991E+00  0.99906E+00  0.76498E-10
 0.99993E+00  0.99906E+00  0.79356E-10
 0.99995E+00  0.99906E+00  0.81263E-10
 0.99997E+00  0.99906E+00  0.82424E-10
 0.99998E+00  0.99906E+00  0.83043E-10
 0.10000E+01  0.99906E+00  0.83291E-10
 0.10000E+01  0.99906E+00  0.00000E+00
 0.00000E+00  0.99924E+00  0.00000E+00
 0.49709E-05  0.99924E+00 -0.30699E-13
 0.16001E-04  0.99924E+00 -0.30877E-12
 0.29447E-04  0.99924E+00 -0.10141E-11
 0.45836E-04  0.99924E+00 -0.23666E-11
 0.65814E-04  0.99924E+00 -0.46569E-11
 0.90165E-04  0.99924E+00 -0.82433E-11
 0.11985E-03  0.99924E+00 -0.13521E-10
 0.15603E-03  0.99924E+00 -0.20827E-10
 0.20013E-03  0.99924E+00 -0.30228E-10
 0.25388E-03  0.99924E+00 -0.41077E-10
 0.31939E-03  0.99924E+00 -0.51179E-10
 0.39924E-03  0.99924E+00 -0.55287E-10
 0.49656E-03  0.99924E+00 -0.42523E-10
 0.61516E-03  0.99924E+00  0.78373E-11
 0.75970E-03  0.99924E+00  0.13292E-09
 0.93583E-03  0.99924E+00  0.39590E-09
 0.11504E-02  0.99924E+00  0.89934E-09
 0.14119E-02  0.99924E+00  0.18024E-08
 0.17305E-02  0.99924E+00  0.33412E-08
 0.21186E-02  0.99924E+00  0.58506E-08
 0.25912E-02  0.99924E+00  0.97834E-08
 0.31667E-02  0.99924E+00  0.15721E-07
 0.38673E-02  0.99924E+00  0.24366E-07
 0.47200E-02  0.99924E+00  0.36513E-07
 0.57574E-02  0.99924E+00  0.52975E-07
 0.70191E-02  0.99924E+00  0.74485E-07
 0.85527E-02  0.99924E+00  0.10158E-06
 0.10416E-01  0.99924E+00  0.13450E-06
 0.12677E-01  0.99924E+00  0.17326E-06
 0.15420E-01  0.99924E+00  0.21778E-06
 0.18742E-01  0.99924E+00  0.26817E-06
 0.22762E-01  0.99924E+00  0.32483E-06
 0.27617E-01  0.99924E+00  0.38836E-06
 0.33469E-01  0.99924E+00  0.45943E-06
 0.40509E-01  0.99924E+00  0.53858E-06
 0.48950E-01  0.99924E+00  0.62623E-06
 0.59040E-01  0.99924E+00  0.72255E-06
 0.71052E-01  0.99924E+00  0.82748E-06
 0.85282E-01  0.99924E+00  0.94056E-06
 0.10204E+00  0.99924E+00  0.10609E-05
 0.12166E+00  0.99924E+00  0.11870E-05
 0.14443E+00  0.99924E+00  0.13170E-05
 0.17063E+00  0.99924E+00  0.14482E-05
 0.20047E+00  0.99924E+00  0.15773E-05
 0.23404E+00  0.99924E+00  0.17007E-05
 0.27131E+00  0.99924E+00  0.18143E-05
 0.31210E+00  0.99924E+00  0.19142E-05
 0.35601E+00  0.99924E+00  0.19964E-05
 0.40249E+00  0.99924E+00  0.20576E-05
 0.45077E+00  0.99924E+00  0.20952E-05
 0.50000E+00  0.99924E+00  0.21077E-05
 0.54923E+00  0.99924E+00  0.20944E-05
 0.59751E+00  0.99924E+00  0.20559E-05
 0.64399E+00  0.99924E+00  0.19939E-05
 0.68790E+00  0.99924E+00  0.19110E-05
 0.72869E+00  0.99924E+00  0.18105E-05
 0.76596E+00  0.99924E+00  0.16963E-05
 0.79953E+00  0.99924E+00  0.15725E-05
 0.82937E+00  0.99924E+00  0.14431E-05
 0.85557E+00  0.99924E+00  0.13118E-05
 0.87834E+00  0.99924E+00  0.11818E-05
 0.89796E+00  0.99924E+00  0.10557E-05
 0.91472E+00  0.99924E+00  0.93552E-06
 0.92895E+00  0.99924E+00  0.82271E-06
 0.94096E+00  0.99924E+00  0.71813E-06
 0.95105E+00  0.99924E+00  0.62221E-06
 0.95949E+00  0.99924E+00  0.53502E-06
 0.96653E+00  0.99924E+00  0.45636E-06
 0.97238E+00  0.99924E+00  0.38581E-06
 0.97724E+00  0.99924E+00  0.32281E-06
 0.98126E+00  0.99924E+00  0.26670E-06
 0.98458E+00  0.99924E+00  0.21683E-06
 0.98732E+00  0.99924E+00  0.17277E-06
 0.98958E+00  0.99924E+00  0.13438E-06
 0.99145E+00  0.99924E+00  0.10170E-06
 0.99298E+00  0.99924E+00  0.74744E-07
 0.99424E+00  0.99924E+00  0.53282E-07
 0.99528E+00  0.99924E+00  0.36812E-07
 0.99613E+00  0.99924E+00  0.24630E-07
 0.99683E+00  0.99924E+00  0.15941E-07
 0.99741E+00  0.99924E+00  0.99616E-08
 0.99788E+00  0.99924E+00  0.59937E-08
 0.99827E+00  0.99924E+00  0.34571E-08
 0.99859E+00  0.99924E+00  0.18984E-08
 0.99885E+00  0.99924E+00  0.98155E-09
 0.99906E+00  0.99924E+00  0.46876E-09
 0.99924E+00  0.99924E+00  0.19966E-09
 0.99938E+00  0.99924E+00  0.70653E-10
 0.99950E+00  0.99924E+00  0.17832E-10
 0.99960E+00  0.99924E+00  0.35498E-11
 0.99968E+00  0.99924E+00  0.67342E-11
 0.99975E+00  0.99924E+00  0.16281E-10
 0.99980E+00  0.99924E+00  0.26799E-10
 0.99984E+00  0.99924E+00  0.36006E-10
 0.99988E+00  0.99924E+00  0.43199E-10
 0.99991E+00  0.99924E+00  0.48412E-10
 0.99993E+00  0.99924E+00  0.51962E-10
 0.99995E+00  0.99924E+00  0.54232E-10
 0.99997E+00  0.99924E+00  0.55574E-10
 0.99998E+00  0.99924E+00  0.56275E-10
 0.10000E+01  0.99924E+00  0.56551E-10
 0.10000E+01  0.99924E+00  0.00000E+00
 0.00000E+00  0.99938E+00  0.00000E+00
 0.49709E-05  0.99938E+00 -0.27534E-13
 0.16001E-04  0.99938E+00 -0.27850E-12
 0.29447E-04  0.99938E+00 -0.91946E-12
 0.45836E-04  0.99938E+00 -0.21591E-11
 0.65814E-04  0.99938E+00 -0.42817E-11
 0.90165E-04  0.99938E+00 -0.76564E-11
 0.11985E-03  0.99938E+00 -0.12729E-10
 0.15603E-03  0.99938E+00 -0.19975E-10
 0.20013E-03  0.99938E+00 -0.29771E-10
 0.25388E-03  0.99938E+00 -0.42109E-10
 0.31939E-03  0.99938E+00 -0.56037E-10
 0.39924E-03  0.99938E+00 -0.68619E-10
 0.49656E-03  0.99938E+00 -0.73146E-10
 0.61516E-03  0.99938E+00 -0.56195E-10
 0.75970E-03  0.99938E+00  0.69041E-11
 0.93583E-03  0.99938E+00  0.15866E-09
 0.11504E-02  0.99938E+00  0.46841E-09
 0.14119E-02  0.99938E+00  0.10437E-08
 0.17305E-02  0.99938E+00  0.20437E-08
 0.21186E-02  0.99938E+00  0.36932E-08
 0.25912E-02  0.99938E+00  0.62947E-08
 0.31667E-02  0.99938E+00  0.10235E-07
 0.38673E-02  0.99938E+00  0.15981E-07
 0.47200E-02  0.99938E+00  0.24056E-07
 0.57574E-02  0.99938E+00  0.34996E-07
 0.70191E-02  0.99938E+00  0.49281E-07
 0.85527E-02  0.99938E+00  0.67257E-07
 0.10416E-01  0.99938E+00  0.89088E-07
 0.12677E-01  0.99938E+00  0.11477E-06
 0.15420E-01  0.99938E+00  0.14426E-06
 0.18742E-01  0.99938E+00  0.17762E-06
 0.22762E-01  0.99938E+00  0.21512E-06
 0.27617E-01  0.99938E+00  0.25717E-06
 0.33469E-01  0.99938E+00  0.30421E-06
 0.40509E-01  0.99938E+00  0.35660E-06
 0.48950E-01  0.99938E+00  0.41461E-06
 0.59040E-01  0.99938E+00  0.47837E-06
 0.71052E-01  0.99938E+00  0.54781E-06
 0.85282E-01  0.99938E+00  0.62265E-06
 0.10204E+00  0.99938E+00  0.70229E-06
 0.12166E+00  0.99938E+00  0.78579E-06
 0.14443E+00  0.99938E+00  0.87181E-06
 0.17063E+00  0.99938E+00  0.95861E-06
 0.20047E+00  0.99938E+00  0.10441E-05
 0.23404E+00  0.99938E+00  0.11257E-05
 0.27131E+00  0.99938E+00  0.12009E-05
 0.31210E+00  0.99938E+00  0.12670E-05
 0.35601E+00  0.99938E+00  0.13214E-05
 0.40249E+00  0.99938E+00  0.13619E-05
 0.45077E+00  0.99938E+00  0.13868E-05
 0.50000E+00  0.99938E+00  0.13951E-05
 0.54923E+00  0.99938E+00  0.13862E-05
 0.59751E+00  0.99938E+00  0.13608E-05
 0.64399E+00  0.99938E+00  0.13198E-05
 0.68790E+00  0.99938E+00  0.12649E-05
 0.72869E+00  0.99938E+00  0.11984E-05
 0.76596E+00  0.99938E+00  0.11228E-05
 0.79953E+00  0.99938E+00  0.10408E-05
 0.82937E+00  0.99938E+00  0.95520E-06
 0.85557E+00  0.99938E+00  0.86828E-06
 0.87834E+00  0.99938E+00  0.78224E-06
 0.89796E+00  0.99938E+00  0.69879E-06
 0.91472E+00  0.99938E+00  0.61927E-06
 0.92895E+00  0.99938E+00  0.54461E-06
 0.94096E+00  0.99938E+00  0.47539E-06
 0.95105E+00  0.99938E+00  0.41191E-06
 0.95949E+00  0.99938E+00  0.35421E-06
 0.96653E+00  0.99938E+00  0.30215E-06
 0.97238E+00  0.99938E+00  0.25546E-06
 0.97724E+00  0.99938E+00  0.21376E-06
 0.98126E+00  0.99938E+00  0.17662E-06
 0.98458E+00  0.99938E+00  0.14361E-06
 0.98732E+00  0.99938E+00  0.11444E-06
 0.98958E+00  0.99938E+00  0.89003E-07
 0.99145E+00  0.99938E+00  0.67338E-07
 0.99298E+00  0.99938E+00  0.49452E-07
 0.99424E+00  0.99938E+00  0.35200E-07
 0.99528E+00  0.99938E+00  0.24256E-07
 0.99613E+00  0.99938E+00  0.16157E-07
 0.99683E+00  0.99938E+00  0.10382E-07
 0.99741E+00  0.99938E+00  0.64137E-08
 0.99788E+00  0.99938E+00  0.37885E-08
 0.99827E+00  0.99938E+00  0.21208E-08
 0.99859E+00  0.99938E+00  0.11074E-08
 0.99885E+00  0.99938E+00  0.52288E-09
 0.99906E+00  0.99938E+00  0.20693E-09
 0.99924E+00  0.99938E+00  0.51157E-10
 0.99938E+00  0.99938E+00 -0.14470E-10
 0.99950E+00  0.99938E+00 -0.32971E-10
 0.99960E+00  0.99938E+00 -0.29372E-10
 0.99968E+00  0.99938E+00 -0.17332E-10
 0.99975E+00  0.99938E+00 -0.37151E-11
 0.99980E+00  0.99938E+00  0.84488E-11
 0.99984E+00  0.99938E+00  0.18149E-10
 0.99988E+00  0.99938E+00  0.25344E-10
 0.99991E+00  0.99938E+00  0.30390E-10
 0.99993E+00  0.99938E+00  0.33751E-10
 0.99995E+00  0.99938E+00  0.35867E-10
 0.99997E+00  0.99938E+00  0.37104E-10
 0.99998E+00  0.99938E+00  0.37744E-10
 0.10000E+01  0.99938E+00  0.37994E-10
 0.10000E+01  0.99938E+00  0.00000E+00
 0.00000E+00  0.99950E+00  0.00000E+00
 0.49709E-05  0.99950E+00 -0.22060E-13
 0.16001E-04  0.99950E+00 -0.22410E-12
 0.29447E-04  0.99950E+00 -0.74271E-12
 0.45836E-04  0.99950E+00 -0.17515E-11
 0.65814E-04  0.99950E+00 -0.34913E-11
 0.90165E-04  0.99950E+00 -0.62831E-11
 0.11985E-03  0.99950E+00 -0.10532E-10
 0.15603E-03  0.99950E+00 -0.16704E-10
 0.20013E-03  0.99950E+00 -0.25255E-10
 0.25388E-03  0.99950E+00 -0.36439E-10
 0.31939E-03  0.99950E+00 -0.49939E-10
 0.39924E-03  0.99950E+00 -0.64148E-10
 0.49656E-03  0.99950E+00 -0.74929E-10
 0.61516E-03  0.99950E+00 -0.73589E-10
 0.75970E-03  0.99950E+00 -0.43787E-10
 0.93583E-03  0.99950E+00  0.42899E-10
 0.11504E-02  0.99950E+00  0.23292E-09
 0.14119E-02  0.99950E+00  0.59825E-09
 0.17305E-02  0.99950E+00  0.12450E-08
 0.21186E-02  0.99950E+00  0.23224E-08
 0.25912E-02  0.99950E+00  0.40307E-08
 0.31667E-02  0.99950E+00  0.66251E-08
 0.38673E-02  0.99950E+00  0.10412E-07
 0.47200E-02  0.99950E+00  0.15735E-07
 0.57574E-02  0.99950E+00  0.22944E-07
 0.70191E-02  0.99950E+00  0.32351E-07
 0.85527E-02  0.99950E+00  0.44182E-07
 0.10416E-01  0.99950E+00  0.58539E-07
 0.12677E-01  0.99950E+00  0.75420E-07
 0.15420E-01  0.99950E+00  0.94792E-07
 0.18742E-01  0.99950E+00  0.11670E-06
 0.22762E-01  0.99950E+00  0.14133E-06
 0.27617E-01  0.99950E+00  0.16895E-06
 0.33469E-01  0.99950E+00  0.19984E-06
 0.40509E-01  0.99950E+00  0.23425E-06
 0.48950E-01  0.99950E+00  0.27234E-06
 0.59040E-01  0.99950E+00  0.31421E-06
 0.71052E-01  0.99950E+00  0.35981E-06
 0.85282E-01  0.99950E+00  0.40896E-06
 0.10204E+00  0.99950E+00  0.46126E-06
 0.12166E+00  0.99950E+00  0.51609E-06
 0.14443E+00  0.99950E+00  0.57258E-06
 0.17063E+00  0.99950E+00  0.62957E-06
 0.20047E+00  0.99950E+00  0.68569E-06
 0.23404E+00  0.99950E+00  0.73931E-06
 0.27131E+00  0.99950E+00  0.78870E-06
 0.31210E+00  0.99950E+00  0.83209E-06
 0.35601E+00  0.99950E+00  0.86781E-06
 0.40249E+00  0.99950E+00  0.89440E-06
 0.45077E+00  0.99950E+00  0.91075E-06
 0.50000E+00  0.99950E+00  0.91615E-06
 0.54923E+00  0.99950E+00  0.91037E-06
 0.59751E+00  0.99950E+00  0.89365E-06
 0.64399E+00  0.99950E+00  0.86670E-06
 0.68790E+00  0.99950E+00  0.83066E-06
 0.72869E+00  0.99950E+00  0.78699E-06
 0.76596E+00  0.99950E+00  0.73736E-06
 0.79953E+00  0.99950E+00  0.68355E-06
 0.82937E+00  0.99950E+00  0.62731E-06
 0.85557E+00  0.99950E+00  0.57023E-06
 0.87834E+00  0.99950E+00  0.51373E-06
 0.89796E+00  0.99950E+00  0.45893E-06
 0.91472E+00  0.99950E+00  0.40671E-06
 0.92895E+00  0.99950E+00  0.35768E-06
 0.94096E+00  0.99950E+00  0.31223E-06
 0.95105E+00  0.99950E+00  0.27055E-06
 0.95949E+00  0.99950E+00  0.23266E-06
 0.96653E+00  0.99950E+00  0.19847E-06
 0.97238E+00  0.99950E+00  0.16781E-06
 0.97724E+00  0.99950E+00  0.14043E-06
 0.98126E+00  0.99950E+00  0.11604E-06
 0.98458E+00  0.99950E+00  0.94361E-07
 0.98732E+00  0.99950E+00  0.75197E-07
 0.98958E+00  0.99950E+00  0.58480E-07
 0.99145E+00  0.99950E+00  0.44234E-07
 0.99298E+00  0.99950E+00  0.32464E-07
 0.99424E+00  0.99950E+00  0.23079E-07
 0.99528E+00  0.99950E+00  0.15867E-07
 0.99613E+00  0.99950E+00  0.10529E-07
 0.99683E+00  0.99950E+00  0.67225E-08
 0.99741E+00  0.99950E+00  0.41094E-08
 0.99788E+00  0.99950E+00  0.23853E-08
 0.99827E+00  0.99950E+00  0.12957E-08
 0.99859E+00  0.99950E+00  0.64014E-09
 0.99885E+00  0.99950E+00  0.26868E-09
 0.99906E+00  0.99950E+00  0.74569E-10
 0.99924E+00  0.99950E+00 -0.14734E-10
 0.99938E+00  0.99950E+00 -0.46156E-10
 0.99950E+00  0.99950E+00 -0.48465E-10
 0.99960E+00  0.99950E+00 -0.38244E-10
 0.99968E+00  0.99950E+00 -0.24347E-10
 0.99975E+00  0.99950E+00 -0.11013E-10
 0.99980E+00  0.99950E+00  0.86259E-13
 0.99984E+00  0.99950E+00  0.85960E-11
 0.99988E+00  0.99950E+00  0.14751E-10
 0.99991E+00  0.99950E+00  0.18994E-10
 0.99993E+00  0.99950E+00  0.21784E-10
 0.99995E+00  0.99950E+00  0.23524E-10
 0.99997E+00  0.99950E+00  0.24534E-10
 0.99998E+00  0.99950E+00  0.25053E-10
 0.10000E+01  0.99950E+00  0.25256E-10
 0.10000E+01  0.99950E+00  0.00000E+00
 0.00000E+00  0.99960E+00  0.00000E+00
 0.49709E-05  0.99960E+00 -0.16214E-13
 0.16001E-04  0.99960E+00 -0.16557E-12
 0.29447E-04  0.99960E+00 -0.55109E-12
 0.45836E-04  0.99960E+00 -0.13055E-11
 0.65814E-04  0.99960E+00 -0.26161E-11
 0.90165E-04  0.99960E+00 -0.47376E-11
 0.11985E-03  0.99960E+00 -0.80005E-11
 0.15603E-03  0.99960E+00 -0.12804E-10
 0.20013E-03  0.99960E+00 -0.19573E-10
 0.25388E-03  0.99960E+00 -0.28637E-10
 0.31939E-03  0.99960E+00 -0.39976E-10
 0.39924E-03  0.99960E+00 -0.52731E-10
 0.49656E-03  0.99960E+00 -0.64350E-10
 0.61516E-03  0.99960E+00 -0.69209E-10
 0.75970E-03  0.99960E+00 -0.56545E-10
 0.93583E-03  0.99960E+00 -0.75201E-11
 0.11504E-02  0.99960E+00  0.10866E-09
 0.14119E-02  0.99960E+00  0.33956E-09
 0.17305E-02  0.99960E+00  0.75512E-09
 0.21186E-02  0.99960E+00  0.14534E-08
 0.25912E-02  0.99960E+00  0.25653E-08
 0.31667E-02  0.99960E+00  0.42575E-08
 0.38673E-02  0.99960E+00  0.67296E-08
 0.47200E-02  0.99960E+00  0.10205E-07
 0.57574E-02  0.99960E+00  0.14909E-07
 0.70191E-02  0.99960E+00  0.21045E-07
 0.85527E-02  0.99960E+00  0.28757E-07
 0.10416E-01  0.99960E+00  0.38111E-07
 0.12677E-01  0.99960E+00  0.49104E-07
 0.15420E-01  0.99960E+00  0.61715E-07
 0.18742E-01  0.99960E+00  0.75975E-07
 0.22762E-01  0.99960E+00  0.92004E-07
 0.27617E-01  0.99960E+00  0.10998E-06
 0.33469E-01  0.99960E+00  0.13008E-06
 0.40509E-01  0.99960E+00  0.15247E-06
 0.48950E-01  0.99960E+00  0.17726E-06
 0.59040E-01  0.99960E+00  0.20450E-06
 0.71052E-01  0.99960E+00  0.23418E-06
 0.85282E-01  0.99960E+00  0.26616E-06
 0.10204E+00  0.99960E+00  0.30019E-06
 0.12166E+00  0.99960E+00  0.33586E-06
 0.14443E+00  0.99960E+00  0.37262E-06
 0.17063E+00  0.99960E+00  0.40971E-06
 0.20047E+00  0.99960E+00  0.44622E-06
 0.23404E+00  0.99960E+00  0.48111E-06
 0.27131E+00  0.99960E+00  0.51325E-06
 0.31210E+00  0.99960E+00  0.54148E-06
 0.35601E+00  0.99960E+00  0.56472E-06
 0.40249E+00  0.99960E+00  0.58202E-06
 0.45077E+00  0.99960E+00  0.59266E-06
 0.50000E+00  0.99960E+00  0.59618E-06
 0.54923E+00  0.99960E+00  0.59241E-06
 0.59751E+00  0.99960E+00  0.58153E-06
 0.64399E+00  0.99960E+00  0.56400E-06
 0.68790E+00  0.99960E+00  0.54054E-06
 0.72869E+00  0.99960E+00  0.51212E-06
 0.76596E+00  0.99960E+00  0.47983E-06
 0.79953E+00  0.99960E+00  0.44482E-06
 0.82937E+00  0.99960E+00  0.40822E-06
 0.85557E+00  0.99960E+00  0.37108E-06
 0.87834E+00  0.99960E+00  0.33431E-06
 0.89796E+00  0.99960E+00  0.29865E-06
 0.91472E+00  0.99960E+00  0.26468E-06
 0.92895E+00  0.99960E+00  0.23277E-06
 0.94096E+00  0.99960E+00  0.20320E-06
 0.95105E+00  0.99960E+00  0.17608E-06
 0.95949E+00  0.99960E+00  0.15142E-06
 0.96653E+00  0.99960E+00  0.12918E-06
 0.97238E+00  0.99960E+00  0.10922E-06
 0.97724E+00  0.99960E+00  0.91408E-07
 0.98126E+00  0.99960E+00  0.75538E-07
 0.98458E+00  0.99960E+00  0.61430E-07
 0.98732E+00  0.99960E+00  0.48956E-07
 0.98958E+00  0.99960E+00  0.38071E-07
 0.99145E+00  0.99960E+00  0.28791E-07
 0.99298E+00  0.99960E+00  0.21119E-07
 0.99424E+00  0.99960E+00  0.14997E-07
 0.99528E+00  0.99960E+00  0.10291E-07
 0.99613E+00  0.99960E+00  0.68062E-08
 0.99683E+00  0.99960E+00  0.43214E-08
 0.99741E+00  0.99960E+00  0.26168E-08
 0.99788E+00  0.99960E+00  0.14945E-08
 0.99827E+00  0.99960E+00  0.78822E-09
 0.99859E+00  0.99960E+00  0.36683E-09
 0.99885E+00  0.99960E+00  0.13189E-09
 0.99906E+00  0.99960E+00  0.13047E-10
 0.99924E+00  0.99960E+00 -0.37671E-10
 0.99938E+00  0.99960E+00 -0.51367E-10
 0.99950E+00  0.99960E+00 -0.47108E-10
 0.99960E+00  0.99960E+00 -0.35824E-10
 0.99968E+00  0.99960E+00 -0.23244E-10
 0.99975E+00  0.99960E+00 -0.11989E-10
 0.99980E+00  0.99960E+00 -0.29616E-11
 0.99984E+00  0.99960E+00  0.37954E-11
 0.99988E+00  0.99960E+00  0.85984E-11
 0.99991E+00  0.99960E+00  0.11865E-10
 0.99993E+00  0.99960E+00  0.13990E-10
 0.99995E+00  0.99960E+00  0.15304E-10
 0.99997E+00  0.99960E+00  0.16061E-10
 0.99998E+00  0.99960E+00  0.16448E-10
 0.10000E+01  0.99960E+00  0.16598E-10
 0.10000E+01  0.99960E+00  0.00000E+00
 0.00000E+00  0.99968E+00  0.00000E+00
 0.49709E-05  0.99968E+00 -0.11004E-13
 0.16001E-04  0.99968E+00 -0.11325E-12
 0.29447E-04  0.99968E+00 -0.37939E-12
 0.45836E-04  0.99968E+00 -0.90481E-12
 0.65814E-04  0.99968E+00 -0.18266E-11
 0.90165E-04  0.99968E+00 -0.33352E-11
 0.11985E-03  0.99968E+00 -0.56846E-11
 0.15603E-03  0.99968E+00 -0.91913E-11
 0.20013E-03  0.99968E+00 -0.14210E-10
 0.25388E-03  0.99968E+00 -0.21054E-10
 0.31939E-03  0.99968E+00 -0.29822E-10
 0.39924E-03  0.99968E+00 -0.40065E-10
 0.49656E-03  0.99968E+00 -0.50205E-10
 0.61516E-03  0.99968E+00 -0.56618E-10
 0.75970E-03  0.99968E+00 -0.52273E-10
 0.93583E-03  0.99968E+00 -0.24832E-10
 0.11504E-02  0.99968E+00  0.45849E-10
 0.14119E-02  0.99968E+00  0.19081E-09
 0.17305E-02  0.99968E+00  0.45551E-09
 0.21186E-02  0.99968E+00  0.90351E-09
 0.25912E-02  0.99968E+00  0.16195E-08
 0.31667E-02  0.99968E+00  0.27110E-08
 0.38673E-02  0.99968E+00  0.43064E-08
 0.47200E-02  0.99968E+00  0.65491E-08
 0.57574E-02  0.99968E+00  0.95844E-08
 0.70191E-02  0.99968E+00  0.13541E-07
 0.85527E-02  0.99968E+00  0.18512E-07
 0.10416E-01  0.99968E+00  0.24539E-07
 0.12677E-01  0.99968E+00  0.31618E-07
 0.15420E-01  0.99968E+00  0.39737E-07
 0.18742E-01  0.99968E+00  0.48917E-07
 0.22762E-01  0.99968E+00  0.59234E-07
 0.27617E-01  0.99968E+00  0.70802E-07
 0.33469E-01  0.99968E+00  0.83740E-07
 0.40509E-01  0.99968E+00  0.98150E-07
 0.48950E-01  0.99968E+00  0.11410E-06
 0.59040E-01  0.99968E+00  0.13164E-06
 0.71052E-01  0.99968E+00  0.15074E-06
 0.85282E-01  0.99968E+00  0.17132E-06
 0.10204E+00  0.99968E+00  0.19322E-06
 0.12166E+00  0.99968E+00  0.21619E-06
 0.14443E+00  0.99968E+00  0.23984E-06
 0.17063E+00  0.99968E+00  0.26371E-06
 0.20047E+00  0.99968E+00  0.28721E-06
 0.23404E+00  0.99968E+00  0.30967E-06
 0.27131E+00  0.99968E+00  0.33035E-06
 0.31210E+00  0.99968E+00  0.34852E-06
 0.35601E+00  0.99968E+00  0.36347E-06
 0.40249E+00  0.99968E+00  0.37461E-06
 0.45077E+00  0.99968E+00  0.38146E-06
 0.50000E+00  0.99968E+00  0.38372E-06
 0.54923E+00  0.99968E+00  0.38129E-06
 0.59751E+00  0.99968E+00  0.37429E-06
 0.64399E+00  0.99968E+00  0.36300E-06
 0.68790E+00  0.99968E+00  0.34791E-06
 0.72869E+00  0.99968E+00  0.32962E-06
 0.76596E+00  0.99968E+00  0.30883E-06
 0.79953E+00  0.99968E+00  0.28630E-06
 0.82937E+00  0.99968E+00  0.26274E-06
 0.85557E+00  0.99968E+00  0.23884E-06
 0.87834E+00  0.99968E+00  0.21518E-06
 0.89796E+00  0.99968E+00  0.19223E-06
 0.91472E+00  0.99968E+00  0.17036E-06
 0.92895E+00  0.99968E+00  0.14983E-06
 0.94096E+00  0.99968E+00  0.13080E-06
 0.95105E+00  0.99968E+00  0.11334E-06
 0.95949E+00  0.99968E+00  0.97470E-07
 0.96653E+00  0.99968E+00  0.83153E-07
 0.97238E+00  0.99968E+00  0.70313E-07
 0.97724E+00  0.99968E+00  0.58847E-07
 0.98126E+00  0.99968E+00  0.48632E-07
 0.98458E+00  0.99968E+00  0.39552E-07
 0.98732E+00  0.99968E+00  0.31522E-07
 0.98958E+00  0.99968E+00  0.24512E-07
 0.99145E+00  0.99968E+00  0.18534E-07
 0.99298E+00  0.99968E+00  0.13589E-07
 0.99424E+00  0.99968E+00  0.96415E-08
 0.99528E+00  0.99968E+00  0.66052E-08
 0.99613E+00  0.99968E+00  0.43561E-08
 0.99683E+00  0.99968E+00  0.27523E-08
 0.99741E+00  0.99968E+00  0.16529E-08
 0.99788E+00  0.99968E+00  0.93008E-09
 0.99827E+00  0.99968E+00  0.47685E-09
 0.99859E+00  0.99968E+00  0.20835E-09
 0.99885E+00  0.99968E+00  0.60776E-10
 0.99906E+00  0.99968E+00 -0.11629E-10
 0.99924E+00  0.99968E+00 -0.40156E-10
 0.99938E+00  0.99968E+00 -0.45152E-10
 0.99950E+00  0.99968E+00 -0.39109E-10
 0.99960E+00  0.99968E+00 -0.29166E-10
 0.99968E+00  0.99968E+00 -0.19019E-10
 0.99975E+00  0.99968E+00 -0.10290E-10
 0.99980E+00  0.99968E+00 -0.34579E-11
 0.99984E+00  0.99968E+00  0.15619E-11
 0.99988E+00  0.99968E+00  0.50747E-11
 0.99991E+00  0.99968E+00  0.74308E-11
 0.99993E+00  0.99968E+00  0.89451E-11
 0.99995E+00  0.99968E+00  0.98710E-11
 0.99997E+00  0.99968E+00  0.10399E-10
 0.99998E+00  0.99968E+00  0.10667E-10
 0.10000E+01  0.99968E+00  0.10770E-10
 0.10000E+01  0.99968E+00  0.00000E+00
 0.00000E+00  0.99975E+00  0.00000E+00
 0.49709E-05  0.99975E+00 -0.68439E-14
 0.16001E-04  0.99975E+00 -0.71417E-13
 0.29447E-04  0.99975E+00 -0.24195E-12
 0.45836E-04  0.99975E+00 -0.58366E-12
 0.65814E-04  0.99975E+00 -0.11925E-11
 0.90165E-04  0.99975E+00 -0.22055E-11
 0.11985E-03  0.99975E+00 -0.38093E-11
 0.15603E-03  0.99975E+00 -0.62432E-11
 0.20013E-03  0.99975E+00 -0.97833E-11
 0.25388E-03  0.99975E+00 -0.14691E-10
 0.31939E-03  0.99975E+00 -0.21092E-10
 0.39924E-03  0.99975E+00 -0.28754E-10
 0.49656E-03  0.99975E+00 -0.36700E-10
 0.61516E-03  0.99975E+00 -0.42613E-10
 0.75970E-03  0.99975E+00 -0.41958E-10
 0.93583E-03  0.99975E+00 -0.26771E-10
 0.11504E-02  0.99975E+00  0.15917E-10
 0.14119E-02  0.99975E+00  0.10603E-09
 0.17305E-02  0.99975E+00  0.27269E-09
 0.21186E-02  0.99975E+00  0.55648E-09
 0.25912E-02  0.99975E+00  0.10114E-08
 0.31667E-02  0.99975E+00  0.17057E-08
 0.38673E-02  0.99975E+00  0.27211E-08
 0.47200E-02  0.99975E+00  0.41484E-08
 0.57574E-02  0.99975E+00  0.60796E-08
 0.70191E-02  0.99975E+00  0.85964E-08
 0.85527E-02  0.99975E+00  0.11757E-07
 0.10416E-01  0.99975E+00  0.15586E-07
 0.12677E-01  0.99975E+00  0.20084E-07
 0.15420E-01  0.99975E+00  0.25240E-07
 0.18742E-01  0.99975E+00  0.31070E-07
 0.22762E-01  0.99975E+00  0.37621E-07
 0.27617E-01  0.99975E+00  0.44966E-07
 0.33469E-01  0.99975E+00  0.53182E-07
 0.40509E-01  0.99975E+00  0.62331E-07
 0.48950E-01  0.99975E+00  0.72462E-07
 0.59040E-01  0.99975E+00  0.83596E-07
 0.71052E-01  0.99975E+00  0.95724E-07
 0.85282E-01  0.99975E+00  0.10879E-06
 0.10204E+00  0.99975E+00  0.12270E-06
 0.12166E+00  0.99975E+00  0.13728E-06
 0.14443E+00  0.99975E+00  0.15230E-06
 0.17063E+00  0.99975E+00  0.16746E-06
 0.20047E+00  0.99975E+00  0.18238E-06
 0.23404E+00  0.99975E+00  0.19663E-06
 0.27131E+00  0.99975E+00  0.20977E-06
 0.31210E+00  0.99975E+00  0.22130E-06
 0.35601E+00  0.99975E+00  0.23080E-06
 0.40249E+00  0.99975E+00  0.23787E-06
 0.45077E+00  0.99975E+00  0.24222E-06
 0.50000E+00  0.99975E+00  0.24365E-06
 0.54923E+00  0.99975E+00  0.24211E-06
 0.59751E+00  0.99975E+00  0.23766E-06
 0.64399E+00  0.99975E+00  0.23050E-06
 0.68790E+00  0.99975E+00  0.22091E-06
 0.72869E+00  0.99975E+00  0.20930E-06
 0.76596E+00  0.99975E+00  0.19610E-06
 0.79953E+00  0.99975E+00  0.18179E-06
 0.82937E+00  0.99975E+00  0.16684E-06
 0.85557E+00  0.99975E+00  0.15166E-06
 0.87834E+00  0.99975E+00  0.13664E-06
 0.89796E+00  0.99975E+00  0.12206E-06
 0.91472E+00  0.99975E+00  0.10818E-06
 0.92895E+00  0.99975E+00  0.95143E-07
 0.94096E+00  0.99975E+00  0.83057E-07
 0.95105E+00  0.99975E+00  0.71972E-07
 0.95949E+00  0.99975E+00  0.61897E-07
 0.96653E+00  0.99975E+00  0.52806E-07
 0.97238E+00  0.99975E+00  0.44654E-07
 0.97724E+00  0.99975E+00  0.37373E-07
 0.98126E+00  0.99975E+00  0.30887E-07
 0.98458E+00  0.99975E+00  0.25121E-07
 0.98732E+00  0.99975E+00  0.20021E-07
 0.98958E+00  0.99975E+00  0.15569E-07
 0.99145E+00  0.99975E+00  0.11770E-07
 0.99298E+00  0.99975E+00  0.86265E-08
 0.99424E+00  0.99975E+00  0.61160E-08
 0.99528E+00  0.99975E+00  0.41842E-08
 0.99613E+00  0.99975E+00  0.27528E-08
 0.99683E+00  0.99975E+00  0.17321E-08
 0.99741E+00  0.99975E+00  0.10326E-08
 0.99788E+00  0.99975E+00  0.57340E-09
 0.99827E+00  0.99975E+00  0.28626E-09
 0.99859E+00  0.99975E+00  0.11717E-09
 0.99885E+00  0.99975E+00  0.25375E-10
 0.99906E+00  0.99975E+00 -0.18412E-10
 0.99924E+00  0.99975E+00 -0.34286E-10
 0.99938E+00  0.99975E+00 -0.35348E-10
 0.99950E+00  0.99975E+00 -0.29661E-10
 0.99960E+00  0.99975E+00 -0.21829E-10
 0.99968E+00  0.99975E+00 -0.14218E-10
 0.99975E+00  0.99975E+00 -0.78339E-11
 0.99980E+00  0.99975E+00 -0.29269E-11
 0.99984E+00  0.99975E+00  0.61957E-12
 0.99988E+00  0.99975E+00  0.30612E-11
 0.99991E+00  0.99975E+00  0.46721E-11
 0.99993E+00  0.99975E+00  0.56905E-11
 0.99995E+00  0.99975E+00  0.63031E-11
 0.99997E+00  0.99975E+00  0.66472E-11
 0.99998E+00  0.99975E+00  0.68190E-11
 0.10000E+01  0.99975E+00  0.68842E-11
 0.10000E+01  0.99975E+00  0.00000E+00
 0.00000E+00  0.99980E+00  0.00000E+00
 0.49709E-05  0.99980E+00 -0.38028E-14
 0.16001E-04  0.99980E+00 -0.40779E-13
 0.29447E-04  0.99980E+00 -0.14117E-12
 0.45836E-04  0.99980E+00 -0.34774E-12
 0.65814E-04  0.99980E+00 -0.72558E-12
 0.90165E-04  0.99980E+00 -0.13701E-11
 0.11985E-03  0.99980E+00 -0.24146E-11
 0.15603E-03  0.99980E+00 -0.40325E-11
 0.20013E-03  0.99980E+00 -0.64279E-11
 0.25388E-03  0.99980E+00 -0.97993E-11
 0.31939E-03  0.99980E+00 -0.14260E-10
 0.39924E-03  0.99980E+00 -0.19688E-10
 0.49656E-03  0.99980E+00 -0.25481E-10
 0.61516E-03  0.99980E+00 -0.30177E-10
 0.75970E-03  0.99980E+00 -0.30901E-10
 0.93583E-03  0.99980E+00 -0.22609E-10
 0.11504E-02  0.99980E+00  0.28887E-11
 0.14119E-02  0.99980E+00  0.58147E-10
 0.17305E-02  0.99980E+00  0.16146E-09
 0.21186E-02  0.99980E+00  0.33827E-09
 0.25912E-02  0.99980E+00  0.62239E-09
 0.31667E-02  0.99980E+00  0.10565E-08
 0.38673E-02  0.99980E+00  0.16915E-08
 0.47200E-02  0.99980E+00  0.25841E-08
 0.57574E-02  0.99980E+00  0.37916E-08
 0.70191E-02  0.99980E+00  0.53646E-08
 0.85527E-02  0.99980E+00  0.73392E-08
 0.10416E-01  0.99980E+00  0.97312E-08
 0.12677E-01  0.99980E+00  0.12540E-07
 0.15420E-01  0.99980E+00  0.15759E-07
 0.18742E-01  0.99980E+00  0.19398E-07
 0.22762E-01  0.99980E+00  0.23487E-07
 0.27617E-01  0.99980E+00  0.28072E-07
 0.33469E-01  0.99980E+00  0.33200E-07
 0.40509E-01  0.99980E+00  0.38911E-07
 0.48950E-01  0.99980E+00  0.45235E-07
 0.59040E-01  0.99980E+00  0.52184E-07
 0.71052E-01  0.99980E+00  0.59754E-07
 0.85282E-01  0.99980E+00  0.67912E-07
 0.10204E+00  0.99980E+00  0.76592E-07
 0.12166E+00  0.99980E+00  0.85692E-07
 0.14443E+00  0.99980E+00  0.95068E-07
 0.17063E+00  0.99980E+00  0.10453E-06
 0.20047E+00  0.99980E+00  0.11384E-06
 0.23404E+00  0.99980E+00  0.12274E-06
 0.27131E+00  0.99980E+00  0.13094E-06
 0.31210E+00  0.99980E+00  0.13814E-06
 0.35601E+00  0.99980E+00  0.14406E-06
 0.40249E+00  0.99980E+00  0.14848E-06
 0.45077E+00  0.99980E+00  0.15119E-06
 0.50000E+00  0.99980E+00  0.15208E-06
 0.54923E+00  0.99980E+00  0.15112E-06
 0.59751E+00  0.99980E+00  0.14835E-06
 0.64399E+00  0.99980E+00  0.14387E-06
 0.68790E+00  0.99980E+00  0.13789E-06
 0.72869E+00  0.99980E+00  0.13064E-06
 0.76596E+00  0.99980E+00  0.12241E-06
 0.79953E+00  0.99980E+00  0.11347E-06
 0.82937E+00  0.99980E+00  0.10414E-06
 0.85557E+00  0.99980E+00  0.94667E-07
 0.87834E+00  0.99980E+00  0.85288E-07
 0.89796E+00  0.99980E+00  0.76193E-07
 0.91472E+00  0.99980E+00  0.67526E-07
 0.92895E+00  0.99980E+00  0.59389E-07
 0.94096E+00  0.99980E+00  0.51846E-07
 0.95105E+00  0.99980E+00  0.44927E-07
 0.95949E+00  0.99980E+00  0.38638E-07
 0.96653E+00  0.99980E+00  0.32965E-07
 0.97238E+00  0.99980E+00  0.27876E-07
 0.97724E+00  0.99980E+00  0.23331E-07
 0.98126E+00  0.99980E+00  0.19283E-07
 0.98458E+00  0.99980E+00  0.15684E-07
 0.98732E+00  0.99980E+00  0.12500E-07
 0.98958E+00  0.99980E+00  0.97203E-08
 0.99145E+00  0.99980E+00  0.73474E-08
 0.99298E+00  0.99980E+00  0.53835E-08
 0.99424E+00  0.99980E+00  0.38144E-08
 0.99528E+00  0.99980E+00  0.26066E-08
 0.99613E+00  0.99980E+00  0.17114E-08
 0.99683E+00  0.99980E+00  0.10730E-08
 0.99741E+00  0.99980E+00  0.63570E-09
 0.99788E+00  0.99980E+00  0.34886E-09
 0.99827E+00  0.99980E+00  0.16993E-09
 0.99859E+00  0.99980E+00  0.65091E-10
 0.99885E+00  0.99980E+00  0.87796E-11
 0.99906E+00  0.99980E+00 -0.17407E-10
 0.99924E+00  0.99980E+00 -0.26126E-10
 0.99938E+00  0.99980E+00 -0.25653E-10
 0.99950E+00  0.99980E+00 -0.21093E-10
 0.99960E+00  0.99980E+00 -0.15366E-10
 0.99968E+00  0.99980E+00 -0.99640E-11
 0.99975E+00  0.99980E+00 -0.55093E-11
 0.99980E+00  0.99980E+00 -0.21341E-11
 0.99984E+00  0.99980E+00  0.26842E-12
 0.99988E+00  0.99980E+00  0.18935E-11
 0.99991E+00  0.99980E+00  0.29439E-11
 0.99993E+00  0.99980E+00  0.35929E-11
 0.99995E+00  0.99980E+00  0.39737E-11
 0.99997E+00  0.99980E+00  0.41821E-11
 0.99998E+00  0.99980E+00  0.42835E-11
 0.10000E+01  0.99980E+00  0.43209E-11
 0.10000E+01  0.99980E+00  0.00000E+00
 0.00000E+00  0.99984E+00  0.00000E+00
 0.49709E-05  0.99984E+00 -0.17652E-14
 0.16001E-04  0.99984E+00 -0.20164E-13
 0.29447E-04  0.99984E+00 -0.73107E-13
 0.45836E-04  0.99984E+00 -0.18774E-12
 0.65814E-04  0.99984E+00 -0.40710E-12
 0.90165E-04  0.99984E+00 -0.79603E-12
 0.11985E-03  0.99984E+00 -0.14466E-11
 0.15603E-03  0.99984E+00 -0.24800E-11
 0.20013E-03  0.99984E+00 -0.40391E-11
 0.25388E-03  0.99984E+00 -0.62642E-11
 0.31939E-03  0.99984E+00 -0.92408E-11
 0.39924E-03  0.99984E+00 -0.12905E-10
 0.49656E-03  0.99984E+00 -0.16889E-10
 0.61516E-03  0.99984E+00 -0.20288E-10
 0.75970E-03  0.99984E+00 -0.21321E-10
 0.93583E-03  0.99984E+00 -0.16872E-10
 0.11504E-02  0.99984E+00 -0.18911E-11
 0.14119E-02  0.99984E+00  0.31344E-10
 0.17305E-02  0.99984E+00  0.94060E-10
 0.21186E-02  0.99984E+00  0.20185E-09
 0.25912E-02  0.99984E+00  0.37540E-09
 0.31667E-02  0.99984E+00  0.64079E-09
 0.38673E-02  0.99984E+00  0.10291E-08
 0.47200E-02  0.99984E+00  0.15749E-08
 0.57574E-02  0.99984E+00  0.23131E-08
 0.70191E-02  0.99984E+00  0.32744E-08
 0.85527E-02  0.99984E+00  0.44809E-08
 0.10416E-01  0.99984E+00  0.59420E-08
 0.12677E-01  0.99984E+00  0.76569E-08
 0.15420E-01  0.99984E+00  0.96226E-08
 0.18742E-01  0.99984E+00  0.11844E-07
 0.22762E-01  0.99984E+00  0.14341E-07
 0.27617E-01  0.99984E+00  0.17140E-07
 0.33469E-01  0.99984E+00  0.20270E-07
 0.40509E-01  0.99984E+00  0.23757E-07
 0.48950E-01  0.99984E+00  0.27617E-07
 0.59040E-01  0.99984E+00  0.31860E-07
 0.71052E-01  0.99984E+00  0.36481E-07
 0.85282E-01  0.99984E+00  0.41461E-07
 0.10204E+00  0.99984E+00  0.46760E-07
 0.12166E+00  0.99984E+00  0.52316E-07
 0.14443E+00  0.99984E+00  0.58039E-07
 0.17063E+00  0.99984E+00  0.63814E-07
 0.20047E+00  0.99984E+00  0.69499E-07
 0.23404E+00  0.99984E+00  0.74931E-07
 0.27131E+00  0.99984E+00  0.79935E-07
 0.31210E+00  0.99984E+00  0.84331E-07
 0.35601E+00  0.99984E+00  0.87949E-07
 0.40249E+00  0.99984E+00  0.90643E-07
 0.45077E+00  0.99984E+00  0.92299E-07
 0.50000E+00  0.99984E+00  0.92846E-07
 0.54923E+00  0.99984E+00  0.92259E-07
 0.59751E+00  0.99984E+00  0.90564E-07
 0.64399E+00  0.99984E+00  0.87833E-07
 0.68790E+00  0.99984E+00  0.84181E-07
 0.72869E+00  0.99984E+00  0.79756E-07
 0.76596E+00  0.99984E+00  0.74727E-07
 0.79953E+00  0.99984E+00  0.69275E-07
 0.82937E+00  0.99984E+00  0.63576E-07
 0.85557E+00  0.99984E+00  0.57793E-07
 0.87834E+00  0.99984E+00  0.52068E-07
 0.89796E+00  0.99984E+00  0.46516E-07
 0.91472E+00  0.99984E+00  0.41225E-07
 0.92895E+00  0.99984E+00  0.36258E-07
 0.94096E+00  0.99984E+00  0.31653E-07
 0.95105E+00  0.99984E+00  0.27429E-07
 0.95949E+00  0.99984E+00  0.23590E-07
 0.96653E+00  0.99984E+00  0.20126E-07
 0.97238E+00  0.99984E+00  0.17019E-07
 0.97724E+00  0.99984E+00  0.14245E-07
 0.98126E+00  0.99984E+00  0.11774E-07
 0.98458E+00  0.99984E+00  0.95767E-08
 0.98732E+00  0.99984E+00  0.76329E-08
 0.98958E+00  0.99984E+00  0.59352E-08
 0.99145E+00  0.99984E+00  0.44859E-08
 0.99298E+00  0.99984E+00  0.32860E-08
 0.99424E+00  0.99984E+00  0.23270E-08
 0.99528E+00  0.99984E+00  0.15887E-08
 0.99613E+00  0.99984E+00  0.10413E-08
 0.99683E+00  0.99984E+00  0.65092E-09
 0.99741E+00  0.99984E+00  0.38355E-09
 0.99788E+00  0.99984E+00  0.20833E-09
 0.99827E+00  0.99984E+00  0.99239E-10
 0.99859E+00  0.99984E+00  0.35580E-10
 0.99885E+00  0.99984E+00  0.16979E-11
 0.99906E+00  0.99984E+00 -0.13706E-10
 0.99924E+00  0.99984E+00 -0.18415E-10
 0.99938E+00  0.99984E+00 -0.17533E-10
 0.99950E+00  0.99984E+00 -0.14215E-10
 0.99960E+00  0.99984E+00 -0.10268E-10
 0.99968E+00  0.99984E+00 -0.66167E-11
 0.99975E+00  0.99984E+00 -0.36407E-11
 0.99980E+00  0.99984E+00 -0.14110E-11
 0.99984E+00  0.99984E+00  0.15414E-12
 0.99988E+00  0.99984E+00  0.11931E-11
 0.99991E+00  0.99984E+00  0.18482E-11
 0.99993E+00  0.99984E+00  0.22404E-11
 0.99995E+00  0.99984E+00  0.24619E-11
 0.99997E+00  0.99984E+00  0.25779E-11
 0.99998E+00  0.99984E+00  0.26315E-11
 0.10000E+01  0.99984E+00  0.26502E-11
 0.10000E+01  0.99984E+00  0.00000E+00
 0.00000E+00  0.99988E+00  0.00000E+00
 0.49709E-05  0.99988E+00 -0.54313E-15
 0.16001E-04  0.99988E+00 -0.76012E-14
 0.29447E-04  0.99988E+00 -0.31173E-13
 0.45836E-04  0.99988E+00 -0.88093E-13
 0.65814E-04  0.99988E+00 -0.20618E-12
 0.90165E-04  0.99988E+00 -0.42829E-12
 0.11985E-03  0.99988E+00 -0.81576E-12
 0.15603E-03  0.99988E+00 -0.14492E-11
 0.20013E-03  0.99988E+00 -0.24232E-11
 0.25388E-03  0.99988E+00 -0.38304E-11
 0.31939E-03  0.99988E+00 -0.57289E-11
 0.39924E-03  0.99988E+00 -0.80841E-11
 0.49656E-03  0.99988E+00 -0.10677E-10
 0.61516E-03  0.99988E+00 -0.12962E-10
 0.75970E-03  0.99988E+00 -0.13873E-10
 0.93583E-03  0.99988E+00 -0.11542E-10
 0.11504E-02  0.99988E+00 -0.29508E-11
 0.14119E-02  0.99988E+00  0.16503E-10
 0.17305E-02  0.99988E+00  0.53505E-10
 0.21186E-02  0.99988E+00  0.11732E-09
 0.25912E-02  0.99988E+00  0.22023E-09
 0.31667E-02  0.99988E+00  0.37771E-09
 0.38673E-02  0.99988E+00  0.60818E-09
 0.47200E-02  0.99988E+00  0.93209E-09
 0.57574E-02  0.99988E+00  0.13701E-08
 0.70191E-02  0.99988E+00  0.19404E-08
 0.85527E-02  0.99988E+00  0.26559E-08
 0.10416E-01  0.99988E+00  0.35223E-08
 0.12677E-01  0.99988E+00  0.45390E-08
 0.15420E-01  0.99988E+00  0.57042E-08
 0.18742E-01  0.99988E+00  0.70210E-08
 0.22762E-01  0.99988E+00  0.85007E-08
 0.27617E-01  0.99988E+00  0.10160E-07
 0.33469E-01  0.99988E+00  0.12015E-07
 0.40509E-01  0.99988E+00  0.14082E-07
 0.48950E-01  0.99988E+00  0.16370E-07
 0.59040E-01  0.99988E+00  0.18884E-07
 0.71052E-01  0.99988E+00  0.21623E-07
 0.85282E-01  0.99988E+00  0.24574E-07
 0.10204E+00  0.99988E+00  0.27715E-07
 0.12166E+00  0.99988E+00  0.31008E-07
 0.14443E+00  0.99988E+00  0.34400E-07
 0.17063E+00  0.99988E+00  0.37822E-07
 0.20047E+00  0.99988E+00  0.41192E-07
 0.23404E+00  0.99988E+00  0.44411E-07
 0.27131E+00  0.99988E+00  0.47377E-07
 0.31210E+00  0.99988E+00  0.49982E-07
 0.35601E+00  0.99988E+00  0.52126E-07
 0.40249E+00  0.99988E+00  0.53723E-07
 0.45077E+00  0.99988E+00  0.54704E-07
 0.50000E+00  0.99988E+00  0.55028E-07
 0.54923E+00  0.99988E+00  0.54681E-07
 0.59751E+00  0.99988E+00  0.53676E-07
 0.64399E+00  0.99988E+00  0.52058E-07
 0.68790E+00  0.99988E+00  0.49893E-07
 0.72869E+00  0.99988E+00  0.47270E-07
 0.76596E+00  0.99988E+00  0.44290E-07
 0.79953E+00  0.99988E+00  0.41058E-07
 0.82937E+00  0.99988E+00  0.37681E-07
 0.85557E+00  0.99988E+00  0.34253E-07
 0.87834E+00  0.99988E+00  0.30860E-07
 0.89796E+00  0.99988E+00  0.27570E-07
 0.91472E+00  0.99988E+00  0.24434E-07
 0.92895E+00  0.99988E+00  0.21490E-07
 0.94096E+00  0.99988E+00  0.18761E-07
 0.95105E+00  0.99988E+00  0.16257E-07
 0.95949E+00  0.99988E+00  0.13982E-07
 0.96653E+00  0.99988E+00  0.11929E-07
 0.97238E+00  0.99988E+00  0.10088E-07
 0.97724E+00  0.99988E+00  0.84438E-08
 0.98126E+00  0.99988E+00  0.69792E-08
 0.98458E+00  0.99988E+00  0.56769E-08
 0.98732E+00  0.99988E+00  0.45246E-08
 0.98958E+00  0.99988E+00  0.35182E-08
 0.99145E+00  0.99988E+00  0.26589E-08
 0.99298E+00  0.99988E+00  0.19473E-08
 0.99424E+00  0.99988E+00  0.13784E-08
 0.99528E+00  0.99988E+00  0.94027E-09
 0.99613E+00  0.99988E+00  0.61543E-09
 0.99683E+00  0.99988E+00  0.38374E-09
 0.99741E+00  0.99988E+00  0.22508E-09
 0.99788E+00  0.99988E+00  0.12117E-09
 0.99827E+00  0.99988E+00  0.56575E-10
 0.99859E+00  0.99988E+00  0.19012E-10
 0.99885E+00  0.99988E+00 -0.82775E-12
 0.99906E+00  0.99988E+00 -0.96696E-11
 0.99924E+00  0.99988E+00 -0.12155E-10
 0.99938E+00  0.99988E+00 -0.11334E-10
 0.99950E+00  0.99988E+00 -0.90940E-11
 0.99960E+00  0.99988E+00 -0.65221E-11
 0.99968E+00  0.99988E+00 -0.41731E-11
 0.99975E+00  0.99988E+00 -0.22736E-11
 0.99980E+00  0.99988E+00 -0.86238E-12
 0.99984E+00  0.99988E+00  0.11614E-12
 0.99988E+00  0.99988E+00  0.75353E-12
 0.99991E+00  0.99988E+00  0.11440E-11
 0.99993E+00  0.99988E+00  0.13683E-11
 0.99995E+00  0.99988E+00  0.14878E-11
 0.99997E+00  0.99988E+00  0.15457E-11
 0.99998E+00  0.99988E+00  0.15698E-11
 0.10000E+01  0.99988E+00  0.15770E-11
 0.10000E+01  0.99988E+00  0.00000E+00
 0.00000E+00  0.99991E+00  0.00000E+00
 0.49709E-05  0.99991E+00  0.97694E-16
 0.16001E-04  0.99991E+00 -0.81117E-15
 0.29447E-04  0.99991E+00 -0.80655E-14
 0.45836E-04  0.99991E+00 -0.32041E-13
 0.65814E-04  0.99991E+00 -0.90219E-13
 0.90165E-04  0.99991E+00 -0.20967E-12
 0.11985E-03  0.99991E+00 -0.42918E-12
 0.15603E-03  0.99991E+00 -0.79935E-12
 0.20013E-03  0.99991E+00 -0.13789E-11
 0.25388E-03  0.99991E+00 -0.22248E-11
 0.31939E-03  0.99991E+00 -0.33730E-11
 0.39924E-03  0.99991E+00 -0.48047E-11
 0.49656E-03  0.99991E+00 -0.63937E-11
 0.61516E-03  0.99991E+00 -0.78263E-11
 0.75970E-03  0.99991E+00 -0.84879E-11
 0.93583E-03  0.99991E+00 -0.73071E-11
 0.11504E-02  0.99991E+00 -0.25553E-11
 0.14119E-02  0.99991E+00  0.84001E-11
 0.17305E-02  0.99991E+00  0.29376E-10
 0.21186E-02  0.99991E+00  0.65658E-10
 0.25912E-02  0.99991E+00  0.12424E-09
 0.31667E-02  0.99991E+00  0.21394E-09
 0.38673E-02  0.99991E+00  0.34523E-09
 0.47200E-02  0.99991E+00  0.52975E-09
 0.57574E-02  0.99991E+00  0.77921E-09
 0.70191E-02  0.99991E+00  0.11040E-08
 0.85527E-02  0.99991E+00  0.15114E-08
 0.10416E-01  0.99991E+00  0.20045E-08
 0.12677E-01  0.99991E+00  0.25832E-08
 0.15420E-01  0.99991E+00  0.32462E-08
 0.18742E-01  0.99991E+00  0.39956E-08
 0.22762E-01  0.99991E+00  0.48375E-08
 0.27617E-01  0.99991E+00  0.57816E-08
 0.33469E-01  0.99991E+00  0.68373E-08
 0.40509E-01  0.99991E+00  0.80132E-08
 0.48950E-01  0.99991E+00  0.93151E-08
 0.59040E-01  0.99991E+00  0.10746E-07
 0.71052E-01  0.99991E+00  0.12304E-07
 0.85282E-01  0.99991E+00  0.13984E-07
 0.10204E+00  0.99991E+00  0.15771E-07
 0.12166E+00  0.99991E+00  0.17644E-07
 0.14443E+00  0.99991E+00  0.19574E-07
 0.17063E+00  0.99991E+00  0.21522E-07
 0.20047E+00  0.99991E+00  0.23439E-07
 0.23404E+00  0.99991E+00  0.25271E-07
 0.27131E+00  0.99991E+00  0.26958E-07
 0.31210E+00  0.99991E+00  0.28441E-07
 0.35601E+00  0.99991E+00  0.29661E-07
 0.40249E+00  0.99991E+00  0.30569E-07
 0.45077E+00  0.99991E+00  0.31128E-07
 0.50000E+00  0.99991E+00  0.31312E-07
 0.54923E+00  0.99991E+00  0.31114E-07
 0.59751E+00  0.99991E+00  0.30543E-07
 0.64399E+00  0.99991E+00  0.29622E-07
 0.68790E+00  0.99991E+00  0.28390E-07
 0.72869E+00  0.99991E+00  0.26898E-07
 0.76596E+00  0.99991E+00  0.25202E-07
 0.79953E+00  0.99991E+00  0.23363E-07
 0.82937E+00  0.99991E+00  0.21441E-07
 0.85557E+00  0.99991E+00  0.19491E-07
 0.87834E+00  0.99991E+00  0.17560E-07
 0.89796E+00  0.99991E+00  0.15688E-07
 0.91472E+00  0.99991E+00  0.13904E-07
 0.92895E+00  0.99991E+00  0.12228E-07
 0.94096E+00  0.99991E+00  0.10675E-07
 0.95105E+00  0.99991E+00  0.92511E-08
 0.95949E+00  0.99991E+00  0.79564E-08
 0.96653E+00  0.99991E+00  0.67883E-08
 0.97238E+00  0.99991E+00  0.57406E-08
 0.97724E+00  0.99991E+00  0.48051E-08
 0.98126E+00  0.99991E+00  0.39717E-08
 0.98458E+00  0.99991E+00  0.32306E-08
 0.98732E+00  0.99991E+00  0.25750E-08
 0.98958E+00  0.99991E+00  0.20022E-08
 0.99145E+00  0.99991E+00  0.15130E-08
 0.99298E+00  0.99991E+00  0.11079E-08
 0.99424E+00  0.99991E+00  0.78395E-09
 0.99528E+00  0.99991E+00  0.53441E-09
 0.99613E+00  0.99991E+00  0.34937E-09
 0.99683E+00  0.99991E+00  0.21738E-09
 0.99741E+00  0.99991E+00  0.12701E-09
 0.99788E+00  0.99991E+00  0.67849E-10
 0.99827E+00  0.99991E+00  0.31123E-10
 0.99859E+00  0.99991E+00  0.98265E-11
 0.99885E+00  0.99991E+00 -0.13493E-11
 0.99906E+00  0.99991E+00 -0.62444E-11
 0.99924E+00  0.99991E+00 -0.75130E-11
 0.99938E+00  0.99991E+00 -0.69015E-11
 0.99950E+00  0.99991E+00 -0.54946E-11
 0.99960E+00  0.99991E+00 -0.39166E-11
 0.99968E+00  0.99991E+00 -0.24876E-11
 0.99975E+00  0.99991E+00 -0.13381E-11
 0.99980E+00  0.99991E+00 -0.48932E-12
 0.99984E+00  0.99991E+00  0.93271E-13
 0.99988E+00  0.99991E+00  0.46598E-12
 0.99991E+00  0.99991E+00  0.68732E-12
 0.99993E+00  0.99991E+00  0.80796E-12
 0.99995E+00  0.99991E+00  0.86691E-12
 0.99997E+00  0.99991E+00  0.89152E-12
 0.99998E+00  0.99991E+00  0.89930E-12
 0.10000E+01  0.99991E+00  0.90046E-12
 0.10000E+01  0.99991E+00  0.00000E+00
 0.00000E+00  0.99993E+00  0.00000E+00
 0.49709E-05  0.99993E+00  0.49278E-15
 0.16001E-04  0.99993E+00  0.26288E-14
 0.29447E-04  0.99993E+00  0.29559E-14
 0.45836E-04  0.99993E+00 -0.47646E-14
 0.65814E-04  0.99993E+00 -0.30699E-13
 0.90165E-04  0.99993E+00 -0.90622E-13
 0.11985E-03  0.99993E+00 -0.20740E-12
 0.15603E-03  0.99993E+00 -0.41058E-12
 0.20013E-03  0.99993E+00 -0.73388E-12
 0.25388E-03  0.99993E+00 -0.12096E-11
 0.31939E-03  0.99993E+00 -0.18579E-11
 0.39924E-03  0.99993E+00 -0.26690E-11
 0.49656E-03  0.99993E+00 -0.35742E-11
 0.61516E-03  0.99993E+00 -0.44033E-11
 0.75970E-03  0.99993E+00 -0.48233E-11
 0.93583E-03  0.99993E+00 -0.42552E-11
 0.11504E-02  0.99993E+00 -0.17662E-11
 0.14119E-02  0.99993E+00  0.40621E-11
 0.17305E-02  0.99993E+00  0.15284E-10
 0.21186E-02  0.99993E+00  0.34741E-10
 0.25912E-02  0.99993E+00  0.66192E-10
 0.31667E-02  0.99993E+00  0.11437E-09
 0.38673E-02  0.99993E+00  0.18489E-09
 0.47200E-02  0.99993E+00  0.28400E-09
 0.57574E-02  0.99993E+00  0.41798E-09
 0.70191E-02  0.99993E+00  0.59237E-09
 0.85527E-02  0.99993E+00  0.81108E-09
 0.10416E-01  0.99993E+00  0.10758E-08
 0.12677E-01  0.99993E+00  0.13864E-08
 0.15420E-01  0.99993E+00  0.17423E-08
 0.18742E-01  0.99993E+00  0.21444E-08
 0.22762E-01  0.99993E+00  0.25962E-08
 0.27617E-01  0.99993E+00  0.31028E-08
 0.33469E-01  0.99993E+00  0.36694E-08
 0.40509E-01  0.99993E+00  0.43004E-08
 0.48950E-01  0.99993E+00  0.49991E-08
 0.59040E-01  0.99993E+00  0.57669E-08
 0.71052E-01  0.99993E+00  0.66032E-08
 0.85282E-01  0.99993E+00  0.75044E-08
 0.10204E+00  0.99993E+00  0.84634E-08
 0.12166E+00  0.99993E+00  0.94689E-08
 0.14443E+00  0.99993E+00  0.10505E-07
 0.17063E+00  0.99993E+00  0.11550E-07
 0.20047E+00  0.99993E+00  0.12579E-07
 0.23404E+00  0.99993E+00  0.13562E-07
 0.27131E+00  0.99993E+00  0.14467E-07
 0.31210E+00  0.99993E+00  0.15263E-07
 0.35601E+00  0.99993E+00  0.15917E-07
 0.40249E+00  0.99993E+00  0.16405E-07
 0.45077E+00  0.99993E+00  0.16704E-07
 0.50000E+00  0.99993E+00  0.16803E-07
 0.54923E+00  0.99993E+00  0.16697E-07
 0.59751E+00  0.99993E+00  0.16390E-07
 0.64399E+00  0.99993E+00  0.15896E-07
 0.68790E+00  0.99993E+00  0.15235E-07
 0.72869E+00  0.99993E+00  0.14434E-07
 0.76596E+00  0.99993E+00  0.13524E-07
 0.79953E+00  0.99993E+00  0.12538E-07
 0.82937E+00  0.99993E+00  0.11506E-07
 0.85557E+00  0.99993E+00  0.10460E-07
 0.87834E+00  0.99993E+00  0.94236E-08
 0.89796E+00  0.99993E+00  0.84188E-08
 0.91472E+00  0.99993E+00  0.74613E-08
 0.92895E+00  0.99993E+00  0.65624E-08
 0.94096E+00  0.99993E+00  0.57290E-08
 0.95105E+00  0.99993E+00  0.49646E-08
 0.95949E+00  0.99993E+00  0.42698E-08
 0.96653E+00  0.99993E+00  0.36430E-08
 0.97238E+00  0.99993E+00  0.30808E-08
 0.97724E+00  0.99993E+00  0.25788E-08
 0.98126E+00  0.99993E+00  0.21315E-08
 0.98458E+00  0.99993E+00  0.17339E-08
 0.98732E+00  0.99993E+00  0.13820E-08
 0.98958E+00  0.99993E+00  0.10746E-08
 0.99145E+00  0.99993E+00  0.81198E-09
 0.99298E+00  0.99993E+00  0.59447E-09
 0.99424E+00  0.99993E+00  0.42052E-09
 0.99528E+00  0.99993E+00  0.28651E-09
 0.99613E+00  0.99993E+00  0.18711E-09
 0.99683E+00  0.99993E+00  0.11622E-09
 0.99741E+00  0.99993E+00  0.67677E-10
 0.99788E+00  0.99993E+00  0.35918E-10
 0.99827E+00  0.99993E+00  0.16222E-10
 0.99859E+00  0.99993E+00  0.48270E-11
 0.99885E+00  0.99993E+00 -0.11200E-11
 0.99906E+00  0.99993E+00 -0.36861E-11
 0.99924E+00  0.99993E+00 -0.43013E-11
 0.99938E+00  0.99993E+00 -0.39081E-11
 0.99950E+00  0.99993E+00 -0.30925E-11
 0.99960E+00  0.99993E+00 -0.21928E-11
 0.99968E+00  0.99993E+00 -0.13828E-11
 0.99975E+00  0.99993E+00 -0.73337E-12
 0.99980E+00  0.99993E+00 -0.25585E-12
 0.99984E+00  0.99993E+00  0.69295E-13
 0.99988E+00  0.99993E+00  0.27396E-12
 0.99991E+00  0.99993E+00  0.39168E-12
 0.99993E+00  0.99993E+00  0.45195E-12
 0.99995E+00  0.99993E+00  0.47784E-12
 0.99997E+00  0.99993E+00  0.48568E-12
 0.99998E+00  0.99993E+00  0.48594E-12
 0.10000E+01  0.99993E+00  0.48458E-12
 0.10000E+01  0.99993E+00  0.00000E+00
 0.00000E+00  0.99995E+00  0.00000E+00
 0.49709E-05  0.99995E+00  0.78923E-15
 0.16001E-04  0.99995E+00  0.41585E-14
 0.29447E-04  0.99995E+00  0.66761E-14
 0.45836E-04  0.99995E+00  0.50580E-14
 0.65814E-04  0.99995E+00 -0.54455E-14
 0.90165E-04  0.99995E+00 -0.32813E-13
 0.11985E-03  0.99995E+00 -0.89500E-13
 0.15603E-03  0.99995E+00 -0.19122E-12
 0.20013E-03  0.99995E+00 -0.35533E-12
 0.25388E-03  0.99995E+00 -0.59828E-12
 0.31939E-03  0.99995E+00 -0.93031E-12
 0.39924E-03  0.99995E+00 -0.13465E-11
 0.49656E-03  0.99995E+00 -0.18129E-11
 0.61516E-03  0.99995E+00 -0.22449E-11
 0.75970E-03  0.99995E+00 -0.24780E-11
 0.93583E-03  0.99995E+00 -0.22263E-11
 0.11504E-02  0.99995E+00 -0.10299E-11
 0.14119E-02  0.99995E+00  0.18095E-11
 0.17305E-02  0.99995E+00  0.73022E-11
 0.21186E-02  0.99995E+00  0.16845E-10
 0.25912E-02  0.99995E+00  0.32285E-10
 0.31667E-02  0.99995E+00  0.55944E-10
 0.38673E-02  0.99995E+00  0.90581E-10
 0.47200E-02  0.99995E+00  0.13925E-09
 0.57574E-02  0.99995E+00  0.20505E-09
 0.70191E-02  0.99995E+00  0.29068E-09
 0.85527E-02  0.99995E+00  0.39805E-09
 0.10416E-01  0.99995E+00  0.52801E-09
 0.12677E-01  0.99995E+00  0.68045E-09
 0.15420E-01  0.99995E+00  0.85511E-09
 0.18742E-01  0.99995E+00  0.10525E-08
 0.22762E-01  0.99995E+00  0.12742E-08
 0.27617E-01  0.99995E+00  0.15228E-08
 0.33469E-01  0.99995E+00  0.18009E-08
 0.40509E-01  0.99995E+00  0.21106E-08
 0.48950E-01  0.99995E+00  0.24534E-08
 0.59040E-01  0.99995E+00  0.28302E-08
 0.71052E-01  0.99995E+00  0.32407E-08
 0.85282E-01  0.99995E+00  0.36829E-08
 0.10204E+00  0.99995E+00  0.41536E-08
 0.12166E+00  0.99995E+00  0.46470E-08
 0.14443E+00  0.99995E+00  0.51553E-08
 0.17063E+00  0.99995E+00  0.56681E-08
 0.20047E+00  0.99995E+00  0.61730E-08
 0.23404E+00  0.99995E+00  0.66555E-08
 0.27131E+00  0.99995E+00  0.70999E-08
 0.31210E+00  0.99995E+00  0.74902E-08
 0.35601E+00  0.99995E+00  0.78116E-08
 0.40249E+00  0.99995E+00  0.80508E-08
 0.45077E+00  0.99995E+00  0.81978E-08
 0.50000E+00  0.99995E+00  0.82464E-08
 0.54923E+00  0.99995E+00  0.81943E-08
 0.59751E+00  0.99995E+00  0.80437E-08
 0.64399E+00  0.99995E+00  0.78012E-08
 0.68790E+00  0.99995E+00  0.74768E-08
 0.72869E+00  0.99995E+00  0.70837E-08
 0.76596E+00  0.99995E+00  0.66371E-08
 0.79953E+00  0.99995E+00  0.61529E-08
 0.82937E+00  0.99995E+00  0.56468E-08
 0.85557E+00  0.99995E+00  0.51332E-08
 0.87834E+00  0.99995E+00  0.46247E-08
 0.89796E+00  0.99995E+00  0.41316E-08
 0.91472E+00  0.99995E+00  0.36617E-08
 0.92895E+00  0.99995E+00  0.32206E-08
 0.94096E+00  0.99995E+00  0.28116E-08
 0.95105E+00  0.99995E+00  0.24365E-08
 0.95949E+00  0.99995E+00  0.20955E-08
 0.96653E+00  0.99995E+00  0.17879E-08
 0.97238E+00  0.99995E+00  0.15120E-08
 0.97724E+00  0.99995E+00  0.12656E-08
 0.98126E+00  0.99995E+00  0.10461E-08
 0.98458E+00  0.99995E+00  0.85097E-09
 0.98732E+00  0.99995E+00  0.67827E-09
 0.98958E+00  0.99995E+00  0.52738E-09
 0.99145E+00  0.99995E+00  0.39849E-09
 0.99298E+00  0.99995E+00  0.29171E-09
 0.99424E+00  0.99995E+00  0.20630E-09
 0.99528E+00  0.99995E+00  0.14049E-09
 0.99613E+00  0.99995E+00  0.91674E-10
 0.99683E+00  0.99995E+00  0.56853E-10
 0.99741E+00  0.99995E+00  0.33015E-10
 0.99788E+00  0.99995E+00  0.17423E-10
 0.99827E+00  0.99995E+00  0.77627E-11
 0.99859E+00  0.99995E+00  0.21846E-11
 0.99885E+00  0.99995E+00 -0.71321E-12
 0.99906E+00  0.99995E+00 -0.19475E-11
 0.99924E+00  0.99995E+00 -0.22224E-11
 0.99938E+00  0.99995E+00 -0.20023E-11
 0.99950E+00  0.99995E+00 -0.15768E-11
 0.99960E+00  0.99995E+00 -0.11130E-11
 0.99968E+00  0.99995E+00 -0.69716E-12
 0.99975E+00  0.99995E+00 -0.36445E-12
 0.99980E+00  0.99995E+00 -0.12047E-12
 0.99984E+00  0.99995E+00  0.44653E-13
 0.99988E+00  0.99995E+00  0.14715E-12
 0.99991E+00  0.99995E+00  0.20430E-12
 0.99993E+00  0.99995E+00  0.23153E-12
 0.99995E+00  0.99995E+00  0.24115E-12
 0.99997E+00  0.99995E+00  0.24204E-12
 0.99998E+00  0.99995E+00  0.23996E-12
 0.10000E+01  0.99995E+00  0.23816E-12
 0.10000E+01  0.99995E+00  0.00000E+00
 0.00000E+00  0.99997E+00  0.00000E+00
 0.49709E-05  0.99997E+00  0.41619E-15
 0.16001E-04  0.99997E+00  0.32925E-14
 0.29447E-04  0.99997E+00  0.62079E-14
 0.45836E-04  0.99997E+00  0.59107E-14
 0.65814E-04  0.99997E+00  0.19751E-14
 0.90165E-04  0.99997E+00 -0.86114E-14
 0.11985E-03  0.99997E+00 -0.32197E-13
 0.15603E-03  0.99997E+00 -0.75971E-13
 0.20013E-03  0.99997E+00 -0.14744E-12
 0.25388E-03  0.99997E+00 -0.25372E-12
 0.31939E-03  0.99997E+00 -0.39924E-12
 0.39924E-03  0.99997E+00 -0.58191E-12
 0.49656E-03  0.99997E+00 -0.78714E-12
 0.61516E-03  0.99997E+00 -0.97895E-12
 0.75970E-03  0.99997E+00 -0.10872E-11
 0.93583E-03  0.99997E+00 -0.99057E-12
 0.11504E-02  0.99997E+00 -0.49381E-12
 0.14119E-02  0.99997E+00  0.69916E-12
 0.17305E-02  0.99997E+00  0.30164E-11
 0.21186E-02  0.99997E+00  0.70494E-11
 0.25912E-02  0.99997E+00  0.13579E-10
 0.31667E-02  0.99997E+00  0.23589E-10
 0.38673E-02  0.99997E+00  0.38244E-10
 0.47200E-02  0.99997E+00  0.58838E-10
 0.57574E-02  0.99997E+00  0.86673E-10
 0.70191E-02  0.99997E+00  0.12290E-09
 0.85527E-02  0.99997E+00  0.16831E-09
 0.10416E-01  0.99997E+00  0.22328E-09
 0.12677E-01  0.99997E+00  0.28775E-09
 0.15420E-01  0.99997E+00  0.36160E-09
 0.18742E-01  0.99997E+00  0.44506E-09
 0.22762E-01  0.99997E+00  0.53882E-09
 0.27617E-01  0.99997E+00  0.64395E-09
 0.33469E-01  0.99997E+00  0.76152E-09
 0.40509E-01  0.99997E+00  0.89247E-09
 0.48950E-01  0.99997E+00  0.10374E-08
 0.59040E-01  0.99997E+00  0.11968E-08
 0.71052E-01  0.99997E+00  0.13703E-08
 0.85282E-01  0.99997E+00  0.15573E-08
 0.10204E+00  0.99997E+00  0.17563E-08
 0.12166E+00  0.99997E+00  0.19650E-08
 0.14443E+00  0.99997E+00  0.21799E-08
 0.17063E+00  0.99997E+00  0.23968E-08
 0.20047E+00  0.99997E+00  0.26103E-08
 0.23404E+00  0.99997E+00  0.28143E-08
 0.27131E+00  0.99997E+00  0.30021E-08
 0.31210E+00  0.99997E+00  0.31672E-08
 0.35601E+00  0.99997E+00  0.33031E-08
 0.40249E+00  0.99997E+00  0.34042E-08
 0.45077E+00  0.99997E+00  0.34664E-08
 0.50000E+00  0.99997E+00  0.34869E-08
 0.54923E+00  0.99997E+00  0.34649E-08
 0.59751E+00  0.99997E+00  0.34012E-08
 0.64399E+00  0.99997E+00  0.32987E-08
 0.68790E+00  0.99997E+00  0.31615E-08
 0.72869E+00  0.99997E+00  0.29953E-08
 0.76596E+00  0.99997E+00  0.28065E-08
 0.79953E+00  0.99997E+00  0.26017E-08
 0.82937E+00  0.99997E+00  0.23877E-08
 0.85557E+00  0.99997E+00  0.21705E-08
 0.87834E+00  0.99997E+00  0.19555E-08
 0.89796E+00  0.99997E+00  0.17470E-08
 0.91472E+00  0.99997E+00  0.15483E-08
 0.92895E+00  0.99997E+00  0.13618E-08
 0.94096E+00  0.99997E+00  0.11889E-08
 0.95105E+00  0.99997E+00  0.10303E-08
 0.95949E+00  0.99997E+00  0.88609E-09
 0.96653E+00  0.99997E+00  0.75602E-09
 0.97238E+00  0.99997E+00  0.63936E-09
 0.97724E+00  0.99997E+00  0.53518E-09
 0.98126E+00  0.99997E+00  0.44238E-09
 0.98458E+00  0.99997E+00  0.35985E-09
 0.98732E+00  0.99997E+00  0.28682E-09
 0.98958E+00  0.99997E+00  0.22301E-09
 0.99145E+00  0.99997E+00  0.16850E-09
 0.99298E+00  0.99997E+00  0.12333E-09
 0.99424E+00  0.99997E+00  0.87203E-10
 0.99528E+00  0.99997E+00  0.59361E-10
 0.99613E+00  0.99997E+00  0.38707E-10
 0.99683E+00  0.99997E+00  0.23974E-10
 0.99741E+00  0.99997E+00  0.13888E-10
 0.99788E+00  0.99997E+00  0.72940E-11
 0.99827E+00  0.99997E+00  0.32111E-11
 0.99859E+00  0.99997E+00  0.85770E-12
 0.99885E+00  0.99997E+00 -0.36007E-12
 0.99906E+00  0.99997E+00 -0.87291E-12
 0.99924E+00  0.99997E+00 -0.97935E-12
 0.99938E+00  0.99997E+00 -0.87653E-12
 0.99950E+00  0.99997E+00 -0.68743E-12
 0.99960E+00  0.99997E+00 -0.48323E-12
 0.99968E+00  0.99997E+00 -0.30066E-12
 0.99975E+00  0.99997E+00 -0.15479E-12
 0.99980E+00  0.99997E+00 -0.48013E-13
 0.99984E+00  0.99997E+00  0.23915E-13
 0.99988E+00  0.99997E+00  0.68041E-13
 0.99991E+00  0.99997E+00  0.91927E-13
 0.99993E+00  0.99997E+00  0.10243E-12
 0.99995E+00  0.99997E+00  0.10512E-12
 0.99997E+00  0.99997E+00  0.10413E-12
 0.99998E+00  0.99997E+00  0.10223E-12
 0.10000E+01  0.99997E+00  0.10095E-12
 0.10000E+01  0.99997E+00  0.00000E+00
 0.00000E+00  0.99998E+00  0.00000E+00
 0.49709E-05  0.99998E+00 -0.60683E-15
 0.16001E-04  0.99998E+00  0.10537E-14
 0.29447E-04  0.99998E+00  0.46150E-14
 0.45836E-04  0.99998E+00  0.37820E-14
 0.65814E-04  0.99998E+00  0.23443E-14
 0.90165E-04  0.99998E+00 -0.42505E-15
 0.11985E-03  0.99998E+00 -0.76752E-14
 0.15603E-03  0.99998E+00 -0.21801E-13
 0.20013E-03  0.99998E+00 -0.45102E-13
 0.25388E-03  0.99998E+00 -0.79887E-13
 0.31939E-03  0.99998E+00 -0.12759E-12
 0.39924E-03  0.99998E+00 -0.18754E-12
 0.49656E-03  0.99998E+00 -0.25505E-12
 0.61516E-03  0.99998E+00 -0.31861E-12
 0.75970E-03  0.99998E+00 -0.35581E-12
 0.93583E-03  0.99998E+00 -0.32788E-12
 0.11504E-02  0.99998E+00 -0.17260E-12
 0.14119E-02  0.99998E+00  0.20440E-12
 0.17305E-02  0.99998E+00  0.93942E-12
 0.21186E-02  0.99998E+00  0.22207E-11
 0.25912E-02  0.99998E+00  0.42969E-11
 0.31667E-02  0.99998E+00  0.74803E-11
 0.38673E-02  0.99998E+00  0.12142E-10
 0.47200E-02  0.99998E+00  0.18693E-10
 0.57574E-02  0.99998E+00  0.27546E-10
 0.70191E-02  0.99998E+00  0.39067E-10
 0.85527E-02  0.99998E+00  0.53511E-10
 0.10416E-01  0.99998E+00  0.70989E-10
 0.12677E-01  0.99998E+00  0.91488E-10
 0.15420E-01  0.99998E+00  0.11497E-09
 0.18742E-01  0.99998E+00  0.14150E-09
 0.22762E-01  0.99998E+00  0.17132E-09
 0.27617E-01  0.99998E+00  0.20474E-09
 0.33469E-01  0.99998E+00  0.24212E-09
 0.40509E-01  0.99998E+00  0.28375E-09
 0.48950E-01  0.99998E+00  0.32984E-09
 0.59040E-01  0.99998E+00  0.38050E-09
 0.71052E-01  0.99998E+00  0.43567E-09
 0.85282E-01  0.99998E+00  0.49513E-09
 0.10204E+00  0.99998E+00  0.55840E-09
 0.12166E+00  0.99998E+00  0.62473E-09
 0.14443E+00  0.99998E+00  0.69306E-09
 0.17063E+00  0.99998E+00  0.76201E-09
 0.20047E+00  0.99998E+00  0.82988E-09
 0.23404E+00  0.99998E+00  0.89474E-09
 0.27131E+00  0.99998E+00  0.95447E-09
 0.31210E+00  0.99998E+00  0.10070E-08
 0.35601E+00  0.99998E+00  0.10501E-08
 0.40249E+00  0.99998E+00  0.10823E-08
 0.45077E+00  0.99998E+00  0.11021E-08
 0.50000E+00  0.99998E+00  0.11086E-08
 0.54923E+00  0.99998E+00  0.11016E-08
 0.59751E+00  0.99998E+00  0.10813E-08
 0.64399E+00  0.99998E+00  0.10487E-08
 0.68790E+00  0.99998E+00  0.10051E-08
 0.72869E+00  0.99998E+00  0.95230E-09
 0.76596E+00  0.99998E+00  0.89226E-09
 0.79953E+00  0.99998E+00  0.82716E-09
 0.82937E+00  0.99998E+00  0.75912E-09
 0.85557E+00  0.99998E+00  0.69008E-09
 0.87834E+00  0.99998E+00  0.62173E-09
 0.89796E+00  0.99998E+00  0.55544E-09
 0.91472E+00  0.99998E+00  0.49227E-09
 0.92895E+00  0.99998E+00  0.43296E-09
 0.94096E+00  0.99998E+00  0.37798E-09
 0.95105E+00  0.99998E+00  0.32756E-09
 0.95949E+00  0.99998E+00  0.28172E-09
 0.96653E+00  0.99998E+00  0.24037E-09
 0.97238E+00  0.99998E+00  0.20328E-09
 0.97724E+00  0.99998E+00  0.17016E-09
 0.98126E+00  0.99998E+00  0.14065E-09
 0.98458E+00  0.99998E+00  0.11441E-09
 0.98732E+00  0.99998E+00  0.91193E-10
 0.98958E+00  0.99998E+00  0.70904E-10
 0.99145E+00  0.99998E+00  0.53570E-10
 0.99298E+00  0.99998E+00  0.39206E-10
 0.99424E+00  0.99998E+00  0.27715E-10
 0.99528E+00  0.99998E+00  0.18859E-10
 0.99613E+00  0.99998E+00  0.12290E-10
 0.99683E+00  0.99998E+00  0.76029E-11
 0.99741E+00  0.99998E+00  0.43953E-11
 0.99788E+00  0.99998E+00  0.22986E-11
 0.99827E+00  0.99998E+00  0.10013E-11
 0.99859E+00  0.99998E+00  0.25477E-12
 0.99885E+00  0.99998E+00 -0.13013E-12
 0.99906E+00  0.99998E+00 -0.29054E-12
 0.99924E+00  0.99998E+00 -0.32157E-12
 0.99938E+00  0.99998E+00 -0.28610E-12
 0.99950E+00  0.99998E+00 -0.22339E-12
 0.99960E+00  0.99998E+00 -0.15619E-12
 0.99968E+00  0.99998E+00 -0.96249E-13
 0.99975E+00  0.99998E+00 -0.48414E-13
 0.99980E+00  0.99998E+00 -0.13451E-13
 0.99984E+00  0.99998E+00  0.10008E-13
 0.99988E+00  0.99998E+00  0.24245E-13
 0.99991E+00  0.99998E+00  0.31730E-13
 0.99993E+00  0.99998E+00  0.34726E-13
 0.99995E+00  0.99998E+00  0.35112E-13
 0.99997E+00  0.99998E+00  0.34324E-13
 0.99998E+00  0.99998E+00  0.33358E-13
 0.10000E+01  0.99998E+00  0.32793E-13
 0.10000E+01  0.99998E+00  0.00000E+00
 0.00000E+00  0.10000E+01  0.00000E+00
 0.49709E-05  0.10000E+01 -0.57339E-15
 0.16001E-04  0.10000E+01  0.11444E-16
 0.29447E-04  0.10000E+01  0.19767E-14
 0.45836E-04  0.10000E+01  0.12617E-14
 0.65814E-04  0.10000E+01  0.85861E-15
 0.90165E-04  0.10000E+01  0.61243E-15
 0.11985E-03  0.10000E+01 -0.52690E-15
 0.15603E-03  0.10000E+01 -0.29433E-14
 0.20013E-03  0.10000E+01 -0.69659E-14
 0.25388E-03  0.10000E+01 -0.12996E-13
 0.31939E-03  0.10000E+01 -0.21283E-13
 0.39924E-03  0.10000E+01 -0.31712E-13
 0.49656E-03  0.10000E+01 -0.43486E-13
 0.61516E-03  0.10000E+01 -0.54650E-13
 0.75970E-03  0.10000E+01 -0.61400E-13
 0.93583E-03  0.10000E+01 -0.57164E-13
 0.11504E-02  0.10000E+01 -0.31398E-13
 0.14119E-02  0.10000E+01  0.31873E-13
 0.17305E-02  0.10000E+01  0.15572E-12
 0.21186E-02  0.10000E+01  0.37198E-12
 0.25912E-02  0.10000E+01  0.72269E-12
 0.31667E-02  0.10000E+01  0.12606E-11
 0.38673E-02  0.10000E+01  0.20485E-11
 0.47200E-02  0.10000E+01  0.31557E-11
 0.57574E-02  0.10000E+01  0.46522E-11
 0.70191E-02  0.10000E+01  0.65993E-11
 0.85527E-02  0.10000E+01  0.90404E-11
 0.10416E-01  0.10000E+01  0.11994E-10
 0.12677E-01  0.10000E+01  0.15458E-10
 0.15420E-01  0.10000E+01  0.19426E-10
 0.18742E-01  0.10000E+01  0.23909E-10
 0.22762E-01  0.10000E+01  0.28946E-10
 0.27617E-01  0.10000E+01  0.34593E-10
 0.33469E-01  0.10000E+01  0.40909E-10
 0.40509E-01  0.10000E+01  0.47943E-10
 0.48950E-01  0.10000E+01  0.55731E-10
 0.59040E-01  0.10000E+01  0.64289E-10
 0.71052E-01  0.10000E+01  0.73611E-10
 0.85282E-01  0.10000E+01  0.83657E-10
 0.10204E+00  0.10000E+01  0.94347E-10
 0.12166E+00  0.10000E+01  0.10555E-09
 0.14443E+00  0.10000E+01  0.11710E-09
 0.17063E+00  0.10000E+01  0.12875E-09
 0.20047E+00  0.10000E+01  0.14021E-09
 0.23404E+00  0.10000E+01  0.15117E-09
 0.27131E+00  0.10000E+01  0.16126E-09
 0.31210E+00  0.10000E+01  0.17013E-09
 0.35601E+00  0.10000E+01  0.17743E-09
 0.40249E+00  0.10000E+01  0.18286E-09
 0.45077E+00  0.10000E+01  0.18620E-09
 0.50000E+00  0.10000E+01  0.18730E-09
 0.54923E+00  0.10000E+01  0.18612E-09
 0.59751E+00  0.10000E+01  0.18270E-09
 0.64399E+00  0.10000E+01  0.17719E-09
 0.68790E+00  0.10000E+01  0.16982E-09
 0.72869E+00  0.10000E+01  0.16090E-09
 0.76596E+00  0.10000E+01  0.15075E-09
 0.79953E+00  0.10000E+01  0.13975E-09
 0.82937E+00  0.10000E+01  0.12826E-09
 0.85557E+00  0.10000E+01  0.11659E-09
 0.87834E+00  0.10000E+01  0.10504E-09
 0.89796E+00  0.10000E+01  0.93844E-10
 0.91472E+00  0.10000E+01  0.83172E-10
 0.92895E+00  0.10000E+01  0.73152E-10
 0.94096E+00  0.10000E+01  0.63863E-10
 0.95105E+00  0.10000E+01  0.55343E-10
 0.95949E+00  0.10000E+01  0.47599E-10
 0.96653E+00  0.10000E+01  0.40612E-10
 0.97238E+00  0.10000E+01  0.34346E-10
 0.97724E+00  0.10000E+01  0.28750E-10
 0.98126E+00  0.10000E+01  0.23764E-10
 0.98458E+00  0.10000E+01  0.19331E-10
 0.98732E+00  0.10000E+01  0.15408E-10
 0.98958E+00  0.10000E+01  0.11980E-10
 0.99145E+00  0.10000E+01  0.90504E-11
 0.99298E+00  0.10000E+01  0.66229E-11
 0.99424E+00  0.10000E+01  0.46808E-11
 0.99528E+00  0.10000E+01  0.31840E-11
 0.99613E+00  0.10000E+01  0.20735E-11
 0.99683E+00  0.10000E+01  0.12814E-11
 0.99741E+00  0.10000E+01  0.73934E-12
 0.99788E+00  0.10000E+01  0.38515E-12
 0.99827E+00  0.10000E+01  0.16618E-12
 0.99859E+00  0.10000E+01  0.40377E-13
 0.99885E+00  0.10000E+01 -0.24235E-13
 0.99906E+00  0.10000E+01 -0.50868E-13
 0.99924E+00  0.10000E+01 -0.55628E-13
 0.99938E+00  0.10000E+01 -0.49168E-13
 0.99950E+00  0.10000E+01 -0.38144E-13
 0.99960E+00  0.10000E+01 -0.26417E-13
 0.99968E+00  0.10000E+01 -0.15986E-13
 0.99975E+00  0.10000E+01 -0.76730E-14
 0.99980E+00  0.10000E+01 -0.16083E-14
 0.99984E+00  0.10000E+01  0.24427E-14
 0.99988E+00  0.10000E+01  0.48728E-14
 0.99991E+00  0.10000E+01  0.61092E-14
 0.99993E+00  0.10000E+01  0.65472E-14
 0.99995E+00  0.10000E+01  0.65206E-14
 0.99997E+00  0.10000E+01  0.62936E-14
 0.99998E+00  0.10000E+01  0.60601E-14
 0.10000E+01  0.10000E+01  0.59408E-14
 0.10000E+01  0.10000E+01  0.00000E+00
 0.00000E+00  0.10000E+01  0.00000E+00
 0.49709E-05  0.10000E+01  0.00000E+00
 0.16001E-04  0.10000E+01  0.00000E+00
 0.29447E-04  0.10000E+01  0.00000E+00
 0.45836E-04  0.10000E+01  0.00000E+00
 0.65814E-04  0.10000E+01  0.00000E+00
 0.90165E-04  0.10000E+01  0.00000E+00
 0.11985E-03  0.10000E+01  0.00000E+00
 0.15603E-03  0.10000E+01  0.00000E+00
 0.20013E-03  0.10000E+01  0.00000E+00
 0.25388E-03  0.10000E+01  0.00000E+00
 0.31939E-03  0.10000E+01  0.00000E+00
 0.39924E-03  0.10000E+01  0.00000E+00
 0.49656E-03  0.10000E+01  0.00000E+00
 0.61516E-03  0.10000E+01  0.00000E+00
 0.75970E-03  0.10000E+01  0.00000E+00
 0.93583E-03  0.10000E+01  0.00000E+00
 0.11504E-02  0.10000E+01  0.00000E+00
 0.14119E-02  0.10000E+01  0.00000E+00
 0.17305E-02  0.10000E+01  0.00000E+00
 0.21186E-02  0.10000E+01  0.00000E+00
 0.25912E-02  0.10000E+01  0.00000E+00
 0.31667E-02  0.10000E+01  0.00000E+00
 0.38673E-02  0.10000E+01  0.00000E+00
 0.47200E-02  0.10000E+01  0.00000E+00
 0.57574E-02  0.10000E+01  0.00000E+00
 0.70191E-02  0.10000E+01  0.00000E+00
 0.85527E-02  0.10000E+01  0.00000E+00
 0.10416E-01  0.10000E+01  0.00000E+00
 0.12677E-01  0.10000E+01  0.00000E+00
 0.15420E-01  0.10000E+01  0.00000E+00
 0.18742E-01  0.10000E+01  0.00000E+00
 0.22762E-01  0.10000E+01  0.00000E+00
 0.27617E-01  0.10000E+01  0.00000E+00
 0.33469E-01  0.10000E+01  0.00000E+00
 0.40509E-01  0.10000E+01  0.00000E+00
 0.48950E-01  0.10000E+01  0.00000E+00
 0.59040E-01  0.10000E+01  0.00000E+00
 0.71052E-01  0.10000E+01  0.00000E+00
 0.85282E-01  0.10000E+01  0.00000E+00
 0.10204E+00  0.10000E+01  0.00000E+00
 0.12166E+00  0.10000E+01  0.00000E+00
 0.14443E+00  0.10000E+01  0.00000E+00
 0.17063E+00  0.10000E+01  0.00000E+00
 0.20047E+00  0.10000E+01  0.00000E+00
 0.23404E+00  0.10000E+01  0.00000E+00
 0.27131E+00  0.10000E+01  0.00000E+00
 0.31210E+00  0.10000E+01  0.00000E+00
 0.35601E+00  0.10000E+01  0.00000E+00
 0.40249E+00  0.10000E+01  0.00000E+00
 0.45077E+00  0.10000E+01  0.00000E+00
 0.50000E+00  0.10000E+01  0.00000E+00
 0.54923E+00  0.10000E+01  0.00000E+00
 0.59751E+00  0.10000E+01  0.00000E+00
 0.64399E+00  0.10000E+01  0.00000E+00
 0.68790E+00  0.10000E+01  0.00000E+00
 0.72869E+00  0.10000E+01  0.00000E+00
 0.76596E+00  0.10000E+01  0.00000E+00
 0.79953E+00  0.10000E+01  0.00000E+00
 0.82937E+00  0.10000E+01  0.00000E+00
 0.85557E+00  0.10000E+01  0.00000E+00
 0.87834E+00  0.10000E+01  0.00000E+00
 0.89796E+00  0.10000E+01  0.00000E+00
 0.91472E+00  0.10000E+01  0.00000E+00
 0.92895E+00  0.10000E+01  0.00000E+00
 0.94096E+00  0.10000E+01  0.00000E+00
 0.95105E+00  0.10000E+01  0.00000E+00
 0.95949E+00  0.10000E+01  0.00000E+00
 0.96653E+00  0.10000E+01  0.00000E+00
 0.97238E+00  0.10000E+01  0.00000E+00
 0.97724E+00  0.10000E+01  0.00000E+00
 0.98126E+00  0.10000E+01  0.00000E+00
 0.98458E+00  0.10000E+01  0.00000E+00
 0.98732E+00  0.10000E+01  0.00000E+00
 0.98958E+00  0.10000E+01  0.00000E+00
 0.99145E+00  0.10000E+01  0.00000E+00
 0.99298E+00  0.10000E+01  0.00000E+00
 0.99424E+00  0.10000E+01  0.00000E+00
 0.99528E+00  0.10000E+01  0.00000E+00
 0.99613E+00  0.10000E+01  0.00000E+00
 0.99683E+00  0.10000E+01  0.00000E+00
 0.99741E+00  0.10000E+01  0.00000E+00
 0.99788E+00  0.10000E+01  0.00000E+00
 0.99827E+00  0.10000E+01  0.00000E+00
 0.99859E+00  0.10000E+01  0.00000E+00
 0.99885E+00  0.10000E+01  0.00000E+00
 0.99906E+00  0.10000E+01  0.00000E+00
 0.99924E+00  0.10000E+01  0.00000E+00
 0.99938E+00  0.10000E+01  0.00000E+00
 0.99950E+00  0.10000E+01  0.00000E+00
 0.99960E+00  0.10000E+01  0.00000E+00
 0.99968E+00  0.10000E+01  0.00000E+00
 0.99975E+00  0.10000E+01  0.00000E+00
 0.99980E+00  0.10000E+01  0.00000E+00
 0.99984E+00  0.10000E+01  0.00000E+00
 0.99988E+00  0.10000E+01  0.00000E+00
 0.99991E+00  0.10000E+01  0.00000E+00
 0.99993E+00  0.10000E+01  0.00000E+00
 0.99995E+00  0.10000E+01  0.00000E+00
 0.99997E+00  0.10000E+01  0.00000E+00
 0.99998E+00  0.10000E+01  0.00000E+00
 0.10000E+01  0.10000E+01  0.00000E+00
 0.10000E+01  0.10000E+01  0.00000E+00
