 VARIABLES = "R","Z","Tmpr      "
ZONE F=POINT, I= 103, J= 103
 0.00000E+00  0.00000E+00  0.00000E+00
 0.49709E-05  0.00000E+00 -0.73230E-06
 0.16001E-04  0.00000E+00 -0.23572E-05
 0.29447E-04  0.00000E+00 -0.43380E-05
 0.45836E-04  0.00000E+00 -0.67524E-05
 0.65814E-04  0.00000E+00 -0.96954E-05
 0.90165E-04  0.00000E+00 -0.13283E-04
 0.11985E-03  0.00000E+00 -0.17655E-04
 0.15603E-03  0.00000E+00 -0.22985E-04
 0.20013E-03  0.00000E+00 -0.29482E-04
 0.25388E-03  0.00000E+00 -0.37400E-04
 0.31939E-03  0.00000E+00 -0.47052E-04
 0.39924E-03  0.00000E+00 -0.58815E-04
 0.49656E-03  0.00000E+00 -0.73152E-04
 0.61516E-03  0.00000E+00 -0.90625E-04
 0.75970E-03  0.00000E+00 -0.11192E-03
 0.93583E-03  0.00000E+00 -0.13787E-03
 0.11504E-02  0.00000E+00 -0.16949E-03
 0.14119E-02  0.00000E+00 -0.20803E-03
 0.17305E-02  0.00000E+00 -0.25498E-03
 0.21186E-02  0.00000E+00 -0.31218E-03
 0.25912E-02  0.00000E+00 -0.38187E-03
 0.31667E-02  0.00000E+00 -0.46678E-03
 0.38673E-02  0.00000E+00 -0.57021E-03
 0.47200E-02  0.00000E+00 -0.69621E-03
 0.57574E-02  0.00000E+00 -0.84970E-03
 0.70191E-02  0.00000E+00 -0.10367E-02
 0.85527E-02  0.00000E+00 -0.12645E-02
 0.10416E-01  0.00000E+00 -0.15419E-02
 0.12677E-01  0.00000E+00 -0.18797E-02
 0.15420E-01  0.00000E+00 -0.22905E-02
 0.18742E-01  0.00000E+00 -0.27891E-02
 0.22762E-01  0.00000E+00 -0.33921E-02
 0.27617E-01  0.00000E+00 -0.41173E-02
 0.33469E-01  0.00000E+00 -0.49825E-02
 0.40509E-01  0.00000E+00 -0.60031E-02
 0.48950E-01  0.00000E+00 -0.71901E-02
 0.59040E-01  0.00000E+00 -0.85464E-02
 0.71052E-01  0.00000E+00 -0.10065E-01
 0.85282E-01  0.00000E+00 -0.11728E-01
 0.10204E+00  0.00000E+00 -0.13507E-01
 0.12166E+00  0.00000E+00 -0.15365E-01
 0.14443E+00  0.00000E+00 -0.17263E-01
 0.17063E+00  0.00000E+00 -0.19154E-01
 0.20047E+00  0.00000E+00 -0.20990E-01
 0.23404E+00  0.00000E+00 -0.22719E-01
 0.27131E+00  0.00000E+00 -0.24286E-01
 0.31210E+00  0.00000E+00 -0.25636E-01
 0.35601E+00  0.00000E+00 -0.26721E-01
 0.40249E+00  0.00000E+00 -0.27496E-01
 0.45077E+00  0.00000E+00 -0.27930E-01
 0.50000E+00  0.00000E+00 -0.28005E-01
 0.54923E+00  0.00000E+00 -0.27714E-01
 0.59751E+00  0.00000E+00 -0.27067E-01
 0.64399E+00  0.00000E+00 -0.26088E-01
 0.68790E+00  0.00000E+00 -0.24815E-01
 0.72869E+00  0.00000E+00 -0.23294E-01
 0.76596E+00  0.00000E+00 -0.21582E-01
 0.79953E+00  0.00000E+00 -0.19736E-01
 0.82937E+00  0.00000E+00 -0.17816E-01
 0.85557E+00  0.00000E+00 -0.15878E-01
 0.87834E+00  0.00000E+00 -0.13972E-01
 0.89796E+00  0.00000E+00 -0.12145E-01
 0.91472E+00  0.00000E+00 -0.10434E-01
 0.92895E+00  0.00000E+00 -0.88680E-02
 0.94096E+00  0.00000E+00 -0.74661E-02
 0.95105E+00  0.00000E+00 -0.62361E-02
 0.95949E+00  0.00000E+00 -0.51757E-02
 0.96653E+00  0.00000E+00 -0.42752E-02
 0.97238E+00  0.00000E+00 -0.35198E-02
 0.97724E+00  0.00000E+00 -0.28919E-02
 0.98126E+00  0.00000E+00 -0.23732E-02
 0.98458E+00  0.00000E+00 -0.19463E-02
 0.98732E+00  0.00000E+00 -0.15959E-02
 0.98958E+00  0.00000E+00 -0.13083E-02
 0.99145E+00  0.00000E+00 -0.10725E-02
 0.99298E+00  0.00000E+00 -0.87913E-03
 0.99424E+00  0.00000E+00 -0.72046E-03
 0.99528E+00  0.00000E+00 -0.59026E-03
 0.99613E+00  0.00000E+00 -0.48341E-03
 0.99683E+00  0.00000E+00 -0.39571E-03
 0.99741E+00  0.00000E+00 -0.32373E-03
 0.99788E+00  0.00000E+00 -0.26464E-03
 0.99827E+00  0.00000E+00 -0.21615E-03
 0.99859E+00  0.00000E+00 -0.17635E-03
 0.99885E+00  0.00000E+00 -0.14368E-03
 0.99906E+00  0.00000E+00 -0.11687E-03
 0.99924E+00  0.00000E+00 -0.94875E-04
 0.99938E+00  0.00000E+00 -0.76823E-04
 0.99950E+00  0.00000E+00 -0.62011E-04
 0.99960E+00  0.00000E+00 -0.49858E-04
 0.99968E+00  0.00000E+00 -0.39886E-04
 0.99975E+00  0.00000E+00 -0.31704E-04
 0.99980E+00  0.00000E+00 -0.24992E-04
 0.99984E+00  0.00000E+00 -0.19485E-04
 0.99988E+00  0.00000E+00 -0.14967E-04
 0.99991E+00  0.00000E+00 -0.11260E-04
 0.99993E+00  0.00000E+00 -0.82188E-05
 0.99995E+00  0.00000E+00 -0.57240E-05
 0.99997E+00  0.00000E+00 -0.36773E-05
 0.99998E+00  0.00000E+00 -0.19982E-05
 0.10000E+01  0.00000E+00 -0.62077E-06
 0.10000E+01  0.00000E+00  0.00000E+00
 0.00000E+00  0.49709E-05  0.00000E+00
 0.49709E-05  0.49709E-05 -0.73230E-06
 0.16001E-04  0.49709E-05 -0.23572E-05
 0.29447E-04  0.49709E-05 -0.43380E-05
 0.45836E-04  0.49709E-05 -0.67524E-05
 0.65814E-04  0.49709E-05 -0.96954E-05
 0.90165E-04  0.49709E-05 -0.13283E-04
 0.11985E-03  0.49709E-05 -0.17655E-04
 0.15603E-03  0.49709E-05 -0.22985E-04
 0.20013E-03  0.49709E-05 -0.29482E-04
 0.25388E-03  0.49709E-05 -0.37400E-04
 0.31939E-03  0.49709E-05 -0.47052E-04
 0.39924E-03  0.49709E-05 -0.58815E-04
 0.49656E-03  0.49709E-05 -0.73152E-04
 0.61516E-03  0.49709E-05 -0.90625E-04
 0.75970E-03  0.49709E-05 -0.11192E-03
 0.93583E-03  0.49709E-05 -0.13787E-03
 0.11504E-02  0.49709E-05 -0.16949E-03
 0.14119E-02  0.49709E-05 -0.20803E-03
 0.17305E-02  0.49709E-05 -0.25498E-03
 0.21186E-02  0.49709E-05 -0.31218E-03
 0.25912E-02  0.49709E-05 -0.38187E-03
 0.31667E-02  0.49709E-05 -0.46678E-03
 0.38673E-02  0.49709E-05 -0.57021E-03
 0.47200E-02  0.49709E-05 -0.69621E-03
 0.57574E-02  0.49709E-05 -0.84970E-03
 0.70191E-02  0.49709E-05 -0.10367E-02
 0.85527E-02  0.49709E-05 -0.12645E-02
 0.10416E-01  0.49709E-05 -0.15419E-02
 0.12677E-01  0.49709E-05 -0.18797E-02
 0.15420E-01  0.49709E-05 -0.22905E-02
 0.18742E-01  0.49709E-05 -0.27891E-02
 0.22762E-01  0.49709E-05 -0.33921E-02
 0.27617E-01  0.49709E-05 -0.41173E-02
 0.33469E-01  0.49709E-05 -0.49825E-02
 0.40509E-01  0.49709E-05 -0.60031E-02
 0.48950E-01  0.49709E-05 -0.71901E-02
 0.59040E-01  0.49709E-05 -0.85464E-02
 0.71052E-01  0.49709E-05 -0.10065E-01
 0.85282E-01  0.49709E-05 -0.11728E-01
 0.10204E+00  0.49709E-05 -0.13507E-01
 0.12166E+00  0.49709E-05 -0.15365E-01
 0.14443E+00  0.49709E-05 -0.17263E-01
 0.17063E+00  0.49709E-05 -0.19154E-01
 0.20047E+00  0.49709E-05 -0.20990E-01
 0.23404E+00  0.49709E-05 -0.22719E-01
 0.27131E+00  0.49709E-05 -0.24286E-01
 0.31210E+00  0.49709E-05 -0.25636E-01
 0.35601E+00  0.49709E-05 -0.26721E-01
 0.40249E+00  0.49709E-05 -0.27496E-01
 0.45077E+00  0.49709E-05 -0.27930E-01
 0.50000E+00  0.49709E-05 -0.28005E-01
 0.54923E+00  0.49709E-05 -0.27714E-01
 0.59751E+00  0.49709E-05 -0.27067E-01
 0.64399E+00  0.49709E-05 -0.26088E-01
 0.68790E+00  0.49709E-05 -0.24815E-01
 0.72869E+00  0.49709E-05 -0.23294E-01
 0.76596E+00  0.49709E-05 -0.21582E-01
 0.79953E+00  0.49709E-05 -0.19736E-01
 0.82937E+00  0.49709E-05 -0.17816E-01
 0.85557E+00  0.49709E-05 -0.15878E-01
 0.87834E+00  0.49709E-05 -0.13972E-01
 0.89796E+00  0.49709E-05 -0.12145E-01
 0.91472E+00  0.49709E-05 -0.10434E-01
 0.92895E+00  0.49709E-05 -0.88680E-02
 0.94096E+00  0.49709E-05 -0.74661E-02
 0.95105E+00  0.49709E-05 -0.62361E-02
 0.95949E+00  0.49709E-05 -0.51757E-02
 0.96653E+00  0.49709E-05 -0.42752E-02
 0.97238E+00  0.49709E-05 -0.35198E-02
 0.97724E+00  0.49709E-05 -0.28919E-02
 0.98126E+00  0.49709E-05 -0.23732E-02
 0.98458E+00  0.49709E-05 -0.19463E-02
 0.98732E+00  0.49709E-05 -0.15959E-02
 0.98958E+00  0.49709E-05 -0.13083E-02
 0.99145E+00  0.49709E-05 -0.10725E-02
 0.99298E+00  0.49709E-05 -0.87913E-03
 0.99424E+00  0.49709E-05 -0.72046E-03
 0.99528E+00  0.49709E-05 -0.59026E-03
 0.99613E+00  0.49709E-05 -0.48341E-03
 0.99683E+00  0.49709E-05 -0.39571E-03
 0.99741E+00  0.49709E-05 -0.32373E-03
 0.99788E+00  0.49709E-05 -0.26464E-03
 0.99827E+00  0.49709E-05 -0.21615E-03
 0.99859E+00  0.49709E-05 -0.17635E-03
 0.99885E+00  0.49709E-05 -0.14368E-03
 0.99906E+00  0.49709E-05 -0.11687E-03
 0.99924E+00  0.49709E-05 -0.94875E-04
 0.99938E+00  0.49709E-05 -0.76823E-04
 0.99950E+00  0.49709E-05 -0.62011E-04
 0.99960E+00  0.49709E-05 -0.49858E-04
 0.99968E+00  0.49709E-05 -0.39886E-04
 0.99975E+00  0.49709E-05 -0.31704E-04
 0.99980E+00  0.49709E-05 -0.24992E-04
 0.99984E+00  0.49709E-05 -0.19485E-04
 0.99988E+00  0.49709E-05 -0.14967E-04
 0.99991E+00  0.49709E-05 -0.11260E-04
 0.99993E+00  0.49709E-05 -0.82188E-05
 0.99995E+00  0.49709E-05 -0.57240E-05
 0.99997E+00  0.49709E-05 -0.36773E-05
 0.99998E+00  0.49709E-05 -0.19982E-05
 0.10000E+01  0.49709E-05 -0.62077E-06
 0.10000E+01  0.49709E-05  0.00000E+00
 0.00000E+00  0.16001E-04  0.00000E+00
 0.49709E-05  0.16001E-04 -0.73230E-06
 0.16001E-04  0.16001E-04 -0.23572E-05
 0.29447E-04  0.16001E-04 -0.43380E-05
 0.45836E-04  0.16001E-04 -0.67524E-05
 0.65814E-04  0.16001E-04 -0.96954E-05
 0.90165E-04  0.16001E-04 -0.13283E-04
 0.11985E-03  0.16001E-04 -0.17655E-04
 0.15603E-03  0.16001E-04 -0.22985E-04
 0.20013E-03  0.16001E-04 -0.29482E-04
 0.25388E-03  0.16001E-04 -0.37400E-04
 0.31939E-03  0.16001E-04 -0.47052E-04
 0.39924E-03  0.16001E-04 -0.58815E-04
 0.49656E-03  0.16001E-04 -0.73152E-04
 0.61516E-03  0.16001E-04 -0.90625E-04
 0.75970E-03  0.16001E-04 -0.11192E-03
 0.93583E-03  0.16001E-04 -0.13787E-03
 0.11504E-02  0.16001E-04 -0.16949E-03
 0.14119E-02  0.16001E-04 -0.20803E-03
 0.17305E-02  0.16001E-04 -0.25498E-03
 0.21186E-02  0.16001E-04 -0.31218E-03
 0.25912E-02  0.16001E-04 -0.38187E-03
 0.31667E-02  0.16001E-04 -0.46678E-03
 0.38673E-02  0.16001E-04 -0.57021E-03
 0.47200E-02  0.16001E-04 -0.69621E-03
 0.57574E-02  0.16001E-04 -0.84971E-03
 0.70191E-02  0.16001E-04 -0.10367E-02
 0.85527E-02  0.16001E-04 -0.12645E-02
 0.10416E-01  0.16001E-04 -0.15419E-02
 0.12677E-01  0.16001E-04 -0.18797E-02
 0.15420E-01  0.16001E-04 -0.22905E-02
 0.18742E-01  0.16001E-04 -0.27891E-02
 0.22762E-01  0.16001E-04 -0.33921E-02
 0.27617E-01  0.16001E-04 -0.41173E-02
 0.33469E-01  0.16001E-04 -0.49825E-02
 0.40509E-01  0.16001E-04 -0.60031E-02
 0.48950E-01  0.16001E-04 -0.71901E-02
 0.59040E-01  0.16001E-04 -0.85464E-02
 0.71052E-01  0.16001E-04 -0.10065E-01
 0.85282E-01  0.16001E-04 -0.11728E-01
 0.10204E+00  0.16001E-04 -0.13507E-01
 0.12166E+00  0.16001E-04 -0.15365E-01
 0.14443E+00  0.16001E-04 -0.17263E-01
 0.17063E+00  0.16001E-04 -0.19154E-01
 0.20047E+00  0.16001E-04 -0.20990E-01
 0.23404E+00  0.16001E-04 -0.22719E-01
 0.27131E+00  0.16001E-04 -0.24286E-01
 0.31210E+00  0.16001E-04 -0.25636E-01
 0.35601E+00  0.16001E-04 -0.26721E-01
 0.40249E+00  0.16001E-04 -0.27496E-01
 0.45077E+00  0.16001E-04 -0.27930E-01
 0.50000E+00  0.16001E-04 -0.28005E-01
 0.54923E+00  0.16001E-04 -0.27714E-01
 0.59751E+00  0.16001E-04 -0.27067E-01
 0.64399E+00  0.16001E-04 -0.26088E-01
 0.68790E+00  0.16001E-04 -0.24815E-01
 0.72869E+00  0.16001E-04 -0.23294E-01
 0.76596E+00  0.16001E-04 -0.21582E-01
 0.79953E+00  0.16001E-04 -0.19736E-01
 0.82937E+00  0.16001E-04 -0.17816E-01
 0.85557E+00  0.16001E-04 -0.15878E-01
 0.87834E+00  0.16001E-04 -0.13972E-01
 0.89796E+00  0.16001E-04 -0.12145E-01
 0.91472E+00  0.16001E-04 -0.10434E-01
 0.92895E+00  0.16001E-04 -0.88680E-02
 0.94096E+00  0.16001E-04 -0.74661E-02
 0.95105E+00  0.16001E-04 -0.62361E-02
 0.95949E+00  0.16001E-04 -0.51757E-02
 0.96653E+00  0.16001E-04 -0.42752E-02
 0.97238E+00  0.16001E-04 -0.35198E-02
 0.97724E+00  0.16001E-04 -0.28919E-02
 0.98126E+00  0.16001E-04 -0.23732E-02
 0.98458E+00  0.16001E-04 -0.19463E-02
 0.98732E+00  0.16001E-04 -0.15959E-02
 0.98958E+00  0.16001E-04 -0.13083E-02
 0.99145E+00  0.16001E-04 -0.10725E-02
 0.99298E+00  0.16001E-04 -0.87913E-03
 0.99424E+00  0.16001E-04 -0.72046E-03
 0.99528E+00  0.16001E-04 -0.59026E-03
 0.99613E+00  0.16001E-04 -0.48341E-03
 0.99683E+00  0.16001E-04 -0.39571E-03
 0.99741E+00  0.16001E-04 -0.32373E-03
 0.99788E+00  0.16001E-04 -0.26464E-03
 0.99827E+00  0.16001E-04 -0.21615E-03
 0.99859E+00  0.16001E-04 -0.17635E-03
 0.99885E+00  0.16001E-04 -0.14368E-03
 0.99906E+00  0.16001E-04 -0.11687E-03
 0.99924E+00  0.16001E-04 -0.94875E-04
 0.99938E+00  0.16001E-04 -0.76823E-04
 0.99950E+00  0.16001E-04 -0.62011E-04
 0.99960E+00  0.16001E-04 -0.49858E-04
 0.99968E+00  0.16001E-04 -0.39886E-04
 0.99975E+00  0.16001E-04 -0.31704E-04
 0.99980E+00  0.16001E-04 -0.24992E-04
 0.99984E+00  0.16001E-04 -0.19485E-04
 0.99988E+00  0.16001E-04 -0.14967E-04
 0.99991E+00  0.16001E-04 -0.11260E-04
 0.99993E+00  0.16001E-04 -0.82188E-05
 0.99995E+00  0.16001E-04 -0.57240E-05
 0.99997E+00  0.16001E-04 -0.36773E-05
 0.99998E+00  0.16001E-04 -0.19982E-05
 0.10000E+01  0.16001E-04 -0.62077E-06
 0.10000E+01  0.16001E-04  0.00000E+00
 0.00000E+00  0.29447E-04  0.00000E+00
 0.49709E-05  0.29447E-04 -0.73230E-06
 0.16001E-04  0.29447E-04 -0.23572E-05
 0.29447E-04  0.29447E-04 -0.43380E-05
 0.45836E-04  0.29447E-04 -0.67524E-05
 0.65814E-04  0.29447E-04 -0.96954E-05
 0.90165E-04  0.29447E-04 -0.13283E-04
 0.11985E-03  0.29447E-04 -0.17655E-04
 0.15603E-03  0.29447E-04 -0.22985E-04
 0.20013E-03  0.29447E-04 -0.29482E-04
 0.25388E-03  0.29447E-04 -0.37400E-04
 0.31939E-03  0.29447E-04 -0.47052E-04
 0.39924E-03  0.29447E-04 -0.58815E-04
 0.49656E-03  0.29447E-04 -0.73152E-04
 0.61516E-03  0.29447E-04 -0.90625E-04
 0.75970E-03  0.29447E-04 -0.11192E-03
 0.93583E-03  0.29447E-04 -0.13787E-03
 0.11504E-02  0.29447E-04 -0.16949E-03
 0.14119E-02  0.29447E-04 -0.20803E-03
 0.17305E-02  0.29447E-04 -0.25498E-03
 0.21186E-02  0.29447E-04 -0.31218E-03
 0.25912E-02  0.29447E-04 -0.38187E-03
 0.31667E-02  0.29447E-04 -0.46678E-03
 0.38673E-02  0.29447E-04 -0.57021E-03
 0.47200E-02  0.29447E-04 -0.69621E-03
 0.57574E-02  0.29447E-04 -0.84971E-03
 0.70191E-02  0.29447E-04 -0.10367E-02
 0.85527E-02  0.29447E-04 -0.12645E-02
 0.10416E-01  0.29447E-04 -0.15419E-02
 0.12677E-01  0.29447E-04 -0.18797E-02
 0.15420E-01  0.29447E-04 -0.22905E-02
 0.18742E-01  0.29447E-04 -0.27891E-02
 0.22762E-01  0.29447E-04 -0.33921E-02
 0.27617E-01  0.29447E-04 -0.41173E-02
 0.33469E-01  0.29447E-04 -0.49825E-02
 0.40509E-01  0.29447E-04 -0.60031E-02
 0.48950E-01  0.29447E-04 -0.71901E-02
 0.59040E-01  0.29447E-04 -0.85464E-02
 0.71052E-01  0.29447E-04 -0.10065E-01
 0.85282E-01  0.29447E-04 -0.11728E-01
 0.10204E+00  0.29447E-04 -0.13507E-01
 0.12166E+00  0.29447E-04 -0.15365E-01
 0.14443E+00  0.29447E-04 -0.17263E-01
 0.17063E+00  0.29447E-04 -0.19154E-01
 0.20047E+00  0.29447E-04 -0.20990E-01
 0.23404E+00  0.29447E-04 -0.22719E-01
 0.27131E+00  0.29447E-04 -0.24286E-01
 0.31210E+00  0.29447E-04 -0.25636E-01
 0.35601E+00  0.29447E-04 -0.26721E-01
 0.40249E+00  0.29447E-04 -0.27496E-01
 0.45077E+00  0.29447E-04 -0.27930E-01
 0.50000E+00  0.29447E-04 -0.28005E-01
 0.54923E+00  0.29447E-04 -0.27714E-01
 0.59751E+00  0.29447E-04 -0.27067E-01
 0.64399E+00  0.29447E-04 -0.26088E-01
 0.68790E+00  0.29447E-04 -0.24815E-01
 0.72869E+00  0.29447E-04 -0.23294E-01
 0.76596E+00  0.29447E-04 -0.21582E-01
 0.79953E+00  0.29447E-04 -0.19736E-01
 0.82937E+00  0.29447E-04 -0.17816E-01
 0.85557E+00  0.29447E-04 -0.15878E-01
 0.87834E+00  0.29447E-04 -0.13972E-01
 0.89796E+00  0.29447E-04 -0.12145E-01
 0.91472E+00  0.29447E-04 -0.10434E-01
 0.92895E+00  0.29447E-04 -0.88680E-02
 0.94096E+00  0.29447E-04 -0.74661E-02
 0.95105E+00  0.29447E-04 -0.62361E-02
 0.95949E+00  0.29447E-04 -0.51757E-02
 0.96653E+00  0.29447E-04 -0.42752E-02
 0.97238E+00  0.29447E-04 -0.35198E-02
 0.97724E+00  0.29447E-04 -0.28919E-02
 0.98126E+00  0.29447E-04 -0.23732E-02
 0.98458E+00  0.29447E-04 -0.19463E-02
 0.98732E+00  0.29447E-04 -0.15959E-02
 0.98958E+00  0.29447E-04 -0.13083E-02
 0.99145E+00  0.29447E-04 -0.10725E-02
 0.99298E+00  0.29447E-04 -0.87913E-03
 0.99424E+00  0.29447E-04 -0.72046E-03
 0.99528E+00  0.29447E-04 -0.59026E-03
 0.99613E+00  0.29447E-04 -0.48341E-03
 0.99683E+00  0.29447E-04 -0.39571E-03
 0.99741E+00  0.29447E-04 -0.32373E-03
 0.99788E+00  0.29447E-04 -0.26464E-03
 0.99827E+00  0.29447E-04 -0.21615E-03
 0.99859E+00  0.29447E-04 -0.17635E-03
 0.99885E+00  0.29447E-04 -0.14368E-03
 0.99906E+00  0.29447E-04 -0.11687E-03
 0.99924E+00  0.29447E-04 -0.94875E-04
 0.99938E+00  0.29447E-04 -0.76823E-04
 0.99950E+00  0.29447E-04 -0.62011E-04
 0.99960E+00  0.29447E-04 -0.49858E-04
 0.99968E+00  0.29447E-04 -0.39886E-04
 0.99975E+00  0.29447E-04 -0.31704E-04
 0.99980E+00  0.29447E-04 -0.24992E-04
 0.99984E+00  0.29447E-04 -0.19485E-04
 0.99988E+00  0.29447E-04 -0.14967E-04
 0.99991E+00  0.29447E-04 -0.11260E-04
 0.99993E+00  0.29447E-04 -0.82188E-05
 0.99995E+00  0.29447E-04 -0.57240E-05
 0.99997E+00  0.29447E-04 -0.36773E-05
 0.99998E+00  0.29447E-04 -0.19982E-05
 0.10000E+01  0.29447E-04 -0.62077E-06
 0.10000E+01  0.29447E-04  0.00000E+00
 0.00000E+00  0.45836E-04  0.00000E+00
 0.49709E-05  0.45836E-04 -0.73230E-06
 0.16001E-04  0.45836E-04 -0.23572E-05
 0.29447E-04  0.45836E-04 -0.43380E-05
 0.45836E-04  0.45836E-04 -0.67524E-05
 0.65814E-04  0.45836E-04 -0.96954E-05
 0.90165E-04  0.45836E-04 -0.13283E-04
 0.11985E-03  0.45836E-04 -0.17655E-04
 0.15603E-03  0.45836E-04 -0.22985E-04
 0.20013E-03  0.45836E-04 -0.29482E-04
 0.25388E-03  0.45836E-04 -0.37400E-04
 0.31939E-03  0.45836E-04 -0.47052E-04
 0.39924E-03  0.45836E-04 -0.58815E-04
 0.49656E-03  0.45836E-04 -0.73152E-04
 0.61516E-03  0.45836E-04 -0.90625E-04
 0.75970E-03  0.45836E-04 -0.11192E-03
 0.93583E-03  0.45836E-04 -0.13787E-03
 0.11504E-02  0.45836E-04 -0.16949E-03
 0.14119E-02  0.45836E-04 -0.20803E-03
 0.17305E-02  0.45836E-04 -0.25498E-03
 0.21186E-02  0.45836E-04 -0.31218E-03
 0.25912E-02  0.45836E-04 -0.38187E-03
 0.31667E-02  0.45836E-04 -0.46678E-03
 0.38673E-02  0.45836E-04 -0.57021E-03
 0.47200E-02  0.45836E-04 -0.69621E-03
 0.57574E-02  0.45836E-04 -0.84971E-03
 0.70191E-02  0.45836E-04 -0.10367E-02
 0.85527E-02  0.45836E-04 -0.12645E-02
 0.10416E-01  0.45836E-04 -0.15419E-02
 0.12677E-01  0.45836E-04 -0.18797E-02
 0.15420E-01  0.45836E-04 -0.22905E-02
 0.18742E-01  0.45836E-04 -0.27891E-02
 0.22762E-01  0.45836E-04 -0.33921E-02
 0.27617E-01  0.45836E-04 -0.41173E-02
 0.33469E-01  0.45836E-04 -0.49825E-02
 0.40509E-01  0.45836E-04 -0.60031E-02
 0.48950E-01  0.45836E-04 -0.71901E-02
 0.59040E-01  0.45836E-04 -0.85464E-02
 0.71052E-01  0.45836E-04 -0.10065E-01
 0.85282E-01  0.45836E-04 -0.11728E-01
 0.10204E+00  0.45836E-04 -0.13507E-01
 0.12166E+00  0.45836E-04 -0.15365E-01
 0.14443E+00  0.45836E-04 -0.17263E-01
 0.17063E+00  0.45836E-04 -0.19154E-01
 0.20047E+00  0.45836E-04 -0.20990E-01
 0.23404E+00  0.45836E-04 -0.22719E-01
 0.27131E+00  0.45836E-04 -0.24286E-01
 0.31210E+00  0.45836E-04 -0.25636E-01
 0.35601E+00  0.45836E-04 -0.26721E-01
 0.40249E+00  0.45836E-04 -0.27496E-01
 0.45077E+00  0.45836E-04 -0.27930E-01
 0.50000E+00  0.45836E-04 -0.28005E-01
 0.54923E+00  0.45836E-04 -0.27714E-01
 0.59751E+00  0.45836E-04 -0.27067E-01
 0.64399E+00  0.45836E-04 -0.26088E-01
 0.68790E+00  0.45836E-04 -0.24815E-01
 0.72869E+00  0.45836E-04 -0.23294E-01
 0.76596E+00  0.45836E-04 -0.21582E-01
 0.79953E+00  0.45836E-04 -0.19736E-01
 0.82937E+00  0.45836E-04 -0.17816E-01
 0.85557E+00  0.45836E-04 -0.15878E-01
 0.87834E+00  0.45836E-04 -0.13972E-01
 0.89796E+00  0.45836E-04 -0.12145E-01
 0.91472E+00  0.45836E-04 -0.10434E-01
 0.92895E+00  0.45836E-04 -0.88680E-02
 0.94096E+00  0.45836E-04 -0.74662E-02
 0.95105E+00  0.45836E-04 -0.62361E-02
 0.95949E+00  0.45836E-04 -0.51757E-02
 0.96653E+00  0.45836E-04 -0.42752E-02
 0.97238E+00  0.45836E-04 -0.35198E-02
 0.97724E+00  0.45836E-04 -0.28919E-02
 0.98126E+00  0.45836E-04 -0.23732E-02
 0.98458E+00  0.45836E-04 -0.19463E-02
 0.98732E+00  0.45836E-04 -0.15959E-02
 0.98958E+00  0.45836E-04 -0.13083E-02
 0.99145E+00  0.45836E-04 -0.10725E-02
 0.99298E+00  0.45836E-04 -0.87913E-03
 0.99424E+00  0.45836E-04 -0.72046E-03
 0.99528E+00  0.45836E-04 -0.59026E-03
 0.99613E+00  0.45836E-04 -0.48341E-03
 0.99683E+00  0.45836E-04 -0.39571E-03
 0.99741E+00  0.45836E-04 -0.32373E-03
 0.99788E+00  0.45836E-04 -0.26464E-03
 0.99827E+00  0.45836E-04 -0.21615E-03
 0.99859E+00  0.45836E-04 -0.17635E-03
 0.99885E+00  0.45836E-04 -0.14368E-03
 0.99906E+00  0.45836E-04 -0.11687E-03
 0.99924E+00  0.45836E-04 -0.94875E-04
 0.99938E+00  0.45836E-04 -0.76823E-04
 0.99950E+00  0.45836E-04 -0.62011E-04
 0.99960E+00  0.45836E-04 -0.49858E-04
 0.99968E+00  0.45836E-04 -0.39886E-04
 0.99975E+00  0.45836E-04 -0.31704E-04
 0.99980E+00  0.45836E-04 -0.24992E-04
 0.99984E+00  0.45836E-04 -0.19485E-04
 0.99988E+00  0.45836E-04 -0.14967E-04
 0.99991E+00  0.45836E-04 -0.11260E-04
 0.99993E+00  0.45836E-04 -0.82188E-05
 0.99995E+00  0.45836E-04 -0.57240E-05
 0.99997E+00  0.45836E-04 -0.36773E-05
 0.99998E+00  0.45836E-04 -0.19982E-05
 0.10000E+01  0.45836E-04 -0.62077E-06
 0.10000E+01  0.45836E-04  0.00000E+00
 0.00000E+00  0.65814E-04  0.00000E+00
 0.49709E-05  0.65814E-04 -0.73230E-06
 0.16001E-04  0.65814E-04 -0.23572E-05
 0.29447E-04  0.65814E-04 -0.43380E-05
 0.45836E-04  0.65814E-04 -0.67524E-05
 0.65814E-04  0.65814E-04 -0.96954E-05
 0.90165E-04  0.65814E-04 -0.13283E-04
 0.11985E-03  0.65814E-04 -0.17655E-04
 0.15603E-03  0.65814E-04 -0.22985E-04
 0.20013E-03  0.65814E-04 -0.29482E-04
 0.25388E-03  0.65814E-04 -0.37400E-04
 0.31939E-03  0.65814E-04 -0.47052E-04
 0.39924E-03  0.65814E-04 -0.58815E-04
 0.49656E-03  0.65814E-04 -0.73152E-04
 0.61516E-03  0.65814E-04 -0.90625E-04
 0.75970E-03  0.65814E-04 -0.11192E-03
 0.93583E-03  0.65814E-04 -0.13787E-03
 0.11504E-02  0.65814E-04 -0.16949E-03
 0.14119E-02  0.65814E-04 -0.20803E-03
 0.17305E-02  0.65814E-04 -0.25498E-03
 0.21186E-02  0.65814E-04 -0.31218E-03
 0.25912E-02  0.65814E-04 -0.38187E-03
 0.31667E-02  0.65814E-04 -0.46678E-03
 0.38673E-02  0.65814E-04 -0.57021E-03
 0.47200E-02  0.65814E-04 -0.69621E-03
 0.57574E-02  0.65814E-04 -0.84971E-03
 0.70191E-02  0.65814E-04 -0.10367E-02
 0.85527E-02  0.65814E-04 -0.12645E-02
 0.10416E-01  0.65814E-04 -0.15419E-02
 0.12677E-01  0.65814E-04 -0.18797E-02
 0.15420E-01  0.65814E-04 -0.22905E-02
 0.18742E-01  0.65814E-04 -0.27891E-02
 0.22762E-01  0.65814E-04 -0.33921E-02
 0.27617E-01  0.65814E-04 -0.41173E-02
 0.33469E-01  0.65814E-04 -0.49825E-02
 0.40509E-01  0.65814E-04 -0.60031E-02
 0.48950E-01  0.65814E-04 -0.71901E-02
 0.59040E-01  0.65814E-04 -0.85464E-02
 0.71052E-01  0.65814E-04 -0.10065E-01
 0.85282E-01  0.65814E-04 -0.11728E-01
 0.10204E+00  0.65814E-04 -0.13507E-01
 0.12166E+00  0.65814E-04 -0.15365E-01
 0.14443E+00  0.65814E-04 -0.17263E-01
 0.17063E+00  0.65814E-04 -0.19154E-01
 0.20047E+00  0.65814E-04 -0.20990E-01
 0.23404E+00  0.65814E-04 -0.22719E-01
 0.27131E+00  0.65814E-04 -0.24286E-01
 0.31210E+00  0.65814E-04 -0.25637E-01
 0.35601E+00  0.65814E-04 -0.26721E-01
 0.40249E+00  0.65814E-04 -0.27496E-01
 0.45077E+00  0.65814E-04 -0.27930E-01
 0.50000E+00  0.65814E-04 -0.28005E-01
 0.54923E+00  0.65814E-04 -0.27714E-01
 0.59751E+00  0.65814E-04 -0.27067E-01
 0.64399E+00  0.65814E-04 -0.26088E-01
 0.68790E+00  0.65814E-04 -0.24815E-01
 0.72869E+00  0.65814E-04 -0.23294E-01
 0.76596E+00  0.65814E-04 -0.21582E-01
 0.79953E+00  0.65814E-04 -0.19736E-01
 0.82937E+00  0.65814E-04 -0.17816E-01
 0.85557E+00  0.65814E-04 -0.15878E-01
 0.87834E+00  0.65814E-04 -0.13972E-01
 0.89796E+00  0.65814E-04 -0.12145E-01
 0.91472E+00  0.65814E-04 -0.10434E-01
 0.92895E+00  0.65814E-04 -0.88680E-02
 0.94096E+00  0.65814E-04 -0.74662E-02
 0.95105E+00  0.65814E-04 -0.62361E-02
 0.95949E+00  0.65814E-04 -0.51757E-02
 0.96653E+00  0.65814E-04 -0.42752E-02
 0.97238E+00  0.65814E-04 -0.35198E-02
 0.97724E+00  0.65814E-04 -0.28919E-02
 0.98126E+00  0.65814E-04 -0.23732E-02
 0.98458E+00  0.65814E-04 -0.19463E-02
 0.98732E+00  0.65814E-04 -0.15959E-02
 0.98958E+00  0.65814E-04 -0.13083E-02
 0.99145E+00  0.65814E-04 -0.10725E-02
 0.99298E+00  0.65814E-04 -0.87913E-03
 0.99424E+00  0.65814E-04 -0.72046E-03
 0.99528E+00  0.65814E-04 -0.59026E-03
 0.99613E+00  0.65814E-04 -0.48341E-03
 0.99683E+00  0.65814E-04 -0.39571E-03
 0.99741E+00  0.65814E-04 -0.32373E-03
 0.99788E+00  0.65814E-04 -0.26464E-03
 0.99827E+00  0.65814E-04 -0.21615E-03
 0.99859E+00  0.65814E-04 -0.17635E-03
 0.99885E+00  0.65814E-04 -0.14368E-03
 0.99906E+00  0.65814E-04 -0.11687E-03
 0.99924E+00  0.65814E-04 -0.94875E-04
 0.99938E+00  0.65814E-04 -0.76823E-04
 0.99950E+00  0.65814E-04 -0.62011E-04
 0.99960E+00  0.65814E-04 -0.49858E-04
 0.99968E+00  0.65814E-04 -0.39886E-04
 0.99975E+00  0.65814E-04 -0.31704E-04
 0.99980E+00  0.65814E-04 -0.24992E-04
 0.99984E+00  0.65814E-04 -0.19485E-04
 0.99988E+00  0.65814E-04 -0.14967E-04
 0.99991E+00  0.65814E-04 -0.11260E-04
 0.99993E+00  0.65814E-04 -0.82188E-05
 0.99995E+00  0.65814E-04 -0.57240E-05
 0.99997E+00  0.65814E-04 -0.36773E-05
 0.99998E+00  0.65814E-04 -0.19982E-05
 0.10000E+01  0.65814E-04 -0.62077E-06
 0.10000E+01  0.65814E-04  0.00000E+00
 0.00000E+00  0.90165E-04  0.00000E+00
 0.49709E-05  0.90165E-04 -0.73230E-06
 0.16001E-04  0.90165E-04 -0.23572E-05
 0.29447E-04  0.90165E-04 -0.43380E-05
 0.45836E-04  0.90165E-04 -0.67524E-05
 0.65814E-04  0.90165E-04 -0.96954E-05
 0.90165E-04  0.90165E-04 -0.13283E-04
 0.11985E-03  0.90165E-04 -0.17655E-04
 0.15603E-03  0.90165E-04 -0.22985E-04
 0.20013E-03  0.90165E-04 -0.29482E-04
 0.25388E-03  0.90165E-04 -0.37401E-04
 0.31939E-03  0.90165E-04 -0.47052E-04
 0.39924E-03  0.90165E-04 -0.58815E-04
 0.49656E-03  0.90165E-04 -0.73152E-04
 0.61516E-03  0.90165E-04 -0.90625E-04
 0.75970E-03  0.90165E-04 -0.11192E-03
 0.93583E-03  0.90165E-04 -0.13787E-03
 0.11504E-02  0.90165E-04 -0.16949E-03
 0.14119E-02  0.90165E-04 -0.20803E-03
 0.17305E-02  0.90165E-04 -0.25498E-03
 0.21186E-02  0.90165E-04 -0.31218E-03
 0.25912E-02  0.90165E-04 -0.38187E-03
 0.31667E-02  0.90165E-04 -0.46678E-03
 0.38673E-02  0.90165E-04 -0.57021E-03
 0.47200E-02  0.90165E-04 -0.69621E-03
 0.57574E-02  0.90165E-04 -0.84971E-03
 0.70191E-02  0.90165E-04 -0.10367E-02
 0.85527E-02  0.90165E-04 -0.12645E-02
 0.10416E-01  0.90165E-04 -0.15419E-02
 0.12677E-01  0.90165E-04 -0.18797E-02
 0.15420E-01  0.90165E-04 -0.22905E-02
 0.18742E-01  0.90165E-04 -0.27891E-02
 0.22762E-01  0.90165E-04 -0.33921E-02
 0.27617E-01  0.90165E-04 -0.41173E-02
 0.33469E-01  0.90165E-04 -0.49825E-02
 0.40509E-01  0.90165E-04 -0.60032E-02
 0.48950E-01  0.90165E-04 -0.71901E-02
 0.59040E-01  0.90165E-04 -0.85464E-02
 0.71052E-01  0.90165E-04 -0.10065E-01
 0.85282E-01  0.90165E-04 -0.11728E-01
 0.10204E+00  0.90165E-04 -0.13507E-01
 0.12166E+00  0.90165E-04 -0.15365E-01
 0.14443E+00  0.90165E-04 -0.17263E-01
 0.17063E+00  0.90165E-04 -0.19154E-01
 0.20047E+00  0.90165E-04 -0.20990E-01
 0.23404E+00  0.90165E-04 -0.22719E-01
 0.27131E+00  0.90165E-04 -0.24286E-01
 0.31210E+00  0.90165E-04 -0.25637E-01
 0.35601E+00  0.90165E-04 -0.26721E-01
 0.40249E+00  0.90165E-04 -0.27496E-01
 0.45077E+00  0.90165E-04 -0.27931E-01
 0.50000E+00  0.90165E-04 -0.28005E-01
 0.54923E+00  0.90165E-04 -0.27714E-01
 0.59751E+00  0.90165E-04 -0.27067E-01
 0.64399E+00  0.90165E-04 -0.26089E-01
 0.68790E+00  0.90165E-04 -0.24815E-01
 0.72869E+00  0.90165E-04 -0.23294E-01
 0.76596E+00  0.90165E-04 -0.21582E-01
 0.79953E+00  0.90165E-04 -0.19736E-01
 0.82937E+00  0.90165E-04 -0.17816E-01
 0.85557E+00  0.90165E-04 -0.15878E-01
 0.87834E+00  0.90165E-04 -0.13973E-01
 0.89796E+00  0.90165E-04 -0.12145E-01
 0.91472E+00  0.90165E-04 -0.10434E-01
 0.92895E+00  0.90165E-04 -0.88680E-02
 0.94096E+00  0.90165E-04 -0.74662E-02
 0.95105E+00  0.90165E-04 -0.62361E-02
 0.95949E+00  0.90165E-04 -0.51757E-02
 0.96653E+00  0.90165E-04 -0.42752E-02
 0.97238E+00  0.90165E-04 -0.35198E-02
 0.97724E+00  0.90165E-04 -0.28919E-02
 0.98126E+00  0.90165E-04 -0.23732E-02
 0.98458E+00  0.90165E-04 -0.19463E-02
 0.98732E+00  0.90165E-04 -0.15959E-02
 0.98958E+00  0.90165E-04 -0.13083E-02
 0.99145E+00  0.90165E-04 -0.10725E-02
 0.99298E+00  0.90165E-04 -0.87914E-03
 0.99424E+00  0.90165E-04 -0.72046E-03
 0.99528E+00  0.90165E-04 -0.59027E-03
 0.99613E+00  0.90165E-04 -0.48341E-03
 0.99683E+00  0.90165E-04 -0.39571E-03
 0.99741E+00  0.90165E-04 -0.32373E-03
 0.99788E+00  0.90165E-04 -0.26464E-03
 0.99827E+00  0.90165E-04 -0.21615E-03
 0.99859E+00  0.90165E-04 -0.17635E-03
 0.99885E+00  0.90165E-04 -0.14368E-03
 0.99906E+00  0.90165E-04 -0.11687E-03
 0.99924E+00  0.90165E-04 -0.94875E-04
 0.99938E+00  0.90165E-04 -0.76823E-04
 0.99950E+00  0.90165E-04 -0.62011E-04
 0.99960E+00  0.90165E-04 -0.49858E-04
 0.99968E+00  0.90165E-04 -0.39886E-04
 0.99975E+00  0.90165E-04 -0.31704E-04
 0.99980E+00  0.90165E-04 -0.24992E-04
 0.99984E+00  0.90165E-04 -0.19485E-04
 0.99988E+00  0.90165E-04 -0.14967E-04
 0.99991E+00  0.90165E-04 -0.11260E-04
 0.99993E+00  0.90165E-04 -0.82188E-05
 0.99995E+00  0.90165E-04 -0.57240E-05
 0.99997E+00  0.90165E-04 -0.36773E-05
 0.99998E+00  0.90165E-04 -0.19982E-05
 0.10000E+01  0.90165E-04 -0.62077E-06
 0.10000E+01  0.90165E-04  0.00000E+00
 0.00000E+00  0.11985E-03  0.00000E+00
 0.49709E-05  0.11985E-03 -0.73230E-06
 0.16001E-04  0.11985E-03 -0.23572E-05
 0.29447E-04  0.11985E-03 -0.43380E-05
 0.45836E-04  0.11985E-03 -0.67524E-05
 0.65814E-04  0.11985E-03 -0.96954E-05
 0.90165E-04  0.11985E-03 -0.13283E-04
 0.11985E-03  0.11985E-03 -0.17656E-04
 0.15603E-03  0.11985E-03 -0.22985E-04
 0.20013E-03  0.11985E-03 -0.29482E-04
 0.25388E-03  0.11985E-03 -0.37401E-04
 0.31939E-03  0.11985E-03 -0.47052E-04
 0.39924E-03  0.11985E-03 -0.58815E-04
 0.49656E-03  0.11985E-03 -0.73152E-04
 0.61516E-03  0.11985E-03 -0.90626E-04
 0.75970E-03  0.11985E-03 -0.11192E-03
 0.93583E-03  0.11985E-03 -0.13787E-03
 0.11504E-02  0.11985E-03 -0.16949E-03
 0.14119E-02  0.11985E-03 -0.20803E-03
 0.17305E-02  0.11985E-03 -0.25498E-03
 0.21186E-02  0.11985E-03 -0.31218E-03
 0.25912E-02  0.11985E-03 -0.38188E-03
 0.31667E-02  0.11985E-03 -0.46678E-03
 0.38673E-02  0.11985E-03 -0.57021E-03
 0.47200E-02  0.11985E-03 -0.69621E-03
 0.57574E-02  0.11985E-03 -0.84971E-03
 0.70191E-02  0.11985E-03 -0.10367E-02
 0.85527E-02  0.11985E-03 -0.12645E-02
 0.10416E-01  0.11985E-03 -0.15419E-02
 0.12677E-01  0.11985E-03 -0.18797E-02
 0.15420E-01  0.11985E-03 -0.22905E-02
 0.18742E-01  0.11985E-03 -0.27891E-02
 0.22762E-01  0.11985E-03 -0.33921E-02
 0.27617E-01  0.11985E-03 -0.41173E-02
 0.33469E-01  0.11985E-03 -0.49825E-02
 0.40509E-01  0.11985E-03 -0.60032E-02
 0.48950E-01  0.11985E-03 -0.71901E-02
 0.59040E-01  0.11985E-03 -0.85464E-02
 0.71052E-01  0.11985E-03 -0.10065E-01
 0.85282E-01  0.11985E-03 -0.11728E-01
 0.10204E+00  0.11985E-03 -0.13507E-01
 0.12166E+00  0.11985E-03 -0.15366E-01
 0.14443E+00  0.11985E-03 -0.17263E-01
 0.17063E+00  0.11985E-03 -0.19154E-01
 0.20047E+00  0.11985E-03 -0.20990E-01
 0.23404E+00  0.11985E-03 -0.22719E-01
 0.27131E+00  0.11985E-03 -0.24286E-01
 0.31210E+00  0.11985E-03 -0.25637E-01
 0.35601E+00  0.11985E-03 -0.26721E-01
 0.40249E+00  0.11985E-03 -0.27496E-01
 0.45077E+00  0.11985E-03 -0.27931E-01
 0.50000E+00  0.11985E-03 -0.28005E-01
 0.54923E+00  0.11985E-03 -0.27714E-01
 0.59751E+00  0.11985E-03 -0.27067E-01
 0.64399E+00  0.11985E-03 -0.26089E-01
 0.68790E+00  0.11985E-03 -0.24815E-01
 0.72869E+00  0.11985E-03 -0.23294E-01
 0.76596E+00  0.11985E-03 -0.21582E-01
 0.79953E+00  0.11985E-03 -0.19736E-01
 0.82937E+00  0.11985E-03 -0.17816E-01
 0.85557E+00  0.11985E-03 -0.15878E-01
 0.87834E+00  0.11985E-03 -0.13973E-01
 0.89796E+00  0.11985E-03 -0.12145E-01
 0.91472E+00  0.11985E-03 -0.10434E-01
 0.92895E+00  0.11985E-03 -0.88680E-02
 0.94096E+00  0.11985E-03 -0.74662E-02
 0.95105E+00  0.11985E-03 -0.62361E-02
 0.95949E+00  0.11985E-03 -0.51757E-02
 0.96653E+00  0.11985E-03 -0.42752E-02
 0.97238E+00  0.11985E-03 -0.35198E-02
 0.97724E+00  0.11985E-03 -0.28919E-02
 0.98126E+00  0.11985E-03 -0.23732E-02
 0.98458E+00  0.11985E-03 -0.19463E-02
 0.98732E+00  0.11985E-03 -0.15959E-02
 0.98958E+00  0.11985E-03 -0.13083E-02
 0.99145E+00  0.11985E-03 -0.10725E-02
 0.99298E+00  0.11985E-03 -0.87914E-03
 0.99424E+00  0.11985E-03 -0.72046E-03
 0.99528E+00  0.11985E-03 -0.59027E-03
 0.99613E+00  0.11985E-03 -0.48341E-03
 0.99683E+00  0.11985E-03 -0.39571E-03
 0.99741E+00  0.11985E-03 -0.32373E-03
 0.99788E+00  0.11985E-03 -0.26464E-03
 0.99827E+00  0.11985E-03 -0.21615E-03
 0.99859E+00  0.11985E-03 -0.17635E-03
 0.99885E+00  0.11985E-03 -0.14368E-03
 0.99906E+00  0.11985E-03 -0.11687E-03
 0.99924E+00  0.11985E-03 -0.94875E-04
 0.99938E+00  0.11985E-03 -0.76823E-04
 0.99950E+00  0.11985E-03 -0.62011E-04
 0.99960E+00  0.11985E-03 -0.49858E-04
 0.99968E+00  0.11985E-03 -0.39886E-04
 0.99975E+00  0.11985E-03 -0.31704E-04
 0.99980E+00  0.11985E-03 -0.24992E-04
 0.99984E+00  0.11985E-03 -0.19485E-04
 0.99988E+00  0.11985E-03 -0.14967E-04
 0.99991E+00  0.11985E-03 -0.11260E-04
 0.99993E+00  0.11985E-03 -0.82188E-05
 0.99995E+00  0.11985E-03 -0.57240E-05
 0.99997E+00  0.11985E-03 -0.36773E-05
 0.99998E+00  0.11985E-03 -0.19982E-05
 0.10000E+01  0.11985E-03 -0.62077E-06
 0.10000E+01  0.11985E-03  0.00000E+00
 0.00000E+00  0.15603E-03  0.00000E+00
 0.49709E-05  0.15603E-03 -0.73230E-06
 0.16001E-04  0.15603E-03 -0.23572E-05
 0.29447E-04  0.15603E-03 -0.43380E-05
 0.45836E-04  0.15603E-03 -0.67524E-05
 0.65814E-04  0.15603E-03 -0.96955E-05
 0.90165E-04  0.15603E-03 -0.13283E-04
 0.11985E-03  0.15603E-03 -0.17656E-04
 0.15603E-03  0.15603E-03 -0.22985E-04
 0.20013E-03  0.15603E-03 -0.29482E-04
 0.25388E-03  0.15603E-03 -0.37401E-04
 0.31939E-03  0.15603E-03 -0.47052E-04
 0.39924E-03  0.15603E-03 -0.58816E-04
 0.49656E-03  0.15603E-03 -0.73153E-04
 0.61516E-03  0.15603E-03 -0.90626E-04
 0.75970E-03  0.15603E-03 -0.11192E-03
 0.93583E-03  0.15603E-03 -0.13787E-03
 0.11504E-02  0.15603E-03 -0.16949E-03
 0.14119E-02  0.15603E-03 -0.20803E-03
 0.17305E-02  0.15603E-03 -0.25498E-03
 0.21186E-02  0.15603E-03 -0.31218E-03
 0.25912E-02  0.15603E-03 -0.38188E-03
 0.31667E-02  0.15603E-03 -0.46678E-03
 0.38673E-02  0.15603E-03 -0.57021E-03
 0.47200E-02  0.15603E-03 -0.69621E-03
 0.57574E-02  0.15603E-03 -0.84971E-03
 0.70191E-02  0.15603E-03 -0.10367E-02
 0.85527E-02  0.15603E-03 -0.12645E-02
 0.10416E-01  0.15603E-03 -0.15419E-02
 0.12677E-01  0.15603E-03 -0.18797E-02
 0.15420E-01  0.15603E-03 -0.22905E-02
 0.18742E-01  0.15603E-03 -0.27891E-02
 0.22762E-01  0.15603E-03 -0.33921E-02
 0.27617E-01  0.15603E-03 -0.41173E-02
 0.33469E-01  0.15603E-03 -0.49825E-02
 0.40509E-01  0.15603E-03 -0.60032E-02
 0.48950E-01  0.15603E-03 -0.71902E-02
 0.59040E-01  0.15603E-03 -0.85465E-02
 0.71052E-01  0.15603E-03 -0.10065E-01
 0.85282E-01  0.15603E-03 -0.11728E-01
 0.10204E+00  0.15603E-03 -0.13507E-01
 0.12166E+00  0.15603E-03 -0.15366E-01
 0.14443E+00  0.15603E-03 -0.17263E-01
 0.17063E+00  0.15603E-03 -0.19154E-01
 0.20047E+00  0.15603E-03 -0.20990E-01
 0.23404E+00  0.15603E-03 -0.22719E-01
 0.27131E+00  0.15603E-03 -0.24286E-01
 0.31210E+00  0.15603E-03 -0.25637E-01
 0.35601E+00  0.15603E-03 -0.26721E-01
 0.40249E+00  0.15603E-03 -0.27496E-01
 0.45077E+00  0.15603E-03 -0.27931E-01
 0.50000E+00  0.15603E-03 -0.28005E-01
 0.54923E+00  0.15603E-03 -0.27714E-01
 0.59751E+00  0.15603E-03 -0.27067E-01
 0.64399E+00  0.15603E-03 -0.26089E-01
 0.68790E+00  0.15603E-03 -0.24815E-01
 0.72869E+00  0.15603E-03 -0.23294E-01
 0.76596E+00  0.15603E-03 -0.21582E-01
 0.79953E+00  0.15603E-03 -0.19736E-01
 0.82937E+00  0.15603E-03 -0.17816E-01
 0.85557E+00  0.15603E-03 -0.15878E-01
 0.87834E+00  0.15603E-03 -0.13973E-01
 0.89796E+00  0.15603E-03 -0.12145E-01
 0.91472E+00  0.15603E-03 -0.10434E-01
 0.92895E+00  0.15603E-03 -0.88680E-02
 0.94096E+00  0.15603E-03 -0.74662E-02
 0.95105E+00  0.15603E-03 -0.62361E-02
 0.95949E+00  0.15603E-03 -0.51757E-02
 0.96653E+00  0.15603E-03 -0.42753E-02
 0.97238E+00  0.15603E-03 -0.35199E-02
 0.97724E+00  0.15603E-03 -0.28919E-02
 0.98126E+00  0.15603E-03 -0.23732E-02
 0.98458E+00  0.15603E-03 -0.19463E-02
 0.98732E+00  0.15603E-03 -0.15959E-02
 0.98958E+00  0.15603E-03 -0.13084E-02
 0.99145E+00  0.15603E-03 -0.10725E-02
 0.99298E+00  0.15603E-03 -0.87914E-03
 0.99424E+00  0.15603E-03 -0.72047E-03
 0.99528E+00  0.15603E-03 -0.59027E-03
 0.99613E+00  0.15603E-03 -0.48341E-03
 0.99683E+00  0.15603E-03 -0.39571E-03
 0.99741E+00  0.15603E-03 -0.32373E-03
 0.99788E+00  0.15603E-03 -0.26464E-03
 0.99827E+00  0.15603E-03 -0.21615E-03
 0.99859E+00  0.15603E-03 -0.17635E-03
 0.99885E+00  0.15603E-03 -0.14368E-03
 0.99906E+00  0.15603E-03 -0.11687E-03
 0.99924E+00  0.15603E-03 -0.94875E-04
 0.99938E+00  0.15603E-03 -0.76824E-04
 0.99950E+00  0.15603E-03 -0.62011E-04
 0.99960E+00  0.15603E-03 -0.49858E-04
 0.99968E+00  0.15603E-03 -0.39886E-04
 0.99975E+00  0.15603E-03 -0.31705E-04
 0.99980E+00  0.15603E-03 -0.24992E-04
 0.99984E+00  0.15603E-03 -0.19485E-04
 0.99988E+00  0.15603E-03 -0.14967E-04
 0.99991E+00  0.15603E-03 -0.11260E-04
 0.99993E+00  0.15603E-03 -0.82188E-05
 0.99995E+00  0.15603E-03 -0.57240E-05
 0.99997E+00  0.15603E-03 -0.36773E-05
 0.99998E+00  0.15603E-03 -0.19982E-05
 0.10000E+01  0.15603E-03 -0.62077E-06
 0.10000E+01  0.15603E-03  0.00000E+00
 0.00000E+00  0.20013E-03  0.00000E+00
 0.49709E-05  0.20013E-03 -0.73230E-06
 0.16001E-04  0.20013E-03 -0.23573E-05
 0.29447E-04  0.20013E-03 -0.43380E-05
 0.45836E-04  0.20013E-03 -0.67524E-05
 0.65814E-04  0.20013E-03 -0.96955E-05
 0.90165E-04  0.20013E-03 -0.13283E-04
 0.11985E-03  0.20013E-03 -0.17656E-04
 0.15603E-03  0.20013E-03 -0.22986E-04
 0.20013E-03  0.20013E-03 -0.29482E-04
 0.25388E-03  0.20013E-03 -0.37401E-04
 0.31939E-03  0.20013E-03 -0.47052E-04
 0.39924E-03  0.20013E-03 -0.58816E-04
 0.49656E-03  0.20013E-03 -0.73153E-04
 0.61516E-03  0.20013E-03 -0.90626E-04
 0.75970E-03  0.20013E-03 -0.11192E-03
 0.93583E-03  0.20013E-03 -0.13787E-03
 0.11504E-02  0.20013E-03 -0.16949E-03
 0.14119E-02  0.20013E-03 -0.20803E-03
 0.17305E-02  0.20013E-03 -0.25498E-03
 0.21186E-02  0.20013E-03 -0.31218E-03
 0.25912E-02  0.20013E-03 -0.38188E-03
 0.31667E-02  0.20013E-03 -0.46678E-03
 0.38673E-02  0.20013E-03 -0.57022E-03
 0.47200E-02  0.20013E-03 -0.69622E-03
 0.57574E-02  0.20013E-03 -0.84972E-03
 0.70191E-02  0.20013E-03 -0.10367E-02
 0.85527E-02  0.20013E-03 -0.12645E-02
 0.10416E-01  0.20013E-03 -0.15420E-02
 0.12677E-01  0.20013E-03 -0.18797E-02
 0.15420E-01  0.20013E-03 -0.22905E-02
 0.18742E-01  0.20013E-03 -0.27891E-02
 0.22762E-01  0.20013E-03 -0.33921E-02
 0.27617E-01  0.20013E-03 -0.41174E-02
 0.33469E-01  0.20013E-03 -0.49826E-02
 0.40509E-01  0.20013E-03 -0.60032E-02
 0.48950E-01  0.20013E-03 -0.71902E-02
 0.59040E-01  0.20013E-03 -0.85465E-02
 0.71052E-01  0.20013E-03 -0.10065E-01
 0.85282E-01  0.20013E-03 -0.11728E-01
 0.10204E+00  0.20013E-03 -0.13507E-01
 0.12166E+00  0.20013E-03 -0.15366E-01
 0.14443E+00  0.20013E-03 -0.17263E-01
 0.17063E+00  0.20013E-03 -0.19154E-01
 0.20047E+00  0.20013E-03 -0.20990E-01
 0.23404E+00  0.20013E-03 -0.22719E-01
 0.27131E+00  0.20013E-03 -0.24286E-01
 0.31210E+00  0.20013E-03 -0.25637E-01
 0.35601E+00  0.20013E-03 -0.26721E-01
 0.40249E+00  0.20013E-03 -0.27496E-01
 0.45077E+00  0.20013E-03 -0.27931E-01
 0.50000E+00  0.20013E-03 -0.28005E-01
 0.54923E+00  0.20013E-03 -0.27714E-01
 0.59751E+00  0.20013E-03 -0.27068E-01
 0.64399E+00  0.20013E-03 -0.26089E-01
 0.68790E+00  0.20013E-03 -0.24815E-01
 0.72869E+00  0.20013E-03 -0.23295E-01
 0.76596E+00  0.20013E-03 -0.21582E-01
 0.79953E+00  0.20013E-03 -0.19736E-01
 0.82937E+00  0.20013E-03 -0.17816E-01
 0.85557E+00  0.20013E-03 -0.15878E-01
 0.87834E+00  0.20013E-03 -0.13973E-01
 0.89796E+00  0.20013E-03 -0.12145E-01
 0.91472E+00  0.20013E-03 -0.10434E-01
 0.92895E+00  0.20013E-03 -0.88681E-02
 0.94096E+00  0.20013E-03 -0.74663E-02
 0.95105E+00  0.20013E-03 -0.62362E-02
 0.95949E+00  0.20013E-03 -0.51757E-02
 0.96653E+00  0.20013E-03 -0.42753E-02
 0.97238E+00  0.20013E-03 -0.35199E-02
 0.97724E+00  0.20013E-03 -0.28919E-02
 0.98126E+00  0.20013E-03 -0.23732E-02
 0.98458E+00  0.20013E-03 -0.19463E-02
 0.98732E+00  0.20013E-03 -0.15959E-02
 0.98958E+00  0.20013E-03 -0.13084E-02
 0.99145E+00  0.20013E-03 -0.10726E-02
 0.99298E+00  0.20013E-03 -0.87914E-03
 0.99424E+00  0.20013E-03 -0.72047E-03
 0.99528E+00  0.20013E-03 -0.59027E-03
 0.99613E+00  0.20013E-03 -0.48342E-03
 0.99683E+00  0.20013E-03 -0.39571E-03
 0.99741E+00  0.20013E-03 -0.32373E-03
 0.99788E+00  0.20013E-03 -0.26464E-03
 0.99827E+00  0.20013E-03 -0.21615E-03
 0.99859E+00  0.20013E-03 -0.17635E-03
 0.99885E+00  0.20013E-03 -0.14368E-03
 0.99906E+00  0.20013E-03 -0.11687E-03
 0.99924E+00  0.20013E-03 -0.94875E-04
 0.99938E+00  0.20013E-03 -0.76824E-04
 0.99950E+00  0.20013E-03 -0.62012E-04
 0.99960E+00  0.20013E-03 -0.49858E-04
 0.99968E+00  0.20013E-03 -0.39886E-04
 0.99975E+00  0.20013E-03 -0.31705E-04
 0.99980E+00  0.20013E-03 -0.24992E-04
 0.99984E+00  0.20013E-03 -0.19485E-04
 0.99988E+00  0.20013E-03 -0.14967E-04
 0.99991E+00  0.20013E-03 -0.11260E-04
 0.99993E+00  0.20013E-03 -0.82189E-05
 0.99995E+00  0.20013E-03 -0.57240E-05
 0.99997E+00  0.20013E-03 -0.36773E-05
 0.99998E+00  0.20013E-03 -0.19982E-05
 0.10000E+01  0.20013E-03 -0.62077E-06
 0.10000E+01  0.20013E-03  0.00000E+00
 0.00000E+00  0.25388E-03  0.00000E+00
 0.49709E-05  0.25388E-03 -0.73231E-06
 0.16001E-04  0.25388E-03 -0.23573E-05
 0.29447E-04  0.25388E-03 -0.43380E-05
 0.45836E-04  0.25388E-03 -0.67525E-05
 0.65814E-04  0.25388E-03 -0.96956E-05
 0.90165E-04  0.25388E-03 -0.13283E-04
 0.11985E-03  0.25388E-03 -0.17656E-04
 0.15603E-03  0.25388E-03 -0.22986E-04
 0.20013E-03  0.25388E-03 -0.29482E-04
 0.25388E-03  0.25388E-03 -0.37401E-04
 0.31939E-03  0.25388E-03 -0.47053E-04
 0.39924E-03  0.25388E-03 -0.58816E-04
 0.49656E-03  0.25388E-03 -0.73153E-04
 0.61516E-03  0.25388E-03 -0.90627E-04
 0.75970E-03  0.25388E-03 -0.11192E-03
 0.93583E-03  0.25388E-03 -0.13787E-03
 0.11504E-02  0.25388E-03 -0.16950E-03
 0.14119E-02  0.25388E-03 -0.20803E-03
 0.17305E-02  0.25388E-03 -0.25498E-03
 0.21186E-02  0.25388E-03 -0.31219E-03
 0.25912E-02  0.25388E-03 -0.38188E-03
 0.31667E-02  0.25388E-03 -0.46679E-03
 0.38673E-02  0.25388E-03 -0.57022E-03
 0.47200E-02  0.25388E-03 -0.69622E-03
 0.57574E-02  0.25388E-03 -0.84972E-03
 0.70191E-02  0.25388E-03 -0.10367E-02
 0.85527E-02  0.25388E-03 -0.12645E-02
 0.10416E-01  0.25388E-03 -0.15420E-02
 0.12677E-01  0.25388E-03 -0.18798E-02
 0.15420E-01  0.25388E-03 -0.22905E-02
 0.18742E-01  0.25388E-03 -0.27891E-02
 0.22762E-01  0.25388E-03 -0.33921E-02
 0.27617E-01  0.25388E-03 -0.41174E-02
 0.33469E-01  0.25388E-03 -0.49826E-02
 0.40509E-01  0.25388E-03 -0.60033E-02
 0.48950E-01  0.25388E-03 -0.71903E-02
 0.59040E-01  0.25388E-03 -0.85466E-02
 0.71052E-01  0.25388E-03 -0.10065E-01
 0.85282E-01  0.25388E-03 -0.11728E-01
 0.10204E+00  0.25388E-03 -0.13507E-01
 0.12166E+00  0.25388E-03 -0.15366E-01
 0.14443E+00  0.25388E-03 -0.17263E-01
 0.17063E+00  0.25388E-03 -0.19154E-01
 0.20047E+00  0.25388E-03 -0.20991E-01
 0.23404E+00  0.25388E-03 -0.22720E-01
 0.27131E+00  0.25388E-03 -0.24287E-01
 0.31210E+00  0.25388E-03 -0.25637E-01
 0.35601E+00  0.25388E-03 -0.26721E-01
 0.40249E+00  0.25388E-03 -0.27497E-01
 0.45077E+00  0.25388E-03 -0.27931E-01
 0.50000E+00  0.25388E-03 -0.28005E-01
 0.54923E+00  0.25388E-03 -0.27715E-01
 0.59751E+00  0.25388E-03 -0.27068E-01
 0.64399E+00  0.25388E-03 -0.26089E-01
 0.68790E+00  0.25388E-03 -0.24816E-01
 0.72869E+00  0.25388E-03 -0.23295E-01
 0.76596E+00  0.25388E-03 -0.21582E-01
 0.79953E+00  0.25388E-03 -0.19736E-01
 0.82937E+00  0.25388E-03 -0.17817E-01
 0.85557E+00  0.25388E-03 -0.15878E-01
 0.87834E+00  0.25388E-03 -0.13973E-01
 0.89796E+00  0.25388E-03 -0.12145E-01
 0.91472E+00  0.25388E-03 -0.10434E-01
 0.92895E+00  0.25388E-03 -0.88682E-02
 0.94096E+00  0.25388E-03 -0.74663E-02
 0.95105E+00  0.25388E-03 -0.62362E-02
 0.95949E+00  0.25388E-03 -0.51758E-02
 0.96653E+00  0.25388E-03 -0.42753E-02
 0.97238E+00  0.25388E-03 -0.35199E-02
 0.97724E+00  0.25388E-03 -0.28919E-02
 0.98126E+00  0.25388E-03 -0.23732E-02
 0.98458E+00  0.25388E-03 -0.19464E-02
 0.98732E+00  0.25388E-03 -0.15959E-02
 0.98958E+00  0.25388E-03 -0.13084E-02
 0.99145E+00  0.25388E-03 -0.10726E-02
 0.99298E+00  0.25388E-03 -0.87915E-03
 0.99424E+00  0.25388E-03 -0.72047E-03
 0.99528E+00  0.25388E-03 -0.59027E-03
 0.99613E+00  0.25388E-03 -0.48342E-03
 0.99683E+00  0.25388E-03 -0.39572E-03
 0.99741E+00  0.25388E-03 -0.32373E-03
 0.99788E+00  0.25388E-03 -0.26465E-03
 0.99827E+00  0.25388E-03 -0.21615E-03
 0.99859E+00  0.25388E-03 -0.17635E-03
 0.99885E+00  0.25388E-03 -0.14368E-03
 0.99906E+00  0.25388E-03 -0.11687E-03
 0.99924E+00  0.25388E-03 -0.94876E-04
 0.99938E+00  0.25388E-03 -0.76824E-04
 0.99950E+00  0.25388E-03 -0.62012E-04
 0.99960E+00  0.25388E-03 -0.49858E-04
 0.99968E+00  0.25388E-03 -0.39886E-04
 0.99975E+00  0.25388E-03 -0.31705E-04
 0.99980E+00  0.25388E-03 -0.24992E-04
 0.99984E+00  0.25388E-03 -0.19485E-04
 0.99988E+00  0.25388E-03 -0.14967E-04
 0.99991E+00  0.25388E-03 -0.11260E-04
 0.99993E+00  0.25388E-03 -0.82189E-05
 0.99995E+00  0.25388E-03 -0.57241E-05
 0.99997E+00  0.25388E-03 -0.36773E-05
 0.99998E+00  0.25388E-03 -0.19983E-05
 0.10000E+01  0.25388E-03 -0.62078E-06
 0.10000E+01  0.25388E-03  0.00000E+00
 0.00000E+00  0.31939E-03  0.00000E+00
 0.49709E-05  0.31939E-03 -0.73232E-06
 0.16001E-04  0.31939E-03 -0.23573E-05
 0.29447E-04  0.31939E-03 -0.43381E-05
 0.45836E-04  0.31939E-03 -0.67525E-05
 0.65814E-04  0.31939E-03 -0.96956E-05
 0.90165E-04  0.31939E-03 -0.13283E-04
 0.11985E-03  0.31939E-03 -0.17656E-04
 0.15603E-03  0.31939E-03 -0.22986E-04
 0.20013E-03  0.31939E-03 -0.29483E-04
 0.25388E-03  0.31939E-03 -0.37401E-04
 0.31939E-03  0.31939E-03 -0.47053E-04
 0.39924E-03  0.31939E-03 -0.58817E-04
 0.49656E-03  0.31939E-03 -0.73154E-04
 0.61516E-03  0.31939E-03 -0.90628E-04
 0.75970E-03  0.31939E-03 -0.11192E-03
 0.93583E-03  0.31939E-03 -0.13787E-03
 0.11504E-02  0.31939E-03 -0.16950E-03
 0.14119E-02  0.31939E-03 -0.20803E-03
 0.17305E-02  0.31939E-03 -0.25498E-03
 0.21186E-02  0.31939E-03 -0.31219E-03
 0.25912E-02  0.31939E-03 -0.38188E-03
 0.31667E-02  0.31939E-03 -0.46679E-03
 0.38673E-02  0.31939E-03 -0.57023E-03
 0.47200E-02  0.31939E-03 -0.69623E-03
 0.57574E-02  0.31939E-03 -0.84973E-03
 0.70191E-02  0.31939E-03 -0.10367E-02
 0.85527E-02  0.31939E-03 -0.12645E-02
 0.10416E-01  0.31939E-03 -0.15420E-02
 0.12677E-01  0.31939E-03 -0.18798E-02
 0.15420E-01  0.31939E-03 -0.22906E-02
 0.18742E-01  0.31939E-03 -0.27892E-02
 0.22762E-01  0.31939E-03 -0.33922E-02
 0.27617E-01  0.31939E-03 -0.41175E-02
 0.33469E-01  0.31939E-03 -0.49827E-02
 0.40509E-01  0.31939E-03 -0.60034E-02
 0.48950E-01  0.31939E-03 -0.71904E-02
 0.59040E-01  0.31939E-03 -0.85468E-02
 0.71052E-01  0.31939E-03 -0.10066E-01
 0.85282E-01  0.31939E-03 -0.11729E-01
 0.10204E+00  0.31939E-03 -0.13507E-01
 0.12166E+00  0.31939E-03 -0.15366E-01
 0.14443E+00  0.31939E-03 -0.17264E-01
 0.17063E+00  0.31939E-03 -0.19155E-01
 0.20047E+00  0.31939E-03 -0.20991E-01
 0.23404E+00  0.31939E-03 -0.22720E-01
 0.27131E+00  0.31939E-03 -0.24287E-01
 0.31210E+00  0.31939E-03 -0.25638E-01
 0.35601E+00  0.31939E-03 -0.26722E-01
 0.40249E+00  0.31939E-03 -0.27497E-01
 0.45077E+00  0.31939E-03 -0.27932E-01
 0.50000E+00  0.31939E-03 -0.28006E-01
 0.54923E+00  0.31939E-03 -0.27715E-01
 0.59751E+00  0.31939E-03 -0.27068E-01
 0.64399E+00  0.31939E-03 -0.26090E-01
 0.68790E+00  0.31939E-03 -0.24816E-01
 0.72869E+00  0.31939E-03 -0.23295E-01
 0.76596E+00  0.31939E-03 -0.21582E-01
 0.79953E+00  0.31939E-03 -0.19737E-01
 0.82937E+00  0.31939E-03 -0.17817E-01
 0.85557E+00  0.31939E-03 -0.15879E-01
 0.87834E+00  0.31939E-03 -0.13973E-01
 0.89796E+00  0.31939E-03 -0.12145E-01
 0.91472E+00  0.31939E-03 -0.10434E-01
 0.92895E+00  0.31939E-03 -0.88683E-02
 0.94096E+00  0.31939E-03 -0.74664E-02
 0.95105E+00  0.31939E-03 -0.62363E-02
 0.95949E+00  0.31939E-03 -0.51759E-02
 0.96653E+00  0.31939E-03 -0.42754E-02
 0.97238E+00  0.31939E-03 -0.35200E-02
 0.97724E+00  0.31939E-03 -0.28920E-02
 0.98126E+00  0.31939E-03 -0.23732E-02
 0.98458E+00  0.31939E-03 -0.19464E-02
 0.98732E+00  0.31939E-03 -0.15959E-02
 0.98958E+00  0.31939E-03 -0.13084E-02
 0.99145E+00  0.31939E-03 -0.10726E-02
 0.99298E+00  0.31939E-03 -0.87915E-03
 0.99424E+00  0.31939E-03 -0.72048E-03
 0.99528E+00  0.31939E-03 -0.59028E-03
 0.99613E+00  0.31939E-03 -0.48342E-03
 0.99683E+00  0.31939E-03 -0.39572E-03
 0.99741E+00  0.31939E-03 -0.32373E-03
 0.99788E+00  0.31939E-03 -0.26465E-03
 0.99827E+00  0.31939E-03 -0.21615E-03
 0.99859E+00  0.31939E-03 -0.17635E-03
 0.99885E+00  0.31939E-03 -0.14368E-03
 0.99906E+00  0.31939E-03 -0.11688E-03
 0.99924E+00  0.31939E-03 -0.94876E-04
 0.99938E+00  0.31939E-03 -0.76825E-04
 0.99950E+00  0.31939E-03 -0.62012E-04
 0.99960E+00  0.31939E-03 -0.49859E-04
 0.99968E+00  0.31939E-03 -0.39887E-04
 0.99975E+00  0.31939E-03 -0.31705E-04
 0.99980E+00  0.31939E-03 -0.24992E-04
 0.99984E+00  0.31939E-03 -0.19485E-04
 0.99988E+00  0.31939E-03 -0.14967E-04
 0.99991E+00  0.31939E-03 -0.11260E-04
 0.99993E+00  0.31939E-03 -0.82189E-05
 0.99995E+00  0.31939E-03 -0.57241E-05
 0.99997E+00  0.31939E-03 -0.36774E-05
 0.99998E+00  0.31939E-03 -0.19983E-05
 0.10000E+01  0.31939E-03 -0.62078E-06
 0.10000E+01  0.31939E-03  0.00000E+00
 0.00000E+00  0.39924E-03  0.00000E+00
 0.49709E-05  0.39924E-03 -0.73233E-06
 0.16001E-04  0.39924E-03 -0.23573E-05
 0.29447E-04  0.39924E-03 -0.43381E-05
 0.45836E-04  0.39924E-03 -0.67526E-05
 0.65814E-04  0.39924E-03 -0.96958E-05
 0.90165E-04  0.39924E-03 -0.13283E-04
 0.11985E-03  0.39924E-03 -0.17656E-04
 0.15603E-03  0.39924E-03 -0.22986E-04
 0.20013E-03  0.39924E-03 -0.29483E-04
 0.25388E-03  0.39924E-03 -0.37402E-04
 0.31939E-03  0.39924E-03 -0.47054E-04
 0.39924E-03  0.39924E-03 -0.58818E-04
 0.49656E-03  0.39924E-03 -0.73155E-04
 0.61516E-03  0.39924E-03 -0.90629E-04
 0.75970E-03  0.39924E-03 -0.11192E-03
 0.93583E-03  0.39924E-03 -0.13788E-03
 0.11504E-02  0.39924E-03 -0.16950E-03
 0.14119E-02  0.39924E-03 -0.20803E-03
 0.17305E-02  0.39924E-03 -0.25499E-03
 0.21186E-02  0.39924E-03 -0.31219E-03
 0.25912E-02  0.39924E-03 -0.38189E-03
 0.31667E-02  0.39924E-03 -0.46680E-03
 0.38673E-02  0.39924E-03 -0.57023E-03
 0.47200E-02  0.39924E-03 -0.69624E-03
 0.57574E-02  0.39924E-03 -0.84975E-03
 0.70191E-02  0.39924E-03 -0.10367E-02
 0.85527E-02  0.39924E-03 -0.12646E-02
 0.10416E-01  0.39924E-03 -0.15420E-02
 0.12677E-01  0.39924E-03 -0.18798E-02
 0.15420E-01  0.39924E-03 -0.22906E-02
 0.18742E-01  0.39924E-03 -0.27892E-02
 0.22762E-01  0.39924E-03 -0.33923E-02
 0.27617E-01  0.39924E-03 -0.41176E-02
 0.33469E-01  0.39924E-03 -0.49828E-02
 0.40509E-01  0.39924E-03 -0.60036E-02
 0.48950E-01  0.39924E-03 -0.71906E-02
 0.59040E-01  0.39924E-03 -0.85470E-02
 0.71052E-01  0.39924E-03 -0.10066E-01
 0.85282E-01  0.39924E-03 -0.11729E-01
 0.10204E+00  0.39924E-03 -0.13508E-01
 0.12166E+00  0.39924E-03 -0.15367E-01
 0.14443E+00  0.39924E-03 -0.17264E-01
 0.17063E+00  0.39924E-03 -0.19155E-01
 0.20047E+00  0.39924E-03 -0.20992E-01
 0.23404E+00  0.39924E-03 -0.22721E-01
 0.27131E+00  0.39924E-03 -0.24288E-01
 0.31210E+00  0.39924E-03 -0.25638E-01
 0.35601E+00  0.39924E-03 -0.26723E-01
 0.40249E+00  0.39924E-03 -0.27498E-01
 0.45077E+00  0.39924E-03 -0.27932E-01
 0.50000E+00  0.39924E-03 -0.28007E-01
 0.54923E+00  0.39924E-03 -0.27716E-01
 0.59751E+00  0.39924E-03 -0.27069E-01
 0.64399E+00  0.39924E-03 -0.26090E-01
 0.68790E+00  0.39924E-03 -0.24817E-01
 0.72869E+00  0.39924E-03 -0.23296E-01
 0.76596E+00  0.39924E-03 -0.21583E-01
 0.79953E+00  0.39924E-03 -0.19737E-01
 0.82937E+00  0.39924E-03 -0.17817E-01
 0.85557E+00  0.39924E-03 -0.15879E-01
 0.87834E+00  0.39924E-03 -0.13973E-01
 0.89796E+00  0.39924E-03 -0.12146E-01
 0.91472E+00  0.39924E-03 -0.10434E-01
 0.92895E+00  0.39924E-03 -0.88685E-02
 0.94096E+00  0.39924E-03 -0.74666E-02
 0.95105E+00  0.39924E-03 -0.62365E-02
 0.95949E+00  0.39924E-03 -0.51760E-02
 0.96653E+00  0.39924E-03 -0.42755E-02
 0.97238E+00  0.39924E-03 -0.35200E-02
 0.97724E+00  0.39924E-03 -0.28920E-02
 0.98126E+00  0.39924E-03 -0.23733E-02
 0.98458E+00  0.39924E-03 -0.19464E-02
 0.98732E+00  0.39924E-03 -0.15959E-02
 0.98958E+00  0.39924E-03 -0.13084E-02
 0.99145E+00  0.39924E-03 -0.10726E-02
 0.99298E+00  0.39924E-03 -0.87916E-03
 0.99424E+00  0.39924E-03 -0.72049E-03
 0.99528E+00  0.39924E-03 -0.59028E-03
 0.99613E+00  0.39924E-03 -0.48343E-03
 0.99683E+00  0.39924E-03 -0.39572E-03
 0.99741E+00  0.39924E-03 -0.32374E-03
 0.99788E+00  0.39924E-03 -0.26465E-03
 0.99827E+00  0.39924E-03 -0.21615E-03
 0.99859E+00  0.39924E-03 -0.17635E-03
 0.99885E+00  0.39924E-03 -0.14368E-03
 0.99906E+00  0.39924E-03 -0.11688E-03
 0.99924E+00  0.39924E-03 -0.94877E-04
 0.99938E+00  0.39924E-03 -0.76825E-04
 0.99950E+00  0.39924E-03 -0.62013E-04
 0.99960E+00  0.39924E-03 -0.49859E-04
 0.99968E+00  0.39924E-03 -0.39887E-04
 0.99975E+00  0.39924E-03 -0.31705E-04
 0.99980E+00  0.39924E-03 -0.24993E-04
 0.99984E+00  0.39924E-03 -0.19485E-04
 0.99988E+00  0.39924E-03 -0.14967E-04
 0.99991E+00  0.39924E-03 -0.11260E-04
 0.99993E+00  0.39924E-03 -0.82190E-05
 0.99995E+00  0.39924E-03 -0.57241E-05
 0.99997E+00  0.39924E-03 -0.36774E-05
 0.99998E+00  0.39924E-03 -0.19983E-05
 0.10000E+01  0.39924E-03 -0.62079E-06
 0.10000E+01  0.39924E-03  0.00000E+00
 0.00000E+00  0.49656E-03  0.00000E+00
 0.49709E-05  0.49656E-03 -0.73234E-06
 0.16001E-04  0.49656E-03 -0.23574E-05
 0.29447E-04  0.49656E-03 -0.43382E-05
 0.45836E-04  0.49656E-03 -0.67528E-05
 0.65814E-04  0.49656E-03 -0.96960E-05
 0.90165E-04  0.49656E-03 -0.13284E-04
 0.11985E-03  0.49656E-03 -0.17657E-04
 0.15603E-03  0.49656E-03 -0.22987E-04
 0.20013E-03  0.49656E-03 -0.29484E-04
 0.25388E-03  0.49656E-03 -0.37403E-04
 0.31939E-03  0.49656E-03 -0.47055E-04
 0.39924E-03  0.49656E-03 -0.58819E-04
 0.49656E-03  0.49656E-03 -0.73157E-04
 0.61516E-03  0.49656E-03 -0.90631E-04
 0.75970E-03  0.49656E-03 -0.11193E-03
 0.93583E-03  0.49656E-03 -0.13788E-03
 0.11504E-02  0.49656E-03 -0.16950E-03
 0.14119E-02  0.49656E-03 -0.20804E-03
 0.17305E-02  0.49656E-03 -0.25499E-03
 0.21186E-02  0.49656E-03 -0.31220E-03
 0.25912E-02  0.49656E-03 -0.38190E-03
 0.31667E-02  0.49656E-03 -0.46681E-03
 0.38673E-02  0.49656E-03 -0.57025E-03
 0.47200E-02  0.49656E-03 -0.69626E-03
 0.57574E-02  0.49656E-03 -0.84977E-03
 0.70191E-02  0.49656E-03 -0.10368E-02
 0.85527E-02  0.49656E-03 -0.12646E-02
 0.10416E-01  0.49656E-03 -0.15421E-02
 0.12677E-01  0.49656E-03 -0.18799E-02
 0.15420E-01  0.49656E-03 -0.22907E-02
 0.18742E-01  0.49656E-03 -0.27893E-02
 0.22762E-01  0.49656E-03 -0.33924E-02
 0.27617E-01  0.49656E-03 -0.41177E-02
 0.33469E-01  0.49656E-03 -0.49830E-02
 0.40509E-01  0.49656E-03 -0.60038E-02
 0.48950E-01  0.49656E-03 -0.71909E-02
 0.59040E-01  0.49656E-03 -0.85473E-02
 0.71052E-01  0.49656E-03 -0.10066E-01
 0.85282E-01  0.49656E-03 -0.11729E-01
 0.10204E+00  0.49656E-03 -0.13508E-01
 0.12166E+00  0.49656E-03 -0.15367E-01
 0.14443E+00  0.49656E-03 -0.17265E-01
 0.17063E+00  0.49656E-03 -0.19156E-01
 0.20047E+00  0.49656E-03 -0.20992E-01
 0.23404E+00  0.49656E-03 -0.22721E-01
 0.27131E+00  0.49656E-03 -0.24288E-01
 0.31210E+00  0.49656E-03 -0.25639E-01
 0.35601E+00  0.49656E-03 -0.26723E-01
 0.40249E+00  0.49656E-03 -0.27499E-01
 0.45077E+00  0.49656E-03 -0.27933E-01
 0.50000E+00  0.49656E-03 -0.28008E-01
 0.54923E+00  0.49656E-03 -0.27717E-01
 0.59751E+00  0.49656E-03 -0.27070E-01
 0.64399E+00  0.49656E-03 -0.26091E-01
 0.68790E+00  0.49656E-03 -0.24817E-01
 0.72869E+00  0.49656E-03 -0.23297E-01
 0.76596E+00  0.49656E-03 -0.21584E-01
 0.79953E+00  0.49656E-03 -0.19738E-01
 0.82937E+00  0.49656E-03 -0.17818E-01
 0.85557E+00  0.49656E-03 -0.15880E-01
 0.87834E+00  0.49656E-03 -0.13974E-01
 0.89796E+00  0.49656E-03 -0.12146E-01
 0.91472E+00  0.49656E-03 -0.10435E-01
 0.92895E+00  0.49656E-03 -0.88688E-02
 0.94096E+00  0.49656E-03 -0.74669E-02
 0.95105E+00  0.49656E-03 -0.62367E-02
 0.95949E+00  0.49656E-03 -0.51762E-02
 0.96653E+00  0.49656E-03 -0.42756E-02
 0.97238E+00  0.49656E-03 -0.35201E-02
 0.97724E+00  0.49656E-03 -0.28921E-02
 0.98126E+00  0.49656E-03 -0.23733E-02
 0.98458E+00  0.49656E-03 -0.19465E-02
 0.98732E+00  0.49656E-03 -0.15960E-02
 0.98958E+00  0.49656E-03 -0.13084E-02
 0.99145E+00  0.49656E-03 -0.10726E-02
 0.99298E+00  0.49656E-03 -0.87918E-03
 0.99424E+00  0.49656E-03 -0.72050E-03
 0.99528E+00  0.49656E-03 -0.59029E-03
 0.99613E+00  0.49656E-03 -0.48343E-03
 0.99683E+00  0.49656E-03 -0.39573E-03
 0.99741E+00  0.49656E-03 -0.32374E-03
 0.99788E+00  0.49656E-03 -0.26465E-03
 0.99827E+00  0.49656E-03 -0.21616E-03
 0.99859E+00  0.49656E-03 -0.17635E-03
 0.99885E+00  0.49656E-03 -0.14369E-03
 0.99906E+00  0.49656E-03 -0.11688E-03
 0.99924E+00  0.49656E-03 -0.94879E-04
 0.99938E+00  0.49656E-03 -0.76826E-04
 0.99950E+00  0.49656E-03 -0.62014E-04
 0.99960E+00  0.49656E-03 -0.49860E-04
 0.99968E+00  0.49656E-03 -0.39888E-04
 0.99975E+00  0.49656E-03 -0.31706E-04
 0.99980E+00  0.49656E-03 -0.24993E-04
 0.99984E+00  0.49656E-03 -0.19486E-04
 0.99988E+00  0.49656E-03 -0.14967E-04
 0.99991E+00  0.49656E-03 -0.11260E-04
 0.99993E+00  0.49656E-03 -0.82191E-05
 0.99995E+00  0.49656E-03 -0.57242E-05
 0.99997E+00  0.49656E-03 -0.36774E-05
 0.99998E+00  0.49656E-03 -0.19983E-05
 0.10000E+01  0.49656E-03 -0.62079E-06
 0.10000E+01  0.49656E-03  0.00000E+00
 0.00000E+00  0.61516E-03  0.00000E+00
 0.49709E-05  0.61516E-03 -0.73237E-06
 0.16001E-04  0.61516E-03 -0.23575E-05
 0.29447E-04  0.61516E-03 -0.43384E-05
 0.45836E-04  0.61516E-03 -0.67530E-05
 0.65814E-04  0.61516E-03 -0.96963E-05
 0.90165E-04  0.61516E-03 -0.13284E-04
 0.11985E-03  0.61516E-03 -0.17657E-04
 0.15603E-03  0.61516E-03 -0.22988E-04
 0.20013E-03  0.61516E-03 -0.29485E-04
 0.25388E-03  0.61516E-03 -0.37404E-04
 0.31939E-03  0.61516E-03 -0.47056E-04
 0.39924E-03  0.61516E-03 -0.58821E-04
 0.49656E-03  0.61516E-03 -0.73159E-04
 0.61516E-03  0.61516E-03 -0.90634E-04
 0.75970E-03  0.61516E-03 -0.11193E-03
 0.93583E-03  0.61516E-03 -0.13788E-03
 0.11504E-02  0.61516E-03 -0.16951E-03
 0.14119E-02  0.61516E-03 -0.20805E-03
 0.17305E-02  0.61516E-03 -0.25500E-03
 0.21186E-02  0.61516E-03 -0.31221E-03
 0.25912E-02  0.61516E-03 -0.38191E-03
 0.31667E-02  0.61516E-03 -0.46682E-03
 0.38673E-02  0.61516E-03 -0.57027E-03
 0.47200E-02  0.61516E-03 -0.69628E-03
 0.57574E-02  0.61516E-03 -0.84980E-03
 0.70191E-02  0.61516E-03 -0.10368E-02
 0.85527E-02  0.61516E-03 -0.12646E-02
 0.10416E-01  0.61516E-03 -0.15421E-02
 0.12677E-01  0.61516E-03 -0.18800E-02
 0.15420E-01  0.61516E-03 -0.22908E-02
 0.18742E-01  0.61516E-03 -0.27895E-02
 0.22762E-01  0.61516E-03 -0.33926E-02
 0.27617E-01  0.61516E-03 -0.41180E-02
 0.33469E-01  0.61516E-03 -0.49833E-02
 0.40509E-01  0.61516E-03 -0.60042E-02
 0.48950E-01  0.61516E-03 -0.71913E-02
 0.59040E-01  0.61516E-03 -0.85479E-02
 0.71052E-01  0.61516E-03 -0.10067E-01
 0.85282E-01  0.61516E-03 -0.11730E-01
 0.10204E+00  0.61516E-03 -0.13509E-01
 0.12166E+00  0.61516E-03 -0.15368E-01
 0.14443E+00  0.61516E-03 -0.17266E-01
 0.17063E+00  0.61516E-03 -0.19157E-01
 0.20047E+00  0.61516E-03 -0.20994E-01
 0.23404E+00  0.61516E-03 -0.22723E-01
 0.27131E+00  0.61516E-03 -0.24290E-01
 0.31210E+00  0.61516E-03 -0.25641E-01
 0.35601E+00  0.61516E-03 -0.26725E-01
 0.40249E+00  0.61516E-03 -0.27500E-01
 0.45077E+00  0.61516E-03 -0.27935E-01
 0.50000E+00  0.61516E-03 -0.28009E-01
 0.54923E+00  0.61516E-03 -0.27718E-01
 0.59751E+00  0.61516E-03 -0.27071E-01
 0.64399E+00  0.61516E-03 -0.26093E-01
 0.68790E+00  0.61516E-03 -0.24819E-01
 0.72869E+00  0.61516E-03 -0.23298E-01
 0.76596E+00  0.61516E-03 -0.21585E-01
 0.79953E+00  0.61516E-03 -0.19739E-01
 0.82937E+00  0.61516E-03 -0.17819E-01
 0.85557E+00  0.61516E-03 -0.15880E-01
 0.87834E+00  0.61516E-03 -0.13975E-01
 0.89796E+00  0.61516E-03 -0.12147E-01
 0.91472E+00  0.61516E-03 -0.10435E-01
 0.92895E+00  0.61516E-03 -0.88693E-02
 0.94096E+00  0.61516E-03 -0.74672E-02
 0.95105E+00  0.61516E-03 -0.62370E-02
 0.95949E+00  0.61516E-03 -0.51764E-02
 0.96653E+00  0.61516E-03 -0.42758E-02
 0.97238E+00  0.61516E-03 -0.35203E-02
 0.97724E+00  0.61516E-03 -0.28922E-02
 0.98126E+00  0.61516E-03 -0.23734E-02
 0.98458E+00  0.61516E-03 -0.19465E-02
 0.98732E+00  0.61516E-03 -0.15960E-02
 0.98958E+00  0.61516E-03 -0.13085E-02
 0.99145E+00  0.61516E-03 -0.10726E-02
 0.99298E+00  0.61516E-03 -0.87921E-03
 0.99424E+00  0.61516E-03 -0.72052E-03
 0.99528E+00  0.61516E-03 -0.59031E-03
 0.99613E+00  0.61516E-03 -0.48345E-03
 0.99683E+00  0.61516E-03 -0.39574E-03
 0.99741E+00  0.61516E-03 -0.32375E-03
 0.99788E+00  0.61516E-03 -0.26466E-03
 0.99827E+00  0.61516E-03 -0.21616E-03
 0.99859E+00  0.61516E-03 -0.17636E-03
 0.99885E+00  0.61516E-03 -0.14369E-03
 0.99906E+00  0.61516E-03 -0.11688E-03
 0.99924E+00  0.61516E-03 -0.94881E-04
 0.99938E+00  0.61516E-03 -0.76828E-04
 0.99950E+00  0.61516E-03 -0.62015E-04
 0.99960E+00  0.61516E-03 -0.49861E-04
 0.99968E+00  0.61516E-03 -0.39888E-04
 0.99975E+00  0.61516E-03 -0.31706E-04
 0.99980E+00  0.61516E-03 -0.24993E-04
 0.99984E+00  0.61516E-03 -0.19486E-04
 0.99988E+00  0.61516E-03 -0.14967E-04
 0.99991E+00  0.61516E-03 -0.11261E-04
 0.99993E+00  0.61516E-03 -0.82193E-05
 0.99995E+00  0.61516E-03 -0.57244E-05
 0.99997E+00  0.61516E-03 -0.36775E-05
 0.99998E+00  0.61516E-03 -0.19984E-05
 0.10000E+01  0.61516E-03 -0.62081E-06
 0.10000E+01  0.61516E-03  0.00000E+00
 0.00000E+00  0.75970E-03  0.00000E+00
 0.49709E-05  0.75970E-03 -0.73240E-06
 0.16001E-04  0.75970E-03 -0.23576E-05
 0.29447E-04  0.75970E-03 -0.43386E-05
 0.45836E-04  0.75970E-03 -0.67533E-05
 0.65814E-04  0.75970E-03 -0.96968E-05
 0.90165E-04  0.75970E-03 -0.13285E-04
 0.11985E-03  0.75970E-03 -0.17658E-04
 0.15603E-03  0.75970E-03 -0.22989E-04
 0.20013E-03  0.75970E-03 -0.29486E-04
 0.25388E-03  0.75970E-03 -0.37406E-04
 0.31939E-03  0.75970E-03 -0.47059E-04
 0.39924E-03  0.75970E-03 -0.58824E-04
 0.49656E-03  0.75970E-03 -0.73163E-04
 0.61516E-03  0.75970E-03 -0.90638E-04
 0.75970E-03  0.75970E-03 -0.11194E-03
 0.93583E-03  0.75970E-03 -0.13789E-03
 0.11504E-02  0.75970E-03 -0.16952E-03
 0.14119E-02  0.75970E-03 -0.20806E-03
 0.17305E-02  0.75970E-03 -0.25501E-03
 0.21186E-02  0.75970E-03 -0.31223E-03
 0.25912E-02  0.75970E-03 -0.38193E-03
 0.31667E-02  0.75970E-03 -0.46685E-03
 0.38673E-02  0.75970E-03 -0.57030E-03
 0.47200E-02  0.75970E-03 -0.69632E-03
 0.57574E-02  0.75970E-03 -0.84985E-03
 0.70191E-02  0.75970E-03 -0.10369E-02
 0.85527E-02  0.75970E-03 -0.12647E-02
 0.10416E-01  0.75970E-03 -0.15422E-02
 0.12677E-01  0.75970E-03 -0.18801E-02
 0.15420E-01  0.75970E-03 -0.22910E-02
 0.18742E-01  0.75970E-03 -0.27897E-02
 0.22762E-01  0.75970E-03 -0.33929E-02
 0.27617E-01  0.75970E-03 -0.41183E-02
 0.33469E-01  0.75970E-03 -0.49838E-02
 0.40509E-01  0.75970E-03 -0.60047E-02
 0.48950E-01  0.75970E-03 -0.71920E-02
 0.59040E-01  0.75970E-03 -0.85486E-02
 0.71052E-01  0.75970E-03 -0.10068E-01
 0.85282E-01  0.75970E-03 -0.11731E-01
 0.10204E+00  0.75970E-03 -0.13510E-01
 0.12166E+00  0.75970E-03 -0.15369E-01
 0.14443E+00  0.75970E-03 -0.17267E-01
 0.17063E+00  0.75970E-03 -0.19159E-01
 0.20047E+00  0.75970E-03 -0.20995E-01
 0.23404E+00  0.75970E-03 -0.22725E-01
 0.27131E+00  0.75970E-03 -0.24292E-01
 0.31210E+00  0.75970E-03 -0.25643E-01
 0.35601E+00  0.75970E-03 -0.26727E-01
 0.40249E+00  0.75970E-03 -0.27503E-01
 0.45077E+00  0.75970E-03 -0.27937E-01
 0.50000E+00  0.75970E-03 -0.28011E-01
 0.54923E+00  0.75970E-03 -0.27720E-01
 0.59751E+00  0.75970E-03 -0.27074E-01
 0.64399E+00  0.75970E-03 -0.26095E-01
 0.68790E+00  0.75970E-03 -0.24821E-01
 0.72869E+00  0.75970E-03 -0.23300E-01
 0.76596E+00  0.75970E-03 -0.21587E-01
 0.79953E+00  0.75970E-03 -0.19741E-01
 0.82937E+00  0.75970E-03 -0.17820E-01
 0.85557E+00  0.75970E-03 -0.15882E-01
 0.87834E+00  0.75970E-03 -0.13976E-01
 0.89796E+00  0.75970E-03 -0.12148E-01
 0.91472E+00  0.75970E-03 -0.10436E-01
 0.92895E+00  0.75970E-03 -0.88699E-02
 0.94096E+00  0.75970E-03 -0.74678E-02
 0.95105E+00  0.75970E-03 -0.62374E-02
 0.95949E+00  0.75970E-03 -0.51768E-02
 0.96653E+00  0.75970E-03 -0.42761E-02
 0.97238E+00  0.75970E-03 -0.35205E-02
 0.97724E+00  0.75970E-03 -0.28924E-02
 0.98126E+00  0.75970E-03 -0.23736E-02
 0.98458E+00  0.75970E-03 -0.19467E-02
 0.98732E+00  0.75970E-03 -0.15961E-02
 0.98958E+00  0.75970E-03 -0.13085E-02
 0.99145E+00  0.75970E-03 -0.10727E-02
 0.99298E+00  0.75970E-03 -0.87924E-03
 0.99424E+00  0.75970E-03 -0.72055E-03
 0.99528E+00  0.75970E-03 -0.59033E-03
 0.99613E+00  0.75970E-03 -0.48346E-03
 0.99683E+00  0.75970E-03 -0.39575E-03
 0.99741E+00  0.75970E-03 -0.32376E-03
 0.99788E+00  0.75970E-03 -0.26467E-03
 0.99827E+00  0.75970E-03 -0.21617E-03
 0.99859E+00  0.75970E-03 -0.17636E-03
 0.99885E+00  0.75970E-03 -0.14369E-03
 0.99906E+00  0.75970E-03 -0.11688E-03
 0.99924E+00  0.75970E-03 -0.94884E-04
 0.99938E+00  0.75970E-03 -0.76831E-04
 0.99950E+00  0.75970E-03 -0.62017E-04
 0.99960E+00  0.75970E-03 -0.49862E-04
 0.99968E+00  0.75970E-03 -0.39890E-04
 0.99975E+00  0.75970E-03 -0.31707E-04
 0.99980E+00  0.75970E-03 -0.24994E-04
 0.99984E+00  0.75970E-03 -0.19487E-04
 0.99988E+00  0.75970E-03 -0.14968E-04
 0.99991E+00  0.75970E-03 -0.11261E-04
 0.99993E+00  0.75970E-03 -0.82196E-05
 0.99995E+00  0.75970E-03 -0.57245E-05
 0.99997E+00  0.75970E-03 -0.36776E-05
 0.99998E+00  0.75970E-03 -0.19984E-05
 0.10000E+01  0.75970E-03 -0.62083E-06
 0.10000E+01  0.75970E-03  0.00000E+00
 0.00000E+00  0.93583E-03  0.00000E+00
 0.49709E-05  0.93583E-03 -0.73246E-06
 0.16001E-04  0.93583E-03 -0.23577E-05
 0.29447E-04  0.93583E-03 -0.43389E-05
 0.45836E-04  0.93583E-03 -0.67538E-05
 0.65814E-04  0.93583E-03 -0.96975E-05
 0.90165E-04  0.93583E-03 -0.13286E-04
 0.11985E-03  0.93583E-03 -0.17659E-04
 0.15603E-03  0.93583E-03 -0.22990E-04
 0.20013E-03  0.93583E-03 -0.29488E-04
 0.25388E-03  0.93583E-03 -0.37409E-04
 0.31939E-03  0.93583E-03 -0.47062E-04
 0.39924E-03  0.93583E-03 -0.58828E-04
 0.49656E-03  0.93583E-03 -0.73168E-04
 0.61516E-03  0.93583E-03 -0.90645E-04
 0.75970E-03  0.93583E-03 -0.11194E-03
 0.93583E-03  0.93583E-03 -0.13790E-03
 0.11504E-02  0.93583E-03 -0.16953E-03
 0.14119E-02  0.93583E-03 -0.20807E-03
 0.17305E-02  0.93583E-03 -0.25503E-03
 0.21186E-02  0.93583E-03 -0.31225E-03
 0.25912E-02  0.93583E-03 -0.38196E-03
 0.31667E-02  0.93583E-03 -0.46689E-03
 0.38673E-02  0.93583E-03 -0.57035E-03
 0.47200E-02  0.93583E-03 -0.69638E-03
 0.57574E-02  0.93583E-03 -0.84992E-03
 0.70191E-02  0.93583E-03 -0.10370E-02
 0.85527E-02  0.93583E-03 -0.12648E-02
 0.10416E-01  0.93583E-03 -0.15424E-02
 0.12677E-01  0.93583E-03 -0.18803E-02
 0.15420E-01  0.93583E-03 -0.22913E-02
 0.18742E-01  0.93583E-03 -0.27901E-02
 0.22762E-01  0.93583E-03 -0.33933E-02
 0.27617E-01  0.93583E-03 -0.41189E-02
 0.33469E-01  0.93583E-03 -0.49844E-02
 0.40509E-01  0.93583E-03 -0.60055E-02
 0.48950E-01  0.93583E-03 -0.71929E-02
 0.59040E-01  0.93583E-03 -0.85498E-02
 0.71052E-01  0.93583E-03 -0.10069E-01
 0.85282E-01  0.93583E-03 -0.11733E-01
 0.10204E+00  0.93583E-03 -0.13512E-01
 0.12166E+00  0.93583E-03 -0.15371E-01
 0.14443E+00  0.93583E-03 -0.17269E-01
 0.17063E+00  0.93583E-03 -0.19161E-01
 0.20047E+00  0.93583E-03 -0.20998E-01
 0.23404E+00  0.93583E-03 -0.22727E-01
 0.27131E+00  0.93583E-03 -0.24295E-01
 0.31210E+00  0.93583E-03 -0.25646E-01
 0.35601E+00  0.93583E-03 -0.26730E-01
 0.40249E+00  0.93583E-03 -0.27506E-01
 0.45077E+00  0.93583E-03 -0.27941E-01
 0.50000E+00  0.93583E-03 -0.28015E-01
 0.54923E+00  0.93583E-03 -0.27724E-01
 0.59751E+00  0.93583E-03 -0.27077E-01
 0.64399E+00  0.93583E-03 -0.26098E-01
 0.68790E+00  0.93583E-03 -0.24824E-01
 0.72869E+00  0.93583E-03 -0.23302E-01
 0.76596E+00  0.93583E-03 -0.21589E-01
 0.79953E+00  0.93583E-03 -0.19743E-01
 0.82937E+00  0.93583E-03 -0.17822E-01
 0.85557E+00  0.93583E-03 -0.15883E-01
 0.87834E+00  0.93583E-03 -0.13977E-01
 0.89796E+00  0.93583E-03 -0.12149E-01
 0.91472E+00  0.93583E-03 -0.10437E-01
 0.92895E+00  0.93583E-03 -0.88710E-02
 0.94096E+00  0.93583E-03 -0.74687E-02
 0.95105E+00  0.93583E-03 -0.62381E-02
 0.95949E+00  0.93583E-03 -0.51774E-02
 0.96653E+00  0.93583E-03 -0.42766E-02
 0.97238E+00  0.93583E-03 -0.35209E-02
 0.97724E+00  0.93583E-03 -0.28927E-02
 0.98126E+00  0.93583E-03 -0.23738E-02
 0.98458E+00  0.93583E-03 -0.19468E-02
 0.98732E+00  0.93583E-03 -0.15962E-02
 0.98958E+00  0.93583E-03 -0.13086E-02
 0.99145E+00  0.93583E-03 -0.10728E-02
 0.99298E+00  0.93583E-03 -0.87930E-03
 0.99424E+00  0.93583E-03 -0.72059E-03
 0.99528E+00  0.93583E-03 -0.59036E-03
 0.99613E+00  0.93583E-03 -0.48349E-03
 0.99683E+00  0.93583E-03 -0.39577E-03
 0.99741E+00  0.93583E-03 -0.32378E-03
 0.99788E+00  0.93583E-03 -0.26468E-03
 0.99827E+00  0.93583E-03 -0.21618E-03
 0.99859E+00  0.93583E-03 -0.17637E-03
 0.99885E+00  0.93583E-03 -0.14370E-03
 0.99906E+00  0.93583E-03 -0.11689E-03
 0.99924E+00  0.93583E-03 -0.94889E-04
 0.99938E+00  0.93583E-03 -0.76834E-04
 0.99950E+00  0.93583E-03 -0.62020E-04
 0.99960E+00  0.93583E-03 -0.49865E-04
 0.99968E+00  0.93583E-03 -0.39892E-04
 0.99975E+00  0.93583E-03 -0.31709E-04
 0.99980E+00  0.93583E-03 -0.24995E-04
 0.99984E+00  0.93583E-03 -0.19488E-04
 0.99988E+00  0.93583E-03 -0.14969E-04
 0.99991E+00  0.93583E-03 -0.11261E-04
 0.99993E+00  0.93583E-03 -0.82200E-05
 0.99995E+00  0.93583E-03 -0.57248E-05
 0.99997E+00  0.93583E-03 -0.36778E-05
 0.99998E+00  0.93583E-03 -0.19985E-05
 0.10000E+01  0.93583E-03 -0.62086E-06
 0.10000E+01  0.93583E-03  0.00000E+00
 0.00000E+00  0.11504E-02  0.00000E+00
 0.49709E-05  0.11504E-02 -0.73254E-06
 0.16001E-04  0.11504E-02 -0.23580E-05
 0.29447E-04  0.11504E-02 -0.43394E-05
 0.45836E-04  0.11504E-02 -0.67546E-05
 0.65814E-04  0.11504E-02 -0.96986E-05
 0.90165E-04  0.11504E-02 -0.13287E-04
 0.11985E-03  0.11504E-02 -0.17661E-04
 0.15603E-03  0.11504E-02 -0.22993E-04
 0.20013E-03  0.11504E-02 -0.29492E-04
 0.25388E-03  0.11504E-02 -0.37413E-04
 0.31939E-03  0.11504E-02 -0.47067E-04
 0.39924E-03  0.11504E-02 -0.58834E-04
 0.49656E-03  0.11504E-02 -0.73176E-04
 0.61516E-03  0.11504E-02 -0.90655E-04
 0.75970E-03  0.11504E-02 -0.11196E-03
 0.93583E-03  0.11504E-02 -0.13792E-03
 0.11504E-02  0.11504E-02 -0.16955E-03
 0.14119E-02  0.11504E-02 -0.20810E-03
 0.17305E-02  0.11504E-02 -0.25506E-03
 0.21186E-02  0.11504E-02 -0.31229E-03
 0.25912E-02  0.11504E-02 -0.38201E-03
 0.31667E-02  0.11504E-02 -0.46694E-03
 0.38673E-02  0.11504E-02 -0.57041E-03
 0.47200E-02  0.11504E-02 -0.69647E-03
 0.57574E-02  0.11504E-02 -0.85003E-03
 0.70191E-02  0.11504E-02 -0.10371E-02
 0.85527E-02  0.11504E-02 -0.12650E-02
 0.10416E-01  0.11504E-02 -0.15426E-02
 0.12677E-01  0.11504E-02 -0.18806E-02
 0.15420E-01  0.11504E-02 -0.22917E-02
 0.18742E-01  0.11504E-02 -0.27906E-02
 0.22762E-01  0.11504E-02 -0.33940E-02
 0.27617E-01  0.11504E-02 -0.41197E-02
 0.33469E-01  0.11504E-02 -0.49854E-02
 0.40509E-01  0.11504E-02 -0.60067E-02
 0.48950E-01  0.11504E-02 -0.71943E-02
 0.59040E-01  0.11504E-02 -0.85514E-02
 0.71052E-01  0.11504E-02 -0.10071E-01
 0.85282E-01  0.11504E-02 -0.11735E-01
 0.10204E+00  0.11504E-02 -0.13515E-01
 0.12166E+00  0.11504E-02 -0.15374E-01
 0.14443E+00  0.11504E-02 -0.17272E-01
 0.17063E+00  0.11504E-02 -0.19165E-01
 0.20047E+00  0.11504E-02 -0.21002E-01
 0.23404E+00  0.11504E-02 -0.22732E-01
 0.27131E+00  0.11504E-02 -0.24299E-01
 0.31210E+00  0.11504E-02 -0.25651E-01
 0.35601E+00  0.11504E-02 -0.26735E-01
 0.40249E+00  0.11504E-02 -0.27511E-01
 0.45077E+00  0.11504E-02 -0.27946E-01
 0.50000E+00  0.11504E-02 -0.28020E-01
 0.54923E+00  0.11504E-02 -0.27729E-01
 0.59751E+00  0.11504E-02 -0.27082E-01
 0.64399E+00  0.11504E-02 -0.26102E-01
 0.68790E+00  0.11504E-02 -0.24828E-01
 0.72869E+00  0.11504E-02 -0.23306E-01
 0.76596E+00  0.11504E-02 -0.21593E-01
 0.79953E+00  0.11504E-02 -0.19746E-01
 0.82937E+00  0.11504E-02 -0.17825E-01
 0.85557E+00  0.11504E-02 -0.15886E-01
 0.87834E+00  0.11504E-02 -0.13980E-01
 0.89796E+00  0.11504E-02 -0.12151E-01
 0.91472E+00  0.11504E-02 -0.10439E-01
 0.92895E+00  0.11504E-02 -0.88724E-02
 0.94096E+00  0.11504E-02 -0.74699E-02
 0.95105E+00  0.11504E-02 -0.62392E-02
 0.95949E+00  0.11504E-02 -0.51782E-02
 0.96653E+00  0.11504E-02 -0.42773E-02
 0.97238E+00  0.11504E-02 -0.35214E-02
 0.97724E+00  0.11504E-02 -0.28931E-02
 0.98126E+00  0.11504E-02 -0.23741E-02
 0.98458E+00  0.11504E-02 -0.19471E-02
 0.98732E+00  0.11504E-02 -0.15964E-02
 0.98958E+00  0.11504E-02 -0.13088E-02
 0.99145E+00  0.11504E-02 -0.10729E-02
 0.99298E+00  0.11504E-02 -0.87938E-03
 0.99424E+00  0.11504E-02 -0.72066E-03
 0.99528E+00  0.11504E-02 -0.59041E-03
 0.99613E+00  0.11504E-02 -0.48353E-03
 0.99683E+00  0.11504E-02 -0.39581E-03
 0.99741E+00  0.11504E-02 -0.32380E-03
 0.99788E+00  0.11504E-02 -0.26470E-03
 0.99827E+00  0.11504E-02 -0.21620E-03
 0.99859E+00  0.11504E-02 -0.17639E-03
 0.99885E+00  0.11504E-02 -0.14371E-03
 0.99906E+00  0.11504E-02 -0.11690E-03
 0.99924E+00  0.11504E-02 -0.94896E-04
 0.99938E+00  0.11504E-02 -0.76840E-04
 0.99950E+00  0.11504E-02 -0.62025E-04
 0.99960E+00  0.11504E-02 -0.49869E-04
 0.99968E+00  0.11504E-02 -0.39895E-04
 0.99975E+00  0.11504E-02 -0.31711E-04
 0.99980E+00  0.11504E-02 -0.24997E-04
 0.99984E+00  0.11504E-02 -0.19489E-04
 0.99988E+00  0.11504E-02 -0.14970E-04
 0.99991E+00  0.11504E-02 -0.11262E-04
 0.99993E+00  0.11504E-02 -0.82206E-05
 0.99995E+00  0.11504E-02 -0.57252E-05
 0.99997E+00  0.11504E-02 -0.36781E-05
 0.99998E+00  0.11504E-02 -0.19987E-05
 0.10000E+01  0.11504E-02 -0.62090E-06
 0.10000E+01  0.11504E-02  0.00000E+00
 0.00000E+00  0.14119E-02  0.00000E+00
 0.49709E-05  0.14119E-02 -0.73266E-06
 0.16001E-04  0.14119E-02 -0.23584E-05
 0.29447E-04  0.14119E-02 -0.43401E-05
 0.45836E-04  0.14119E-02 -0.67557E-05
 0.65814E-04  0.14119E-02 -0.97002E-05
 0.90165E-04  0.14119E-02 -0.13289E-04
 0.11985E-03  0.14119E-02 -0.17664E-04
 0.15603E-03  0.14119E-02 -0.22997E-04
 0.20013E-03  0.14119E-02 -0.29496E-04
 0.25388E-03  0.14119E-02 -0.37419E-04
 0.31939E-03  0.14119E-02 -0.47075E-04
 0.39924E-03  0.14119E-02 -0.58844E-04
 0.49656E-03  0.14119E-02 -0.73188E-04
 0.61516E-03  0.14119E-02 -0.90670E-04
 0.75970E-03  0.14119E-02 -0.11197E-03
 0.93583E-03  0.14119E-02 -0.13794E-03
 0.11504E-02  0.14119E-02 -0.16958E-03
 0.14119E-02  0.14119E-02 -0.20813E-03
 0.17305E-02  0.14119E-02 -0.25511E-03
 0.21186E-02  0.14119E-02 -0.31234E-03
 0.25912E-02  0.14119E-02 -0.38207E-03
 0.31667E-02  0.14119E-02 -0.46702E-03
 0.38673E-02  0.14119E-02 -0.57052E-03
 0.47200E-02  0.14119E-02 -0.69660E-03
 0.57574E-02  0.14119E-02 -0.85020E-03
 0.70191E-02  0.14119E-02 -0.10373E-02
 0.85527E-02  0.14119E-02 -0.12653E-02
 0.10416E-01  0.14119E-02 -0.15430E-02
 0.12677E-01  0.14119E-02 -0.18811E-02
 0.15420E-01  0.14119E-02 -0.22922E-02
 0.18742E-01  0.14119E-02 -0.27913E-02
 0.22762E-01  0.14119E-02 -0.33949E-02
 0.27617E-01  0.14119E-02 -0.41208E-02
 0.33469E-01  0.14119E-02 -0.49868E-02
 0.40509E-01  0.14119E-02 -0.60084E-02
 0.48950E-01  0.14119E-02 -0.71964E-02
 0.59040E-01  0.14119E-02 -0.85539E-02
 0.71052E-01  0.14119E-02 -0.10074E-01
 0.85282E-01  0.14119E-02 -0.11738E-01
 0.10204E+00  0.14119E-02 -0.13518E-01
 0.12166E+00  0.14119E-02 -0.15378E-01
 0.14443E+00  0.14119E-02 -0.17277E-01
 0.17063E+00  0.14119E-02 -0.19170E-01
 0.20047E+00  0.14119E-02 -0.21007E-01
 0.23404E+00  0.14119E-02 -0.22738E-01
 0.27131E+00  0.14119E-02 -0.24306E-01
 0.31210E+00  0.14119E-02 -0.25657E-01
 0.35601E+00  0.14119E-02 -0.26742E-01
 0.40249E+00  0.14119E-02 -0.27518E-01
 0.45077E+00  0.14119E-02 -0.27953E-01
 0.50000E+00  0.14119E-02 -0.28027E-01
 0.54923E+00  0.14119E-02 -0.27736E-01
 0.59751E+00  0.14119E-02 -0.27089E-01
 0.64399E+00  0.14119E-02 -0.26109E-01
 0.68790E+00  0.14119E-02 -0.24834E-01
 0.72869E+00  0.14119E-02 -0.23312E-01
 0.76596E+00  0.14119E-02 -0.21598E-01
 0.79953E+00  0.14119E-02 -0.19751E-01
 0.82937E+00  0.14119E-02 -0.17830E-01
 0.85557E+00  0.14119E-02 -0.15890E-01
 0.87834E+00  0.14119E-02 -0.13983E-01
 0.89796E+00  0.14119E-02 -0.12154E-01
 0.91472E+00  0.14119E-02 -0.10442E-01
 0.92895E+00  0.14119E-02 -0.88746E-02
 0.94096E+00  0.14119E-02 -0.74717E-02
 0.95105E+00  0.14119E-02 -0.62407E-02
 0.95949E+00  0.14119E-02 -0.51794E-02
 0.96653E+00  0.14119E-02 -0.42782E-02
 0.97238E+00  0.14119E-02 -0.35222E-02
 0.97724E+00  0.14119E-02 -0.28937E-02
 0.98126E+00  0.14119E-02 -0.23746E-02
 0.98458E+00  0.14119E-02 -0.19474E-02
 0.98732E+00  0.14119E-02 -0.15967E-02
 0.98958E+00  0.14119E-02 -0.13090E-02
 0.99145E+00  0.14119E-02 -0.10730E-02
 0.99298E+00  0.14119E-02 -0.87950E-03
 0.99424E+00  0.14119E-02 -0.72075E-03
 0.99528E+00  0.14119E-02 -0.59049E-03
 0.99613E+00  0.14119E-02 -0.48359E-03
 0.99683E+00  0.14119E-02 -0.39585E-03
 0.99741E+00  0.14119E-02 -0.32384E-03
 0.99788E+00  0.14119E-02 -0.26473E-03
 0.99827E+00  0.14119E-02 -0.21622E-03
 0.99859E+00  0.14119E-02 -0.17640E-03
 0.99885E+00  0.14119E-02 -0.14373E-03
 0.99906E+00  0.14119E-02 -0.11691E-03
 0.99924E+00  0.14119E-02 -0.94906E-04
 0.99938E+00  0.14119E-02 -0.76849E-04
 0.99950E+00  0.14119E-02 -0.62032E-04
 0.99960E+00  0.14119E-02 -0.49874E-04
 0.99968E+00  0.14119E-02 -0.39899E-04
 0.99975E+00  0.14119E-02 -0.31715E-04
 0.99980E+00  0.14119E-02 -0.25000E-04
 0.99984E+00  0.14119E-02 -0.19491E-04
 0.99988E+00  0.14119E-02 -0.14971E-04
 0.99991E+00  0.14119E-02 -0.11263E-04
 0.99993E+00  0.14119E-02 -0.82215E-05
 0.99995E+00  0.14119E-02 -0.57259E-05
 0.99997E+00  0.14119E-02 -0.36785E-05
 0.99998E+00  0.14119E-02 -0.19989E-05
 0.10000E+01  0.14119E-02 -0.62097E-06
 0.10000E+01  0.14119E-02  0.00000E+00
 0.00000E+00  0.17305E-02  0.00000E+00
 0.49709E-05  0.17305E-02 -0.73283E-06
 0.16001E-04  0.17305E-02 -0.23590E-05
 0.29447E-04  0.17305E-02 -0.43411E-05
 0.45836E-04  0.17305E-02 -0.67573E-05
 0.65814E-04  0.17305E-02 -0.97025E-05
 0.90165E-04  0.17305E-02 -0.13292E-04
 0.11985E-03  0.17305E-02 -0.17668E-04
 0.15603E-03  0.17305E-02 -0.23002E-04
 0.20013E-03  0.17305E-02 -0.29504E-04
 0.25388E-03  0.17305E-02 -0.37428E-04
 0.31939E-03  0.17305E-02 -0.47086E-04
 0.39924E-03  0.17305E-02 -0.58858E-04
 0.49656E-03  0.17305E-02 -0.73206E-04
 0.61516E-03  0.17305E-02 -0.90692E-04
 0.75970E-03  0.17305E-02 -0.11200E-03
 0.93583E-03  0.17305E-02 -0.13797E-03
 0.11504E-02  0.17305E-02 -0.16962E-03
 0.14119E-02  0.17305E-02 -0.20818E-03
 0.17305E-02  0.17305E-02 -0.25517E-03
 0.21186E-02  0.17305E-02 -0.31242E-03
 0.25912E-02  0.17305E-02 -0.38217E-03
 0.31667E-02  0.17305E-02 -0.46714E-03
 0.38673E-02  0.17305E-02 -0.57067E-03
 0.47200E-02  0.17305E-02 -0.69679E-03
 0.57574E-02  0.17305E-02 -0.85044E-03
 0.70191E-02  0.17305E-02 -0.10376E-02
 0.85527E-02  0.17305E-02 -0.12657E-02
 0.10416E-01  0.17305E-02 -0.15435E-02
 0.12677E-01  0.17305E-02 -0.18817E-02
 0.15420E-01  0.17305E-02 -0.22931E-02
 0.18742E-01  0.17305E-02 -0.27924E-02
 0.22762E-01  0.17305E-02 -0.33962E-02
 0.27617E-01  0.17305E-02 -0.41225E-02
 0.33469E-01  0.17305E-02 -0.49889E-02
 0.40509E-01  0.17305E-02 -0.60110E-02
 0.48950E-01  0.17305E-02 -0.71995E-02
 0.59040E-01  0.17305E-02 -0.85575E-02
 0.71052E-01  0.17305E-02 -0.10078E-01
 0.85282E-01  0.17305E-02 -0.11743E-01
 0.10204E+00  0.17305E-02 -0.13524E-01
 0.12166E+00  0.17305E-02 -0.15385E-01
 0.14443E+00  0.17305E-02 -0.17284E-01
 0.17063E+00  0.17305E-02 -0.19177E-01
 0.20047E+00  0.17305E-02 -0.21016E-01
 0.23404E+00  0.17305E-02 -0.22747E-01
 0.27131E+00  0.17305E-02 -0.24315E-01
 0.31210E+00  0.17305E-02 -0.25667E-01
 0.35601E+00  0.17305E-02 -0.26753E-01
 0.40249E+00  0.17305E-02 -0.27529E-01
 0.45077E+00  0.17305E-02 -0.27964E-01
 0.50000E+00  0.17305E-02 -0.28038E-01
 0.54923E+00  0.17305E-02 -0.27747E-01
 0.59751E+00  0.17305E-02 -0.27099E-01
 0.64399E+00  0.17305E-02 -0.26119E-01
 0.68790E+00  0.17305E-02 -0.24844E-01
 0.72869E+00  0.17305E-02 -0.23321E-01
 0.76596E+00  0.17305E-02 -0.21606E-01
 0.79953E+00  0.17305E-02 -0.19758E-01
 0.82937E+00  0.17305E-02 -0.17836E-01
 0.85557E+00  0.17305E-02 -0.15896E-01
 0.87834E+00  0.17305E-02 -0.13988E-01
 0.89796E+00  0.17305E-02 -0.12159E-01
 0.91472E+00  0.17305E-02 -0.10445E-01
 0.92895E+00  0.17305E-02 -0.88777E-02
 0.94096E+00  0.17305E-02 -0.74743E-02
 0.95105E+00  0.17305E-02 -0.62428E-02
 0.95949E+00  0.17305E-02 -0.51812E-02
 0.96653E+00  0.17305E-02 -0.42797E-02
 0.97238E+00  0.17305E-02 -0.35233E-02
 0.97724E+00  0.17305E-02 -0.28946E-02
 0.98126E+00  0.17305E-02 -0.23753E-02
 0.98458E+00  0.17305E-02 -0.19479E-02
 0.98732E+00  0.17305E-02 -0.15971E-02
 0.98958E+00  0.17305E-02 -0.13093E-02
 0.99145E+00  0.17305E-02 -0.10733E-02
 0.99298E+00  0.17305E-02 -0.87968E-03
 0.99424E+00  0.17305E-02 -0.72089E-03
 0.99528E+00  0.17305E-02 -0.59060E-03
 0.99613E+00  0.17305E-02 -0.48367E-03
 0.99683E+00  0.17305E-02 -0.39592E-03
 0.99741E+00  0.17305E-02 -0.32389E-03
 0.99788E+00  0.17305E-02 -0.26478E-03
 0.99827E+00  0.17305E-02 -0.21626E-03
 0.99859E+00  0.17305E-02 -0.17643E-03
 0.99885E+00  0.17305E-02 -0.14375E-03
 0.99906E+00  0.17305E-02 -0.11693E-03
 0.99924E+00  0.17305E-02 -0.94921E-04
 0.99938E+00  0.17305E-02 -0.76861E-04
 0.99950E+00  0.17305E-02 -0.62042E-04
 0.99960E+00  0.17305E-02 -0.49882E-04
 0.99968E+00  0.17305E-02 -0.39905E-04
 0.99975E+00  0.17305E-02 -0.31720E-04
 0.99980E+00  0.17305E-02 -0.25004E-04
 0.99984E+00  0.17305E-02 -0.19494E-04
 0.99988E+00  0.17305E-02 -0.14974E-04
 0.99991E+00  0.17305E-02 -0.11265E-04
 0.99993E+00  0.17305E-02 -0.82228E-05
 0.99995E+00  0.17305E-02 -0.57268E-05
 0.99997E+00  0.17305E-02 -0.36791E-05
 0.99998E+00  0.17305E-02 -0.19992E-05
 0.10000E+01  0.17305E-02 -0.62107E-06
 0.10000E+01  0.17305E-02  0.00000E+00
 0.00000E+00  0.21186E-02  0.00000E+00
 0.49709E-05  0.21186E-02 -0.73310E-06
 0.16001E-04  0.21186E-02 -0.23598E-05
 0.29447E-04  0.21186E-02 -0.43427E-05
 0.45836E-04  0.21186E-02 -0.67597E-05
 0.65814E-04  0.21186E-02 -0.97060E-05
 0.90165E-04  0.21186E-02 -0.13297E-04
 0.11985E-03  0.21186E-02 -0.17675E-04
 0.15603E-03  0.21186E-02 -0.23010E-04
 0.20013E-03  0.21186E-02 -0.29514E-04
 0.25388E-03  0.21186E-02 -0.37441E-04
 0.31939E-03  0.21186E-02 -0.47103E-04
 0.39924E-03  0.21186E-02 -0.58879E-04
 0.49656E-03  0.21186E-02 -0.73232E-04
 0.61516E-03  0.21186E-02 -0.90724E-04
 0.75970E-03  0.21186E-02 -0.11204E-03
 0.93583E-03  0.21186E-02 -0.13802E-03
 0.11504E-02  0.21186E-02 -0.16968E-03
 0.14119E-02  0.21186E-02 -0.20826E-03
 0.17305E-02  0.21186E-02 -0.25526E-03
 0.21186E-02  0.21186E-02 -0.31253E-03
 0.25912E-02  0.21186E-02 -0.38231E-03
 0.31667E-02  0.21186E-02 -0.46732E-03
 0.38673E-02  0.21186E-02 -0.57089E-03
 0.47200E-02  0.21186E-02 -0.69706E-03
 0.57574E-02  0.21186E-02 -0.85078E-03
 0.70191E-02  0.21186E-02 -0.10381E-02
 0.85527E-02  0.21186E-02 -0.12663E-02
 0.10416E-01  0.21186E-02 -0.15442E-02
 0.12677E-01  0.21186E-02 -0.18826E-02
 0.15420E-01  0.21186E-02 -0.22943E-02
 0.18742E-01  0.21186E-02 -0.27939E-02
 0.22762E-01  0.21186E-02 -0.33982E-02
 0.27617E-01  0.21186E-02 -0.41249E-02
 0.33469E-01  0.21186E-02 -0.49919E-02
 0.40509E-01  0.21186E-02 -0.60146E-02
 0.48950E-01  0.21186E-02 -0.72039E-02
 0.59040E-01  0.21186E-02 -0.85627E-02
 0.71052E-01  0.21186E-02 -0.10084E-01
 0.85282E-01  0.21186E-02 -0.11750E-01
 0.10204E+00  0.21186E-02 -0.13532E-01
 0.12166E+00  0.21186E-02 -0.15394E-01
 0.14443E+00  0.21186E-02 -0.17294E-01
 0.17063E+00  0.21186E-02 -0.19189E-01
 0.20047E+00  0.21186E-02 -0.21028E-01
 0.23404E+00  0.21186E-02 -0.22760E-01
 0.27131E+00  0.21186E-02 -0.24329E-01
 0.31210E+00  0.21186E-02 -0.25682E-01
 0.35601E+00  0.21186E-02 -0.26768E-01
 0.40249E+00  0.21186E-02 -0.27545E-01
 0.45077E+00  0.21186E-02 -0.27979E-01
 0.50000E+00  0.21186E-02 -0.28054E-01
 0.54923E+00  0.21186E-02 -0.27762E-01
 0.59751E+00  0.21186E-02 -0.27114E-01
 0.64399E+00  0.21186E-02 -0.26133E-01
 0.68790E+00  0.21186E-02 -0.24857E-01
 0.72869E+00  0.21186E-02 -0.23334E-01
 0.76596E+00  0.21186E-02 -0.21618E-01
 0.79953E+00  0.21186E-02 -0.19769E-01
 0.82937E+00  0.21186E-02 -0.17846E-01
 0.85557E+00  0.21186E-02 -0.15904E-01
 0.87834E+00  0.21186E-02 -0.13995E-01
 0.89796E+00  0.21186E-02 -0.12165E-01
 0.91472E+00  0.21186E-02 -0.10451E-01
 0.92895E+00  0.21186E-02 -0.88823E-02
 0.94096E+00  0.21186E-02 -0.74781E-02
 0.95105E+00  0.21186E-02 -0.62460E-02
 0.95949E+00  0.21186E-02 -0.51838E-02
 0.96653E+00  0.21186E-02 -0.42817E-02
 0.97238E+00  0.21186E-02 -0.35250E-02
 0.97724E+00  0.21186E-02 -0.28959E-02
 0.98126E+00  0.21186E-02 -0.23762E-02
 0.98458E+00  0.21186E-02 -0.19487E-02
 0.98732E+00  0.21186E-02 -0.15977E-02
 0.98958E+00  0.21186E-02 -0.13097E-02
 0.99145E+00  0.21186E-02 -0.10736E-02
 0.99298E+00  0.21186E-02 -0.87994E-03
 0.99424E+00  0.21186E-02 -0.72109E-03
 0.99528E+00  0.21186E-02 -0.59076E-03
 0.99613E+00  0.21186E-02 -0.48380E-03
 0.99683E+00  0.21186E-02 -0.39602E-03
 0.99741E+00  0.21186E-02 -0.32398E-03
 0.99788E+00  0.21186E-02 -0.26484E-03
 0.99827E+00  0.21186E-02 -0.21631E-03
 0.99859E+00  0.21186E-02 -0.17648E-03
 0.99885E+00  0.21186E-02 -0.14379E-03
 0.99906E+00  0.21186E-02 -0.11696E-03
 0.99924E+00  0.21186E-02 -0.94944E-04
 0.99938E+00  0.21186E-02 -0.76879E-04
 0.99950E+00  0.21186E-02 -0.62056E-04
 0.99960E+00  0.21186E-02 -0.49894E-04
 0.99968E+00  0.21186E-02 -0.39915E-04
 0.99975E+00  0.21186E-02 -0.31727E-04
 0.99980E+00  0.21186E-02 -0.25010E-04
 0.99984E+00  0.21186E-02 -0.19499E-04
 0.99988E+00  0.21186E-02 -0.14977E-04
 0.99991E+00  0.21186E-02 -0.11268E-04
 0.99993E+00  0.21186E-02 -0.82248E-05
 0.99995E+00  0.21186E-02 -0.57282E-05
 0.99997E+00  0.21186E-02 -0.36800E-05
 0.99998E+00  0.21186E-02 -0.19997E-05
 0.10000E+01  0.21186E-02 -0.62122E-06
 0.10000E+01  0.21186E-02  0.00000E+00
 0.00000E+00  0.25912E-02  0.00000E+00
 0.49709E-05  0.25912E-02 -0.73348E-06
 0.16001E-04  0.25912E-02 -0.23610E-05
 0.29447E-04  0.25912E-02 -0.43450E-05
 0.45836E-04  0.25912E-02 -0.67633E-05
 0.65814E-04  0.25912E-02 -0.97111E-05
 0.90165E-04  0.25912E-02 -0.13304E-04
 0.11985E-03  0.25912E-02 -0.17684E-04
 0.15603E-03  0.25912E-02 -0.23022E-04
 0.20013E-03  0.25912E-02 -0.29530E-04
 0.25388E-03  0.25912E-02 -0.37461E-04
 0.31939E-03  0.25912E-02 -0.47128E-04
 0.39924E-03  0.25912E-02 -0.58910E-04
 0.49656E-03  0.25912E-02 -0.73270E-04
 0.61516E-03  0.25912E-02 -0.90772E-04
 0.75970E-03  0.25912E-02 -0.11210E-03
 0.93583E-03  0.25912E-02 -0.13809E-03
 0.11504E-02  0.25912E-02 -0.16977E-03
 0.14119E-02  0.25912E-02 -0.20837E-03
 0.17305E-02  0.25912E-02 -0.25540E-03
 0.21186E-02  0.25912E-02 -0.31270E-03
 0.25912E-02  0.25912E-02 -0.38252E-03
 0.31667E-02  0.25912E-02 -0.46758E-03
 0.38673E-02  0.25912E-02 -0.57121E-03
 0.47200E-02  0.25912E-02 -0.69746E-03
 0.57574E-02  0.25912E-02 -0.85129E-03
 0.70191E-02  0.25912E-02 -0.10387E-02
 0.85527E-02  0.25912E-02 -0.12671E-02
 0.10416E-01  0.25912E-02 -0.15453E-02
 0.12677E-01  0.25912E-02 -0.18840E-02
 0.15420E-01  0.25912E-02 -0.22960E-02
 0.18742E-01  0.25912E-02 -0.27961E-02
 0.22762E-01  0.25912E-02 -0.34010E-02
 0.27617E-01  0.25912E-02 -0.41285E-02
 0.33469E-01  0.25912E-02 -0.49963E-02
 0.40509E-01  0.25912E-02 -0.60199E-02
 0.48950E-01  0.25912E-02 -0.72102E-02
 0.59040E-01  0.25912E-02 -0.85702E-02
 0.71052E-01  0.25912E-02 -0.10093E-01
 0.85282E-01  0.25912E-02 -0.11760E-01
 0.10204E+00  0.25912E-02 -0.13543E-01
 0.12166E+00  0.25912E-02 -0.15407E-01
 0.14443E+00  0.25912E-02 -0.17309E-01
 0.17063E+00  0.25912E-02 -0.19205E-01
 0.20047E+00  0.25912E-02 -0.21045E-01
 0.23404E+00  0.25912E-02 -0.22779E-01
 0.27131E+00  0.25912E-02 -0.24349E-01
 0.31210E+00  0.25912E-02 -0.25703E-01
 0.35601E+00  0.25912E-02 -0.26790E-01
 0.40249E+00  0.25912E-02 -0.27567E-01
 0.45077E+00  0.25912E-02 -0.28002E-01
 0.50000E+00  0.25912E-02 -0.28076E-01
 0.54923E+00  0.25912E-02 -0.27784E-01
 0.59751E+00  0.25912E-02 -0.27136E-01
 0.64399E+00  0.25912E-02 -0.26154E-01
 0.68790E+00  0.25912E-02 -0.24877E-01
 0.72869E+00  0.25912E-02 -0.23352E-01
 0.76596E+00  0.25912E-02 -0.21635E-01
 0.79953E+00  0.25912E-02 -0.19784E-01
 0.82937E+00  0.25912E-02 -0.17859E-01
 0.85557E+00  0.25912E-02 -0.15916E-01
 0.87834E+00  0.25912E-02 -0.14006E-01
 0.89796E+00  0.25912E-02 -0.12174E-01
 0.91472E+00  0.25912E-02 -0.10458E-01
 0.92895E+00  0.25912E-02 -0.88888E-02
 0.94096E+00  0.25912E-02 -0.74836E-02
 0.95105E+00  0.25912E-02 -0.62505E-02
 0.95949E+00  0.25912E-02 -0.51874E-02
 0.96653E+00  0.25912E-02 -0.42847E-02
 0.97238E+00  0.25912E-02 -0.35273E-02
 0.97724E+00  0.25912E-02 -0.28977E-02
 0.98126E+00  0.25912E-02 -0.23776E-02
 0.98458E+00  0.25912E-02 -0.19498E-02
 0.98732E+00  0.25912E-02 -0.15985E-02
 0.98958E+00  0.25912E-02 -0.13103E-02
 0.99145E+00  0.25912E-02 -0.10741E-02
 0.99298E+00  0.25912E-02 -0.88032E-03
 0.99424E+00  0.25912E-02 -0.72138E-03
 0.99528E+00  0.25912E-02 -0.59099E-03
 0.99613E+00  0.25912E-02 -0.48398E-03
 0.99683E+00  0.25912E-02 -0.39617E-03
 0.99741E+00  0.25912E-02 -0.32409E-03
 0.99788E+00  0.25912E-02 -0.26494E-03
 0.99827E+00  0.25912E-02 -0.21639E-03
 0.99859E+00  0.25912E-02 -0.17654E-03
 0.99885E+00  0.25912E-02 -0.14384E-03
 0.99906E+00  0.25912E-02 -0.11700E-03
 0.99924E+00  0.25912E-02 -0.94977E-04
 0.99938E+00  0.25912E-02 -0.76906E-04
 0.99950E+00  0.25912E-02 -0.62078E-04
 0.99960E+00  0.25912E-02 -0.49911E-04
 0.99968E+00  0.25912E-02 -0.39929E-04
 0.99975E+00  0.25912E-02 -0.31739E-04
 0.99980E+00  0.25912E-02 -0.25019E-04
 0.99984E+00  0.25912E-02 -0.19506E-04
 0.99988E+00  0.25912E-02 -0.14983E-04
 0.99991E+00  0.25912E-02 -0.11272E-04
 0.99993E+00  0.25912E-02 -0.82276E-05
 0.99995E+00  0.25912E-02 -0.57302E-05
 0.99997E+00  0.25912E-02 -0.36813E-05
 0.99998E+00  0.25912E-02 -0.20004E-05
 0.10000E+01  0.25912E-02 -0.62144E-06
 0.10000E+01  0.25912E-02  0.00000E+00
 0.00000E+00  0.31667E-02  0.00000E+00
 0.49709E-05  0.31667E-02 -0.73404E-06
 0.16001E-04  0.31667E-02 -0.23628E-05
 0.29447E-04  0.31667E-02 -0.43483E-05
 0.45836E-04  0.31667E-02 -0.67684E-05
 0.65814E-04  0.31667E-02 -0.97184E-05
 0.90165E-04  0.31667E-02 -0.13314E-04
 0.11985E-03  0.31667E-02 -0.17697E-04
 0.15603E-03  0.31667E-02 -0.23040E-04
 0.20013E-03  0.31667E-02 -0.29552E-04
 0.25388E-03  0.31667E-02 -0.37489E-04
 0.31939E-03  0.31667E-02 -0.47164E-04
 0.39924E-03  0.31667E-02 -0.58955E-04
 0.49656E-03  0.31667E-02 -0.73326E-04
 0.61516E-03  0.31667E-02 -0.90841E-04
 0.75970E-03  0.31667E-02 -0.11219E-03
 0.93583E-03  0.31667E-02 -0.13820E-03
 0.11504E-02  0.31667E-02 -0.16990E-03
 0.14119E-02  0.31667E-02 -0.20853E-03
 0.17305E-02  0.31667E-02 -0.25559E-03
 0.21186E-02  0.31667E-02 -0.31294E-03
 0.25912E-02  0.31667E-02 -0.38282E-03
 0.31667E-02  0.31667E-02 -0.46795E-03
 0.38673E-02  0.31667E-02 -0.57167E-03
 0.47200E-02  0.31667E-02 -0.69804E-03
 0.57574E-02  0.31667E-02 -0.85202E-03
 0.70191E-02  0.31667E-02 -0.10396E-02
 0.85527E-02  0.31667E-02 -0.12682E-02
 0.10416E-01  0.31667E-02 -0.15468E-02
 0.12677E-01  0.31667E-02 -0.18859E-02
 0.15420E-01  0.31667E-02 -0.22984E-02
 0.18742E-01  0.31667E-02 -0.27992E-02
 0.22762E-01  0.31667E-02 -0.34049E-02
 0.27617E-01  0.31667E-02 -0.41334E-02
 0.33469E-01  0.31667E-02 -0.50024E-02
 0.40509E-01  0.31667E-02 -0.60274E-02
 0.48950E-01  0.31667E-02 -0.72192E-02
 0.59040E-01  0.31667E-02 -0.85809E-02
 0.71052E-01  0.31667E-02 -0.10105E-01
 0.85282E-01  0.31667E-02 -0.11775E-01
 0.10204E+00  0.31667E-02 -0.13560E-01
 0.12166E+00  0.31667E-02 -0.15425E-01
 0.14443E+00  0.31667E-02 -0.17330E-01
 0.17063E+00  0.31667E-02 -0.19228E-01
 0.20047E+00  0.31667E-02 -0.21070E-01
 0.23404E+00  0.31667E-02 -0.22806E-01
 0.27131E+00  0.31667E-02 -0.24378E-01
 0.31210E+00  0.31667E-02 -0.25733E-01
 0.35601E+00  0.31667E-02 -0.26821E-01
 0.40249E+00  0.31667E-02 -0.27599E-01
 0.45077E+00  0.31667E-02 -0.28035E-01
 0.50000E+00  0.31667E-02 -0.28109E-01
 0.54923E+00  0.31667E-02 -0.27816E-01
 0.59751E+00  0.31667E-02 -0.27167E-01
 0.64399E+00  0.31667E-02 -0.26184E-01
 0.68790E+00  0.31667E-02 -0.24905E-01
 0.72869E+00  0.31667E-02 -0.23378E-01
 0.76596E+00  0.31667E-02 -0.21659E-01
 0.79953E+00  0.31667E-02 -0.19806E-01
 0.82937E+00  0.31667E-02 -0.17879E-01
 0.85557E+00  0.31667E-02 -0.15933E-01
 0.87834E+00  0.31667E-02 -0.14021E-01
 0.89796E+00  0.31667E-02 -0.12187E-01
 0.91472E+00  0.31667E-02 -0.10469E-01
 0.92895E+00  0.31667E-02 -0.88980E-02
 0.94096E+00  0.31667E-02 -0.74913E-02
 0.95105E+00  0.31667E-02 -0.62568E-02
 0.95949E+00  0.31667E-02 -0.51926E-02
 0.96653E+00  0.31667E-02 -0.42888E-02
 0.97238E+00  0.31667E-02 -0.35306E-02
 0.97724E+00  0.31667E-02 -0.29003E-02
 0.98126E+00  0.31667E-02 -0.23796E-02
 0.98458E+00  0.31667E-02 -0.19513E-02
 0.98732E+00  0.31667E-02 -0.15996E-02
 0.98958E+00  0.31667E-02 -0.13112E-02
 0.99145E+00  0.31667E-02 -0.10748E-02
 0.99298E+00  0.31667E-02 -0.88085E-03
 0.99424E+00  0.31667E-02 -0.72180E-03
 0.99528E+00  0.31667E-02 -0.59132E-03
 0.99613E+00  0.31667E-02 -0.48425E-03
 0.99683E+00  0.31667E-02 -0.39638E-03
 0.99741E+00  0.31667E-02 -0.32426E-03
 0.99788E+00  0.31667E-02 -0.26508E-03
 0.99827E+00  0.31667E-02 -0.21650E-03
 0.99859E+00  0.31667E-02 -0.17663E-03
 0.99885E+00  0.31667E-02 -0.14391E-03
 0.99906E+00  0.31667E-02 -0.11706E-03
 0.99924E+00  0.31667E-02 -0.95025E-04
 0.99938E+00  0.31667E-02 -0.76945E-04
 0.99950E+00  0.31667E-02 -0.62109E-04
 0.99960E+00  0.31667E-02 -0.49937E-04
 0.99968E+00  0.31667E-02 -0.39949E-04
 0.99975E+00  0.31667E-02 -0.31754E-04
 0.99980E+00  0.31667E-02 -0.25031E-04
 0.99984E+00  0.31667E-02 -0.19515E-04
 0.99988E+00  0.31667E-02 -0.14990E-04
 0.99991E+00  0.31667E-02 -0.11278E-04
 0.99993E+00  0.31667E-02 -0.82318E-05
 0.99995E+00  0.31667E-02 -0.57330E-05
 0.99997E+00  0.31667E-02 -0.36831E-05
 0.99998E+00  0.31667E-02 -0.20014E-05
 0.10000E+01  0.31667E-02 -0.62175E-06
 0.10000E+01  0.31667E-02  0.00000E+00
 0.00000E+00  0.38673E-02  0.00000E+00
 0.49709E-05  0.38673E-02 -0.73484E-06
 0.16001E-04  0.38673E-02 -0.23654E-05
 0.29447E-04  0.38673E-02 -0.43530E-05
 0.45836E-04  0.38673E-02 -0.67758E-05
 0.65814E-04  0.38673E-02 -0.97290E-05
 0.90165E-04  0.38673E-02 -0.13329E-04
 0.11985E-03  0.38673E-02 -0.17717E-04
 0.15603E-03  0.38673E-02 -0.23065E-04
 0.20013E-03  0.38673E-02 -0.29584E-04
 0.25388E-03  0.38673E-02 -0.37530E-04
 0.31939E-03  0.38673E-02 -0.47215E-04
 0.39924E-03  0.38673E-02 -0.59019E-04
 0.49656E-03  0.38673E-02 -0.73406E-04
 0.61516E-03  0.38673E-02 -0.90940E-04
 0.75970E-03  0.38673E-02 -0.11231E-03
 0.93583E-03  0.38673E-02 -0.13835E-03
 0.11504E-02  0.38673E-02 -0.17009E-03
 0.14119E-02  0.38673E-02 -0.20876E-03
 0.17305E-02  0.38673E-02 -0.25588E-03
 0.21186E-02  0.38673E-02 -0.31329E-03
 0.25912E-02  0.38673E-02 -0.38325E-03
 0.31667E-02  0.38673E-02 -0.46848E-03
 0.38673E-02  0.38673E-02 -0.57233E-03
 0.47200E-02  0.38673E-02 -0.69887E-03
 0.57574E-02  0.38673E-02 -0.85305E-03
 0.70191E-02  0.38673E-02 -0.10409E-02
 0.85527E-02  0.38673E-02 -0.12699E-02
 0.10416E-01  0.38673E-02 -0.15489E-02
 0.12677E-01  0.38673E-02 -0.18886E-02
 0.15420E-01  0.38673E-02 -0.23019E-02
 0.18742E-01  0.38673E-02 -0.28036E-02
 0.22762E-01  0.38673E-02 -0.34105E-02
 0.27617E-01  0.38673E-02 -0.41404E-02
 0.33469E-01  0.38673E-02 -0.50111E-02
 0.40509E-01  0.38673E-02 -0.60380E-02
 0.48950E-01  0.38673E-02 -0.72320E-02
 0.59040E-01  0.38673E-02 -0.85960E-02
 0.71052E-01  0.38673E-02 -0.10123E-01
 0.85282E-01  0.38673E-02 -0.11795E-01
 0.10204E+00  0.38673E-02 -0.13583E-01
 0.12166E+00  0.38673E-02 -0.15452E-01
 0.14443E+00  0.38673E-02 -0.17359E-01
 0.17063E+00  0.38673E-02 -0.19260E-01
 0.20047E+00  0.38673E-02 -0.21106E-01
 0.23404E+00  0.38673E-02 -0.22844E-01
 0.27131E+00  0.38673E-02 -0.24419E-01
 0.31210E+00  0.38673E-02 -0.25776E-01
 0.35601E+00  0.38673E-02 -0.26866E-01
 0.40249E+00  0.38673E-02 -0.27645E-01
 0.45077E+00  0.38673E-02 -0.28081E-01
 0.50000E+00  0.38673E-02 -0.28155E-01
 0.54923E+00  0.38673E-02 -0.27861E-01
 0.59751E+00  0.38673E-02 -0.27210E-01
 0.64399E+00  0.38673E-02 -0.26226E-01
 0.68790E+00  0.38673E-02 -0.24945E-01
 0.72869E+00  0.38673E-02 -0.23415E-01
 0.76596E+00  0.38673E-02 -0.21693E-01
 0.79953E+00  0.38673E-02 -0.19837E-01
 0.82937E+00  0.38673E-02 -0.17906E-01
 0.85557E+00  0.38673E-02 -0.15957E-01
 0.87834E+00  0.38673E-02 -0.14042E-01
 0.89796E+00  0.38673E-02 -0.12205E-01
 0.91472E+00  0.38673E-02 -0.10485E-01
 0.92895E+00  0.38673E-02 -0.89110E-02
 0.94096E+00  0.38673E-02 -0.75021E-02
 0.95105E+00  0.38673E-02 -0.62657E-02
 0.95949E+00  0.38673E-02 -0.51998E-02
 0.96653E+00  0.38673E-02 -0.42945E-02
 0.97238E+00  0.38673E-02 -0.35351E-02
 0.97724E+00  0.38673E-02 -0.29038E-02
 0.98126E+00  0.38673E-02 -0.23824E-02
 0.98458E+00  0.38673E-02 -0.19534E-02
 0.98732E+00  0.38673E-02 -0.16012E-02
 0.98958E+00  0.38673E-02 -0.13125E-02
 0.99145E+00  0.38673E-02 -0.10757E-02
 0.99298E+00  0.38673E-02 -0.88160E-03
 0.99424E+00  0.38673E-02 -0.72239E-03
 0.99528E+00  0.38673E-02 -0.59179E-03
 0.99613E+00  0.38673E-02 -0.48462E-03
 0.99683E+00  0.38673E-02 -0.39668E-03
 0.99741E+00  0.38673E-02 -0.32451E-03
 0.99788E+00  0.38673E-02 -0.26527E-03
 0.99827E+00  0.38673E-02 -0.21666E-03
 0.99859E+00  0.38673E-02 -0.17676E-03
 0.99885E+00  0.38673E-02 -0.14401E-03
 0.99906E+00  0.38673E-02 -0.11714E-03
 0.99924E+00  0.38673E-02 -0.95094E-04
 0.99938E+00  0.38673E-02 -0.77000E-04
 0.99950E+00  0.38673E-02 -0.62154E-04
 0.99960E+00  0.38673E-02 -0.49973E-04
 0.99968E+00  0.38673E-02 -0.39978E-04
 0.99975E+00  0.38673E-02 -0.31777E-04
 0.99980E+00  0.38673E-02 -0.25049E-04
 0.99984E+00  0.38673E-02 -0.19530E-04
 0.99988E+00  0.38673E-02 -0.15001E-04
 0.99991E+00  0.38673E-02 -0.11286E-04
 0.99993E+00  0.38673E-02 -0.82377E-05
 0.99995E+00  0.38673E-02 -0.57372E-05
 0.99997E+00  0.38673E-02 -0.36858E-05
 0.99998E+00  0.38673E-02 -0.20028E-05
 0.10000E+01  0.38673E-02 -0.62220E-06
 0.10000E+01  0.38673E-02  0.00000E+00
 0.00000E+00  0.47200E-02  0.00000E+00
 0.49709E-05  0.47200E-02 -0.73597E-06
 0.16001E-04  0.47200E-02 -0.23691E-05
 0.29447E-04  0.47200E-02 -0.43597E-05
 0.45836E-04  0.47200E-02 -0.67863E-05
 0.65814E-04  0.47200E-02 -0.97441E-05
 0.90165E-04  0.47200E-02 -0.13349E-04
 0.11985E-03  0.47200E-02 -0.17744E-04
 0.15603E-03  0.47200E-02 -0.23101E-04
 0.20013E-03  0.47200E-02 -0.29630E-04
 0.25388E-03  0.47200E-02 -0.37588E-04
 0.31939E-03  0.47200E-02 -0.47288E-04
 0.39924E-03  0.47200E-02 -0.59111E-04
 0.49656E-03  0.47200E-02 -0.73520E-04
 0.61516E-03  0.47200E-02 -0.91081E-04
 0.75970E-03  0.47200E-02 -0.11248E-03
 0.93583E-03  0.47200E-02 -0.13857E-03
 0.11504E-02  0.47200E-02 -0.17035E-03
 0.14119E-02  0.47200E-02 -0.20908E-03
 0.17305E-02  0.47200E-02 -0.25628E-03
 0.21186E-02  0.47200E-02 -0.31379E-03
 0.25912E-02  0.47200E-02 -0.38386E-03
 0.31667E-02  0.47200E-02 -0.46924E-03
 0.38673E-02  0.47200E-02 -0.57327E-03
 0.47200E-02  0.47200E-02 -0.70003E-03
 0.57574E-02  0.47200E-02 -0.85451E-03
 0.70191E-02  0.47200E-02 -0.10428E-02
 0.85527E-02  0.47200E-02 -0.12722E-02
 0.10416E-01  0.47200E-02 -0.15518E-02
 0.12677E-01  0.47200E-02 -0.18924E-02
 0.15420E-01  0.47200E-02 -0.23067E-02
 0.18742E-01  0.47200E-02 -0.28098E-02
 0.22762E-01  0.47200E-02 -0.34183E-02
 0.27617E-01  0.47200E-02 -0.41502E-02
 0.33469E-01  0.47200E-02 -0.50231E-02
 0.40509E-01  0.47200E-02 -0.60527E-02
 0.48950E-01  0.47200E-02 -0.72497E-02
 0.59040E-01  0.47200E-02 -0.86171E-02
 0.71052E-01  0.47200E-02 -0.10148E-01
 0.85282E-01  0.47200E-02 -0.11824E-01
 0.10204E+00  0.47200E-02 -0.13616E-01
 0.12166E+00  0.47200E-02 -0.15489E-01
 0.14443E+00  0.47200E-02 -0.17400E-01
 0.17063E+00  0.47200E-02 -0.19306E-01
 0.20047E+00  0.47200E-02 -0.21156E-01
 0.23404E+00  0.47200E-02 -0.22897E-01
 0.27131E+00  0.47200E-02 -0.24476E-01
 0.31210E+00  0.47200E-02 -0.25836E-01
 0.35601E+00  0.47200E-02 -0.26928E-01
 0.40249E+00  0.47200E-02 -0.27708E-01
 0.45077E+00  0.47200E-02 -0.28145E-01
 0.50000E+00  0.47200E-02 -0.28219E-01
 0.54923E+00  0.47200E-02 -0.27925E-01
 0.59751E+00  0.47200E-02 -0.27272E-01
 0.64399E+00  0.47200E-02 -0.26284E-01
 0.68790E+00  0.47200E-02 -0.25000E-01
 0.72869E+00  0.47200E-02 -0.23466E-01
 0.76596E+00  0.47200E-02 -0.21740E-01
 0.79953E+00  0.47200E-02 -0.19879E-01
 0.82937E+00  0.47200E-02 -0.17944E-01
 0.85557E+00  0.47200E-02 -0.15991E-01
 0.87834E+00  0.47200E-02 -0.14071E-01
 0.89796E+00  0.47200E-02 -0.12230E-01
 0.91472E+00  0.47200E-02 -0.10506E-01
 0.92895E+00  0.47200E-02 -0.89288E-02
 0.94096E+00  0.47200E-02 -0.75169E-02
 0.95105E+00  0.47200E-02 -0.62779E-02
 0.95949E+00  0.47200E-02 -0.52096E-02
 0.96653E+00  0.47200E-02 -0.43024E-02
 0.97238E+00  0.47200E-02 -0.35413E-02
 0.97724E+00  0.47200E-02 -0.29086E-02
 0.98126E+00  0.47200E-02 -0.23861E-02
 0.98458E+00  0.47200E-02 -0.19563E-02
 0.98732E+00  0.47200E-02 -0.16035E-02
 0.98958E+00  0.47200E-02 -0.13142E-02
 0.99145E+00  0.47200E-02 -0.10771E-02
 0.99298E+00  0.47200E-02 -0.88264E-03
 0.99424E+00  0.47200E-02 -0.72322E-03
 0.99528E+00  0.47200E-02 -0.59244E-03
 0.99613E+00  0.47200E-02 -0.48514E-03
 0.99683E+00  0.47200E-02 -0.39710E-03
 0.99741E+00  0.47200E-02 -0.32484E-03
 0.99788E+00  0.47200E-02 -0.26554E-03
 0.99827E+00  0.47200E-02 -0.21688E-03
 0.99859E+00  0.47200E-02 -0.17694E-03
 0.99885E+00  0.47200E-02 -0.14416E-03
 0.99906E+00  0.47200E-02 -0.11726E-03
 0.99924E+00  0.47200E-02 -0.95190E-04
 0.99938E+00  0.47200E-02 -0.77078E-04
 0.99950E+00  0.47200E-02 -0.62217E-04
 0.99960E+00  0.47200E-02 -0.50023E-04
 0.99968E+00  0.47200E-02 -0.40018E-04
 0.99975E+00  0.47200E-02 -0.31809E-04
 0.99980E+00  0.47200E-02 -0.25075E-04
 0.99984E+00  0.47200E-02 -0.19549E-04
 0.99988E+00  0.47200E-02 -0.15016E-04
 0.99991E+00  0.47200E-02 -0.11297E-04
 0.99993E+00  0.47200E-02 -0.82460E-05
 0.99995E+00  0.47200E-02 -0.57429E-05
 0.99997E+00  0.47200E-02 -0.36895E-05
 0.99998E+00  0.47200E-02 -0.20048E-05
 0.10000E+01  0.47200E-02 -0.62282E-06
 0.10000E+01  0.47200E-02  0.00000E+00
 0.00000E+00  0.57574E-02  0.00000E+00
 0.49709E-05  0.57574E-02 -0.73755E-06
 0.16001E-04  0.57574E-02 -0.23742E-05
 0.29447E-04  0.57574E-02 -0.43691E-05
 0.45836E-04  0.57574E-02 -0.68008E-05
 0.65814E-04  0.57574E-02 -0.97650E-05
 0.90165E-04  0.57574E-02 -0.13378E-04
 0.11985E-03  0.57574E-02 -0.17782E-04
 0.15603E-03  0.57574E-02 -0.23150E-04
 0.20013E-03  0.57574E-02 -0.29694E-04
 0.25388E-03  0.57574E-02 -0.37669E-04
 0.31939E-03  0.57574E-02 -0.47390E-04
 0.39924E-03  0.57574E-02 -0.59238E-04
 0.49656E-03  0.57574E-02 -0.73678E-04
 0.61516E-03  0.57574E-02 -0.91277E-04
 0.75970E-03  0.57574E-02 -0.11273E-03
 0.93583E-03  0.57574E-02 -0.13886E-03
 0.11504E-02  0.57574E-02 -0.17072E-03
 0.14119E-02  0.57574E-02 -0.20954E-03
 0.17305E-02  0.57574E-02 -0.25684E-03
 0.21186E-02  0.57574E-02 -0.31447E-03
 0.25912E-02  0.57574E-02 -0.38470E-03
 0.31667E-02  0.57574E-02 -0.47028E-03
 0.38673E-02  0.57574E-02 -0.57456E-03
 0.47200E-02  0.57574E-02 -0.70164E-03
 0.57574E-02  0.57574E-02 -0.85651E-03
 0.70191E-02  0.57574E-02 -0.10453E-02
 0.85527E-02  0.57574E-02 -0.12754E-02
 0.10416E-01  0.57574E-02 -0.15558E-02
 0.12677E-01  0.57574E-02 -0.18975E-02
 0.15420E-01  0.57574E-02 -0.23132E-02
 0.18742E-01  0.57574E-02 -0.28181E-02
 0.22762E-01  0.57574E-02 -0.34288E-02
 0.27617E-01  0.57574E-02 -0.41634E-02
 0.33469E-01  0.57574E-02 -0.50395E-02
 0.40509E-01  0.57574E-02 -0.60728E-02
 0.48950E-01  0.57574E-02 -0.72740E-02
 0.59040E-01  0.57574E-02 -0.86460E-02
 0.71052E-01  0.57574E-02 -0.10182E-01
 0.85282E-01  0.57574E-02 -0.11863E-01
 0.10204E+00  0.57574E-02 -0.13661E-01
 0.12166E+00  0.57574E-02 -0.15540E-01
 0.14443E+00  0.57574E-02 -0.17457E-01
 0.17063E+00  0.57574E-02 -0.19369E-01
 0.20047E+00  0.57574E-02 -0.21224E-01
 0.23404E+00  0.57574E-02 -0.22971E-01
 0.27131E+00  0.57574E-02 -0.24555E-01
 0.31210E+00  0.57574E-02 -0.25919E-01
 0.35601E+00  0.57574E-02 -0.27014E-01
 0.40249E+00  0.57574E-02 -0.27796E-01
 0.45077E+00  0.57574E-02 -0.28234E-01
 0.50000E+00  0.57574E-02 -0.28308E-01
 0.54923E+00  0.57574E-02 -0.28012E-01
 0.59751E+00  0.57574E-02 -0.27356E-01
 0.64399E+00  0.57574E-02 -0.26365E-01
 0.68790E+00  0.57574E-02 -0.25076E-01
 0.72869E+00  0.57574E-02 -0.23537E-01
 0.76596E+00  0.57574E-02 -0.21805E-01
 0.79953E+00  0.57574E-02 -0.19938E-01
 0.82937E+00  0.57574E-02 -0.17996E-01
 0.85557E+00  0.57574E-02 -0.16037E-01
 0.87834E+00  0.57574E-02 -0.14111E-01
 0.89796E+00  0.57574E-02 -0.12264E-01
 0.91472E+00  0.57574E-02 -0.10535E-01
 0.92895E+00  0.57574E-02 -0.89530E-02
 0.94096E+00  0.57574E-02 -0.75369E-02
 0.95105E+00  0.57574E-02 -0.62942E-02
 0.95949E+00  0.57574E-02 -0.52229E-02
 0.96653E+00  0.57574E-02 -0.43130E-02
 0.97238E+00  0.57574E-02 -0.35496E-02
 0.97724E+00  0.57574E-02 -0.29151E-02
 0.98126E+00  0.57574E-02 -0.23911E-02
 0.98458E+00  0.57574E-02 -0.19601E-02
 0.98732E+00  0.57574E-02 -0.16064E-02
 0.98958E+00  0.57574E-02 -0.13165E-02
 0.99145E+00  0.57574E-02 -0.10789E-02
 0.99298E+00  0.57574E-02 -0.88405E-03
 0.99424E+00  0.57574E-02 -0.72433E-03
 0.99528E+00  0.57574E-02 -0.59333E-03
 0.99613E+00  0.57574E-02 -0.48586E-03
 0.99683E+00  0.57574E-02 -0.39767E-03
 0.99741E+00  0.57574E-02 -0.32531E-03
 0.99788E+00  0.57574E-02 -0.26592E-03
 0.99827E+00  0.57574E-02 -0.21718E-03
 0.99859E+00  0.57574E-02 -0.17719E-03
 0.99885E+00  0.57574E-02 -0.14436E-03
 0.99906E+00  0.57574E-02 -0.11743E-03
 0.99924E+00  0.57574E-02 -0.95322E-04
 0.99938E+00  0.57574E-02 -0.77185E-04
 0.99950E+00  0.57574E-02 -0.62303E-04
 0.99960E+00  0.57574E-02 -0.50092E-04
 0.99968E+00  0.57574E-02 -0.40074E-04
 0.99975E+00  0.57574E-02 -0.31853E-04
 0.99980E+00  0.57574E-02 -0.25109E-04
 0.99984E+00  0.57574E-02 -0.19576E-04
 0.99988E+00  0.57574E-02 -0.15037E-04
 0.99991E+00  0.57574E-02 -0.11313E-04
 0.99993E+00  0.57574E-02 -0.82574E-05
 0.99995E+00  0.57574E-02 -0.57509E-05
 0.99997E+00  0.57574E-02 -0.36946E-05
 0.99998E+00  0.57574E-02 -0.20076E-05
 0.10000E+01  0.57574E-02 -0.62369E-06
 0.10000E+01  0.57574E-02  0.00000E+00
 0.00000E+00  0.70191E-02  0.00000E+00
 0.49709E-05  0.70191E-02 -0.73970E-06
 0.16001E-04  0.70191E-02 -0.23811E-05
 0.29447E-04  0.70191E-02 -0.43818E-05
 0.45836E-04  0.70191E-02 -0.68207E-05
 0.65814E-04  0.70191E-02 -0.97934E-05
 0.90165E-04  0.70191E-02 -0.13417E-04
 0.11985E-03  0.70191E-02 -0.17834E-04
 0.15603E-03  0.70191E-02 -0.23218E-04
 0.20013E-03  0.70191E-02 -0.29780E-04
 0.25388E-03  0.70191E-02 -0.37779E-04
 0.31939E-03  0.70191E-02 -0.47528E-04
 0.39924E-03  0.70191E-02 -0.59410E-04
 0.49656E-03  0.70191E-02 -0.73893E-04
 0.61516E-03  0.70191E-02 -0.91543E-04
 0.75970E-03  0.70191E-02 -0.11305E-03
 0.93583E-03  0.70191E-02 -0.13927E-03
 0.11504E-02  0.70191E-02 -0.17122E-03
 0.14119E-02  0.70191E-02 -0.21015E-03
 0.17305E-02  0.70191E-02 -0.25759E-03
 0.21186E-02  0.70191E-02 -0.31540E-03
 0.25912E-02  0.70191E-02 -0.38585E-03
 0.31667E-02  0.70191E-02 -0.47169E-03
 0.38673E-02  0.70191E-02 -0.57630E-03
 0.47200E-02  0.70191E-02 -0.70380E-03
 0.57574E-02  0.70191E-02 -0.85921E-03
 0.70191E-02  0.70191E-02 -0.10487E-02
 0.85527E-02  0.70191E-02 -0.12796E-02
 0.10416E-01  0.70191E-02 -0.15612E-02
 0.12677E-01  0.70191E-02 -0.19043E-02
 0.15420E-01  0.70191E-02 -0.23219E-02
 0.18742E-01  0.70191E-02 -0.28291E-02
 0.22762E-01  0.70191E-02 -0.34428E-02
 0.27617E-01  0.70191E-02 -0.41810E-02
 0.33469E-01  0.70191E-02 -0.50614E-02
 0.40509E-01  0.70191E-02 -0.60997E-02
 0.48950E-01  0.70191E-02 -0.73064E-02
 0.59040E-01  0.70191E-02 -0.86847E-02
 0.71052E-01  0.70191E-02 -0.10227E-01
 0.85282E-01  0.70191E-02 -0.11916E-01
 0.10204E+00  0.70191E-02 -0.13722E-01
 0.12166E+00  0.70191E-02 -0.15608E-01
 0.14443E+00  0.70191E-02 -0.17534E-01
 0.17063E+00  0.70191E-02 -0.19454E-01
 0.20047E+00  0.70191E-02 -0.21317E-01
 0.23404E+00  0.70191E-02 -0.23072E-01
 0.27131E+00  0.70191E-02 -0.24661E-01
 0.31210E+00  0.70191E-02 -0.26031E-01
 0.35601E+00  0.70191E-02 -0.27130E-01
 0.40249E+00  0.70191E-02 -0.27916E-01
 0.45077E+00  0.70191E-02 -0.28355E-01
 0.50000E+00  0.70191E-02 -0.28428E-01
 0.54923E+00  0.70191E-02 -0.28130E-01
 0.59751E+00  0.70191E-02 -0.27471E-01
 0.64399E+00  0.70191E-02 -0.26474E-01
 0.68790E+00  0.70191E-02 -0.25179E-01
 0.72869E+00  0.70191E-02 -0.23633E-01
 0.76596E+00  0.70191E-02 -0.21892E-01
 0.79953E+00  0.70191E-02 -0.20016E-01
 0.82937E+00  0.70191E-02 -0.18066E-01
 0.85557E+00  0.70191E-02 -0.16098E-01
 0.87834E+00  0.70191E-02 -0.14164E-01
 0.89796E+00  0.70191E-02 -0.12309E-01
 0.91472E+00  0.70191E-02 -0.10573E-01
 0.92895E+00  0.70191E-02 -0.89850E-02
 0.94096E+00  0.70191E-02 -0.75633E-02
 0.95105E+00  0.70191E-02 -0.63157E-02
 0.95949E+00  0.70191E-02 -0.52402E-02
 0.96653E+00  0.70191E-02 -0.43267E-02
 0.97238E+00  0.70191E-02 -0.35604E-02
 0.97724E+00  0.70191E-02 -0.29235E-02
 0.98126E+00  0.70191E-02 -0.23976E-02
 0.98458E+00  0.70191E-02 -0.19651E-02
 0.98732E+00  0.70191E-02 -0.16103E-02
 0.98958E+00  0.70191E-02 -0.13195E-02
 0.99145E+00  0.70191E-02 -0.10812E-02
 0.99298E+00  0.70191E-02 -0.88591E-03
 0.99424E+00  0.70191E-02 -0.72580E-03
 0.99528E+00  0.70191E-02 -0.59450E-03
 0.99613E+00  0.70191E-02 -0.48680E-03
 0.99683E+00  0.70191E-02 -0.39843E-03
 0.99741E+00  0.70191E-02 -0.32592E-03
 0.99788E+00  0.70191E-02 -0.26642E-03
 0.99827E+00  0.70191E-02 -0.21759E-03
 0.99859E+00  0.70191E-02 -0.17751E-03
 0.99885E+00  0.70191E-02 -0.14463E-03
 0.99906E+00  0.70191E-02 -0.11764E-03
 0.99924E+00  0.70191E-02 -0.95499E-04
 0.99938E+00  0.70191E-02 -0.77328E-04
 0.99950E+00  0.70191E-02 -0.62418E-04
 0.99960E+00  0.70191E-02 -0.50185E-04
 0.99968E+00  0.70191E-02 -0.40147E-04
 0.99975E+00  0.70191E-02 -0.31912E-04
 0.99980E+00  0.70191E-02 -0.25156E-04
 0.99984E+00  0.70191E-02 -0.19612E-04
 0.99988E+00  0.70191E-02 -0.15065E-04
 0.99991E+00  0.70191E-02 -0.11334E-04
 0.99993E+00  0.70191E-02 -0.82727E-05
 0.99995E+00  0.70191E-02 -0.57615E-05
 0.99997E+00  0.70191E-02 -0.37014E-05
 0.99998E+00  0.70191E-02 -0.20113E-05
 0.10000E+01  0.70191E-02 -0.62484E-06
 0.10000E+01  0.70191E-02  0.00000E+00
 0.00000E+00  0.85527E-02  0.00000E+00
 0.49709E-05  0.85527E-02 -0.74254E-06
 0.16001E-04  0.85527E-02 -0.23902E-05
 0.29447E-04  0.85527E-02 -0.43986E-05
 0.45836E-04  0.85527E-02 -0.68468E-05
 0.65814E-04  0.85527E-02 -0.98310E-05
 0.90165E-04  0.85527E-02 -0.13468E-04
 0.11985E-03  0.85527E-02 -0.17902E-04
 0.15603E-03  0.85527E-02 -0.23307E-04
 0.20013E-03  0.85527E-02 -0.29894E-04
 0.25388E-03  0.85527E-02 -0.37924E-04
 0.31939E-03  0.85527E-02 -0.47710E-04
 0.39924E-03  0.85527E-02 -0.59638E-04
 0.49656E-03  0.85527E-02 -0.74176E-04
 0.61516E-03  0.85527E-02 -0.91895E-04
 0.75970E-03  0.85527E-02 -0.11349E-03
 0.93583E-03  0.85527E-02 -0.13981E-03
 0.11504E-02  0.85527E-02 -0.17188E-03
 0.14119E-02  0.85527E-02 -0.21096E-03
 0.17305E-02  0.85527E-02 -0.25859E-03
 0.21186E-02  0.85527E-02 -0.31663E-03
 0.25912E-02  0.85527E-02 -0.38735E-03
 0.31667E-02  0.85527E-02 -0.47355E-03
 0.38673E-02  0.85527E-02 -0.57859E-03
 0.47200E-02  0.85527E-02 -0.70664E-03
 0.57574E-02  0.85527E-02 -0.86273E-03
 0.70191E-02  0.85527E-02 -0.10531E-02
 0.85527E-02  0.85527E-02 -0.12852E-02
 0.10416E-01  0.85527E-02 -0.15682E-02
 0.12677E-01  0.85527E-02 -0.19132E-02
 0.15420E-01  0.85527E-02 -0.23332E-02
 0.18742E-01  0.85527E-02 -0.28434E-02
 0.22762E-01  0.85527E-02 -0.34609E-02
 0.27617E-01  0.85527E-02 -0.42038E-02
 0.33469E-01  0.85527E-02 -0.50898E-02
 0.40509E-01  0.85527E-02 -0.61346E-02
 0.48950E-01  0.85527E-02 -0.73488E-02
 0.59040E-01  0.85527E-02 -0.87353E-02
 0.71052E-01  0.85527E-02 -0.10287E-01
 0.85282E-01  0.85527E-02 -0.11985E-01
 0.10204E+00  0.85527E-02 -0.13802E-01
 0.12166E+00  0.85527E-02 -0.15699E-01
 0.14443E+00  0.85527E-02 -0.17636E-01
 0.17063E+00  0.85527E-02 -0.19566E-01
 0.20047E+00  0.85527E-02 -0.21440E-01
 0.23404E+00  0.85527E-02 -0.23204E-01
 0.27131E+00  0.85527E-02 -0.24803E-01
 0.31210E+00  0.85527E-02 -0.26180E-01
 0.35601E+00  0.85527E-02 -0.27285E-01
 0.40249E+00  0.85527E-02 -0.28074E-01
 0.45077E+00  0.85527E-02 -0.28514E-01
 0.50000E+00  0.85527E-02 -0.28587E-01
 0.54923E+00  0.85527E-02 -0.28286E-01
 0.59751E+00  0.85527E-02 -0.27622E-01
 0.64399E+00  0.85527E-02 -0.26619E-01
 0.68790E+00  0.85527E-02 -0.25315E-01
 0.72869E+00  0.85527E-02 -0.23758E-01
 0.76596E+00  0.85527E-02 -0.22007E-01
 0.79953E+00  0.85527E-02 -0.20120E-01
 0.82937E+00  0.85527E-02 -0.18158E-01
 0.85557E+00  0.85527E-02 -0.16178E-01
 0.87834E+00  0.85527E-02 -0.14233E-01
 0.89796E+00  0.85527E-02 -0.12368E-01
 0.91472E+00  0.85527E-02 -0.10622E-01
 0.92895E+00  0.85527E-02 -0.90259E-02
 0.94096E+00  0.85527E-02 -0.75969E-02
 0.95105E+00  0.85527E-02 -0.63430E-02
 0.95949E+00  0.85527E-02 -0.52620E-02
 0.96653E+00  0.85527E-02 -0.43440E-02
 0.97238E+00  0.85527E-02 -0.35739E-02
 0.97724E+00  0.85527E-02 -0.29340E-02
 0.98126E+00  0.85527E-02 -0.24057E-02
 0.98458E+00  0.85527E-02 -0.19714E-02
 0.98732E+00  0.85527E-02 -0.16152E-02
 0.98958E+00  0.85527E-02 -0.13233E-02
 0.99145E+00  0.85527E-02 -0.10842E-02
 0.99298E+00  0.85527E-02 -0.88825E-03
 0.99424E+00  0.85527E-02 -0.72766E-03
 0.99528E+00  0.85527E-02 -0.59599E-03
 0.99613E+00  0.85527E-02 -0.48800E-03
 0.99683E+00  0.85527E-02 -0.39940E-03
 0.99741E+00  0.85527E-02 -0.32671E-03
 0.99788E+00  0.85527E-02 -0.26706E-03
 0.99827E+00  0.85527E-02 -0.21811E-03
 0.99859E+00  0.85527E-02 -0.17794E-03
 0.99885E+00  0.85527E-02 -0.14497E-03
 0.99906E+00  0.85527E-02 -0.11792E-03
 0.99924E+00  0.85527E-02 -0.95724E-04
 0.99938E+00  0.85527E-02 -0.77510E-04
 0.99950E+00  0.85527E-02 -0.62565E-04
 0.99960E+00  0.85527E-02 -0.50303E-04
 0.99968E+00  0.85527E-02 -0.40242E-04
 0.99975E+00  0.85527E-02 -0.31987E-04
 0.99980E+00  0.85527E-02 -0.25215E-04
 0.99984E+00  0.85527E-02 -0.19659E-04
 0.99988E+00  0.85527E-02 -0.15100E-04
 0.99991E+00  0.85527E-02 -0.11360E-04
 0.99993E+00  0.85527E-02 -0.82921E-05
 0.99995E+00  0.85527E-02 -0.57751E-05
 0.99997E+00  0.85527E-02 -0.37101E-05
 0.99998E+00  0.85527E-02 -0.20161E-05
 0.10000E+01  0.85527E-02 -0.62631E-06
 0.10000E+01  0.85527E-02  0.00000E+00
 0.00000E+00  0.10416E-01  0.00000E+00
 0.49709E-05  0.10416E-01 -0.74612E-06
 0.16001E-04  0.10416E-01 -0.24017E-05
 0.29447E-04  0.10416E-01 -0.44199E-05
 0.45836E-04  0.10416E-01 -0.68799E-05
 0.65814E-04  0.10416E-01 -0.98785E-05
 0.90165E-04  0.10416E-01 -0.13534E-04
 0.11985E-03  0.10416E-01 -0.17989E-04
 0.15603E-03  0.10416E-01 -0.23419E-04
 0.20013E-03  0.10416E-01 -0.30039E-04
 0.25388E-03  0.10416E-01 -0.38107E-04
 0.31939E-03  0.10416E-01 -0.47941E-04
 0.39924E-03  0.10416E-01 -0.59926E-04
 0.49656E-03  0.10416E-01 -0.74535E-04
 0.61516E-03  0.10416E-01 -0.92339E-04
 0.75970E-03  0.10416E-01 -0.11404E-03
 0.93583E-03  0.10416E-01 -0.14048E-03
 0.11504E-02  0.10416E-01 -0.17271E-03
 0.14119E-02  0.10416E-01 -0.21198E-03
 0.17305E-02  0.10416E-01 -0.25985E-03
 0.21186E-02  0.10416E-01 -0.31817E-03
 0.25912E-02  0.10416E-01 -0.38925E-03
 0.31667E-02  0.10416E-01 -0.47588E-03
 0.38673E-02  0.10416E-01 -0.58148E-03
 0.47200E-02  0.10416E-01 -0.71020E-03
 0.57574E-02  0.10416E-01 -0.86716E-03
 0.70191E-02  0.10416E-01 -0.10586E-02
 0.85527E-02  0.10416E-01 -0.12921E-02
 0.10416E-01  0.10416E-01 -0.15769E-02
 0.12677E-01  0.10416E-01 -0.19241E-02
 0.15420E-01  0.10416E-01 -0.23471E-02
 0.18742E-01  0.10416E-01 -0.28612E-02
 0.22762E-01  0.10416E-01 -0.34834E-02
 0.27617E-01  0.10416E-01 -0.42322E-02
 0.33469E-01  0.10416E-01 -0.51253E-02
 0.40509E-01  0.10416E-01 -0.61783E-02
 0.48950E-01  0.10416E-01 -0.74021E-02
 0.59040E-01  0.10416E-01 -0.87993E-02
 0.71052E-01  0.10416E-01 -0.10363E-01
 0.85282E-01  0.10416E-01 -0.12074E-01
 0.10204E+00  0.10416E-01 -0.13903E-01
 0.12166E+00  0.10416E-01 -0.15815E-01
 0.14443E+00  0.10416E-01 -0.17766E-01
 0.17063E+00  0.10416E-01 -0.19710E-01
 0.20047E+00  0.10416E-01 -0.21598E-01
 0.23404E+00  0.10416E-01 -0.23375E-01
 0.27131E+00  0.10416E-01 -0.24985E-01
 0.31210E+00  0.10416E-01 -0.26372E-01
 0.35601E+00  0.10416E-01 -0.27484E-01
 0.40249E+00  0.10416E-01 -0.28278E-01
 0.45077E+00  0.10416E-01 -0.28720E-01
 0.50000E+00  0.10416E-01 -0.28792E-01
 0.54923E+00  0.10416E-01 -0.28488E-01
 0.59751E+00  0.10416E-01 -0.27817E-01
 0.64399E+00  0.10416E-01 -0.26804E-01
 0.68790E+00  0.10416E-01 -0.25489E-01
 0.72869E+00  0.10416E-01 -0.23919E-01
 0.76596E+00  0.10416E-01 -0.22153E-01
 0.79953E+00  0.10416E-01 -0.20251E-01
 0.82937E+00  0.10416E-01 -0.18274E-01
 0.85557E+00  0.10416E-01 -0.16279E-01
 0.87834E+00  0.10416E-01 -0.14319E-01
 0.89796E+00  0.10416E-01 -0.12441E-01
 0.91472E+00  0.10416E-01 -0.10683E-01
 0.92895E+00  0.10416E-01 -0.90763E-02
 0.94096E+00  0.10416E-01 -0.76379E-02
 0.95105E+00  0.10416E-01 -0.63760E-02
 0.95949E+00  0.10416E-01 -0.52883E-02
 0.96653E+00  0.10416E-01 -0.43647E-02
 0.97238E+00  0.10416E-01 -0.35900E-02
 0.97724E+00  0.10416E-01 -0.29464E-02
 0.98126E+00  0.10416E-01 -0.24153E-02
 0.98458E+00  0.10416E-01 -0.19788E-02
 0.98732E+00  0.10416E-01 -0.16209E-02
 0.98958E+00  0.10416E-01 -0.13278E-02
 0.99145E+00  0.10416E-01 -0.10877E-02
 0.99298E+00  0.10416E-01 -0.89104E-03
 0.99424E+00  0.10416E-01 -0.72989E-03
 0.99528E+00  0.10416E-01 -0.59778E-03
 0.99613E+00  0.10416E-01 -0.48944E-03
 0.99683E+00  0.10416E-01 -0.40057E-03
 0.99741E+00  0.10416E-01 -0.32765E-03
 0.99788E+00  0.10416E-01 -0.26782E-03
 0.99827E+00  0.10416E-01 -0.21873E-03
 0.99859E+00  0.10416E-01 -0.17844E-03
 0.99885E+00  0.10416E-01 -0.14538E-03
 0.99906E+00  0.10416E-01 -0.11826E-03
 0.99924E+00  0.10416E-01 -0.95996E-04
 0.99938E+00  0.10416E-01 -0.77730E-04
 0.99950E+00  0.10416E-01 -0.62743E-04
 0.99960E+00  0.10416E-01 -0.50446E-04
 0.99968E+00  0.10416E-01 -0.40356E-04
 0.99975E+00  0.10416E-01 -0.32078E-04
 0.99980E+00  0.10416E-01 -0.25286E-04
 0.99984E+00  0.10416E-01 -0.19714E-04
 0.99988E+00  0.10416E-01 -0.15143E-04
 0.99991E+00  0.10416E-01 -0.11392E-04
 0.99993E+00  0.10416E-01 -0.83156E-05
 0.99995E+00  0.10416E-01 -0.57914E-05
 0.99997E+00  0.10416E-01 -0.37206E-05
 0.99998E+00  0.10416E-01 -0.20218E-05
 0.10000E+01  0.10416E-01 -0.62808E-06
 0.10000E+01  0.10416E-01  0.00000E+00
 0.00000E+00  0.12677E-01  0.00000E+00
 0.49709E-05  0.12677E-01 -0.75041E-06
 0.16001E-04  0.12677E-01 -0.24156E-05
 0.29447E-04  0.12677E-01 -0.44453E-05
 0.45836E-04  0.12677E-01 -0.69194E-05
 0.65814E-04  0.12677E-01 -0.99353E-05
 0.90165E-04  0.12677E-01 -0.13611E-04
 0.11985E-03  0.12677E-01 -0.18092E-04
 0.15603E-03  0.12677E-01 -0.23554E-04
 0.20013E-03  0.12677E-01 -0.30211E-04
 0.25388E-03  0.12677E-01 -0.38326E-04
 0.31939E-03  0.12677E-01 -0.48216E-04
 0.39924E-03  0.12677E-01 -0.60271E-04
 0.49656E-03  0.12677E-01 -0.74964E-04
 0.61516E-03  0.12677E-01 -0.92871E-04
 0.75970E-03  0.12677E-01 -0.11469E-03
 0.93583E-03  0.12677E-01 -0.14129E-03
 0.11504E-02  0.12677E-01 -0.17371E-03
 0.14119E-02  0.12677E-01 -0.21321E-03
 0.17305E-02  0.12677E-01 -0.26135E-03
 0.21186E-02  0.12677E-01 -0.32002E-03
 0.25912E-02  0.12677E-01 -0.39152E-03
 0.31667E-02  0.12677E-01 -0.47867E-03
 0.38673E-02  0.12677E-01 -0.58491E-03
 0.47200E-02  0.12677E-01 -0.71444E-03
 0.57574E-02  0.12677E-01 -0.87240E-03
 0.70191E-02  0.12677E-01 -0.10651E-02
 0.85527E-02  0.12677E-01 -0.13002E-02
 0.10416E-01  0.12677E-01 -0.15871E-02
 0.12677E-01  0.12677E-01 -0.19371E-02
 0.15420E-01  0.12677E-01 -0.23635E-02
 0.18742E-01  0.12677E-01 -0.28820E-02
 0.22762E-01  0.12677E-01 -0.35099E-02
 0.27617E-01  0.12677E-01 -0.42657E-02
 0.33469E-01  0.12677E-01 -0.51674E-02
 0.40509E-01  0.12677E-01 -0.62306E-02
 0.48950E-01  0.12677E-01 -0.74661E-02
 0.59040E-01  0.12677E-01 -0.88766E-02
 0.71052E-01  0.12677E-01 -0.10455E-01
 0.85282E-01  0.12677E-01 -0.12182E-01
 0.10204E+00  0.12677E-01 -0.14028E-01
 0.12166E+00  0.12677E-01 -0.15958E-01
 0.14443E+00  0.12677E-01 -0.17927E-01
 0.17063E+00  0.12677E-01 -0.19889E-01
 0.20047E+00  0.12677E-01 -0.21794E-01
 0.23404E+00  0.12677E-01 -0.23588E-01
 0.27131E+00  0.12677E-01 -0.25212E-01
 0.31210E+00  0.12677E-01 -0.26611E-01
 0.35601E+00  0.12677E-01 -0.27732E-01
 0.40249E+00  0.12677E-01 -0.28532E-01
 0.45077E+00  0.12677E-01 -0.28977E-01
 0.50000E+00  0.12677E-01 -0.29047E-01
 0.54923E+00  0.12677E-01 -0.28738E-01
 0.59751E+00  0.12677E-01 -0.28058E-01
 0.64399E+00  0.12677E-01 -0.27034E-01
 0.68790E+00  0.12677E-01 -0.25704E-01
 0.72869E+00  0.12677E-01 -0.24117E-01
 0.76596E+00  0.12677E-01 -0.22332E-01
 0.79953E+00  0.12677E-01 -0.20411E-01
 0.82937E+00  0.12677E-01 -0.18414E-01
 0.85557E+00  0.12677E-01 -0.16400E-01
 0.87834E+00  0.12677E-01 -0.14422E-01
 0.89796E+00  0.12677E-01 -0.12528E-01
 0.91472E+00  0.12677E-01 -0.10755E-01
 0.92895E+00  0.12677E-01 -0.91349E-02
 0.94096E+00  0.12677E-01 -0.76852E-02
 0.95105E+00  0.12677E-01 -0.64136E-02
 0.95949E+00  0.12677E-01 -0.53178E-02
 0.96653E+00  0.12677E-01 -0.43877E-02
 0.97238E+00  0.12677E-01 -0.36078E-02
 0.97724E+00  0.12677E-01 -0.29601E-02
 0.98126E+00  0.12677E-01 -0.24258E-02
 0.98458E+00  0.12677E-01 -0.19869E-02
 0.98732E+00  0.12677E-01 -0.16272E-02
 0.98958E+00  0.12677E-01 -0.13327E-02
 0.99145E+00  0.12677E-01 -0.10915E-02
 0.99298E+00  0.12677E-01 -0.89410E-03
 0.99424E+00  0.12677E-01 -0.73233E-03
 0.99528E+00  0.12677E-01 -0.59974E-03
 0.99613E+00  0.12677E-01 -0.49102E-03
 0.99683E+00  0.12677E-01 -0.40185E-03
 0.99741E+00  0.12677E-01 -0.32869E-03
 0.99788E+00  0.12677E-01 -0.26867E-03
 0.99827E+00  0.12677E-01 -0.21942E-03
 0.99859E+00  0.12677E-01 -0.17901E-03
 0.99885E+00  0.12677E-01 -0.14584E-03
 0.99906E+00  0.12677E-01 -0.11863E-03
 0.99924E+00  0.12677E-01 -0.96297E-04
 0.99938E+00  0.12677E-01 -0.77974E-04
 0.99950E+00  0.12677E-01 -0.62939E-04
 0.99960E+00  0.12677E-01 -0.50604E-04
 0.99968E+00  0.12677E-01 -0.40483E-04
 0.99975E+00  0.12677E-01 -0.32179E-04
 0.99980E+00  0.12677E-01 -0.25366E-04
 0.99984E+00  0.12677E-01 -0.19776E-04
 0.99988E+00  0.12677E-01 -0.15190E-04
 0.99991E+00  0.12677E-01 -0.11428E-04
 0.99993E+00  0.12677E-01 -0.83417E-05
 0.99995E+00  0.12677E-01 -0.58096E-05
 0.99997E+00  0.12677E-01 -0.37323E-05
 0.99998E+00  0.12677E-01 -0.20281E-05
 0.10000E+01  0.12677E-01 -0.63005E-06
 0.10000E+01  0.12677E-01  0.00000E+00
 0.00000E+00  0.15420E-01  0.00000E+00
 0.49709E-05  0.15420E-01 -0.75513E-06
 0.16001E-04  0.15420E-01 -0.24307E-05
 0.29447E-04  0.15420E-01 -0.44732E-05
 0.45836E-04  0.15420E-01 -0.69629E-05
 0.65814E-04  0.15420E-01 -0.99977E-05
 0.90165E-04  0.15420E-01 -0.13697E-04
 0.11985E-03  0.15420E-01 -0.18206E-04
 0.15603E-03  0.15420E-01 -0.23702E-04
 0.20013E-03  0.15420E-01 -0.30401E-04
 0.25388E-03  0.15420E-01 -0.38567E-04
 0.31939E-03  0.15420E-01 -0.48519E-04
 0.39924E-03  0.15420E-01 -0.60650E-04
 0.49656E-03  0.15420E-01 -0.75435E-04
 0.61516E-03  0.15420E-01 -0.93455E-04
 0.75970E-03  0.15420E-01 -0.11542E-03
 0.93583E-03  0.15420E-01 -0.14218E-03
 0.11504E-02  0.15420E-01 -0.17480E-03
 0.14119E-02  0.15420E-01 -0.21455E-03
 0.17305E-02  0.15420E-01 -0.26300E-03
 0.21186E-02  0.15420E-01 -0.32204E-03
 0.25912E-02  0.15420E-01 -0.39401E-03
 0.31667E-02  0.15420E-01 -0.48172E-03
 0.38673E-02  0.15420E-01 -0.58866E-03
 0.47200E-02  0.15420E-01 -0.71907E-03
 0.57574E-02  0.15420E-01 -0.87813E-03
 0.70191E-02  0.15420E-01 -0.10722E-02
 0.85527E-02  0.15420E-01 -0.13091E-02
 0.10416E-01  0.15420E-01 -0.15982E-02
 0.12677E-01  0.15420E-01 -0.19511E-02
 0.15420E-01  0.15420E-01 -0.23813E-02
 0.18742E-01  0.15420E-01 -0.29047E-02
 0.22762E-01  0.15420E-01 -0.35389E-02
 0.27617E-01  0.15420E-01 -0.43025E-02
 0.33469E-01  0.15420E-01 -0.52139E-02
 0.40509E-01  0.15420E-01 -0.62888E-02
 0.48950E-01  0.15420E-01 -0.75380E-02
 0.59040E-01  0.15420E-01 -0.89643E-02
 0.71052E-01  0.15420E-01 -0.10560E-01
 0.85282E-01  0.15420E-01 -0.12306E-01
 0.10204E+00  0.15420E-01 -0.14173E-01
 0.12166E+00  0.15420E-01 -0.16124E-01
 0.14443E+00  0.15420E-01 -0.18115E-01
 0.17063E+00  0.15420E-01 -0.20100E-01
 0.20047E+00  0.15420E-01 -0.22026E-01
 0.23404E+00  0.15420E-01 -0.23839E-01
 0.27131E+00  0.15420E-01 -0.25481E-01
 0.31210E+00  0.15420E-01 -0.26895E-01
 0.35601E+00  0.15420E-01 -0.28028E-01
 0.40249E+00  0.15420E-01 -0.28835E-01
 0.45077E+00  0.15420E-01 -0.29282E-01
 0.50000E+00  0.15420E-01 -0.29351E-01
 0.54923E+00  0.15420E-01 -0.29035E-01
 0.59751E+00  0.15420E-01 -0.28344E-01
 0.64399E+00  0.15420E-01 -0.27305E-01
 0.68790E+00  0.15420E-01 -0.25957E-01
 0.72869E+00  0.15420E-01 -0.24349E-01
 0.76596E+00  0.15420E-01 -0.22542E-01
 0.79953E+00  0.15420E-01 -0.20597E-01
 0.82937E+00  0.15420E-01 -0.18576E-01
 0.85557E+00  0.15420E-01 -0.16539E-01
 0.87834E+00  0.15420E-01 -0.14539E-01
 0.89796E+00  0.15420E-01 -0.12624E-01
 0.91472E+00  0.15420E-01 -0.10834E-01
 0.92895E+00  0.15420E-01 -0.91979E-02
 0.94096E+00  0.15420E-01 -0.77351E-02
 0.95105E+00  0.15420E-01 -0.64526E-02
 0.95949E+00  0.15420E-01 -0.53479E-02
 0.96653E+00  0.15420E-01 -0.44106E-02
 0.97238E+00  0.15420E-01 -0.36252E-02
 0.97724E+00  0.15420E-01 -0.29733E-02
 0.98126E+00  0.15420E-01 -0.24358E-02
 0.98458E+00  0.15420E-01 -0.19946E-02
 0.98732E+00  0.15420E-01 -0.16331E-02
 0.98958E+00  0.15420E-01 -0.13373E-02
 0.99145E+00  0.15420E-01 -0.10952E-02
 0.99298E+00  0.15420E-01 -0.89699E-03
 0.99424E+00  0.15420E-01 -0.73464E-03
 0.99528E+00  0.15420E-01 -0.60160E-03
 0.99613E+00  0.15420E-01 -0.49253E-03
 0.99683E+00  0.15420E-01 -0.40307E-03
 0.99741E+00  0.15420E-01 -0.32969E-03
 0.99788E+00  0.15420E-01 -0.26948E-03
 0.99827E+00  0.15420E-01 -0.22008E-03
 0.99859E+00  0.15420E-01 -0.17954E-03
 0.99885E+00  0.15420E-01 -0.14628E-03
 0.99906E+00  0.15420E-01 -0.11898E-03
 0.99924E+00  0.15420E-01 -0.96584E-04
 0.99938E+00  0.15420E-01 -0.78206E-04
 0.99950E+00  0.15420E-01 -0.63127E-04
 0.99960E+00  0.15420E-01 -0.50754E-04
 0.99968E+00  0.15420E-01 -0.40603E-04
 0.99975E+00  0.15420E-01 -0.32274E-04
 0.99980E+00  0.15420E-01 -0.25441E-04
 0.99984E+00  0.15420E-01 -0.19835E-04
 0.99988E+00  0.15420E-01 -0.15236E-04
 0.99991E+00  0.15420E-01 -0.11462E-04
 0.99993E+00  0.15420E-01 -0.83665E-05
 0.99995E+00  0.15420E-01 -0.58269E-05
 0.99997E+00  0.15420E-01 -0.37434E-05
 0.99998E+00  0.15420E-01 -0.20341E-05
 0.10000E+01  0.15420E-01 -0.63193E-06
 0.10000E+01  0.15420E-01  0.00000E+00
 0.00000E+00  0.18742E-01  0.00000E+00
 0.49709E-05  0.18742E-01 -0.75964E-06
 0.16001E-04  0.18742E-01 -0.24453E-05
 0.29447E-04  0.18742E-01 -0.44999E-05
 0.45836E-04  0.18742E-01 -0.70045E-05
 0.65814E-04  0.18742E-01 -0.10057E-04
 0.90165E-04  0.18742E-01 -0.13779E-04
 0.11985E-03  0.18742E-01 -0.18315E-04
 0.15603E-03  0.18742E-01 -0.23844E-04
 0.20013E-03  0.18742E-01 -0.30583E-04
 0.25388E-03  0.18742E-01 -0.38797E-04
 0.31939E-03  0.18742E-01 -0.48809E-04
 0.39924E-03  0.18742E-01 -0.61012E-04
 0.49656E-03  0.18742E-01 -0.75886E-04
 0.61516E-03  0.18742E-01 -0.94013E-04
 0.75970E-03  0.18742E-01 -0.11611E-03
 0.93583E-03  0.18742E-01 -0.14303E-03
 0.11504E-02  0.18742E-01 -0.17585E-03
 0.14119E-02  0.18742E-01 -0.21584E-03
 0.17305E-02  0.18742E-01 -0.26458E-03
 0.21186E-02  0.18742E-01 -0.32398E-03
 0.25912E-02  0.18742E-01 -0.39638E-03
 0.31667E-02  0.18742E-01 -0.48464E-03
 0.38673E-02  0.18742E-01 -0.59224E-03
 0.47200E-02  0.18742E-01 -0.72347E-03
 0.57574E-02  0.18742E-01 -0.88357E-03
 0.70191E-02  0.18742E-01 -0.10789E-02
 0.85527E-02  0.18742E-01 -0.13175E-02
 0.10416E-01  0.18742E-01 -0.16088E-02
 0.12677E-01  0.18742E-01 -0.19644E-02
 0.15420E-01  0.18742E-01 -0.23983E-02
 0.18742E-01  0.18742E-01 -0.29264E-02
 0.22762E-01  0.18742E-01 -0.35668E-02
 0.27617E-01  0.18742E-01 -0.43384E-02
 0.33469E-01  0.18742E-01 -0.52599E-02
 0.40509E-01  0.18742E-01 -0.63473E-02
 0.48950E-01  0.18742E-01 -0.76114E-02
 0.59040E-01  0.18742E-01 -0.90550E-02
 0.71052E-01  0.18742E-01 -0.10670E-01
 0.85282E-01  0.18742E-01 -0.12438E-01
 0.10204E+00  0.18742E-01 -0.14329E-01
 0.12166E+00  0.18742E-01 -0.16305E-01
 0.14443E+00  0.18742E-01 -0.18322E-01
 0.17063E+00  0.18742E-01 -0.20332E-01
 0.20047E+00  0.18742E-01 -0.22284E-01
 0.23404E+00  0.18742E-01 -0.24120E-01
 0.27131E+00  0.18742E-01 -0.25783E-01
 0.31210E+00  0.18742E-01 -0.27213E-01
 0.35601E+00  0.18742E-01 -0.28359E-01
 0.40249E+00  0.18742E-01 -0.29174E-01
 0.45077E+00  0.18742E-01 -0.29625E-01
 0.50000E+00  0.18742E-01 -0.29691E-01
 0.54923E+00  0.18742E-01 -0.29367E-01
 0.59751E+00  0.18742E-01 -0.28664E-01
 0.64399E+00  0.18742E-01 -0.27607E-01
 0.68790E+00  0.18742E-01 -0.26237E-01
 0.72869E+00  0.18742E-01 -0.24604E-01
 0.76596E+00  0.18742E-01 -0.22770E-01
 0.79953E+00  0.18742E-01 -0.20796E-01
 0.82937E+00  0.18742E-01 -0.18748E-01
 0.85557E+00  0.18742E-01 -0.16683E-01
 0.87834E+00  0.18742E-01 -0.14658E-01
 0.89796E+00  0.18742E-01 -0.12721E-01
 0.91472E+00  0.18742E-01 -0.10911E-01
 0.92895E+00  0.18742E-01 -0.92577E-02
 0.94096E+00  0.18742E-01 -0.77807E-02
 0.95105E+00  0.18742E-01 -0.64869E-02
 0.95949E+00  0.18742E-01 -0.53733E-02
 0.96653E+00  0.18742E-01 -0.44293E-02
 0.97238E+00  0.18742E-01 -0.36388E-02
 0.97724E+00  0.18742E-01 -0.29833E-02
 0.98126E+00  0.18742E-01 -0.24432E-02
 0.98458E+00  0.18742E-01 -0.20001E-02
 0.98732E+00  0.18742E-01 -0.16373E-02
 0.98958E+00  0.18742E-01 -0.13405E-02
 0.99145E+00  0.18742E-01 -0.10977E-02
 0.99298E+00  0.18742E-01 -0.89895E-03
 0.99424E+00  0.18742E-01 -0.73621E-03
 0.99528E+00  0.18742E-01 -0.60286E-03
 0.99613E+00  0.18742E-01 -0.49354E-03
 0.99683E+00  0.18742E-01 -0.40389E-03
 0.99741E+00  0.18742E-01 -0.33036E-03
 0.99788E+00  0.18742E-01 -0.27002E-03
 0.99827E+00  0.18742E-01 -0.22052E-03
 0.99859E+00  0.18742E-01 -0.17990E-03
 0.99885E+00  0.18742E-01 -0.14657E-03
 0.99906E+00  0.18742E-01 -0.11922E-03
 0.99924E+00  0.18742E-01 -0.96778E-04
 0.99938E+00  0.18742E-01 -0.78363E-04
 0.99950E+00  0.18742E-01 -0.63253E-04
 0.99960E+00  0.18742E-01 -0.50856E-04
 0.99968E+00  0.18742E-01 -0.40684E-04
 0.99975E+00  0.18742E-01 -0.32339E-04
 0.99980E+00  0.18742E-01 -0.25492E-04
 0.99984E+00  0.18742E-01 -0.19875E-04
 0.99988E+00  0.18742E-01 -0.15266E-04
 0.99991E+00  0.18742E-01 -0.11485E-04
 0.99993E+00  0.18742E-01 -0.83833E-05
 0.99995E+00  0.18742E-01 -0.58385E-05
 0.99997E+00  0.18742E-01 -0.37509E-05
 0.99998E+00  0.18742E-01 -0.20382E-05
 0.10000E+01  0.18742E-01 -0.63319E-06
 0.10000E+01  0.18742E-01  0.00000E+00
 0.00000E+00  0.22762E-01  0.00000E+00
 0.49709E-05  0.22762E-01 -0.76284E-06
 0.16001E-04  0.22762E-01 -0.24556E-05
 0.29447E-04  0.22762E-01 -0.45189E-05
 0.45836E-04  0.22762E-01 -0.70341E-05
 0.65814E-04  0.22762E-01 -0.10100E-04
 0.90165E-04  0.22762E-01 -0.13837E-04
 0.11985E-03  0.22762E-01 -0.18392E-04
 0.15603E-03  0.22762E-01 -0.23944E-04
 0.20013E-03  0.22762E-01 -0.30712E-04
 0.25388E-03  0.22762E-01 -0.38961E-04
 0.31939E-03  0.22762E-01 -0.49015E-04
 0.39924E-03  0.22762E-01 -0.61270E-04
 0.49656E-03  0.22762E-01 -0.76206E-04
 0.61516E-03  0.22762E-01 -0.94410E-04
 0.75970E-03  0.22762E-01 -0.11660E-03
 0.93583E-03  0.22762E-01 -0.14364E-03
 0.11504E-02  0.22762E-01 -0.17659E-03
 0.14119E-02  0.22762E-01 -0.21675E-03
 0.17305E-02  0.22762E-01 -0.26569E-03
 0.21186E-02  0.22762E-01 -0.32535E-03
 0.25912E-02  0.22762E-01 -0.39806E-03
 0.31667E-02  0.22762E-01 -0.48670E-03
 0.38673E-02  0.22762E-01 -0.59477E-03
 0.47200E-02  0.22762E-01 -0.72659E-03
 0.57574E-02  0.22762E-01 -0.88741E-03
 0.70191E-02  0.22762E-01 -0.10837E-02
 0.85527E-02  0.22762E-01 -0.13235E-02
 0.10416E-01  0.22762E-01 -0.16163E-02
 0.12677E-01  0.22762E-01 -0.19740E-02
 0.15420E-01  0.22762E-01 -0.24106E-02
 0.18742E-01  0.22762E-01 -0.29425E-02
 0.22762E-01  0.22762E-01 -0.35879E-02
 0.27617E-01  0.22762E-01 -0.43664E-02
 0.33469E-01  0.22762E-01 -0.52969E-02
 0.40509E-01  0.22762E-01 -0.63959E-02
 0.48950E-01  0.22762E-01 -0.76744E-02
 0.59040E-01  0.22762E-01 -0.91354E-02
 0.71052E-01  0.22762E-01 -0.10771E-01
 0.85282E-01  0.22762E-01 -0.12562E-01
 0.10204E+00  0.22762E-01 -0.14478E-01
 0.12166E+00  0.22762E-01 -0.16481E-01
 0.14443E+00  0.22762E-01 -0.18527E-01
 0.17063E+00  0.22762E-01 -0.20565E-01
 0.20047E+00  0.22762E-01 -0.22545E-01
 0.23404E+00  0.22762E-01 -0.24407E-01
 0.27131E+00  0.22762E-01 -0.26092E-01
 0.31210E+00  0.22762E-01 -0.27542E-01
 0.35601E+00  0.22762E-01 -0.28702E-01
 0.40249E+00  0.22762E-01 -0.29527E-01
 0.45077E+00  0.22762E-01 -0.29981E-01
 0.50000E+00  0.22762E-01 -0.30044E-01
 0.54923E+00  0.22762E-01 -0.29711E-01
 0.59751E+00  0.22762E-01 -0.28992E-01
 0.64399E+00  0.22762E-01 -0.27915E-01
 0.68790E+00  0.22762E-01 -0.26520E-01
 0.72869E+00  0.22762E-01 -0.24859E-01
 0.76596E+00  0.22762E-01 -0.22994E-01
 0.79953E+00  0.22762E-01 -0.20990E-01
 0.82937E+00  0.22762E-01 -0.18910E-01
 0.85557E+00  0.22762E-01 -0.16816E-01
 0.87834E+00  0.22762E-01 -0.14764E-01
 0.89796E+00  0.22762E-01 -0.12802E-01
 0.91472E+00  0.22762E-01 -0.10971E-01
 0.92895E+00  0.22762E-01 -0.93016E-02
 0.94096E+00  0.22762E-01 -0.78112E-02
 0.95105E+00  0.22762E-01 -0.65073E-02
 0.95949E+00  0.22762E-01 -0.53863E-02
 0.96653E+00  0.22762E-01 -0.44372E-02
 0.97238E+00  0.22762E-01 -0.36434E-02
 0.97724E+00  0.22762E-01 -0.29858E-02
 0.98126E+00  0.22762E-01 -0.24444E-02
 0.98458E+00  0.22762E-01 -0.20006E-02
 0.98732E+00  0.22762E-01 -0.16374E-02
 0.98958E+00  0.22762E-01 -0.13405E-02
 0.99145E+00  0.22762E-01 -0.10976E-02
 0.99298E+00  0.22762E-01 -0.89882E-03
 0.99424E+00  0.22762E-01 -0.73607E-03
 0.99528E+00  0.22762E-01 -0.60274E-03
 0.99613E+00  0.22762E-01 -0.49344E-03
 0.99683E+00  0.22762E-01 -0.40380E-03
 0.99741E+00  0.22762E-01 -0.33028E-03
 0.99788E+00  0.22762E-01 -0.26996E-03
 0.99827E+00  0.22762E-01 -0.22047E-03
 0.99859E+00  0.22762E-01 -0.17986E-03
 0.99885E+00  0.22762E-01 -0.14654E-03
 0.99906E+00  0.22762E-01 -0.11919E-03
 0.99924E+00  0.22762E-01 -0.96755E-04
 0.99938E+00  0.22762E-01 -0.78345E-04
 0.99950E+00  0.22762E-01 -0.63239E-04
 0.99960E+00  0.22762E-01 -0.50844E-04
 0.99968E+00  0.22762E-01 -0.40675E-04
 0.99975E+00  0.22762E-01 -0.32331E-04
 0.99980E+00  0.22762E-01 -0.25486E-04
 0.99984E+00  0.22762E-01 -0.19870E-04
 0.99988E+00  0.22762E-01 -0.15262E-04
 0.99991E+00  0.22762E-01 -0.11482E-04
 0.99993E+00  0.22762E-01 -0.83813E-05
 0.99995E+00  0.22762E-01 -0.58372E-05
 0.99997E+00  0.22762E-01 -0.37500E-05
 0.99998E+00  0.22762E-01 -0.20377E-05
 0.10000E+01  0.22762E-01 -0.63304E-06
 0.10000E+01  0.22762E-01  0.00000E+00
 0.00000E+00  0.27617E-01  0.00000E+00
 0.49709E-05  0.27617E-01 -0.76313E-06
 0.16001E-04  0.27617E-01 -0.24565E-05
 0.29447E-04  0.27617E-01 -0.45206E-05
 0.45836E-04  0.27617E-01 -0.70367E-05
 0.65814E-04  0.27617E-01 -0.10104E-04
 0.90165E-04  0.27617E-01 -0.13842E-04
 0.11985E-03  0.27617E-01 -0.18399E-04
 0.15603E-03  0.27617E-01 -0.23953E-04
 0.20013E-03  0.27617E-01 -0.30723E-04
 0.25388E-03  0.27617E-01 -0.38975E-04
 0.31939E-03  0.27617E-01 -0.49033E-04
 0.39924E-03  0.27617E-01 -0.61293E-04
 0.49656E-03  0.27617E-01 -0.76234E-04
 0.61516E-03  0.27617E-01 -0.94445E-04
 0.75970E-03  0.27617E-01 -0.11664E-03
 0.93583E-03  0.27617E-01 -0.14369E-03
 0.11504E-02  0.27617E-01 -0.17665E-03
 0.14119E-02  0.27617E-01 -0.21683E-03
 0.17305E-02  0.27617E-01 -0.26579E-03
 0.21186E-02  0.27617E-01 -0.32547E-03
 0.25912E-02  0.27617E-01 -0.39821E-03
 0.31667E-02  0.27617E-01 -0.48688E-03
 0.38673E-02  0.27617E-01 -0.59500E-03
 0.47200E-02  0.27617E-01 -0.72688E-03
 0.57574E-02  0.27617E-01 -0.88778E-03
 0.70191E-02  0.27617E-01 -0.10842E-02
 0.85527E-02  0.27617E-01 -0.13241E-02
 0.10416E-01  0.27617E-01 -0.16173E-02
 0.12677E-01  0.27617E-01 -0.19755E-02
 0.15420E-01  0.27617E-01 -0.24130E-02
 0.18742E-01  0.27617E-01 -0.29464E-02
 0.22762E-01  0.27617E-01 -0.35942E-02
 0.27617E-01  0.27617E-01 -0.43765E-02
 0.33469E-01  0.27617E-01 -0.53129E-02
 0.40509E-01  0.27617E-01 -0.64202E-02
 0.48950E-01  0.27617E-01 -0.77102E-02
 0.59040E-01  0.27617E-01 -0.91859E-02
 0.71052E-01  0.27617E-01 -0.10840E-01
 0.85282E-01  0.27617E-01 -0.12653E-01
 0.10204E+00  0.27617E-01 -0.14594E-01
 0.12166E+00  0.27617E-01 -0.16624E-01
 0.14443E+00  0.27617E-01 -0.18698E-01
 0.17063E+00  0.27617E-01 -0.20766E-01
 0.20047E+00  0.27617E-01 -0.22774E-01
 0.23404E+00  0.27617E-01 -0.24663E-01
 0.27131E+00  0.27617E-01 -0.26373E-01
 0.31210E+00  0.27617E-01 -0.27843E-01
 0.35601E+00  0.27617E-01 -0.29019E-01
 0.40249E+00  0.27617E-01 -0.29852E-01
 0.45077E+00  0.27617E-01 -0.30309E-01
 0.50000E+00  0.27617E-01 -0.30369E-01
 0.54923E+00  0.27617E-01 -0.30025E-01
 0.59751E+00  0.27617E-01 -0.29291E-01
 0.64399E+00  0.27617E-01 -0.28192E-01
 0.68790E+00  0.27617E-01 -0.26770E-01
 0.72869E+00  0.27617E-01 -0.25080E-01
 0.76596E+00  0.27617E-01 -0.23183E-01
 0.79953E+00  0.27617E-01 -0.21145E-01
 0.82937E+00  0.27617E-01 -0.19034E-01
 0.85557E+00  0.27617E-01 -0.16910E-01
 0.87834E+00  0.27617E-01 -0.14831E-01
 0.89796E+00  0.27617E-01 -0.12846E-01
 0.91472E+00  0.27617E-01 -0.10997E-01
 0.92895E+00  0.27617E-01 -0.93125E-02
 0.94096E+00  0.27617E-01 -0.78119E-02
 0.95105E+00  0.27617E-01 -0.65013E-02
 0.95949E+00  0.27617E-01 -0.53766E-02
 0.96653E+00  0.27617E-01 -0.44260E-02
 0.97238E+00  0.27617E-01 -0.36321E-02
 0.97724E+00  0.27617E-01 -0.29753E-02
 0.98126E+00  0.27617E-01 -0.24352E-02
 0.98458E+00  0.27617E-01 -0.19926E-02
 0.98732E+00  0.27617E-01 -0.16307E-02
 0.98958E+00  0.27617E-01 -0.13349E-02
 0.99145E+00  0.27617E-01 -0.10930E-02
 0.99298E+00  0.27617E-01 -0.89503E-03
 0.99424E+00  0.27617E-01 -0.73297E-03
 0.99528E+00  0.27617E-01 -0.60020E-03
 0.99613E+00  0.27617E-01 -0.49136E-03
 0.99683E+00  0.27617E-01 -0.40210E-03
 0.99741E+00  0.27617E-01 -0.32889E-03
 0.99788E+00  0.27617E-01 -0.26883E-03
 0.99827E+00  0.27617E-01 -0.21954E-03
 0.99859E+00  0.27617E-01 -0.17910E-03
 0.99885E+00  0.27617E-01 -0.14592E-03
 0.99906E+00  0.27617E-01 -0.11869E-03
 0.99924E+00  0.27617E-01 -0.96349E-04
 0.99938E+00  0.27617E-01 -0.78015E-04
 0.99950E+00  0.27617E-01 -0.62973E-04
 0.99960E+00  0.27617E-01 -0.50631E-04
 0.99968E+00  0.27617E-01 -0.40504E-04
 0.99975E+00  0.27617E-01 -0.32196E-04
 0.99980E+00  0.27617E-01 -0.25379E-04
 0.99984E+00  0.27617E-01 -0.19787E-04
 0.99988E+00  0.27617E-01 -0.15198E-04
 0.99991E+00  0.27617E-01 -0.11434E-04
 0.99993E+00  0.27617E-01 -0.83461E-05
 0.99995E+00  0.27617E-01 -0.58127E-05
 0.99997E+00  0.27617E-01 -0.37343E-05
 0.99998E+00  0.27617E-01 -0.20292E-05
 0.10000E+01  0.27617E-01 -0.63038E-06
 0.10000E+01  0.27617E-01  0.00000E+00
 0.00000E+00  0.33469E-01  0.00000E+00
 0.49709E-05  0.33469E-01 -0.75850E-06
 0.16001E-04  0.33469E-01 -0.24416E-05
 0.29447E-04  0.33469E-01 -0.44932E-05
 0.45836E-04  0.33469E-01 -0.69940E-05
 0.65814E-04  0.33469E-01 -0.10042E-04
 0.90165E-04  0.33469E-01 -0.13758E-04
 0.11985E-03  0.33469E-01 -0.18287E-04
 0.15603E-03  0.33469E-01 -0.23808E-04
 0.20013E-03  0.33469E-01 -0.30537E-04
 0.25388E-03  0.33469E-01 -0.38739E-04
 0.31939E-03  0.33469E-01 -0.48736E-04
 0.39924E-03  0.33469E-01 -0.60921E-04
 0.49656E-03  0.33469E-01 -0.75772E-04
 0.61516E-03  0.33469E-01 -0.93872E-04
 0.75970E-03  0.33469E-01 -0.11593E-03
 0.93583E-03  0.33469E-01 -0.14282E-03
 0.11504E-02  0.33469E-01 -0.17558E-03
 0.14119E-02  0.33469E-01 -0.21551E-03
 0.17305E-02  0.33469E-01 -0.26418E-03
 0.21186E-02  0.33469E-01 -0.32349E-03
 0.25912E-02  0.33469E-01 -0.39579E-03
 0.31667E-02  0.33469E-01 -0.48392E-03
 0.38673E-02  0.33469E-01 -0.59138E-03
 0.47200E-02  0.33469E-01 -0.72244E-03
 0.57574E-02  0.33469E-01 -0.88237E-03
 0.70191E-02  0.33469E-01 -0.10776E-02
 0.85527E-02  0.33469E-01 -0.13161E-02
 0.10416E-01  0.33469E-01 -0.16075E-02
 0.12677E-01  0.33469E-01 -0.19638E-02
 0.15420E-01  0.33469E-01 -0.23991E-02
 0.18742E-01  0.33469E-01 -0.29302E-02
 0.22762E-01  0.33469E-01 -0.35760E-02
 0.27617E-01  0.33469E-01 -0.43569E-02
 0.33469E-01  0.33469E-01 -0.52932E-02
 0.40509E-01  0.33469E-01 -0.64026E-02
 0.48950E-01  0.33469E-01 -0.76975E-02
 0.59040E-01  0.33469E-01 -0.91818E-02
 0.71052E-01  0.33469E-01 -0.10848E-01
 0.85282E-01  0.33469E-01 -0.12678E-01
 0.10204E+00  0.33469E-01 -0.14640E-01
 0.12166E+00  0.33469E-01 -0.16694E-01
 0.14443E+00  0.33469E-01 -0.18795E-01
 0.17063E+00  0.33469E-01 -0.20891E-01
 0.20047E+00  0.33469E-01 -0.22926E-01
 0.23404E+00  0.33469E-01 -0.24842E-01
 0.27131E+00  0.33469E-01 -0.26575E-01
 0.31210E+00  0.33469E-01 -0.28064E-01
 0.35601E+00  0.33469E-01 -0.29254E-01
 0.40249E+00  0.33469E-01 -0.30097E-01
 0.45077E+00  0.33469E-01 -0.30557E-01
 0.50000E+00  0.33469E-01 -0.30613E-01
 0.54923E+00  0.33469E-01 -0.30259E-01
 0.59751E+00  0.33469E-01 -0.29508E-01
 0.64399E+00  0.33469E-01 -0.28387E-01
 0.68790E+00  0.33469E-01 -0.26940E-01
 0.72869E+00  0.33469E-01 -0.25220E-01
 0.76596E+00  0.33469E-01 -0.23292E-01
 0.79953E+00  0.33469E-01 -0.21223E-01
 0.82937E+00  0.33469E-01 -0.19081E-01
 0.85557E+00  0.33469E-01 -0.16930E-01
 0.87834E+00  0.33469E-01 -0.14828E-01
 0.89796E+00  0.33469E-01 -0.12825E-01
 0.91472E+00  0.33469E-01 -0.10962E-01
 0.92895E+00  0.33469E-01 -0.92697E-02
 0.94096E+00  0.33469E-01 -0.77654E-02
 0.95105E+00  0.33469E-01 -0.64546E-02
 0.95949E+00  0.33469E-01 -0.53326E-02
 0.96653E+00  0.33469E-01 -0.43862E-02
 0.97238E+00  0.33469E-01 -0.35975E-02
 0.97724E+00  0.33469E-01 -0.29458E-02
 0.98126E+00  0.33469E-01 -0.24104E-02
 0.98458E+00  0.33469E-01 -0.19721E-02
 0.98732E+00  0.33469E-01 -0.16139E-02
 0.98958E+00  0.33469E-01 -0.13210E-02
 0.99145E+00  0.33469E-01 -0.10816E-02
 0.99298E+00  0.33469E-01 -0.88578E-03
 0.99424E+00  0.33469E-01 -0.72540E-03
 0.99528E+00  0.33469E-01 -0.59401E-03
 0.99613E+00  0.33469E-01 -0.48630E-03
 0.99683E+00  0.33469E-01 -0.39797E-03
 0.99741E+00  0.33469E-01 -0.32551E-03
 0.99788E+00  0.33469E-01 -0.26607E-03
 0.99827E+00  0.33469E-01 -0.21729E-03
 0.99859E+00  0.33469E-01 -0.17727E-03
 0.99885E+00  0.33469E-01 -0.14442E-03
 0.99906E+00  0.33469E-01 -0.11747E-03
 0.99924E+00  0.33469E-01 -0.95360E-04
 0.99938E+00  0.33469E-01 -0.77215E-04
 0.99950E+00  0.33469E-01 -0.62327E-04
 0.99960E+00  0.33469E-01 -0.50111E-04
 0.99968E+00  0.33469E-01 -0.40089E-04
 0.99975E+00  0.33469E-01 -0.31866E-04
 0.99980E+00  0.33469E-01 -0.25119E-04
 0.99984E+00  0.33469E-01 -0.19584E-04
 0.99988E+00  0.33469E-01 -0.15043E-04
 0.99991E+00  0.33469E-01 -0.11317E-04
 0.99993E+00  0.33469E-01 -0.82605E-05
 0.99995E+00  0.33469E-01 -0.57531E-05
 0.99997E+00  0.33469E-01 -0.36960E-05
 0.99998E+00  0.33469E-01 -0.20084E-05
 0.10000E+01  0.33469E-01 -0.62392E-06
 0.10000E+01  0.33469E-01  0.00000E+00
 0.00000E+00  0.40509E-01  0.00000E+00
 0.49709E-05  0.40509E-01 -0.74693E-06
 0.16001E-04  0.40509E-01 -0.24043E-05
 0.29447E-04  0.40509E-01 -0.44246E-05
 0.45836E-04  0.40509E-01 -0.68873E-05
 0.65814E-04  0.40509E-01 -0.98891E-05
 0.90165E-04  0.40509E-01 -0.13548E-04
 0.11985E-03  0.40509E-01 -0.18008E-04
 0.15603E-03  0.40509E-01 -0.23445E-04
 0.20013E-03  0.40509E-01 -0.30071E-04
 0.25388E-03  0.40509E-01 -0.38148E-04
 0.31939E-03  0.40509E-01 -0.47992E-04
 0.39924E-03  0.40509E-01 -0.59991E-04
 0.49656E-03  0.40509E-01 -0.74616E-04
 0.61516E-03  0.40509E-01 -0.92439E-04
 0.75970E-03  0.40509E-01 -0.11416E-03
 0.93583E-03  0.40509E-01 -0.14064E-03
 0.11504E-02  0.40509E-01 -0.17290E-03
 0.14119E-02  0.40509E-01 -0.21222E-03
 0.17305E-02  0.40509E-01 -0.26015E-03
 0.21186E-02  0.40509E-01 -0.31855E-03
 0.25912E-02  0.40509E-01 -0.38974E-03
 0.31667E-02  0.40509E-01 -0.47652E-03
 0.38673E-02  0.40509E-01 -0.58232E-03
 0.47200E-02  0.40509E-01 -0.71137E-03
 0.57574E-02  0.40509E-01 -0.86883E-03
 0.70191E-02  0.40509E-01 -0.10610E-02
 0.85527E-02  0.40509E-01 -0.12959E-02
 0.10416E-01  0.40509E-01 -0.15828E-02
 0.12677E-01  0.40509E-01 -0.19337E-02
 0.15420E-01  0.40509E-01 -0.23626E-02
 0.18742E-01  0.40509E-01 -0.28863E-02
 0.22762E-01  0.40509E-01 -0.35238E-02
 0.27617E-01  0.40509E-01 -0.42959E-02
 0.33469E-01  0.40509E-01 -0.52234E-02
 0.40509E-01  0.40509E-01 -0.63252E-02
 0.48950E-01  0.40509E-01 -0.76147E-02
 0.59040E-01  0.40509E-01 -0.90971E-02
 0.71052E-01  0.40509E-01 -0.10766E-01
 0.85282E-01  0.40509E-01 -0.12603E-01
 0.10204E+00  0.40509E-01 -0.14577E-01
 0.12166E+00  0.40509E-01 -0.16648E-01
 0.14443E+00  0.40509E-01 -0.18769E-01
 0.17063E+00  0.40509E-01 -0.20888E-01
 0.20047E+00  0.40509E-01 -0.22947E-01
 0.23404E+00  0.40509E-01 -0.24885E-01
 0.27131E+00  0.40509E-01 -0.26639E-01
 0.31210E+00  0.40509E-01 -0.28146E-01
 0.35601E+00  0.40509E-01 -0.29349E-01
 0.40249E+00  0.40509E-01 -0.30199E-01
 0.45077E+00  0.40509E-01 -0.30661E-01
 0.50000E+00  0.40509E-01 -0.30714E-01
 0.54923E+00  0.40509E-01 -0.30351E-01
 0.59751E+00  0.40509E-01 -0.29584E-01
 0.64399E+00  0.40509E-01 -0.28444E-01
 0.68790E+00  0.40509E-01 -0.26972E-01
 0.72869E+00  0.40509E-01 -0.25226E-01
 0.76596E+00  0.40509E-01 -0.23271E-01
 0.79953E+00  0.40509E-01 -0.21176E-01
 0.82937E+00  0.40509E-01 -0.19010E-01
 0.85557E+00  0.40509E-01 -0.16839E-01
 0.87834E+00  0.40509E-01 -0.14721E-01
 0.89796E+00  0.40509E-01 -0.12709E-01
 0.91472E+00  0.40509E-01 -0.10842E-01
 0.92895E+00  0.40509E-01 -0.91519E-02
 0.94096E+00  0.40509E-01 -0.76540E-02
 0.95105E+00  0.40509E-01 -0.63531E-02
 0.95949E+00  0.40509E-01 -0.52427E-02
 0.96653E+00  0.40509E-01 -0.43087E-02
 0.97238E+00  0.40509E-01 -0.35319E-02
 0.97724E+00  0.40509E-01 -0.28911E-02
 0.98126E+00  0.40509E-01 -0.23653E-02
 0.98458E+00  0.40509E-01 -0.19351E-02
 0.98732E+00  0.40509E-01 -0.15835E-02
 0.98958E+00  0.40509E-01 -0.12962E-02
 0.99145E+00  0.40509E-01 -0.10614E-02
 0.99298E+00  0.40509E-01 -0.86919E-03
 0.99424E+00  0.40509E-01 -0.71184E-03
 0.99528E+00  0.40509E-01 -0.58292E-03
 0.99613E+00  0.40509E-01 -0.47723E-03
 0.99683E+00  0.40509E-01 -0.39055E-03
 0.99741E+00  0.40509E-01 -0.31945E-03
 0.99788E+00  0.40509E-01 -0.26111E-03
 0.99827E+00  0.40509E-01 -0.21325E-03
 0.99859E+00  0.40509E-01 -0.17397E-03
 0.99885E+00  0.40509E-01 -0.14174E-03
 0.99906E+00  0.40509E-01 -0.11529E-03
 0.99924E+00  0.40509E-01 -0.93587E-04
 0.99938E+00  0.40509E-01 -0.75779E-04
 0.99950E+00  0.40509E-01 -0.61168E-04
 0.99960E+00  0.40509E-01 -0.49180E-04
 0.99968E+00  0.40509E-01 -0.39343E-04
 0.99975E+00  0.40509E-01 -0.31273E-04
 0.99980E+00  0.40509E-01 -0.24652E-04
 0.99984E+00  0.40509E-01 -0.19220E-04
 0.99988E+00  0.40509E-01 -0.14763E-04
 0.99991E+00  0.40509E-01 -0.11107E-04
 0.99993E+00  0.40509E-01 -0.81069E-05
 0.99995E+00  0.40509E-01 -0.56461E-05
 0.99997E+00  0.40509E-01 -0.36272E-05
 0.99998E+00  0.40509E-01 -0.19710E-05
 0.10000E+01  0.40509E-01 -0.61232E-06
 0.10000E+01  0.40509E-01  0.00000E+00
 0.00000E+00  0.48950E-01  0.00000E+00
 0.49709E-05  0.48950E-01 -0.72675E-06
 0.16001E-04  0.48950E-01 -0.23394E-05
 0.29447E-04  0.48950E-01 -0.43051E-05
 0.45836E-04  0.48950E-01 -0.67013E-05
 0.65814E-04  0.48950E-01 -0.96220E-05
 0.90165E-04  0.48950E-01 -0.13182E-04
 0.11985E-03  0.48950E-01 -0.17522E-04
 0.15603E-03  0.48950E-01 -0.22811E-04
 0.20013E-03  0.48950E-01 -0.29259E-04
 0.25388E-03  0.48950E-01 -0.37118E-04
 0.31939E-03  0.48950E-01 -0.46696E-04
 0.39924E-03  0.48950E-01 -0.58371E-04
 0.49656E-03  0.48950E-01 -0.72600E-04
 0.61516E-03  0.48950E-01 -0.89943E-04
 0.75970E-03  0.48950E-01 -0.11108E-03
 0.93583E-03  0.48950E-01 -0.13684E-03
 0.11504E-02  0.48950E-01 -0.16823E-03
 0.14119E-02  0.48950E-01 -0.20649E-03
 0.17305E-02  0.48950E-01 -0.25312E-03
 0.21186E-02  0.48950E-01 -0.30994E-03
 0.25912E-02  0.48950E-01 -0.37920E-03
 0.31667E-02  0.48950E-01 -0.46363E-03
 0.38673E-02  0.48950E-01 -0.56656E-03
 0.47200E-02  0.48950E-01 -0.69210E-03
 0.57574E-02  0.48950E-01 -0.84527E-03
 0.70191E-02  0.48950E-01 -0.10323E-02
 0.85527E-02  0.48950E-01 -0.12607E-02
 0.10416E-01  0.48950E-01 -0.15398E-02
 0.12677E-01  0.48950E-01 -0.18812E-02
 0.15420E-01  0.48950E-01 -0.22987E-02
 0.18742E-01  0.48950E-01 -0.28087E-02
 0.22762E-01  0.48950E-01 -0.34303E-02
 0.27617E-01  0.48950E-01 -0.41842E-02
 0.33469E-01  0.48950E-01 -0.50921E-02
 0.40509E-01  0.48950E-01 -0.61736E-02
 0.48950E-01  0.48950E-01 -0.74437E-02
 0.59040E-01  0.48950E-01 -0.89092E-02
 0.71052E-01  0.48950E-01 -0.10566E-01
 0.85282E-01  0.48950E-01 -0.12396E-01
 0.10204E+00  0.48950E-01 -0.14369E-01
 0.12166E+00  0.48950E-01 -0.16445E-01
 0.14443E+00  0.48950E-01 -0.18576E-01
 0.17063E+00  0.48950E-01 -0.20707E-01
 0.20047E+00  0.48950E-01 -0.22782E-01
 0.23404E+00  0.48950E-01 -0.24736E-01
 0.27131E+00  0.48950E-01 -0.26505E-01
 0.31210E+00  0.48950E-01 -0.28025E-01
 0.35601E+00  0.48950E-01 -0.29238E-01
 0.40249E+00  0.48950E-01 -0.30095E-01
 0.45077E+00  0.48950E-01 -0.30558E-01
 0.50000E+00  0.48950E-01 -0.30607E-01
 0.54923E+00  0.48950E-01 -0.30236E-01
 0.59751E+00  0.48950E-01 -0.29457E-01
 0.64399E+00  0.48950E-01 -0.28300E-01
 0.68790E+00  0.48950E-01 -0.26810E-01
 0.72869E+00  0.48950E-01 -0.25045E-01
 0.76596E+00  0.48950E-01 -0.23070E-01
 0.79953E+00  0.48950E-01 -0.20957E-01
 0.82937E+00  0.48950E-01 -0.18777E-01
 0.85557E+00  0.48950E-01 -0.16598E-01
 0.87834E+00  0.48950E-01 -0.14478E-01
 0.89796E+00  0.48950E-01 -0.12469E-01
 0.91472E+00  0.48950E-01 -0.10614E-01
 0.92895E+00  0.48950E-01 -0.89399E-02
 0.94096E+00  0.48950E-01 -0.74626E-02
 0.95105E+00  0.48950E-01 -0.61846E-02
 0.95949E+00  0.48950E-01 -0.50977E-02
 0.96653E+00  0.48950E-01 -0.41860E-02
 0.97238E+00  0.48950E-01 -0.34295E-02
 0.97724E+00  0.48950E-01 -0.28064E-02
 0.98126E+00  0.48950E-01 -0.22957E-02
 0.98458E+00  0.48950E-01 -0.18780E-02
 0.98732E+00  0.48950E-01 -0.15369E-02
 0.98958E+00  0.48950E-01 -0.12581E-02
 0.99145E+00  0.48950E-01 -0.10302E-02
 0.99298E+00  0.48950E-01 -0.84369E-03
 0.99424E+00  0.48950E-01 -0.69098E-03
 0.99528E+00  0.48950E-01 -0.56585E-03
 0.99613E+00  0.48950E-01 -0.46326E-03
 0.99683E+00  0.48950E-01 -0.37913E-03
 0.99741E+00  0.48950E-01 -0.31011E-03
 0.99788E+00  0.48950E-01 -0.25348E-03
 0.99827E+00  0.48950E-01 -0.20701E-03
 0.99859E+00  0.48950E-01 -0.16888E-03
 0.99885E+00  0.48950E-01 -0.13760E-03
 0.99906E+00  0.48950E-01 -0.11192E-03
 0.99924E+00  0.48950E-01 -0.90853E-04
 0.99938E+00  0.48950E-01 -0.73566E-04
 0.99950E+00  0.48950E-01 -0.59381E-04
 0.99960E+00  0.48950E-01 -0.47743E-04
 0.99968E+00  0.48950E-01 -0.38194E-04
 0.99975E+00  0.48950E-01 -0.30359E-04
 0.99980E+00  0.48950E-01 -0.23932E-04
 0.99984E+00  0.48950E-01 -0.18658E-04
 0.99988E+00  0.48950E-01 -0.14332E-04
 0.99991E+00  0.48950E-01 -0.10782E-04
 0.99993E+00  0.48950E-01 -0.78701E-05
 0.99995E+00  0.48950E-01 -0.54811E-05
 0.99997E+00  0.48950E-01 -0.35213E-05
 0.99998E+00  0.48950E-01 -0.19134E-05
 0.10000E+01  0.48950E-01 -0.59443E-06
 0.10000E+01  0.48950E-01  0.00000E+00
 0.00000E+00  0.59040E-01  0.00000E+00
 0.49709E-05  0.59040E-01 -0.69709E-06
 0.16001E-04  0.59040E-01 -0.22439E-05
 0.29447E-04  0.59040E-01 -0.41294E-05
 0.45836E-04  0.59040E-01 -0.64277E-05
 0.65814E-04  0.59040E-01 -0.92292E-05
 0.90165E-04  0.59040E-01 -0.12644E-04
 0.11985E-03  0.59040E-01 -0.16807E-04
 0.15603E-03  0.59040E-01 -0.21880E-04
 0.20013E-03  0.59040E-01 -0.28064E-04
 0.25388E-03  0.59040E-01 -0.35602E-04
 0.31939E-03  0.59040E-01 -0.44790E-04
 0.39924E-03  0.59040E-01 -0.55988E-04
 0.49656E-03  0.59040E-01 -0.69636E-04
 0.61516E-03  0.59040E-01 -0.86271E-04
 0.75970E-03  0.59040E-01 -0.10654E-03
 0.93583E-03  0.59040E-01 -0.13125E-03
 0.11504E-02  0.59040E-01 -0.16136E-03
 0.14119E-02  0.59040E-01 -0.19806E-03
 0.17305E-02  0.59040E-01 -0.24278E-03
 0.21186E-02  0.59040E-01 -0.29728E-03
 0.25912E-02  0.59040E-01 -0.36371E-03
 0.31667E-02  0.59040E-01 -0.44469E-03
 0.38673E-02  0.59040E-01 -0.54341E-03
 0.47200E-02  0.59040E-01 -0.66381E-03
 0.57574E-02  0.59040E-01 -0.81070E-03
 0.70191E-02  0.59040E-01 -0.99001E-03
 0.85527E-02  0.59040E-01 -0.12090E-02
 0.10416E-01  0.59040E-01 -0.14768E-02
 0.12677E-01  0.59040E-01 -0.18042E-02
 0.15420E-01  0.59040E-01 -0.22047E-02
 0.18742E-01  0.59040E-01 -0.26944E-02
 0.22762E-01  0.59040E-01 -0.32916E-02
 0.27617E-01  0.59040E-01 -0.40174E-02
 0.33469E-01  0.59040E-01 -0.48932E-02
 0.40509E-01  0.59040E-01 -0.59398E-02
 0.48950E-01  0.59040E-01 -0.71737E-02
 0.59040E-01  0.59040E-01 -0.86039E-02
 0.71052E-01  0.59040E-01 -0.10228E-01
 0.85282E-01  0.59040E-01 -0.12032E-01
 0.10204E+00  0.59040E-01 -0.13985E-01
 0.12166E+00  0.59040E-01 -0.16049E-01
 0.14443E+00  0.59040E-01 -0.18174E-01
 0.17063E+00  0.59040E-01 -0.20305E-01
 0.20047E+00  0.59040E-01 -0.22383E-01
 0.23404E+00  0.59040E-01 -0.24343E-01
 0.27131E+00  0.59040E-01 -0.26119E-01
 0.31210E+00  0.59040E-01 -0.27646E-01
 0.35601E+00  0.59040E-01 -0.28864E-01
 0.40249E+00  0.59040E-01 -0.29723E-01
 0.45077E+00  0.59040E-01 -0.30187E-01
 0.50000E+00  0.59040E-01 -0.30232E-01
 0.54923E+00  0.59040E-01 -0.29856E-01
 0.59751E+00  0.59040E-01 -0.29069E-01
 0.64399E+00  0.59040E-01 -0.27902E-01
 0.68790E+00  0.59040E-01 -0.26401E-01
 0.72869E+00  0.59040E-01 -0.24625E-01
 0.76596E+00  0.59040E-01 -0.22642E-01
 0.79953E+00  0.59040E-01 -0.20525E-01
 0.82937E+00  0.59040E-01 -0.18347E-01
 0.85557E+00  0.59040E-01 -0.16175E-01
 0.87834E+00  0.59040E-01 -0.14070E-01
 0.89796E+00  0.59040E-01 -0.12085E-01
 0.91472E+00  0.59040E-01 -0.10260E-01
 0.92895E+00  0.59040E-01 -0.86209E-02
 0.94096E+00  0.59040E-01 -0.71816E-02
 0.95105E+00  0.59040E-01 -0.59421E-02
 0.95949E+00  0.59040E-01 -0.48919E-02
 0.96653E+00  0.59040E-01 -0.40137E-02
 0.97238E+00  0.59040E-01 -0.32867E-02
 0.97724E+00  0.59040E-01 -0.26888E-02
 0.98126E+00  0.59040E-01 -0.21992E-02
 0.98458E+00  0.59040E-01 -0.17991E-02
 0.98732E+00  0.59040E-01 -0.14722E-02
 0.98958E+00  0.59040E-01 -0.12052E-02
 0.99145E+00  0.59040E-01 -0.98692E-03
 0.99298E+00  0.59040E-01 -0.80830E-03
 0.99424E+00  0.59040E-01 -0.66201E-03
 0.99528E+00  0.59040E-01 -0.54214E-03
 0.99613E+00  0.59040E-01 -0.44386E-03
 0.99683E+00  0.59040E-01 -0.36325E-03
 0.99741E+00  0.59040E-01 -0.29713E-03
 0.99788E+00  0.59040E-01 -0.24287E-03
 0.99827E+00  0.59040E-01 -0.19835E-03
 0.99859E+00  0.59040E-01 -0.16182E-03
 0.99885E+00  0.59040E-01 -0.13184E-03
 0.99906E+00  0.59040E-01 -0.10724E-03
 0.99924E+00  0.59040E-01 -0.87051E-04
 0.99938E+00  0.59040E-01 -0.70487E-04
 0.99950E+00  0.59040E-01 -0.56896E-04
 0.99960E+00  0.59040E-01 -0.45745E-04
 0.99968E+00  0.59040E-01 -0.36596E-04
 0.99975E+00  0.59040E-01 -0.29089E-04
 0.99980E+00  0.59040E-01 -0.22930E-04
 0.99984E+00  0.59040E-01 -0.17877E-04
 0.99988E+00  0.59040E-01 -0.13732E-04
 0.99991E+00  0.59040E-01 -0.10331E-04
 0.99993E+00  0.59040E-01 -0.75408E-05
 0.99995E+00  0.59040E-01 -0.52518E-05
 0.99997E+00  0.59040E-01 -0.33739E-05
 0.99998E+00  0.59040E-01 -0.18334E-05
 0.10000E+01  0.59040E-01 -0.56956E-06
 0.10000E+01  0.59040E-01  0.00000E+00
 0.00000E+00  0.71052E-01  0.00000E+00
 0.49709E-05  0.71052E-01 -0.65800E-06
 0.16001E-04  0.71052E-01 -0.21181E-05
 0.29447E-04  0.71052E-01 -0.38978E-05
 0.45836E-04  0.71052E-01 -0.60673E-05
 0.65814E-04  0.71052E-01 -0.87117E-05
 0.90165E-04  0.71052E-01 -0.11935E-04
 0.11985E-03  0.71052E-01 -0.15864E-04
 0.15603E-03  0.71052E-01 -0.20653E-04
 0.20013E-03  0.71052E-01 -0.26491E-04
 0.25388E-03  0.71052E-01 -0.33606E-04
 0.31939E-03  0.71052E-01 -0.42278E-04
 0.39924E-03  0.71052E-01 -0.52848E-04
 0.49656E-03  0.71052E-01 -0.65731E-04
 0.61516E-03  0.71052E-01 -0.81433E-04
 0.75970E-03  0.71052E-01 -0.10057E-03
 0.93583E-03  0.71052E-01 -0.12389E-03
 0.11504E-02  0.71052E-01 -0.15231E-03
 0.14119E-02  0.71052E-01 -0.18695E-03
 0.17305E-02  0.71052E-01 -0.22916E-03
 0.21186E-02  0.71052E-01 -0.28061E-03
 0.25912E-02  0.71052E-01 -0.34331E-03
 0.31667E-02  0.71052E-01 -0.41974E-03
 0.38673E-02  0.71052E-01 -0.51292E-03
 0.47200E-02  0.71052E-01 -0.62656E-03
 0.57574E-02  0.71052E-01 -0.76520E-03
 0.70191E-02  0.71052E-01 -0.93444E-03
 0.85527E-02  0.71052E-01 -0.11412E-02
 0.10416E-01  0.71052E-01 -0.13939E-02
 0.12677E-01  0.71052E-01 -0.17030E-02
 0.15420E-01  0.71052E-01 -0.20812E-02
 0.18742E-01  0.71052E-01 -0.25438E-02
 0.22762E-01  0.71052E-01 -0.31086E-02
 0.27617E-01  0.71052E-01 -0.37960E-02
 0.33469E-01  0.71052E-01 -0.46273E-02
 0.40509E-01  0.71052E-01 -0.56239E-02
 0.48950E-01  0.71052E-01 -0.68037E-02
 0.59040E-01  0.71052E-01 -0.81780E-02
 0.71052E-01  0.71052E-01 -0.97478E-02
 0.85282E-01  0.71052E-01 -0.11501E-01
 0.10204E+00  0.71052E-01 -0.13411E-01
 0.12166E+00  0.71052E-01 -0.15440E-01
 0.14443E+00  0.71052E-01 -0.17538E-01
 0.17063E+00  0.71052E-01 -0.19651E-01
 0.20047E+00  0.71052E-01 -0.21716E-01
 0.23404E+00  0.71052E-01 -0.23669E-01
 0.27131E+00  0.71052E-01 -0.25440E-01
 0.31210E+00  0.71052E-01 -0.26964E-01
 0.35601E+00  0.71052E-01 -0.28180E-01
 0.40249E+00  0.71052E-01 -0.29038E-01
 0.45077E+00  0.71052E-01 -0.29499E-01
 0.50000E+00  0.71052E-01 -0.29543E-01
 0.54923E+00  0.71052E-01 -0.29163E-01
 0.59751E+00  0.71052E-01 -0.28374E-01
 0.64399E+00  0.71052E-01 -0.27205E-01
 0.68790E+00  0.71052E-01 -0.25704E-01
 0.72869E+00  0.71052E-01 -0.23931E-01
 0.76596E+00  0.71052E-01 -0.21955E-01
 0.79953E+00  0.71052E-01 -0.19852E-01
 0.82937E+00  0.71052E-01 -0.17694E-01
 0.85557E+00  0.71052E-01 -0.15551E-01
 0.87834E+00  0.71052E-01 -0.13485E-01
 0.89796E+00  0.71052E-01 -0.11546E-01
 0.91472E+00  0.71052E-01 -0.97739E-02
 0.92895E+00  0.71052E-01 -0.81917E-02
 0.94096E+00  0.71052E-01 -0.68097E-02
 0.95105E+00  0.71052E-01 -0.56252E-02
 0.95949E+00  0.71052E-01 -0.46256E-02
 0.96653E+00  0.71052E-01 -0.37923E-02
 0.97238E+00  0.71052E-01 -0.31039E-02
 0.97724E+00  0.71052E-01 -0.25386E-02
 0.98126E+00  0.71052E-01 -0.20761E-02
 0.98458E+00  0.71052E-01 -0.16982E-02
 0.98732E+00  0.71052E-01 -0.13897E-02
 0.98958E+00  0.71052E-01 -0.11377E-02
 0.99145E+00  0.71052E-01 -0.93164E-03
 0.99298E+00  0.71052E-01 -0.76303E-03
 0.99424E+00  0.71052E-01 -0.62495E-03
 0.99528E+00  0.71052E-01 -0.51180E-03
 0.99613E+00  0.71052E-01 -0.41902E-03
 0.99683E+00  0.71052E-01 -0.34293E-03
 0.99741E+00  0.71052E-01 -0.28050E-03
 0.99788E+00  0.71052E-01 -0.22928E-03
 0.99827E+00  0.71052E-01 -0.18725E-03
 0.99859E+00  0.71052E-01 -0.15276E-03
 0.99885E+00  0.71052E-01 -0.12446E-03
 0.99906E+00  0.71052E-01 -0.10124E-03
 0.99924E+00  0.71052E-01 -0.82182E-04
 0.99938E+00  0.71052E-01 -0.66545E-04
 0.99950E+00  0.71052E-01 -0.53714E-04
 0.99960E+00  0.71052E-01 -0.43186E-04
 0.99968E+00  0.71052E-01 -0.34549E-04
 0.99975E+00  0.71052E-01 -0.27462E-04
 0.99980E+00  0.71052E-01 -0.21648E-04
 0.99984E+00  0.71052E-01 -0.16877E-04
 0.99988E+00  0.71052E-01 -0.12964E-04
 0.99991E+00  0.71052E-01 -0.97531E-05
 0.99993E+00  0.71052E-01 -0.71190E-05
 0.99995E+00  0.71052E-01 -0.49580E-05
 0.99997E+00  0.71052E-01 -0.31852E-05
 0.99998E+00  0.71052E-01 -0.17308E-05
 0.10000E+01  0.71052E-01 -0.53770E-06
 0.10000E+01  0.71052E-01  0.00000E+00
 0.00000E+00  0.85282E-01  0.00000E+00
 0.49709E-05  0.85282E-01 -0.61058E-06
 0.16001E-04  0.85282E-01 -0.19654E-05
 0.29447E-04  0.85282E-01 -0.36170E-05
 0.45836E-04  0.85282E-01 -0.56301E-05
 0.65814E-04  0.85282E-01 -0.80839E-05
 0.90165E-04  0.85282E-01 -0.11075E-04
 0.11985E-03  0.85282E-01 -0.14721E-04
 0.15603E-03  0.85282E-01 -0.19165E-04
 0.20013E-03  0.85282E-01 -0.24582E-04
 0.25388E-03  0.85282E-01 -0.31184E-04
 0.31939E-03  0.85282E-01 -0.39232E-04
 0.39924E-03  0.85282E-01 -0.49040E-04
 0.49656E-03  0.85282E-01 -0.60995E-04
 0.61516E-03  0.85282E-01 -0.75565E-04
 0.75970E-03  0.85282E-01 -0.93322E-04
 0.93583E-03  0.85282E-01 -0.11496E-03
 0.11504E-02  0.85282E-01 -0.14134E-03
 0.14119E-02  0.85282E-01 -0.17348E-03
 0.17305E-02  0.85282E-01 -0.21265E-03
 0.21186E-02  0.85282E-01 -0.26039E-03
 0.25912E-02  0.85282E-01 -0.31857E-03
 0.31667E-02  0.85282E-01 -0.38949E-03
 0.38673E-02  0.85282E-01 -0.47596E-03
 0.47200E-02  0.85282E-01 -0.58140E-03
 0.57574E-02  0.85282E-01 -0.71005E-03
 0.70191E-02  0.85282E-01 -0.86709E-03
 0.85527E-02  0.85282E-01 -0.10589E-02
 0.10416E-01  0.85282E-01 -0.12934E-02
 0.12677E-01  0.85282E-01 -0.15804E-02
 0.15420E-01  0.85282E-01 -0.19315E-02
 0.18742E-01  0.85282E-01 -0.23612E-02
 0.22762E-01  0.85282E-01 -0.28864E-02
 0.27617E-01  0.85282E-01 -0.35264E-02
 0.33469E-01  0.85282E-01 -0.43020E-02
 0.40509E-01  0.85282E-01 -0.52346E-02
 0.48950E-01  0.85282E-01 -0.63431E-02
 0.59040E-01  0.85282E-01 -0.76410E-02
 0.71052E-01  0.85282E-01 -0.91327E-02
 0.85282E-01  0.85282E-01 -0.10810E-01
 0.10204E+00  0.85282E-01 -0.12650E-01
 0.12166E+00  0.85282E-01 -0.14617E-01
 0.14443E+00  0.85282E-01 -0.16664E-01
 0.17063E+00  0.85282E-01 -0.18735E-01
 0.20047E+00  0.85282E-01 -0.20768E-01
 0.23404E+00  0.85282E-01 -0.22694E-01
 0.27131E+00  0.85282E-01 -0.24446E-01
 0.31210E+00  0.85282E-01 -0.25956E-01
 0.35601E+00  0.85282E-01 -0.27162E-01
 0.40249E+00  0.85282E-01 -0.28012E-01
 0.45077E+00  0.85282E-01 -0.28469E-01
 0.50000E+00  0.85282E-01 -0.28511E-01
 0.54923E+00  0.85282E-01 -0.28133E-01
 0.59751E+00  0.85282E-01 -0.27347E-01
 0.64399E+00  0.85282E-01 -0.26187E-01
 0.68790E+00  0.85282E-01 -0.24699E-01
 0.72869E+00  0.85282E-01 -0.22945E-01
 0.76596E+00  0.85282E-01 -0.20996E-01
 0.79953E+00  0.85282E-01 -0.18927E-01
 0.82937E+00  0.85282E-01 -0.16814E-01
 0.85557E+00  0.85282E-01 -0.14727E-01
 0.87834E+00  0.85282E-01 -0.12725E-01
 0.89796E+00  0.85282E-01 -0.10860E-01
 0.91472E+00  0.85282E-01 -0.91648E-02
 0.92895E+00  0.85282E-01 -0.76615E-02
 0.94096E+00  0.85282E-01 -0.63559E-02
 0.95105E+00  0.85282E-01 -0.52423E-02
 0.95949E+00  0.85282E-01 -0.43060E-02
 0.96653E+00  0.85282E-01 -0.35277E-02
 0.97238E+00  0.85282E-01 -0.28860E-02
 0.97724E+00  0.85282E-01 -0.23598E-02
 0.98126E+00  0.85282E-01 -0.19295E-02
 0.98458E+00  0.85282E-01 -0.15782E-02
 0.98732E+00  0.85282E-01 -0.12915E-02
 0.98958E+00  0.85282E-01 -0.10573E-02
 0.99145E+00  0.85282E-01 -0.86578E-03
 0.99298E+00  0.85282E-01 -0.70909E-03
 0.99424E+00  0.85282E-01 -0.58078E-03
 0.99528E+00  0.85282E-01 -0.47563E-03
 0.99613E+00  0.85282E-01 -0.38941E-03
 0.99683E+00  0.85282E-01 -0.31870E-03
 0.99741E+00  0.85282E-01 -0.26068E-03
 0.99788E+00  0.85282E-01 -0.21308E-03
 0.99827E+00  0.85282E-01 -0.17402E-03
 0.99859E+00  0.85282E-01 -0.14197E-03
 0.99885E+00  0.85282E-01 -0.11567E-03
 0.99906E+00  0.85282E-01 -0.94085E-04
 0.99924E+00  0.85282E-01 -0.76375E-04
 0.99938E+00  0.85282E-01 -0.61842E-04
 0.99950E+00  0.85282E-01 -0.49918E-04
 0.99960E+00  0.85282E-01 -0.40135E-04
 0.99968E+00  0.85282E-01 -0.32108E-04
 0.99975E+00  0.85282E-01 -0.25521E-04
 0.99980E+00  0.85282E-01 -0.20118E-04
 0.99984E+00  0.85282E-01 -0.15685E-04
 0.99988E+00  0.85282E-01 -0.12048E-04
 0.99991E+00  0.85282E-01 -0.90639E-05
 0.99993E+00  0.85282E-01 -0.66160E-05
 0.99995E+00  0.85282E-01 -0.46077E-05
 0.99997E+00  0.85282E-01 -0.29601E-05
 0.99998E+00  0.85282E-01 -0.16085E-05
 0.10000E+01  0.85282E-01 -0.49971E-06
 0.10000E+01  0.85282E-01  0.00000E+00
 0.00000E+00  0.10204E+00  0.00000E+00
 0.49709E-05  0.10204E+00 -0.55685E-06
 0.16001E-04  0.10204E+00 -0.17925E-05
 0.29447E-04  0.10204E+00 -0.32987E-05
 0.45836E-04  0.10204E+00 -0.51346E-05
 0.65814E-04  0.10204E+00 -0.73726E-05
 0.90165E-04  0.10204E+00 -0.10100E-04
 0.11985E-03  0.10204E+00 -0.13426E-04
 0.15603E-03  0.10204E+00 -0.17479E-04
 0.20013E-03  0.10204E+00 -0.22419E-04
 0.25388E-03  0.10204E+00 -0.28440E-04
 0.31939E-03  0.10204E+00 -0.35779E-04
 0.39924E-03  0.10204E+00 -0.44725E-04
 0.49656E-03  0.10204E+00 -0.55627E-04
 0.61516E-03  0.10204E+00 -0.68915E-04
 0.75970E-03  0.10204E+00 -0.85110E-04
 0.93583E-03  0.10204E+00 -0.10485E-03
 0.11504E-02  0.10204E+00 -0.12890E-03
 0.14119E-02  0.10204E+00 -0.15821E-03
 0.17305E-02  0.10204E+00 -0.19394E-03
 0.21186E-02  0.10204E+00 -0.23747E-03
 0.25912E-02  0.10204E+00 -0.29054E-03
 0.31667E-02  0.10204E+00 -0.35522E-03
 0.38673E-02  0.10204E+00 -0.43407E-03
 0.47200E-02  0.10204E+00 -0.53024E-03
 0.57574E-02  0.10204E+00 -0.64757E-03
 0.70191E-02  0.10204E+00 -0.79080E-03
 0.85527E-02  0.10204E+00 -0.96578E-03
 0.10416E-01  0.10204E+00 -0.11797E-02
 0.12677E-01  0.10204E+00 -0.14415E-02
 0.15420E-01  0.10204E+00 -0.17620E-02
 0.18742E-01  0.10204E+00 -0.21544E-02
 0.22762E-01  0.10204E+00 -0.26343E-02
 0.27617E-01  0.10204E+00 -0.32199E-02
 0.33469E-01  0.10204E+00 -0.39310E-02
 0.40509E-01  0.10204E+00 -0.47883E-02
 0.48950E-01  0.10204E+00 -0.58112E-02
 0.59040E-01  0.10204E+00 -0.70148E-02
 0.71052E-01  0.10204E+00 -0.84066E-02
 0.85282E-01  0.10204E+00 -0.99826E-02
 0.10204E+00  0.10204E+00 -0.11725E-01
 0.12166E+00  0.10204E+00 -0.13602E-01
 0.14443E+00  0.10204E+00 -0.15570E-01
 0.17063E+00  0.10204E+00 -0.17573E-01
 0.20047E+00  0.10204E+00 -0.19549E-01
 0.23404E+00  0.10204E+00 -0.21429E-01
 0.27131E+00  0.10204E+00 -0.23144E-01
 0.31210E+00  0.10204E+00 -0.24626E-01
 0.35601E+00  0.10204E+00 -0.25811E-01
 0.40249E+00  0.10204E+00 -0.26647E-01
 0.45077E+00  0.10204E+00 -0.27097E-01
 0.50000E+00  0.10204E+00 -0.27138E-01
 0.54923E+00  0.10204E+00 -0.26765E-01
 0.59751E+00  0.10204E+00 -0.25992E-01
 0.64399E+00  0.10204E+00 -0.24852E-01
 0.68790E+00  0.10204E+00 -0.23393E-01
 0.72869E+00  0.10204E+00 -0.21677E-01
 0.76596E+00  0.10204E+00 -0.19776E-01
 0.79953E+00  0.10204E+00 -0.17768E-01
 0.82937E+00  0.10204E+00 -0.15727E-01
 0.85557E+00  0.10204E+00 -0.13723E-01
 0.87834E+00  0.10204E+00 -0.11815E-01
 0.89796E+00  0.10204E+00 -0.10048E-01
 0.91472E+00  0.10204E+00 -0.84551E-02
 0.92895E+00  0.10204E+00 -0.70511E-02
 0.94096E+00  0.10204E+00 -0.58385E-02
 0.95105E+00  0.10204E+00 -0.48088E-02
 0.95949E+00  0.10204E+00 -0.39461E-02
 0.96653E+00  0.10204E+00 -0.32308E-02
 0.97238E+00  0.10204E+00 -0.26419E-02
 0.97724E+00  0.10204E+00 -0.21596E-02
 0.98126E+00  0.10204E+00 -0.17656E-02
 0.98458E+00  0.10204E+00 -0.14440E-02
 0.98732E+00  0.10204E+00 -0.11816E-02
 0.98958E+00  0.10204E+00 -0.96727E-03
 0.99145E+00  0.10204E+00 -0.79207E-03
 0.99298E+00  0.10204E+00 -0.64872E-03
 0.99424E+00  0.10204E+00 -0.53133E-03
 0.99528E+00  0.10204E+00 -0.43513E-03
 0.99613E+00  0.10204E+00 -0.35625E-03
 0.99683E+00  0.10204E+00 -0.29156E-03
 0.99741E+00  0.10204E+00 -0.23849E-03
 0.99788E+00  0.10204E+00 -0.19494E-03
 0.99827E+00  0.10204E+00 -0.15920E-03
 0.99859E+00  0.10204E+00 -0.12988E-03
 0.99885E+00  0.10204E+00 -0.10582E-03
 0.99906E+00  0.10204E+00 -0.86074E-04
 0.99924E+00  0.10204E+00 -0.69872E-04
 0.99938E+00  0.10204E+00 -0.56577E-04
 0.99950E+00  0.10204E+00 -0.45668E-04
 0.99960E+00  0.10204E+00 -0.36717E-04
 0.99968E+00  0.10204E+00 -0.29374E-04
 0.99975E+00  0.10204E+00 -0.23348E-04
 0.99980E+00  0.10204E+00 -0.18405E-04
 0.99984E+00  0.10204E+00 -0.14349E-04
 0.99988E+00  0.10204E+00 -0.11022E-04
 0.99991E+00  0.10204E+00 -0.82921E-05
 0.99993E+00  0.10204E+00 -0.60526E-05
 0.99995E+00  0.10204E+00 -0.42154E-05
 0.99997E+00  0.10204E+00 -0.27081E-05
 0.99998E+00  0.10204E+00 -0.14716E-05
 0.10000E+01  0.10204E+00 -0.45716E-06
 0.10000E+01  0.10204E+00  0.00000E+00
 0.00000E+00  0.12166E+00  0.00000E+00
 0.49709E-05  0.12166E+00 -0.49936E-06
 0.16001E-04  0.12166E+00 -0.16074E-05
 0.29447E-04  0.12166E+00 -0.29581E-05
 0.45836E-04  0.12166E+00 -0.46045E-05
 0.65814E-04  0.12166E+00 -0.66114E-05
 0.90165E-04  0.12166E+00 -0.90577E-05
 0.11985E-03  0.12166E+00 -0.12039E-04
 0.15603E-03  0.12166E+00 -0.15674E-04
 0.20013E-03  0.12166E+00 -0.20104E-04
 0.25388E-03  0.12166E+00 -0.25504E-04
 0.31939E-03  0.12166E+00 -0.32086E-04
 0.39924E-03  0.12166E+00 -0.40107E-04
 0.49656E-03  0.12166E+00 -0.49884E-04
 0.61516E-03  0.12166E+00 -0.61801E-04
 0.75970E-03  0.12166E+00 -0.76323E-04
 0.93583E-03  0.12166E+00 -0.94022E-04
 0.11504E-02  0.12166E+00 -0.11559E-03
 0.14119E-02  0.12166E+00 -0.14188E-03
 0.17305E-02  0.12166E+00 -0.17391E-03
 0.21186E-02  0.12166E+00 -0.21296E-03
 0.25912E-02  0.12166E+00 -0.26054E-03
 0.31667E-02  0.12166E+00 -0.31855E-03
 0.38673E-02  0.12166E+00 -0.38926E-03
 0.47200E-02  0.12166E+00 -0.47551E-03
 0.57574E-02  0.12166E+00 -0.58073E-03
 0.70191E-02  0.12166E+00 -0.70919E-03
 0.85527E-02  0.12166E+00 -0.86613E-03
 0.10416E-01  0.12166E+00 -0.10580E-02
 0.12677E-01  0.12166E+00 -0.12929E-02
 0.15420E-01  0.12166E+00 -0.15805E-02
 0.18742E-01  0.12166E+00 -0.19329E-02
 0.22762E-01  0.12166E+00 -0.23642E-02
 0.27617E-01  0.12166E+00 -0.28910E-02
 0.33469E-01  0.12166E+00 -0.35318E-02
 0.40509E-01  0.12166E+00 -0.43062E-02
 0.48950E-01  0.12166E+00 -0.52334E-02
 0.59040E-01  0.12166E+00 -0.63293E-02
 0.71052E-01  0.12166E+00 -0.76038E-02
 0.85282E-01  0.12166E+00 -0.90572E-02
 0.10204E+00  0.12166E+00 -0.10677E-01
 0.12166E+00  0.12166E+00 -0.12436E-01
 0.14443E+00  0.12166E+00 -0.14295E-01
 0.17063E+00  0.12166E+00 -0.16202E-01
 0.20047E+00  0.12166E+00 -0.18095E-01
 0.23404E+00  0.12166E+00 -0.19906E-01
 0.27131E+00  0.12166E+00 -0.21565E-01
 0.31210E+00  0.12166E+00 -0.23002E-01
 0.35601E+00  0.12166E+00 -0.24154E-01
 0.40249E+00  0.12166E+00 -0.24969E-01
 0.45077E+00  0.12166E+00 -0.25408E-01
 0.50000E+00  0.12166E+00 -0.25448E-01
 0.54923E+00  0.12166E+00 -0.25086E-01
 0.59751E+00  0.12166E+00 -0.24335E-01
 0.64399E+00  0.12166E+00 -0.23228E-01
 0.68790E+00  0.12166E+00 -0.21815E-01
 0.72869E+00  0.12166E+00 -0.20159E-01
 0.76596E+00  0.12166E+00 -0.18332E-01
 0.79953E+00  0.12166E+00 -0.16411E-01
 0.82937E+00  0.12166E+00 -0.14471E-01
 0.85557E+00  0.12166E+00 -0.12578E-01
 0.87834E+00  0.12166E+00 -0.10790E-01
 0.89796E+00  0.12166E+00 -0.91477E-02
 0.91472E+00  0.12166E+00 -0.76764E-02
 0.92895E+00  0.12166E+00 -0.63879E-02
 0.94096E+00  0.12166E+00 -0.52807E-02
 0.95105E+00  0.12166E+00 -0.43442E-02
 0.95949E+00  0.12166E+00 -0.35619E-02
 0.96653E+00  0.12166E+00 -0.29145E-02
 0.97238E+00  0.12166E+00 -0.23825E-02
 0.97724E+00  0.12166E+00 -0.19471E-02
 0.98126E+00  0.12166E+00 -0.15916E-02
 0.98458E+00  0.12166E+00 -0.13016E-02
 0.98732E+00  0.12166E+00 -0.10650E-02
 0.98958E+00  0.12166E+00 -0.87175E-03
 0.99145E+00  0.12166E+00 -0.71383E-03
 0.99298E+00  0.12166E+00 -0.58463E-03
 0.99424E+00  0.12166E+00 -0.47883E-03
 0.99528E+00  0.12166E+00 -0.39213E-03
 0.99613E+00  0.12166E+00 -0.32105E-03
 0.99683E+00  0.12166E+00 -0.26275E-03
 0.99741E+00  0.12166E+00 -0.21492E-03
 0.99788E+00  0.12166E+00 -0.17567E-03
 0.99827E+00  0.12166E+00 -0.14347E-03
 0.99859E+00  0.12166E+00 -0.11705E-03
 0.99885E+00  0.12166E+00 -0.95362E-04
 0.99906E+00  0.12166E+00 -0.77568E-04
 0.99924E+00  0.12166E+00 -0.62966E-04
 0.99938E+00  0.12166E+00 -0.50985E-04
 0.99950E+00  0.12166E+00 -0.41155E-04
 0.99960E+00  0.12166E+00 -0.33089E-04
 0.99968E+00  0.12166E+00 -0.26471E-04
 0.99975E+00  0.12166E+00 -0.21041E-04
 0.99980E+00  0.12166E+00 -0.16586E-04
 0.99984E+00  0.12166E+00 -0.12931E-04
 0.99988E+00  0.12166E+00 -0.99327E-05
 0.99991E+00  0.12166E+00 -0.74727E-05
 0.99993E+00  0.12166E+00 -0.54545E-05
 0.99995E+00  0.12166E+00 -0.37988E-05
 0.99997E+00  0.12166E+00 -0.24405E-05
 0.99998E+00  0.12166E+00 -0.13261E-05
 0.10000E+01  0.12166E+00 -0.41198E-06
 0.10000E+01  0.12166E+00  0.00000E+00
 0.00000E+00  0.14443E+00  0.00000E+00
 0.49709E-05  0.14443E+00 -0.44068E-06
 0.16001E-04  0.14443E+00 -0.14185E-05
 0.29447E-04  0.14443E+00 -0.26105E-05
 0.45836E-04  0.14443E+00 -0.40635E-05
 0.65814E-04  0.14443E+00 -0.58345E-05
 0.90165E-04  0.14443E+00 -0.79933E-05
 0.11985E-03  0.14443E+00 -0.10625E-04
 0.15603E-03  0.14443E+00 -0.13832E-04
 0.20013E-03  0.14443E+00 -0.17742E-04
 0.25388E-03  0.14443E+00 -0.22507E-04
 0.31939E-03  0.14443E+00 -0.28315E-04
 0.39924E-03  0.14443E+00 -0.35394E-04
 0.49656E-03  0.14443E+00 -0.44023E-04
 0.61516E-03  0.14443E+00 -0.54538E-04
 0.75970E-03  0.14443E+00 -0.67355E-04
 0.93583E-03  0.14443E+00 -0.82974E-04
 0.11504E-02  0.14443E+00 -0.10201E-03
 0.14119E-02  0.14443E+00 -0.12521E-03
 0.17305E-02  0.14443E+00 -0.15348E-03
 0.21186E-02  0.14443E+00 -0.18793E-03
 0.25912E-02  0.14443E+00 -0.22993E-03
 0.31667E-02  0.14443E+00 -0.28112E-03
 0.38673E-02  0.14443E+00 -0.34352E-03
 0.47200E-02  0.14443E+00 -0.41964E-03
 0.57574E-02  0.14443E+00 -0.51250E-03
 0.70191E-02  0.14443E+00 -0.62588E-03
 0.85527E-02  0.14443E+00 -0.76441E-03
 0.10416E-01  0.14443E+00 -0.93382E-03
 0.12677E-01  0.14443E+00 -0.11412E-02
 0.15420E-01  0.14443E+00 -0.13952E-02
 0.18742E-01  0.14443E+00 -0.17066E-02
 0.22762E-01  0.14443E+00 -0.20879E-02
 0.27617E-01  0.14443E+00 -0.25542E-02
 0.33469E-01  0.14443E+00 -0.31222E-02
 0.40509E-01  0.14443E+00 -0.38100E-02
 0.48950E-01  0.14443E+00 -0.46359E-02
 0.59040E-01  0.14443E+00 -0.56159E-02
 0.71052E-01  0.14443E+00 -0.67616E-02
 0.85282E-01  0.14443E+00 -0.80765E-02
 0.10204E+00  0.14443E+00 -0.95528E-02
 0.12166E+00  0.14443E+00 -0.11170E-01
 0.14443E+00  0.14443E+00 -0.12893E-01
 0.17063E+00  0.14443E+00 -0.14675E-01
 0.20047E+00  0.14443E+00 -0.16458E-01
 0.23404E+00  0.14443E+00 -0.18174E-01
 0.27131E+00  0.14443E+00 -0.19755E-01
 0.31210E+00  0.14443E+00 -0.21129E-01
 0.35601E+00  0.14443E+00 -0.22235E-01
 0.40249E+00  0.14443E+00 -0.23019E-01
 0.45077E+00  0.14443E+00 -0.23443E-01
 0.50000E+00  0.14443E+00 -0.23483E-01
 0.54923E+00  0.14443E+00 -0.23137E-01
 0.59751E+00  0.14443E+00 -0.22418E-01
 0.64399E+00  0.14443E+00 -0.21359E-01
 0.68790E+00  0.14443E+00 -0.20011E-01
 0.72869E+00  0.14443E+00 -0.18437E-01
 0.76596E+00  0.14443E+00 -0.16709E-01
 0.79953E+00  0.14443E+00 -0.14903E-01
 0.82937E+00  0.14443E+00 -0.13091E-01
 0.85557E+00  0.14443E+00 -0.11338E-01
 0.87834E+00  0.14443E+00 -0.96938E-02
 0.89796E+00  0.14443E+00 -0.81944E-02
 0.91472E+00  0.14443E+00 -0.68604E-02
 0.92895E+00  0.14443E+00 -0.56985E-02
 0.94096E+00  0.14443E+00 -0.47045E-02
 0.95105E+00  0.14443E+00 -0.38664E-02
 0.95949E+00  0.14443E+00 -0.31680E-02
 0.96653E+00  0.14443E+00 -0.25911E-02
 0.97238E+00  0.14443E+00 -0.21174E-02
 0.97724E+00  0.14443E+00 -0.17301E-02
 0.98126E+00  0.14443E+00 -0.14140E-02
 0.98458E+00  0.14443E+00 -0.11563E-02
 0.98732E+00  0.14443E+00 -0.94600E-03
 0.98958E+00  0.14443E+00 -0.77434E-03
 0.99145E+00  0.14443E+00 -0.63405E-03
 0.99298E+00  0.14443E+00 -0.51928E-03
 0.99424E+00  0.14443E+00 -0.42530E-03
 0.99528E+00  0.14443E+00 -0.34829E-03
 0.99613E+00  0.14443E+00 -0.28515E-03
 0.99683E+00  0.14443E+00 -0.23337E-03
 0.99741E+00  0.14443E+00 -0.19089E-03
 0.99788E+00  0.14443E+00 -0.15603E-03
 0.99827E+00  0.14443E+00 -0.12743E-03
 0.99859E+00  0.14443E+00 -0.10396E-03
 0.99885E+00  0.14443E+00 -0.84698E-04
 0.99906E+00  0.14443E+00 -0.68894E-04
 0.99924E+00  0.14443E+00 -0.55925E-04
 0.99938E+00  0.14443E+00 -0.45284E-04
 0.99950E+00  0.14443E+00 -0.36553E-04
 0.99960E+00  0.14443E+00 -0.29389E-04
 0.99968E+00  0.14443E+00 -0.23511E-04
 0.99975E+00  0.14443E+00 -0.18688E-04
 0.99980E+00  0.14443E+00 -0.14731E-04
 0.99984E+00  0.14443E+00 -0.11485E-04
 0.99988E+00  0.14443E+00 -0.88219E-05
 0.99991E+00  0.14443E+00 -0.66370E-05
 0.99993E+00  0.14443E+00 -0.48445E-05
 0.99995E+00  0.14443E+00 -0.33740E-05
 0.99997E+00  0.14443E+00 -0.21676E-05
 0.99998E+00  0.14443E+00 -0.11778E-05
 0.10000E+01  0.14443E+00 -0.36591E-06
 0.10000E+01  0.14443E+00  0.00000E+00
 0.00000E+00  0.17063E+00  0.00000E+00
 0.49709E-05  0.17063E+00 -0.38286E-06
 0.16001E-04  0.17063E+00 -0.12324E-05
 0.29447E-04  0.17063E+00 -0.22680E-05
 0.45836E-04  0.17063E+00 -0.35303E-05
 0.65814E-04  0.17063E+00 -0.50690E-05
 0.90165E-04  0.17063E+00 -0.69445E-05
 0.11985E-03  0.17063E+00 -0.92306E-05
 0.15603E-03  0.17063E+00 -0.12017E-04
 0.20013E-03  0.17063E+00 -0.15414E-04
 0.25388E-03  0.17063E+00 -0.19554E-04
 0.31939E-03  0.17063E+00 -0.24600E-04
 0.39924E-03  0.17063E+00 -0.30750E-04
 0.49656E-03  0.17063E+00 -0.38246E-04
 0.61516E-03  0.17063E+00 -0.47382E-04
 0.75970E-03  0.17063E+00 -0.58517E-04
 0.93583E-03  0.17063E+00 -0.72087E-04
 0.11504E-02  0.17063E+00 -0.88624E-04
 0.14119E-02  0.17063E+00 -0.10878E-03
 0.17305E-02  0.17063E+00 -0.13334E-03
 0.21186E-02  0.17063E+00 -0.16327E-03
 0.25912E-02  0.17063E+00 -0.19976E-03
 0.31667E-02  0.17063E+00 -0.24423E-03
 0.38673E-02  0.17063E+00 -0.29845E-03
 0.47200E-02  0.17063E+00 -0.36458E-03
 0.57574E-02  0.17063E+00 -0.44527E-03
 0.70191E-02  0.17063E+00 -0.54378E-03
 0.85527E-02  0.17063E+00 -0.66415E-03
 0.10416E-01  0.17063E+00 -0.81138E-03
 0.12677E-01  0.17063E+00 -0.99162E-03
 0.15420E-01  0.17063E+00 -0.12125E-02
 0.18742E-01  0.17063E+00 -0.14833E-02
 0.22762E-01  0.17063E+00 -0.18151E-02
 0.27617E-01  0.17063E+00 -0.22213E-02
 0.33469E-01  0.17063E+00 -0.27166E-02
 0.40509E-01  0.17063E+00 -0.33174E-02
 0.48950E-01  0.17063E+00 -0.40405E-02
 0.59040E-01  0.17063E+00 -0.49014E-02
 0.71052E-01  0.17063E+00 -0.59122E-02
 0.85282E-01  0.17063E+00 -0.70786E-02
 0.10204E+00  0.17063E+00 -0.83972E-02
 0.12166E+00  0.17063E+00 -0.98527E-02
 0.14443E+00  0.17063E+00 -0.11417E-01
 0.17063E+00  0.17063E+00 -0.13048E-01
 0.20047E+00  0.17063E+00 -0.14693E-01
 0.23404E+00  0.17063E+00 -0.16288E-01
 0.27131E+00  0.17063E+00 -0.17766E-01
 0.31210E+00  0.17063E+00 -0.19058E-01
 0.35601E+00  0.17063E+00 -0.20102E-01
 0.40249E+00  0.17063E+00 -0.20844E-01
 0.45077E+00  0.17063E+00 -0.21247E-01
 0.50000E+00  0.17063E+00 -0.21287E-01
 0.54923E+00  0.17063E+00 -0.20962E-01
 0.59751E+00  0.17063E+00 -0.20285E-01
 0.64399E+00  0.17063E+00 -0.19290E-01
 0.68790E+00  0.17063E+00 -0.18027E-01
 0.72869E+00  0.17063E+00 -0.16558E-01
 0.76596E+00  0.17063E+00 -0.14955E-01
 0.79953E+00  0.17063E+00 -0.13291E-01
 0.82937E+00  0.17063E+00 -0.11634E-01
 0.85557E+00  0.17063E+00 -0.10042E-01
 0.87834E+00  0.17063E+00 -0.85604E-02
 0.89796E+00  0.17063E+00 -0.72187E-02
 0.91472E+00  0.17063E+00 -0.60318E-02
 0.92895E+00  0.17063E+00 -0.50029E-02
 0.94096E+00  0.17063E+00 -0.41259E-02
 0.95105E+00  0.17063E+00 -0.33884E-02
 0.95949E+00  0.17063E+00 -0.27749E-02
 0.96653E+00  0.17063E+00 -0.22688E-02
 0.97238E+00  0.17063E+00 -0.18536E-02
 0.97724E+00  0.17063E+00 -0.15143E-02
 0.98126E+00  0.17063E+00 -0.12375E-02
 0.98458E+00  0.17063E+00 -0.10118E-02
 0.98732E+00  0.17063E+00 -0.82779E-03
 0.98958E+00  0.17063E+00 -0.67756E-03
 0.99145E+00  0.17063E+00 -0.55479E-03
 0.99298E+00  0.17063E+00 -0.45435E-03
 0.99424E+00  0.17063E+00 -0.37212E-03
 0.99528E+00  0.17063E+00 -0.30473E-03
 0.99613E+00  0.17063E+00 -0.24949E-03
 0.99683E+00  0.17063E+00 -0.20418E-03
 0.99741E+00  0.17063E+00 -0.16701E-03
 0.99788E+00  0.17063E+00 -0.13652E-03
 0.99827E+00  0.17063E+00 -0.11149E-03
 0.99859E+00  0.17063E+00 -0.90955E-04
 0.99885E+00  0.17063E+00 -0.74104E-04
 0.99906E+00  0.17063E+00 -0.60277E-04
 0.99924E+00  0.17063E+00 -0.48930E-04
 0.99938E+00  0.17063E+00 -0.39620E-04
 0.99950E+00  0.17063E+00 -0.31981E-04
 0.99960E+00  0.17063E+00 -0.25713E-04
 0.99968E+00  0.17063E+00 -0.20570E-04
 0.99975E+00  0.17063E+00 -0.16351E-04
 0.99980E+00  0.17063E+00 -0.12889E-04
 0.99984E+00  0.17063E+00 -0.10049E-04
 0.99988E+00  0.17063E+00 -0.77185E-05
 0.99991E+00  0.17063E+00 -0.58069E-05
 0.99993E+00  0.17063E+00 -0.42386E-05
 0.99995E+00  0.17063E+00 -0.29520E-05
 0.99997E+00  0.17063E+00 -0.18965E-05
 0.99998E+00  0.17063E+00 -0.10305E-05
 0.10000E+01  0.17063E+00 -0.32014E-06
 0.10000E+01  0.17063E+00  0.00000E+00
 0.00000E+00  0.20047E+00  0.00000E+00
 0.49709E-05  0.20047E+00 -0.32716E-06
 0.16001E-04  0.20047E+00 -0.10531E-05
 0.29447E-04  0.20047E+00 -0.19380E-05
 0.45836E-04  0.20047E+00 -0.30167E-05
 0.65814E-04  0.20047E+00 -0.43315E-05
 0.90165E-04  0.20047E+00 -0.59342E-05
 0.11985E-03  0.20047E+00 -0.78877E-05
 0.15603E-03  0.20047E+00 -0.10269E-04
 0.20013E-03  0.20047E+00 -0.13171E-04
 0.25388E-03  0.20047E+00 -0.16709E-04
 0.31939E-03  0.20047E+00 -0.21021E-04
 0.39924E-03  0.20047E+00 -0.26276E-04
 0.49656E-03  0.20047E+00 -0.32682E-04
 0.61516E-03  0.20047E+00 -0.40489E-04
 0.75970E-03  0.20047E+00 -0.50003E-04
 0.93583E-03  0.20047E+00 -0.61599E-04
 0.11504E-02  0.20047E+00 -0.75731E-04
 0.14119E-02  0.20047E+00 -0.92953E-04
 0.17305E-02  0.20047E+00 -0.11394E-03
 0.21186E-02  0.20047E+00 -0.13952E-03
 0.25912E-02  0.20047E+00 -0.17070E-03
 0.31667E-02  0.20047E+00 -0.20870E-03
 0.38673E-02  0.20047E+00 -0.25503E-03
 0.47200E-02  0.20047E+00 -0.31154E-03
 0.57574E-02  0.20047E+00 -0.38050E-03
 0.70191E-02  0.20047E+00 -0.46468E-03
 0.85527E-02  0.20047E+00 -0.56756E-03
 0.10416E-01  0.20047E+00 -0.69340E-03
 0.12677E-01  0.20047E+00 -0.84748E-03
 0.15420E-01  0.20047E+00 -0.10363E-02
 0.18742E-01  0.20047E+00 -0.12679E-02
 0.22762E-01  0.20047E+00 -0.15519E-02
 0.27617E-01  0.20047E+00 -0.18997E-02
 0.33469E-01  0.20047E+00 -0.23242E-02
 0.40509E-01  0.20047E+00 -0.28398E-02
 0.48950E-01  0.20047E+00 -0.34616E-02
 0.59040E-01  0.20047E+00 -0.42037E-02
 0.71052E-01  0.20047E+00 -0.50780E-02
 0.85282E-01  0.20047E+00 -0.60915E-02
 0.10204E+00  0.20047E+00 -0.72437E-02
 0.12166E+00  0.20047E+00 -0.85243E-02
 0.14443E+00  0.20047E+00 -0.99111E-02
 0.17063E+00  0.20047E+00 -0.11369E-01
 0.20047E+00  0.20047E+00 -0.12851E-01
 0.23404E+00  0.20047E+00 -0.14299E-01
 0.27131E+00  0.20047E+00 -0.15650E-01
 0.31210E+00  0.20047E+00 -0.16837E-01
 0.35601E+00  0.20047E+00 -0.17800E-01
 0.40249E+00  0.20047E+00 -0.18488E-01
 0.45077E+00  0.20047E+00 -0.18862E-01
 0.50000E+00  0.20047E+00 -0.18902E-01
 0.54923E+00  0.20047E+00 -0.18602E-01
 0.59751E+00  0.20047E+00 -0.17978E-01
 0.64399E+00  0.20047E+00 -0.17063E-01
 0.68790E+00  0.20047E+00 -0.15905E-01
 0.72869E+00  0.20047E+00 -0.14565E-01
 0.76596E+00  0.20047E+00 -0.13112E-01
 0.79953E+00  0.20047E+00 -0.11614E-01
 0.82937E+00  0.20047E+00 -0.10133E-01
 0.85557E+00  0.20047E+00 -0.87206E-02
 0.87834E+00  0.20047E+00 -0.74155E-02
 0.89796E+00  0.20047E+00 -0.62405E-02
 0.91472E+00  0.20047E+00 -0.52064E-02
 0.92895E+00  0.20047E+00 -0.43134E-02
 0.94096E+00  0.20047E+00 -0.35543E-02
 0.95105E+00  0.20047E+00 -0.29173E-02
 0.95949E+00  0.20047E+00 -0.23882E-02
 0.96653E+00  0.20047E+00 -0.19521E-02
 0.97238E+00  0.20047E+00 -0.15946E-02
 0.97724E+00  0.20047E+00 -0.13025E-02
 0.98126E+00  0.20047E+00 -0.10644E-02
 0.98458E+00  0.20047E+00 -0.87023E-03
 0.98732E+00  0.20047E+00 -0.71192E-03
 0.98958E+00  0.20047E+00 -0.58270E-03
 0.99145E+00  0.20047E+00 -0.47710E-03
 0.99298E+00  0.20047E+00 -0.39073E-03
 0.99424E+00  0.20047E+00 -0.32001E-03
 0.99528E+00  0.20047E+00 -0.26206E-03
 0.99613E+00  0.20047E+00 -0.21455E-03
 0.99683E+00  0.20047E+00 -0.17558E-03
 0.99741E+00  0.20047E+00 -0.14362E-03
 0.99788E+00  0.20047E+00 -0.11739E-03
 0.99827E+00  0.20047E+00 -0.95875E-04
 0.99859E+00  0.20047E+00 -0.78216E-04
 0.99885E+00  0.20047E+00 -0.63725E-04
 0.99906E+00  0.20047E+00 -0.51834E-04
 0.99924E+00  0.20047E+00 -0.42077E-04
 0.99938E+00  0.20047E+00 -0.34071E-04
 0.99950E+00  0.20047E+00 -0.27501E-04
 0.99960E+00  0.20047E+00 -0.22111E-04
 0.99968E+00  0.20047E+00 -0.17689E-04
 0.99975E+00  0.20047E+00 -0.14060E-04
 0.99980E+00  0.20047E+00 -0.11084E-04
 0.99984E+00  0.20047E+00 -0.86412E-05
 0.99988E+00  0.20047E+00 -0.66374E-05
 0.99991E+00  0.20047E+00 -0.49935E-05
 0.99993E+00  0.20047E+00 -0.36449E-05
 0.99995E+00  0.20047E+00 -0.25385E-05
 0.99997E+00  0.20047E+00 -0.16308E-05
 0.99998E+00  0.20047E+00 -0.88618E-06
 0.10000E+01  0.20047E+00 -0.27530E-06
 0.10000E+01  0.20047E+00  0.00000E+00
 0.00000E+00  0.23404E+00  0.00000E+00
 0.49709E-05  0.23404E+00 -0.27416E-06
 0.16001E-04  0.23404E+00 -0.88251E-06
 0.29447E-04  0.23404E+00 -0.16241E-05
 0.45836E-04  0.23404E+00 -0.25280E-05
 0.65814E-04  0.23404E+00 -0.36298E-05
 0.90165E-04  0.23404E+00 -0.49729E-05
 0.11985E-03  0.23404E+00 -0.66099E-05
 0.15603E-03  0.23404E+00 -0.86054E-05
 0.20013E-03  0.23404E+00 -0.11038E-04
 0.25388E-03  0.23404E+00 -0.14002E-04
 0.31939E-03  0.23404E+00 -0.17616E-04
 0.39924E-03  0.23404E+00 -0.22020E-04
 0.49656E-03  0.23404E+00 -0.27388E-04
 0.61516E-03  0.23404E+00 -0.33930E-04
 0.75970E-03  0.23404E+00 -0.41903E-04
 0.93583E-03  0.23404E+00 -0.51620E-04
 0.11504E-02  0.23404E+00 -0.63463E-04
 0.14119E-02  0.23404E+00 -0.77895E-04
 0.17305E-02  0.23404E+00 -0.95484E-04
 0.21186E-02  0.23404E+00 -0.11692E-03
 0.25912E-02  0.23404E+00 -0.14305E-03
 0.31667E-02  0.23404E+00 -0.17489E-03
 0.38673E-02  0.23404E+00 -0.21372E-03
 0.47200E-02  0.23404E+00 -0.26108E-03
 0.57574E-02  0.23404E+00 -0.31886E-03
 0.70191E-02  0.23404E+00 -0.38942E-03
 0.85527E-02  0.23404E+00 -0.47564E-03
 0.10416E-01  0.23404E+00 -0.58112E-03
 0.12677E-01  0.23404E+00 -0.71028E-03
 0.15420E-01  0.23404E+00 -0.86862E-03
 0.18742E-01  0.23404E+00 -0.10629E-02
 0.22762E-01  0.23404E+00 -0.13011E-02
 0.27617E-01  0.23404E+00 -0.15930E-02
 0.33469E-01  0.23404E+00 -0.19496E-02
 0.40509E-01  0.23404E+00 -0.23831E-02
 0.48950E-01  0.23404E+00 -0.29066E-02
 0.59040E-01  0.23404E+00 -0.35327E-02
 0.71052E-01  0.23404E+00 -0.42722E-02
 0.85282E-01  0.23404E+00 -0.51324E-02
 0.10204E+00  0.23404E+00 -0.61147E-02
 0.12166E+00  0.23404E+00 -0.72126E-02
 0.14443E+00  0.23404E+00 -0.84091E-02
 0.17063E+00  0.23404E+00 -0.96762E-02
 0.20047E+00  0.23404E+00 -0.10974E-01
 0.23404E+00  0.23404E+00 -0.12251E-01
 0.27131E+00  0.23404E+00 -0.13450E-01
 0.31210E+00  0.23404E+00 -0.14510E-01
 0.35601E+00  0.23404E+00 -0.15374E-01
 0.40249E+00  0.23404E+00 -0.15993E-01
 0.45077E+00  0.23404E+00 -0.16331E-01
 0.50000E+00  0.23404E+00 -0.16367E-01
 0.54923E+00  0.23404E+00 -0.16097E-01
 0.59751E+00  0.23404E+00 -0.15537E-01
 0.64399E+00  0.23404E+00 -0.14717E-01
 0.68790E+00  0.23404E+00 -0.13684E-01
 0.72869E+00  0.23404E+00 -0.12495E-01
 0.76596E+00  0.23404E+00 -0.11214E-01
 0.79953E+00  0.23404E+00 -0.99017E-02
 0.82937E+00  0.23404E+00 -0.86142E-02
 0.85557E+00  0.23404E+00 -0.73951E-02
 0.87834E+00  0.23404E+00 -0.62751E-02
 0.89796E+00  0.23404E+00 -0.52721E-02
 0.91472E+00  0.23404E+00 -0.43929E-02
 0.92895E+00  0.23404E+00 -0.36361E-02
 0.94096E+00  0.23404E+00 -0.29943E-02
 0.95105E+00  0.23404E+00 -0.24566E-02
 0.95949E+00  0.23404E+00 -0.20105E-02
 0.96653E+00  0.23404E+00 -0.16430E-02
 0.97238E+00  0.23404E+00 -0.13420E-02
 0.97724E+00  0.23404E+00 -0.10961E-02
 0.98126E+00  0.23404E+00 -0.89563E-03
 0.98458E+00  0.23404E+00 -0.73225E-03
 0.98732E+00  0.23404E+00 -0.59903E-03
 0.98958E+00  0.23404E+00 -0.49029E-03
 0.99145E+00  0.23404E+00 -0.40144E-03
 0.99298E+00  0.23404E+00 -0.32876E-03
 0.99424E+00  0.23404E+00 -0.26925E-03
 0.99528E+00  0.23404E+00 -0.22049E-03
 0.99613E+00  0.23404E+00 -0.18052E-03
 0.99683E+00  0.23404E+00 -0.14773E-03
 0.99741E+00  0.23404E+00 -0.12084E-03
 0.99788E+00  0.23404E+00 -0.98774E-04
 0.99827E+00  0.23404E+00 -0.80667E-04
 0.99859E+00  0.23404E+00 -0.65809E-04
 0.99885E+00  0.23404E+00 -0.53617E-04
 0.99906E+00  0.23404E+00 -0.43612E-04
 0.99924E+00  0.23404E+00 -0.35403E-04
 0.99938E+00  0.23404E+00 -0.28666E-04
 0.99950E+00  0.23404E+00 -0.23139E-04
 0.99960E+00  0.23404E+00 -0.18604E-04
 0.99968E+00  0.23404E+00 -0.14883E-04
 0.99975E+00  0.23404E+00 -0.11830E-04
 0.99980E+00  0.23404E+00 -0.93255E-05
 0.99984E+00  0.23404E+00 -0.72705E-05
 0.99988E+00  0.23404E+00 -0.55846E-05
 0.99991E+00  0.23404E+00 -0.42015E-05
 0.99993E+00  0.23404E+00 -0.30668E-05
 0.99995E+00  0.23404E+00 -0.21359E-05
 0.99997E+00  0.23404E+00 -0.13721E-05
 0.99998E+00  0.23404E+00 -0.74562E-06
 0.10000E+01  0.23404E+00 -0.23163E-06
 0.10000E+01  0.23404E+00  0.00000E+00
 0.00000E+00  0.27131E+00  0.00000E+00
 0.49709E-05  0.27131E+00 -0.22402E-06
 0.16001E-04  0.27131E+00 -0.72112E-06
 0.29447E-04  0.27131E+00 -0.13271E-05
 0.45836E-04  0.27131E+00 -0.20657E-05
 0.65814E-04  0.27131E+00 -0.29660E-05
 0.90165E-04  0.27131E+00 -0.40634E-05
 0.11985E-03  0.27131E+00 -0.54011E-05
 0.15603E-03  0.27131E+00 -0.70316E-05
 0.20013E-03  0.27131E+00 -0.90190E-05
 0.25388E-03  0.27131E+00 -0.11441E-04
 0.31939E-03  0.27131E+00 -0.14394E-04
 0.39924E-03  0.27131E+00 -0.17993E-04
 0.49656E-03  0.27131E+00 -0.22379E-04
 0.61516E-03  0.27131E+00 -0.27725E-04
 0.75970E-03  0.27131E+00 -0.34240E-04
 0.93583E-03  0.27131E+00 -0.42180E-04
 0.11504E-02  0.27131E+00 -0.51857E-04
 0.14119E-02  0.27131E+00 -0.63649E-04
 0.17305E-02  0.27131E+00 -0.78021E-04
 0.21186E-02  0.27131E+00 -0.95537E-04
 0.25912E-02  0.27131E+00 -0.11689E-03
 0.31667E-02  0.27131E+00 -0.14291E-03
 0.38673E-02  0.27131E+00 -0.17464E-03
 0.47200E-02  0.27131E+00 -0.21333E-03
 0.57574E-02  0.27131E+00 -0.26055E-03
 0.70191E-02  0.27131E+00 -0.31821E-03
 0.85527E-02  0.27131E+00 -0.38868E-03
 0.10416E-01  0.27131E+00 -0.47488E-03
 0.12677E-01  0.27131E+00 -0.58045E-03
 0.15420E-01  0.27131E+00 -0.70989E-03
 0.18742E-01  0.27131E+00 -0.86870E-03
 0.22762E-01  0.27131E+00 -0.10636E-02
 0.27617E-01  0.27131E+00 -0.13024E-02
 0.33469E-01  0.27131E+00 -0.15943E-02
 0.40509E-01  0.27131E+00 -0.19495E-02
 0.48950E-01  0.27131E+00 -0.23787E-02
 0.59040E-01  0.27131E+00 -0.28928E-02
 0.71052E-01  0.27131E+00 -0.35011E-02
 0.85282E-01  0.27131E+00 -0.42105E-02
 0.10204E+00  0.27131E+00 -0.50233E-02
 0.12166E+00  0.27131E+00 -0.59354E-02
 0.14443E+00  0.27131E+00 -0.69347E-02
 0.17063E+00  0.27131E+00 -0.79989E-02
 0.20047E+00  0.27131E+00 -0.90955E-02
 0.23404E+00  0.27131E+00 -0.10182E-01
 0.27131E+00  0.27131E+00 -0.11208E-01
 0.31210E+00  0.27131E+00 -0.12119E-01
 0.35601E+00  0.27131E+00 -0.12865E-01
 0.40249E+00  0.27131E+00 -0.13401E-01
 0.45077E+00  0.27131E+00 -0.13693E-01
 0.50000E+00  0.27131E+00 -0.13722E-01
 0.54923E+00  0.27131E+00 -0.13486E-01
 0.59751E+00  0.27131E+00 -0.12999E-01
 0.64399E+00  0.27131E+00 -0.12288E-01
 0.68790E+00  0.27131E+00 -0.11398E-01
 0.72869E+00  0.27131E+00 -0.10379E-01
 0.76596E+00  0.27131E+00 -0.92883E-02
 0.79953E+00  0.27131E+00 -0.81788E-02
 0.82937E+00  0.27131E+00 -0.70972E-02
 0.85557E+00  0.27131E+00 -0.60794E-02
 0.87834E+00  0.27131E+00 -0.51495E-02
 0.89796E+00  0.27131E+00 -0.43203E-02
 0.91472E+00  0.27131E+00 -0.35961E-02
 0.92895E+00  0.27131E+00 -0.29743E-02
 0.94096E+00  0.27131E+00 -0.24481E-02
 0.95105E+00  0.27131E+00 -0.20077E-02
 0.95949E+00  0.27131E+00 -0.16428E-02
 0.96653E+00  0.27131E+00 -0.13423E-02
 0.97238E+00  0.27131E+00 -0.10963E-02
 0.97724E+00  0.27131E+00 -0.89539E-03
 0.98126E+00  0.27131E+00 -0.73162E-03
 0.98458E+00  0.27131E+00 -0.59815E-03
 0.98732E+00  0.27131E+00 -0.48932E-03
 0.98958E+00  0.27131E+00 -0.40050E-03
 0.99145E+00  0.27131E+00 -0.32792E-03
 0.99298E+00  0.27131E+00 -0.26855E-03
 0.99424E+00  0.27131E+00 -0.21994E-03
 0.99528E+00  0.27131E+00 -0.18011E-03
 0.99613E+00  0.27131E+00 -0.14746E-03
 0.99683E+00  0.27131E+00 -0.12068E-03
 0.99741E+00  0.27131E+00 -0.98709E-04
 0.99788E+00  0.27131E+00 -0.80684E-04
 0.99827E+00  0.27131E+00 -0.65894E-04
 0.99859E+00  0.27131E+00 -0.53757E-04
 0.99885E+00  0.27131E+00 -0.43797E-04
 0.99906E+00  0.27131E+00 -0.35625E-04
 0.99924E+00  0.27131E+00 -0.28919E-04
 0.99938E+00  0.27131E+00 -0.23416E-04
 0.99950E+00  0.27131E+00 -0.18901E-04
 0.99960E+00  0.27131E+00 -0.15197E-04
 0.99968E+00  0.27131E+00 -0.12157E-04
 0.99975E+00  0.27131E+00 -0.96636E-05
 0.99980E+00  0.27131E+00 -0.76176E-05
 0.99984E+00  0.27131E+00 -0.59390E-05
 0.99988E+00  0.27131E+00 -0.45618E-05
 0.99991E+00  0.27131E+00 -0.34320E-05
 0.99993E+00  0.27131E+00 -0.25051E-05
 0.99995E+00  0.27131E+00 -0.17447E-05
 0.99997E+00  0.27131E+00 -0.11208E-05
 0.99998E+00  0.27131E+00 -0.60906E-06
 0.10000E+01  0.27131E+00 -0.18921E-06
 0.10000E+01  0.27131E+00  0.00000E+00
 0.00000E+00  0.31210E+00  0.00000E+00
 0.49709E-05  0.31210E+00 -0.17667E-06
 0.16001E-04  0.31210E+00 -0.56869E-06
 0.29447E-04  0.31210E+00 -0.10465E-05
 0.45836E-04  0.31210E+00 -0.16290E-05
 0.65814E-04  0.31210E+00 -0.23390E-05
 0.90165E-04  0.31210E+00 -0.32045E-05
 0.11985E-03  0.31210E+00 -0.42594E-05
 0.15603E-03  0.31210E+00 -0.55453E-05
 0.20013E-03  0.31210E+00 -0.71126E-05
 0.25388E-03  0.31210E+00 -0.90230E-05
 0.31939E-03  0.31210E+00 -0.11352E-04
 0.39924E-03  0.31210E+00 -0.14190E-04
 0.49656E-03  0.31210E+00 -0.17649E-04
 0.61516E-03  0.31210E+00 -0.21864E-04
 0.75970E-03  0.31210E+00 -0.27002E-04
 0.93583E-03  0.31210E+00 -0.33264E-04
 0.11504E-02  0.31210E+00 -0.40895E-04
 0.14119E-02  0.31210E+00 -0.50196E-04
 0.17305E-02  0.31210E+00 -0.61530E-04
 0.21186E-02  0.31210E+00 -0.75343E-04
 0.25912E-02  0.31210E+00 -0.92179E-04
 0.31667E-02  0.31210E+00 -0.11270E-03
 0.38673E-02  0.31210E+00 -0.13772E-03
 0.47200E-02  0.31210E+00 -0.16824E-03
 0.57574E-02  0.31210E+00 -0.20549E-03
 0.70191E-02  0.31210E+00 -0.25096E-03
 0.85527E-02  0.31210E+00 -0.30654E-03
 0.10416E-01  0.31210E+00 -0.37453E-03
 0.12677E-01  0.31210E+00 -0.45782E-03
 0.15420E-01  0.31210E+00 -0.55995E-03
 0.18742E-01  0.31210E+00 -0.68527E-03
 0.22762E-01  0.31210E+00 -0.83908E-03
 0.27617E-01  0.31210E+00 -0.10276E-02
 0.33469E-01  0.31210E+00 -0.12582E-02
 0.40509E-01  0.31210E+00 -0.15388E-02
 0.48950E-01  0.31210E+00 -0.18782E-02
 0.59040E-01  0.31210E+00 -0.22850E-02
 0.71052E-01  0.31210E+00 -0.27669E-02
 0.85282E-01  0.31210E+00 -0.33297E-02
 0.10204E+00  0.31210E+00 -0.39760E-02
 0.12166E+00  0.31210E+00 -0.47032E-02
 0.14443E+00  0.31210E+00 -0.55026E-02
 0.17063E+00  0.31210E+00 -0.63575E-02
 0.20047E+00  0.31210E+00 -0.72423E-02
 0.23404E+00  0.31210E+00 -0.81229E-02
 0.27131E+00  0.31210E+00 -0.89579E-02
 0.31210E+00  0.31210E+00 -0.97027E-02
 0.35601E+00  0.31210E+00 -0.10313E-01
 0.40249E+00  0.31210E+00 -0.10752E-01
 0.45077E+00  0.31210E+00 -0.10989E-01
 0.50000E+00  0.31210E+00 -0.11008E-01
 0.54923E+00  0.31210E+00 -0.10808E-01
 0.59751E+00  0.31210E+00 -0.10401E-01
 0.64399E+00  0.31210E+00 -0.98121E-02
 0.68790E+00  0.31210E+00 -0.90787E-02
 0.72869E+00  0.31210E+00 -0.82451E-02
 0.76596E+00  0.31210E+00 -0.73582E-02
 0.79953E+00  0.31210E+00 -0.64622E-02
 0.82937E+00  0.31210E+00 -0.55944E-02
 0.85557E+00  0.31210E+00 -0.47824E-02
 0.87834E+00  0.31210E+00 -0.40442E-02
 0.89796E+00  0.31210E+00 -0.33886E-02
 0.91472E+00  0.31210E+00 -0.28179E-02
 0.92895E+00  0.31210E+00 -0.23290E-02
 0.94096E+00  0.31210E+00 -0.19160E-02
 0.95105E+00  0.31210E+00 -0.15709E-02
 0.95949E+00  0.31210E+00 -0.12851E-02
 0.96653E+00  0.31210E+00 -0.10499E-02
 0.97238E+00  0.31210E+00 -0.85744E-03
 0.97724E+00  0.31210E+00 -0.70031E-03
 0.98126E+00  0.31210E+00 -0.57223E-03
 0.98458E+00  0.31210E+00 -0.46785E-03
 0.98732E+00  0.31210E+00 -0.38274E-03
 0.98958E+00  0.31210E+00 -0.31327E-03
 0.99145E+00  0.31210E+00 -0.25650E-03
 0.99298E+00  0.31210E+00 -0.21006E-03
 0.99424E+00  0.31210E+00 -0.17204E-03
 0.99528E+00  0.31210E+00 -0.14089E-03
 0.99613E+00  0.31210E+00 -0.11534E-03
 0.99683E+00  0.31210E+00 -0.94397E-04
 0.99741E+00  0.31210E+00 -0.77213E-04
 0.99788E+00  0.31210E+00 -0.63113E-04
 0.99827E+00  0.31210E+00 -0.51544E-04
 0.99859E+00  0.31210E+00 -0.42050E-04
 0.99885E+00  0.31210E+00 -0.34260E-04
 0.99906E+00  0.31210E+00 -0.27867E-04
 0.99924E+00  0.31210E+00 -0.22621E-04
 0.99938E+00  0.31210E+00 -0.18317E-04
 0.99950E+00  0.31210E+00 -0.14785E-04
 0.99960E+00  0.31210E+00 -0.11887E-04
 0.99968E+00  0.31210E+00 -0.95098E-05
 0.99975E+00  0.31210E+00 -0.75591E-05
 0.99980E+00  0.31210E+00 -0.59587E-05
 0.99984E+00  0.31210E+00 -0.46456E-05
 0.99988E+00  0.31210E+00 -0.35684E-05
 0.99991E+00  0.31210E+00 -0.26846E-05
 0.99993E+00  0.31210E+00 -0.19596E-05
 0.99995E+00  0.31210E+00 -0.13647E-05
 0.99997E+00  0.31210E+00 -0.87676E-06
 0.99998E+00  0.31210E+00 -0.47643E-06
 0.10000E+01  0.31210E+00 -0.14801E-06
 0.10000E+01  0.31210E+00  0.00000E+00
 0.00000E+00  0.35601E+00  0.00000E+00
 0.49709E-05  0.35601E+00 -0.13189E-06
 0.16001E-04  0.35601E+00 -0.42454E-06
 0.29447E-04  0.35601E+00 -0.78128E-06
 0.45836E-04  0.35601E+00 -0.12161E-05
 0.65814E-04  0.35601E+00 -0.17462E-05
 0.90165E-04  0.35601E+00 -0.23923E-05
 0.11985E-03  0.35601E+00 -0.31798E-05
 0.15603E-03  0.35601E+00 -0.41397E-05
 0.20013E-03  0.35601E+00 -0.53098E-05
 0.25388E-03  0.35601E+00 -0.67360E-05
 0.31939E-03  0.35601E+00 -0.84742E-05
 0.39924E-03  0.35601E+00 -0.10593E-04
 0.49656E-03  0.35601E+00 -0.13175E-04
 0.61516E-03  0.35601E+00 -0.16322E-04
 0.75970E-03  0.35601E+00 -0.20158E-04
 0.93583E-03  0.35601E+00 -0.24833E-04
 0.11504E-02  0.35601E+00 -0.30530E-04
 0.14119E-02  0.35601E+00 -0.37473E-04
 0.17305E-02  0.35601E+00 -0.45934E-04
 0.21186E-02  0.35601E+00 -0.56246E-04
 0.25912E-02  0.35601E+00 -0.68815E-04
 0.31667E-02  0.35601E+00 -0.84137E-04
 0.38673E-02  0.35601E+00 -0.10282E-03
 0.47200E-02  0.35601E+00 -0.12560E-03
 0.57574E-02  0.35601E+00 -0.15341E-03
 0.70191E-02  0.35601E+00 -0.18736E-03
 0.85527E-02  0.35601E+00 -0.22886E-03
 0.10416E-01  0.35601E+00 -0.27964E-03
 0.12677E-01  0.35601E+00 -0.34185E-03
 0.15420E-01  0.35601E+00 -0.41813E-03
 0.18742E-01  0.35601E+00 -0.51177E-03
 0.22762E-01  0.35601E+00 -0.62671E-03
 0.27617E-01  0.35601E+00 -0.76764E-03
 0.33469E-01  0.35601E+00 -0.94000E-03
 0.40509E-01  0.35601E+00 -0.11498E-02
 0.48950E-01  0.35601E+00 -0.14037E-02
 0.59040E-01  0.35601E+00 -0.17079E-02
 0.71052E-01  0.35601E+00 -0.20686E-02
 0.85282E-01  0.35601E+00 -0.24900E-02
 0.10204E+00  0.35601E+00 -0.29742E-02
 0.12166E+00  0.35601E+00 -0.35197E-02
 0.14443E+00  0.35601E+00 -0.41201E-02
 0.17063E+00  0.35601E+00 -0.47634E-02
 0.20047E+00  0.35601E+00 -0.54305E-02
 0.23404E+00  0.35601E+00 -0.60957E-02
 0.27131E+00  0.35601E+00 -0.67275E-02
 0.31210E+00  0.35601E+00 -0.72911E-02
 0.35601E+00  0.35601E+00 -0.77522E-02
 0.40249E+00  0.35601E+00 -0.80808E-02
 0.45077E+00  0.35601E+00 -0.82541E-02
 0.50000E+00  0.35601E+00 -0.82598E-02
 0.54923E+00  0.35601E+00 -0.80965E-02
 0.59751E+00  0.35601E+00 -0.77748E-02
 0.64399E+00  0.35601E+00 -0.73159E-02
 0.68790E+00  0.35601E+00 -0.67497E-02
 0.72869E+00  0.35601E+00 -0.61116E-02
 0.76596E+00  0.35601E+00 -0.54378E-02
 0.79953E+00  0.35601E+00 -0.47621E-02
 0.82937E+00  0.35601E+00 -0.41120E-02
 0.85557E+00  0.35601E+00 -0.35074E-02
 0.87834E+00  0.35601E+00 -0.29605E-02
 0.89796E+00  0.35601E+00 -0.24769E-02
 0.91472E+00  0.35601E+00 -0.20574E-02
 0.92895E+00  0.35601E+00 -0.16991E-02
 0.94096E+00  0.35601E+00 -0.13970E-02
 0.95105E+00  0.35601E+00 -0.11449E-02
 0.95949E+00  0.35601E+00 -0.93641E-03
 0.96653E+00  0.35601E+00 -0.76501E-03
 0.97238E+00  0.35601E+00 -0.62475E-03
 0.97724E+00  0.35601E+00 -0.51028E-03
 0.98126E+00  0.35601E+00 -0.41698E-03
 0.98458E+00  0.35601E+00 -0.34094E-03
 0.98732E+00  0.35601E+00 -0.27893E-03
 0.98958E+00  0.35601E+00 -0.22832E-03
 0.99145E+00  0.35601E+00 -0.18695E-03
 0.99298E+00  0.35601E+00 -0.15311E-03
 0.99424E+00  0.35601E+00 -0.12540E-03
 0.99528E+00  0.35601E+00 -0.10269E-03
 0.99613E+00  0.35601E+00 -0.84077E-04
 0.99683E+00  0.35601E+00 -0.68808E-04
 0.99741E+00  0.35601E+00 -0.56282E-04
 0.99788E+00  0.35601E+00 -0.46005E-04
 0.99827E+00  0.35601E+00 -0.37572E-04
 0.99859E+00  0.35601E+00 -0.30652E-04
 0.99885E+00  0.35601E+00 -0.24973E-04
 0.99906E+00  0.35601E+00 -0.20313E-04
 0.99924E+00  0.35601E+00 -0.16489E-04
 0.99938E+00  0.35601E+00 -0.13352E-04
 0.99950E+00  0.35601E+00 -0.10777E-04
 0.99960E+00  0.35601E+00 -0.86652E-05
 0.99968E+00  0.35601E+00 -0.69321E-05
 0.99975E+00  0.35601E+00 -0.55101E-05
 0.99980E+00  0.35601E+00 -0.43435E-05
 0.99984E+00  0.35601E+00 -0.33864E-05
 0.99988E+00  0.35601E+00 -0.26011E-05
 0.99991E+00  0.35601E+00 -0.19569E-05
 0.99993E+00  0.35601E+00 -0.14284E-05
 0.99995E+00  0.35601E+00 -0.99481E-06
 0.99997E+00  0.35601E+00 -0.63910E-06
 0.99998E+00  0.35601E+00 -0.34728E-06
 0.10000E+01  0.35601E+00 -0.10789E-06
 0.10000E+01  0.35601E+00  0.00000E+00
 0.00000E+00  0.40249E+00  0.00000E+00
 0.49709E-05  0.40249E+00 -0.89342E-07
 0.16001E-04  0.40249E+00 -0.28759E-06
 0.29447E-04  0.40249E+00 -0.52924E-06
 0.45836E-04  0.40249E+00 -0.82380E-06
 0.65814E-04  0.40249E+00 -0.11829E-05
 0.90165E-04  0.40249E+00 -0.16205E-05
 0.11985E-03  0.40249E+00 -0.21540E-05
 0.15603E-03  0.40249E+00 -0.28043E-05
 0.20013E-03  0.40249E+00 -0.35969E-05
 0.25388E-03  0.40249E+00 -0.45629E-05
 0.31939E-03  0.40249E+00 -0.57405E-05
 0.39924E-03  0.40249E+00 -0.71757E-05
 0.49656E-03  0.40249E+00 -0.89249E-05
 0.61516E-03  0.40249E+00 -0.11057E-04
 0.75970E-03  0.40249E+00 -0.13655E-04
 0.93583E-03  0.40249E+00 -0.16822E-04
 0.11504E-02  0.40249E+00 -0.20681E-04
 0.14119E-02  0.40249E+00 -0.25384E-04
 0.17305E-02  0.40249E+00 -0.31116E-04
 0.21186E-02  0.40249E+00 -0.38102E-04
 0.25912E-02  0.40249E+00 -0.46617E-04
 0.31667E-02  0.40249E+00 -0.56996E-04
 0.38673E-02  0.40249E+00 -0.69652E-04
 0.47200E-02  0.40249E+00 -0.85090E-04
 0.57574E-02  0.40249E+00 -0.10393E-03
 0.70191E-02  0.40249E+00 -0.12694E-03
 0.85527E-02  0.40249E+00 -0.15506E-03
 0.10416E-01  0.40249E+00 -0.18948E-03
 0.12677E-01  0.40249E+00 -0.23166E-03
 0.15420E-01  0.40249E+00 -0.28339E-03
 0.18742E-01  0.40249E+00 -0.34691E-03
 0.22762E-01  0.40249E+00 -0.42489E-03
 0.27617E-01  0.40249E+00 -0.52052E-03
 0.33469E-01  0.40249E+00 -0.63748E-03
 0.40509E-01  0.40249E+00 -0.77985E-03
 0.48950E-01  0.40249E+00 -0.95198E-03
 0.59040E-01  0.40249E+00 -0.11582E-02
 0.71052E-01  0.40249E+00 -0.14024E-02
 0.85282E-01  0.40249E+00 -0.16875E-02
 0.10204E+00  0.40249E+00 -0.20146E-02
 0.12166E+00  0.40249E+00 -0.23825E-02
 0.14443E+00  0.40249E+00 -0.27869E-02
 0.17063E+00  0.40249E+00 -0.32191E-02
 0.20047E+00  0.40249E+00 -0.36663E-02
 0.23404E+00  0.40249E+00 -0.41108E-02
 0.27131E+00  0.40249E+00 -0.45309E-02
 0.31210E+00  0.40249E+00 -0.49031E-02
 0.35601E+00  0.40249E+00 -0.52038E-02
 0.40249E+00  0.40249E+00 -0.54127E-02
 0.45077E+00  0.40249E+00 -0.55147E-02
 0.50000E+00  0.40249E+00 -0.55020E-02
 0.54923E+00  0.40249E+00 -0.53747E-02
 0.59751E+00  0.40249E+00 -0.51412E-02
 0.64399E+00  0.40249E+00 -0.48173E-02
 0.68790E+00  0.40249E+00 -0.44247E-02
 0.72869E+00  0.40249E+00 -0.39881E-02
 0.76596E+00  0.40249E+00 -0.35324E-02
 0.79953E+00  0.40249E+00 -0.30802E-02
 0.82937E+00  0.40249E+00 -0.26492E-02
 0.85557E+00  0.40249E+00 -0.22518E-02
 0.87834E+00  0.40249E+00 -0.18950E-02
 0.89796E+00  0.40249E+00 -0.15816E-02
 0.91472E+00  0.40249E+00 -0.13112E-02
 0.92895E+00  0.40249E+00 -0.10813E-02
 0.94096E+00  0.40249E+00 -0.88811E-03
 0.95105E+00  0.40249E+00 -0.72742E-03
 0.95949E+00  0.40249E+00 -0.59474E-03
 0.96653E+00  0.40249E+00 -0.48582E-03
 0.97238E+00  0.40249E+00 -0.39676E-03
 0.97724E+00  0.40249E+00 -0.32411E-03
 0.98126E+00  0.40249E+00 -0.26489E-03
 0.98458E+00  0.40249E+00 -0.21663E-03
 0.98732E+00  0.40249E+00 -0.17726E-03
 0.98958E+00  0.40249E+00 -0.14511E-03
 0.99145E+00  0.40249E+00 -0.11884E-03
 0.99298E+00  0.40249E+00 -0.97333E-04
 0.99424E+00  0.40249E+00 -0.79722E-04
 0.99528E+00  0.40249E+00 -0.65290E-04
 0.99613E+00  0.40249E+00 -0.53456E-04
 0.99683E+00  0.40249E+00 -0.43749E-04
 0.99741E+00  0.40249E+00 -0.35785E-04
 0.99788E+00  0.40249E+00 -0.29251E-04
 0.99827E+00  0.40249E+00 -0.23889E-04
 0.99859E+00  0.40249E+00 -0.19489E-04
 0.99885E+00  0.40249E+00 -0.15879E-04
 0.99906E+00  0.40249E+00 -0.12916E-04
 0.99924E+00  0.40249E+00 -0.10485E-04
 0.99938E+00  0.40249E+00 -0.84896E-05
 0.99950E+00  0.40249E+00 -0.68527E-05
 0.99960E+00  0.40249E+00 -0.55096E-05
 0.99968E+00  0.40249E+00 -0.44077E-05
 0.99975E+00  0.40249E+00 -0.35036E-05
 0.99980E+00  0.40249E+00 -0.27618E-05
 0.99984E+00  0.40249E+00 -0.21532E-05
 0.99988E+00  0.40249E+00 -0.16539E-05
 0.99991E+00  0.40249E+00 -0.12443E-05
 0.99993E+00  0.40249E+00 -0.90823E-06
 0.99995E+00  0.40249E+00 -0.63254E-06
 0.99997E+00  0.40249E+00 -0.40637E-06
 0.99998E+00  0.40249E+00 -0.22082E-06
 0.10000E+01  0.40249E+00 -0.68599E-07
 0.10000E+01  0.40249E+00  0.00000E+00
 0.00000E+00  0.45077E+00  0.00000E+00
 0.49709E-05  0.45077E+00 -0.48571E-07
 0.16001E-04  0.45077E+00 -0.15635E-06
 0.29447E-04  0.45077E+00 -0.28773E-06
 0.45836E-04  0.45077E+00 -0.44787E-06
 0.65814E-04  0.45077E+00 -0.64307E-06
 0.90165E-04  0.45077E+00 -0.88101E-06
 0.11985E-03  0.45077E+00 -0.11710E-05
 0.15603E-03  0.45077E+00 -0.15246E-05
 0.20013E-03  0.45077E+00 -0.19555E-05
 0.25388E-03  0.45077E+00 -0.24807E-05
 0.31939E-03  0.45077E+00 -0.31209E-05
 0.39924E-03  0.45077E+00 -0.39011E-05
 0.49656E-03  0.45077E+00 -0.48521E-05
 0.61516E-03  0.45077E+00 -0.60112E-05
 0.75970E-03  0.45077E+00 -0.74238E-05
 0.93583E-03  0.45077E+00 -0.91454E-05
 0.11504E-02  0.45077E+00 -0.11244E-04
 0.14119E-02  0.45077E+00 -0.13801E-04
 0.17305E-02  0.45077E+00 -0.16917E-04
 0.21186E-02  0.45077E+00 -0.20715E-04
 0.25912E-02  0.45077E+00 -0.25345E-04
 0.31667E-02  0.45077E+00 -0.30990E-04
 0.38673E-02  0.45077E+00 -0.37873E-04
 0.47200E-02  0.45077E+00 -0.46269E-04
 0.57574E-02  0.45077E+00 -0.56519E-04
 0.70191E-02  0.45077E+00 -0.69041E-04
 0.85527E-02  0.45077E+00 -0.84352E-04
 0.10416E-01  0.45077E+00 -0.10310E-03
 0.12677E-01  0.45077E+00 -0.12608E-03
 0.15420E-01  0.45077E+00 -0.15429E-03
 0.18742E-01  0.45077E+00 -0.18894E-03
 0.22762E-01  0.45077E+00 -0.23150E-03
 0.27617E-01  0.45077E+00 -0.28370E-03
 0.33469E-01  0.45077E+00 -0.34750E-03
 0.40509E-01  0.45077E+00 -0.42508E-03
 0.48950E-01  0.45077E+00 -0.51870E-03
 0.59040E-01  0.45077E+00 -0.63054E-03
 0.71052E-01  0.45077E+00 -0.76243E-03
 0.85282E-01  0.45077E+00 -0.91555E-03
 0.10204E+00  0.45077E+00 -0.10900E-02
 0.12166E+00  0.45077E+00 -0.12845E-02
 0.14443E+00  0.45077E+00 -0.14959E-02
 0.17063E+00  0.45077E+00 -0.17190E-02
 0.20047E+00  0.45077E+00 -0.19460E-02
 0.23404E+00  0.45077E+00 -0.21673E-02
 0.27131E+00  0.45077E+00 -0.23710E-02
 0.31210E+00  0.45077E+00 -0.25450E-02
 0.35601E+00  0.45077E+00 -0.26776E-02
 0.40249E+00  0.45077E+00 -0.27592E-02
 0.45077E+00  0.45077E+00 -0.27834E-02
 0.50000E+00  0.45077E+00 -0.27478E-02
 0.54923E+00  0.45077E+00 -0.26545E-02
 0.59751E+00  0.45077E+00 -0.25094E-02
 0.64399E+00  0.45077E+00 -0.23224E-02
 0.68790E+00  0.45077E+00 -0.21059E-02
 0.72869E+00  0.45077E+00 -0.18734E-02
 0.76596E+00  0.45077E+00 -0.16379E-02
 0.79953E+00  0.45077E+00 -0.14103E-02
 0.82937E+00  0.45077E+00 -0.11985E-02
 0.85557E+00  0.45077E+00 -0.10077E-02
 0.87834E+00  0.45077E+00 -0.83992E-03
 0.89796E+00  0.45077E+00 -0.69536E-03
 0.91472E+00  0.45077E+00 -0.57275E-03
 0.92895E+00  0.45077E+00 -0.47000E-03
 0.94096E+00  0.45077E+00 -0.38470E-03
 0.95105E+00  0.45077E+00 -0.31440E-03
 0.95949E+00  0.45077E+00 -0.25675E-03
 0.96653E+00  0.45077E+00 -0.20965E-03
 0.97238E+00  0.45077E+00 -0.17125E-03
 0.97724E+00  0.45077E+00 -0.13997E-03
 0.98126E+00  0.45077E+00 -0.11448E-03
 0.98458E+00  0.45077E+00 -0.93688E-04
 0.98732E+00  0.45077E+00 -0.76713E-04
 0.98958E+00  0.45077E+00 -0.62837E-04
 0.99145E+00  0.45077E+00 -0.51481E-04
 0.99298E+00  0.45077E+00 -0.42180E-04
 0.99424E+00  0.45077E+00 -0.34557E-04
 0.99528E+00  0.45077E+00 -0.28307E-04
 0.99613E+00  0.45077E+00 -0.23179E-04
 0.99683E+00  0.45077E+00 -0.18972E-04
 0.99741E+00  0.45077E+00 -0.15519E-04
 0.99788E+00  0.45077E+00 -0.12686E-04
 0.99827E+00  0.45077E+00 -0.10361E-04
 0.99859E+00  0.45077E+00 -0.84529E-05
 0.99885E+00  0.45077E+00 -0.68870E-05
 0.99906E+00  0.45077E+00 -0.56020E-05
 0.99924E+00  0.45077E+00 -0.45475E-05
 0.99938E+00  0.45077E+00 -0.36823E-05
 0.99950E+00  0.45077E+00 -0.29723E-05
 0.99960E+00  0.45077E+00 -0.23897E-05
 0.99968E+00  0.45077E+00 -0.19118E-05
 0.99975E+00  0.45077E+00 -0.15196E-05
 0.99980E+00  0.45077E+00 -0.11979E-05
 0.99984E+00  0.45077E+00 -0.93392E-06
 0.99988E+00  0.45077E+00 -0.71736E-06
 0.99991E+00  0.45077E+00 -0.53969E-06
 0.99993E+00  0.45077E+00 -0.39393E-06
 0.99995E+00  0.45077E+00 -0.27436E-06
 0.99997E+00  0.45077E+00 -0.17626E-06
 0.99998E+00  0.45077E+00 -0.95777E-07
 0.10000E+01  0.45077E+00 -0.29754E-07
 0.10000E+01  0.45077E+00  0.00000E+00
 0.00000E+00  0.50000E+00  0.00000E+00
 0.49709E-05  0.50000E+00 -0.90300E-08
 0.16001E-04  0.50000E+00 -0.29067E-07
 0.29447E-04  0.50000E+00 -0.53492E-07
 0.45836E-04  0.50000E+00 -0.83264E-07
 0.65814E-04  0.50000E+00 -0.11955E-06
 0.90165E-04  0.50000E+00 -0.16379E-06
 0.11985E-03  0.50000E+00 -0.21771E-06
 0.15603E-03  0.50000E+00 -0.28344E-06
 0.20013E-03  0.50000E+00 -0.36355E-06
 0.25388E-03  0.50000E+00 -0.46119E-06
 0.31939E-03  0.50000E+00 -0.58021E-06
 0.39924E-03  0.50000E+00 -0.72528E-06
 0.49656E-03  0.50000E+00 -0.90209E-06
 0.61516E-03  0.50000E+00 -0.11176E-05
 0.75970E-03  0.50000E+00 -0.13803E-05
 0.93583E-03  0.50000E+00 -0.17004E-05
 0.11504E-02  0.50000E+00 -0.20906E-05
 0.14119E-02  0.50000E+00 -0.25663E-05
 0.17305E-02  0.50000E+00 -0.31461E-05
 0.21186E-02  0.50000E+00 -0.38531E-05
 0.25912E-02  0.50000E+00 -0.47153E-05
 0.31667E-02  0.50000E+00 -0.57672E-05
 0.38673E-02  0.50000E+00 -0.70514E-05
 0.47200E-02  0.50000E+00 -0.86205E-05
 0.57574E-02  0.50000E+00 -0.10540E-04
 0.70191E-02  0.50000E+00 -0.12891E-04
 0.85527E-02  0.50000E+00 -0.15777E-04
 0.10416E-01  0.50000E+00 -0.19326E-04
 0.12677E-01  0.50000E+00 -0.23700E-04
 0.15420E-01  0.50000E+00 -0.29097E-04
 0.18742E-01  0.50000E+00 -0.35760E-04
 0.22762E-01  0.50000E+00 -0.43968E-04
 0.27617E-01  0.50000E+00 -0.54029E-04
 0.33469E-01  0.50000E+00 -0.66255E-04
 0.40509E-01  0.50000E+00 -0.80930E-04
 0.48950E-01  0.50000E+00 -0.98254E-04
 0.59040E-01  0.50000E+00 -0.11826E-03
 0.71052E-01  0.50000E+00 -0.14073E-03
 0.85282E-01  0.50000E+00 -0.16502E-03
 0.10204E+00  0.50000E+00 -0.19006E-03
 0.12166E+00  0.50000E+00 -0.21419E-03
 0.14443E+00  0.50000E+00 -0.23532E-03
 0.17063E+00  0.50000E+00 -0.25094E-03
 0.20047E+00  0.50000E+00 -0.25845E-03
 0.23404E+00  0.50000E+00 -0.25542E-03
 0.27131E+00  0.50000E+00 -0.24013E-03
 0.31210E+00  0.50000E+00 -0.21188E-03
 0.35601E+00  0.50000E+00 -0.17127E-03
 0.40249E+00  0.50000E+00 -0.12019E-03
 0.45077E+00  0.50000E+00 -0.61564E-04
 0.50000E+00  0.50000E+00  0.10010E-05
 0.54923E+00  0.50000E+00  0.63566E-04
 0.59751E+00  0.50000E+00  0.12219E-03
 0.64399E+00  0.50000E+00  0.17327E-03
 0.68790E+00  0.50000E+00  0.21388E-03
 0.72869E+00  0.50000E+00  0.24213E-03
 0.76596E+00  0.50000E+00  0.25742E-03
 0.79953E+00  0.50000E+00  0.26044E-03
 0.82937E+00  0.50000E+00  0.25293E-03
 0.85557E+00  0.50000E+00  0.23727E-03
 0.87834E+00  0.50000E+00  0.21607E-03
 0.89796E+00  0.50000E+00  0.19182E-03
 0.91472E+00  0.50000E+00  0.16664E-03
 0.92895E+00  0.50000E+00  0.14217E-03
 0.94096E+00  0.50000E+00  0.11953E-03
 0.95105E+00  0.50000E+00  0.99345E-04
 0.95949E+00  0.50000E+00  0.81857E-04
 0.96653E+00  0.50000E+00  0.67036E-04
 0.97238E+00  0.50000E+00  0.54682E-04
 0.97724E+00  0.50000E+00  0.44511E-04
 0.98126E+00  0.50000E+00  0.36210E-04
 0.98458E+00  0.50000E+00  0.29469E-04
 0.98732E+00  0.50000E+00  0.24006E-04
 0.98958E+00  0.50000E+00  0.19578E-04
 0.99145E+00  0.50000E+00  0.15984E-04
 0.99298E+00  0.50000E+00  0.13062E-04
 0.99424E+00  0.50000E+00  0.10680E-04
 0.99528E+00  0.50000E+00  0.87353E-05
 0.99613E+00  0.50000E+00  0.71455E-05
 0.99683E+00  0.50000E+00  0.58442E-05
 0.99741E+00  0.50000E+00  0.47783E-05
 0.99788E+00  0.50000E+00  0.39046E-05
 0.99827E+00  0.50000E+00  0.31882E-05
 0.99859E+00  0.50000E+00  0.26006E-05
 0.99885E+00  0.50000E+00  0.21186E-05
 0.99906E+00  0.50000E+00  0.17232E-05
 0.99924E+00  0.50000E+00  0.13987E-05
 0.99938E+00  0.50000E+00  0.11326E-05
 0.99950E+00  0.50000E+00  0.91417E-06
 0.99960E+00  0.50000E+00  0.73499E-06
 0.99968E+00  0.50000E+00  0.58798E-06
 0.99975E+00  0.50000E+00  0.46737E-06
 0.99980E+00  0.50000E+00  0.36842E-06
 0.99984E+00  0.50000E+00  0.28723E-06
 0.99988E+00  0.50000E+00  0.22063E-06
 0.99991E+00  0.50000E+00  0.16598E-06
 0.99993E+00  0.50000E+00  0.12116E-06
 0.99995E+00  0.50000E+00  0.84379E-07
 0.99997E+00  0.50000E+00  0.54208E-07
 0.99998E+00  0.50000E+00  0.29457E-07
 0.10000E+01  0.50000E+00  0.91509E-08
 0.10000E+01  0.50000E+00  0.00000E+00
 0.00000E+00  0.54923E+00  0.00000E+00
 0.49709E-05  0.54923E+00  0.29874E-07
 0.16001E-04  0.54923E+00  0.96165E-07
 0.29447E-04  0.54923E+00  0.17697E-06
 0.45836E-04  0.54923E+00  0.27547E-06
 0.65814E-04  0.54923E+00  0.39553E-06
 0.90165E-04  0.54923E+00  0.54188E-06
 0.11985E-03  0.54923E+00  0.72026E-06
 0.15603E-03  0.54923E+00  0.93770E-06
 0.20013E-03  0.54923E+00  0.12027E-05
 0.25388E-03  0.54923E+00  0.15258E-05
 0.31939E-03  0.54923E+00  0.19195E-05
 0.39924E-03  0.54923E+00  0.23994E-05
 0.49656E-03  0.54923E+00  0.29843E-05
 0.61516E-03  0.54923E+00  0.36972E-05
 0.75970E-03  0.54923E+00  0.45659E-05
 0.93583E-03  0.54923E+00  0.56247E-05
 0.11504E-02  0.54923E+00  0.69149E-05
 0.14119E-02  0.54923E+00  0.84871E-05
 0.17305E-02  0.54923E+00  0.10403E-04
 0.21186E-02  0.54923E+00  0.12737E-04
 0.25912E-02  0.54923E+00  0.15582E-04
 0.31667E-02  0.54923E+00  0.19048E-04
 0.38673E-02  0.54923E+00  0.23272E-04
 0.47200E-02  0.54923E+00  0.28421E-04
 0.57574E-02  0.54923E+00  0.34697E-04
 0.70191E-02  0.54923E+00  0.42350E-04
 0.85527E-02  0.54923E+00  0.51688E-04
 0.10416E-01  0.54923E+00  0.63088E-04
 0.12677E-01  0.54923E+00  0.77018E-04
 0.15420E-01  0.54923E+00  0.94058E-04
 0.18742E-01  0.54923E+00  0.11492E-03
 0.22762E-01  0.54923E+00  0.14051E-03
 0.27617E-01  0.54923E+00  0.17190E-03
 0.33469E-01  0.54923E+00  0.21042E-03
 0.40509E-01  0.54923E+00  0.25767E-03
 0.48950E-01  0.54923E+00  0.31548E-03
 0.59040E-01  0.54923E+00  0.38597E-03
 0.71052E-01  0.54923E+00  0.47144E-03
 0.85282E-01  0.54923E+00  0.57436E-03
 0.10204E+00  0.54923E+00  0.69712E-03
 0.12166E+00  0.54923E+00  0.84179E-03
 0.14443E+00  0.54923E+00  0.10096E-02
 0.17063E+00  0.54923E+00  0.12005E-02
 0.20047E+00  0.54923E+00  0.14123E-02
 0.23404E+00  0.54923E+00  0.16399E-02
 0.27131E+00  0.54923E+00  0.18754E-02
 0.31210E+00  0.54923E+00  0.21079E-02
 0.35601E+00  0.54923E+00  0.23244E-02
 0.40249E+00  0.54923E+00  0.25114E-02
 0.45077E+00  0.54923E+00  0.26565E-02
 0.50000E+00  0.54923E+00  0.27498E-02
 0.54923E+00  0.54923E+00  0.27854E-02
 0.59751E+00  0.54923E+00  0.27612E-02
 0.64399E+00  0.54923E+00  0.26796E-02
 0.68790E+00  0.54923E+00  0.25470E-02
 0.72869E+00  0.54923E+00  0.23730E-02
 0.76596E+00  0.54923E+00  0.21693E-02
 0.79953E+00  0.54923E+00  0.19480E-02
 0.82937E+00  0.54923E+00  0.17209E-02
 0.85557E+00  0.54923E+00  0.14979E-02
 0.87834E+00  0.54923E+00  0.12864E-02
 0.89796E+00  0.54923E+00  0.10918E-02
 0.91472E+00  0.54923E+00  0.91717E-03
 0.92895E+00  0.54923E+00  0.76388E-03
 0.94096E+00  0.54923E+00  0.63181E-03
 0.95105E+00  0.54923E+00  0.51980E-03
 0.95949E+00  0.54923E+00  0.42602E-03
 0.96653E+00  0.54923E+00  0.34829E-03
 0.97238E+00  0.54923E+00  0.28436E-03
 0.97724E+00  0.54923E+00  0.23205E-03
 0.98126E+00  0.54923E+00  0.18940E-03
 0.98458E+00  0.54923E+00  0.15466E-03
 0.98732E+00  0.54923E+00  0.12639E-03
 0.98958E+00  0.54923E+00  0.10335E-03
 0.99145E+00  0.54923E+00  0.84561E-04
 0.99298E+00  0.54923E+00  0.69212E-04
 0.99424E+00  0.54923E+00  0.56660E-04
 0.99528E+00  0.54923E+00  0.46385E-04
 0.99613E+00  0.54923E+00  0.37967E-04
 0.99683E+00  0.54923E+00  0.31067E-04
 0.99741E+00  0.54923E+00  0.25409E-04
 0.99788E+00  0.54923E+00  0.20767E-04
 0.99827E+00  0.54923E+00  0.16959E-04
 0.99859E+00  0.54923E+00  0.13835E-04
 0.99885E+00  0.54923E+00  0.11272E-04
 0.99906E+00  0.54923E+00  0.91683E-05
 0.99924E+00  0.54923E+00  0.74424E-05
 0.99938E+00  0.54923E+00  0.60262E-05
 0.99950E+00  0.54923E+00  0.48642E-05
 0.99960E+00  0.54923E+00  0.39109E-05
 0.99968E+00  0.54923E+00  0.31287E-05
 0.99975E+00  0.54923E+00  0.24869E-05
 0.99980E+00  0.54923E+00  0.19604E-05
 0.99984E+00  0.54923E+00  0.15284E-05
 0.99988E+00  0.54923E+00  0.11740E-05
 0.99991E+00  0.54923E+00  0.88321E-06
 0.99993E+00  0.54923E+00  0.64468E-06
 0.99995E+00  0.54923E+00  0.44899E-06
 0.99997E+00  0.54923E+00  0.28845E-06
 0.99998E+00  0.54923E+00  0.15674E-06
 0.10000E+01  0.54923E+00  0.48693E-07
 0.10000E+01  0.54923E+00  0.00000E+00
 0.00000E+00  0.59751E+00  0.00000E+00
 0.49709E-05  0.59751E+00  0.68719E-07
 0.16001E-04  0.59751E+00  0.22120E-06
 0.29447E-04  0.59751E+00  0.40707E-06
 0.45836E-04  0.59751E+00  0.63364E-06
 0.65814E-04  0.59751E+00  0.90982E-06
 0.90165E-04  0.59751E+00  0.12465E-05
 0.11985E-03  0.59751E+00  0.16568E-05
 0.15603E-03  0.59751E+00  0.21569E-05
 0.20013E-03  0.59751E+00  0.27666E-05
 0.25388E-03  0.59751E+00  0.35097E-05
 0.31939E-03  0.59751E+00  0.44154E-05
 0.39924E-03  0.59751E+00  0.55193E-05
 0.49656E-03  0.59751E+00  0.68647E-05
 0.61516E-03  0.59751E+00  0.85045E-05
 0.75970E-03  0.59751E+00  0.10503E-04
 0.93583E-03  0.59751E+00  0.12938E-04
 0.11504E-02  0.59751E+00  0.15906E-04
 0.14119E-02  0.59751E+00  0.19523E-04
 0.17305E-02  0.59751E+00  0.23931E-04
 0.21186E-02  0.59751E+00  0.29302E-04
 0.25912E-02  0.59751E+00  0.35848E-04
 0.31667E-02  0.59751E+00  0.43825E-04
 0.38673E-02  0.59751E+00  0.53549E-04
 0.47200E-02  0.59751E+00  0.65403E-04
 0.57574E-02  0.59751E+00  0.79861E-04
 0.70191E-02  0.59751E+00  0.97502E-04
 0.85527E-02  0.59751E+00  0.11904E-03
 0.10416E-01  0.59751E+00  0.14536E-03
 0.12677E-01  0.59751E+00  0.17756E-03
 0.15420E-01  0.59751E+00  0.21700E-03
 0.18742E-01  0.59751E+00  0.26534E-03
 0.22762E-01  0.59751E+00  0.32464E-03
 0.27617E-01  0.59751E+00  0.39741E-03
 0.33469E-01  0.59751E+00  0.48659E-03
 0.40509E-01  0.59751E+00  0.59566E-03
 0.48950E-01  0.59751E+00  0.72850E-03
 0.59040E-01  0.59751E+00  0.88937E-03
 0.71052E-01  0.59751E+00  0.10827E-02
 0.85282E-01  0.59751E+00  0.13128E-02
 0.10204E+00  0.59751E+00  0.15833E-02
 0.12166E+00  0.59751E+00  0.18968E-02
 0.14443E+00  0.59751E+00  0.22537E-02
 0.17063E+00  0.59751E+00  0.26512E-02
 0.20047E+00  0.59751E+00  0.30822E-02
 0.23404E+00  0.59751E+00  0.35344E-02
 0.27131E+00  0.59751E+00  0.39901E-02
 0.31210E+00  0.59751E+00  0.44267E-02
 0.35601E+00  0.59751E+00  0.48193E-02
 0.40249E+00  0.59751E+00  0.51432E-02
 0.45077E+00  0.59751E+00  0.53767E-02
 0.50000E+00  0.59751E+00  0.55040E-02
 0.54923E+00  0.59751E+00  0.55167E-02
 0.59751E+00  0.59751E+00  0.54147E-02
 0.64399E+00  0.59751E+00  0.52058E-02
 0.68790E+00  0.59751E+00  0.49051E-02
 0.72869E+00  0.59751E+00  0.45329E-02
 0.76596E+00  0.59751E+00  0.41128E-02
 0.79953E+00  0.59751E+00  0.36683E-02
 0.82937E+00  0.59751E+00  0.32211E-02
 0.85557E+00  0.59751E+00  0.27888E-02
 0.87834E+00  0.59751E+00  0.23844E-02
 0.89796E+00  0.59751E+00  0.20164E-02
 0.91472E+00  0.59751E+00  0.16891E-02
 0.92895E+00  0.59751E+00  0.14039E-02
 0.94096E+00  0.59751E+00  0.11595E-02
 0.95105E+00  0.59751E+00  0.95308E-03
 0.95949E+00  0.59751E+00  0.78078E-03
 0.96653E+00  0.59751E+00  0.63827E-03
 0.97238E+00  0.59751E+00  0.52118E-03
 0.97724E+00  0.59751E+00  0.42544E-03
 0.98126E+00  0.59751E+00  0.34736E-03
 0.98458E+00  0.59751E+00  0.28377E-03
 0.98732E+00  0.59751E+00  0.23197E-03
 0.98958E+00  0.59751E+00  0.18974E-03
 0.99145E+00  0.59751E+00  0.15527E-03
 0.99298E+00  0.59751E+00  0.12711E-03
 0.99424E+00  0.59751E+00  0.10407E-03
 0.99528E+00  0.59751E+00  0.85206E-04
 0.99613E+00  0.59751E+00  0.69747E-04
 0.99683E+00  0.59751E+00  0.57074E-04
 0.99741E+00  0.59751E+00  0.46680E-04
 0.99788E+00  0.59751E+00  0.38154E-04
 0.99827E+00  0.59751E+00  0.31159E-04
 0.99859E+00  0.59751E+00  0.25419E-04
 0.99885E+00  0.59751E+00  0.20709E-04
 0.99906E+00  0.59751E+00  0.16845E-04
 0.99924E+00  0.59751E+00  0.13674E-04
 0.99938E+00  0.59751E+00  0.11072E-04
 0.99950E+00  0.59751E+00  0.89371E-05
 0.99960E+00  0.59751E+00  0.71855E-05
 0.99968E+00  0.59751E+00  0.57483E-05
 0.99975E+00  0.59751E+00  0.45692E-05
 0.99980E+00  0.59751E+00  0.36018E-05
 0.99984E+00  0.59751E+00  0.28081E-05
 0.99988E+00  0.59751E+00  0.21569E-05
 0.99991E+00  0.59751E+00  0.16227E-05
 0.99993E+00  0.59751E+00  0.11845E-05
 0.99995E+00  0.59751E+00  0.82493E-06
 0.99997E+00  0.59751E+00  0.52996E-06
 0.99998E+00  0.59751E+00  0.28798E-06
 0.10000E+01  0.59751E+00  0.89464E-07
 0.10000E+01  0.59751E+00  0.00000E+00
 0.00000E+00  0.64399E+00  0.00000E+00
 0.49709E-05  0.64399E+00  0.10801E-06
 0.16001E-04  0.64399E+00  0.34767E-06
 0.29447E-04  0.64399E+00  0.63980E-06
 0.45836E-04  0.64399E+00  0.99591E-06
 0.65814E-04  0.64399E+00  0.14300E-05
 0.90165E-04  0.64399E+00  0.19591E-05
 0.11985E-03  0.64399E+00  0.26040E-05
 0.15603E-03  0.64399E+00  0.33901E-05
 0.20013E-03  0.64399E+00  0.43483E-05
 0.25388E-03  0.64399E+00  0.55162E-05
 0.31939E-03  0.64399E+00  0.69397E-05
 0.39924E-03  0.64399E+00  0.86747E-05
 0.49656E-03  0.64399E+00  0.10789E-04
 0.61516E-03  0.64399E+00  0.13367E-04
 0.75970E-03  0.64399E+00  0.16508E-04
 0.93583E-03  0.64399E+00  0.20336E-04
 0.11504E-02  0.64399E+00  0.25001E-04
 0.14119E-02  0.64399E+00  0.30685E-04
 0.17305E-02  0.64399E+00  0.37613E-04
 0.21186E-02  0.64399E+00  0.46056E-04
 0.25912E-02  0.64399E+00  0.56345E-04
 0.31667E-02  0.64399E+00  0.68884E-04
 0.38673E-02  0.64399E+00  0.84169E-04
 0.47200E-02  0.64399E+00  0.10281E-03
 0.57574E-02  0.64399E+00  0.12554E-03
 0.70191E-02  0.64399E+00  0.15328E-03
 0.85527E-02  0.64399E+00  0.18716E-03
 0.10416E-01  0.64399E+00  0.22857E-03
 0.12677E-01  0.64399E+00  0.27924E-03
 0.15420E-01  0.64399E+00  0.34131E-03
 0.18742E-01  0.64399E+00  0.41742E-03
 0.22762E-01  0.64399E+00  0.51082E-03
 0.27617E-01  0.64399E+00  0.62539E-03
 0.33469E-01  0.64399E+00  0.76578E-03
 0.40509E-01  0.64399E+00  0.93733E-03
 0.48950E-01  0.64399E+00  0.11460E-02
 0.59040E-01  0.64399E+00  0.13982E-02
 0.71052E-01  0.64399E+00  0.17005E-02
 0.85282E-01  0.64399E+00  0.20590E-02
 0.10204E+00  0.64399E+00  0.24787E-02
 0.12166E+00  0.64399E+00  0.29623E-02
 0.14443E+00  0.64399E+00  0.35093E-02
 0.17063E+00  0.64399E+00  0.41140E-02
 0.20047E+00  0.64399E+00  0.47641E-02
 0.23404E+00  0.64399E+00  0.54398E-02
 0.27131E+00  0.64399E+00  0.61136E-02
 0.31210E+00  0.64399E+00  0.67517E-02
 0.35601E+00  0.64399E+00  0.73179E-02
 0.40249E+00  0.64399E+00  0.77768E-02
 0.45077E+00  0.64399E+00  0.80985E-02
 0.50000E+00  0.64399E+00  0.82618E-02
 0.54923E+00  0.64399E+00  0.82561E-02
 0.59751E+00  0.64399E+00  0.80828E-02
 0.64399E+00  0.64399E+00  0.77542E-02
 0.68790E+00  0.64399E+00  0.72931E-02
 0.72869E+00  0.64399E+00  0.67295E-02
 0.76596E+00  0.64399E+00  0.60977E-02
 0.79953E+00  0.64399E+00  0.54325E-02
 0.82937E+00  0.64399E+00  0.47654E-02
 0.85557E+00  0.64399E+00  0.41221E-02
 0.87834E+00  0.64399E+00  0.35215E-02
 0.89796E+00  0.64399E+00  0.29760E-02
 0.91472E+00  0.64399E+00  0.24916E-02
 0.92895E+00  0.64399E+00  0.20700E-02
 0.94096E+00  0.64399E+00  0.17092E-02
 0.95105E+00  0.64399E+00  0.14048E-02
 0.95949E+00  0.64399E+00  0.11508E-02
 0.96653E+00  0.64399E+00  0.94079E-03
 0.97238E+00  0.64399E+00  0.76830E-03
 0.97724E+00  0.64399E+00  0.62726E-03
 0.98126E+00  0.64399E+00  0.51223E-03
 0.98458E+00  0.64399E+00  0.41851E-03
 0.98732E+00  0.64399E+00  0.34216E-03
 0.98958E+00  0.64399E+00  0.27990E-03
 0.99145E+00  0.64399E+00  0.22907E-03
 0.99298E+00  0.64399E+00  0.18754E-03
 0.99424E+00  0.64399E+00  0.15355E-03
 0.99528E+00  0.64399E+00  0.12572E-03
 0.99613E+00  0.64399E+00  0.10291E-03
 0.99683E+00  0.64399E+00  0.84215E-04
 0.99741E+00  0.64399E+00  0.68879E-04
 0.99788E+00  0.64399E+00  0.56299E-04
 0.99827E+00  0.64399E+00  0.45977E-04
 0.99859E+00  0.64399E+00  0.37508E-04
 0.99885E+00  0.64399E+00  0.30558E-04
 0.99906E+00  0.64399E+00  0.24856E-04
 0.99924E+00  0.64399E+00  0.20177E-04
 0.99938E+00  0.64399E+00  0.16338E-04
 0.99950E+00  0.64399E+00  0.13187E-04
 0.99960E+00  0.64399E+00  0.10603E-04
 0.99968E+00  0.64399E+00  0.84821E-05
 0.99975E+00  0.64399E+00  0.67422E-05
 0.99980E+00  0.64399E+00  0.53147E-05
 0.99984E+00  0.64399E+00  0.41436E-05
 0.99988E+00  0.64399E+00  0.31828E-05
 0.99991E+00  0.64399E+00  0.23945E-05
 0.99993E+00  0.64399E+00  0.17478E-05
 0.99995E+00  0.64399E+00  0.12173E-05
 0.99997E+00  0.64399E+00  0.78201E-06
 0.99998E+00  0.64399E+00  0.42494E-06
 0.10000E+01  0.64399E+00  0.13201E-06
 0.10000E+01  0.64399E+00  0.00000E+00
 0.00000E+00  0.68790E+00  0.00000E+00
 0.49709E-05  0.68790E+00  0.14812E-06
 0.16001E-04  0.68790E+00  0.47681E-06
 0.29447E-04  0.68790E+00  0.87746E-06
 0.45836E-04  0.68790E+00  0.13658E-05
 0.65814E-04  0.68790E+00  0.19611E-05
 0.90165E-04  0.68790E+00  0.26868E-05
 0.11985E-03  0.68790E+00  0.35712E-05
 0.15603E-03  0.68790E+00  0.46493E-05
 0.20013E-03  0.68790E+00  0.59634E-05
 0.25388E-03  0.68790E+00  0.75652E-05
 0.31939E-03  0.68790E+00  0.95174E-05
 0.39924E-03  0.68790E+00  0.11897E-04
 0.49656E-03  0.68790E+00  0.14797E-04
 0.61516E-03  0.68790E+00  0.18332E-04
 0.75970E-03  0.68790E+00  0.22639E-04
 0.93583E-03  0.68790E+00  0.27889E-04
 0.11504E-02  0.68790E+00  0.34287E-04
 0.14119E-02  0.68790E+00  0.42084E-04
 0.17305E-02  0.68790E+00  0.51585E-04
 0.21186E-02  0.68790E+00  0.63164E-04
 0.25912E-02  0.68790E+00  0.77274E-04
 0.31667E-02  0.68790E+00  0.94473E-04
 0.38673E-02  0.68790E+00  0.11544E-03
 0.47200E-02  0.68790E+00  0.14100E-03
 0.57574E-02  0.68790E+00  0.17218E-03
 0.70191E-02  0.68790E+00  0.21023E-03
 0.85527E-02  0.68790E+00  0.25670E-03
 0.10416E-01  0.68790E+00  0.31351E-03
 0.12677E-01  0.68790E+00  0.38304E-03
 0.15420E-01  0.68790E+00  0.46821E-03
 0.18742E-01  0.68790E+00  0.57267E-03
 0.22762E-01  0.68790E+00  0.70085E-03
 0.27617E-01  0.68790E+00  0.85808E-03
 0.33469E-01  0.68790E+00  0.10507E-02
 0.40509E-01  0.68790E+00  0.12860E-02
 0.48950E-01  0.68790E+00  0.15719E-02
 0.59040E-01  0.68790E+00  0.19172E-02
 0.71052E-01  0.68790E+00  0.23304E-02
 0.85282E-01  0.68790E+00  0.28195E-02
 0.10204E+00  0.68790E+00  0.33904E-02
 0.12166E+00  0.68790E+00  0.40460E-02
 0.14443E+00  0.68790E+00  0.47844E-02
 0.17063E+00  0.68790E+00  0.55964E-02
 0.20047E+00  0.68790E+00  0.64642E-02
 0.23404E+00  0.68790E+00  0.73602E-02
 0.27131E+00  0.68790E+00  0.82471E-02
 0.31210E+00  0.68790E+00  0.90807E-02
 0.35601E+00  0.68790E+00  0.98141E-02
 0.40249E+00  0.68790E+00  0.10403E-01
 0.45077E+00  0.68790E+00  0.10810E-01
 0.50000E+00  0.68790E+00  0.11010E-01
 0.54923E+00  0.68790E+00  0.10991E-01
 0.59751E+00  0.68790E+00  0.10754E-01
 0.64399E+00  0.68790E+00  0.10315E-01
 0.68790E+00  0.68790E+00  0.97047E-02
 0.72869E+00  0.68790E+00  0.89599E-02
 0.76596E+00  0.68790E+00  0.81249E-02
 0.79953E+00  0.68790E+00  0.72443E-02
 0.82937E+00  0.68790E+00  0.63595E-02
 0.85557E+00  0.68790E+00  0.55046E-02
 0.87834E+00  0.68790E+00  0.47051E-02
 0.89796E+00  0.68790E+00  0.39778E-02
 0.91472E+00  0.68790E+00  0.33314E-02
 0.92895E+00  0.68790E+00  0.27684E-02
 0.94096E+00  0.68790E+00  0.22863E-02
 0.95105E+00  0.68790E+00  0.18793E-02
 0.95949E+00  0.68790E+00  0.15398E-02
 0.96653E+00  0.68790E+00  0.12590E-02
 0.97238E+00  0.68790E+00  0.10283E-02
 0.97724E+00  0.68790E+00  0.83963E-03
 0.98126E+00  0.68790E+00  0.68573E-03
 0.98458E+00  0.68790E+00  0.56033E-03
 0.98732E+00  0.68790E+00  0.45813E-03
 0.98958E+00  0.68790E+00  0.37479E-03
 0.99145E+00  0.68790E+00  0.30675E-03
 0.99298E+00  0.68790E+00  0.25113E-03
 0.99424E+00  0.68790E+00  0.20563E-03
 0.99528E+00  0.68790E+00  0.16836E-03
 0.99613E+00  0.68790E+00  0.13782E-03
 0.99683E+00  0.68790E+00  0.11278E-03
 0.99741E+00  0.68790E+00  0.92243E-04
 0.99788E+00  0.68790E+00  0.75396E-04
 0.99827E+00  0.68790E+00  0.61573E-04
 0.99859E+00  0.68790E+00  0.50231E-04
 0.99885E+00  0.68790E+00  0.40924E-04
 0.99906E+00  0.68790E+00  0.33287E-04
 0.99924E+00  0.68790E+00  0.27021E-04
 0.99938E+00  0.68790E+00  0.21880E-04
 0.99950E+00  0.68790E+00  0.17661E-04
 0.99960E+00  0.68790E+00  0.14199E-04
 0.99968E+00  0.68790E+00  0.11359E-04
 0.99975E+00  0.68790E+00  0.90293E-05
 0.99980E+00  0.68790E+00  0.71176E-05
 0.99984E+00  0.68790E+00  0.55492E-05
 0.99988E+00  0.68790E+00  0.42624E-05
 0.99991E+00  0.68790E+00  0.32067E-05
 0.99993E+00  0.68790E+00  0.23407E-05
 0.99995E+00  0.68790E+00  0.16302E-05
 0.99997E+00  0.68790E+00  0.10473E-05
 0.99998E+00  0.68790E+00  0.56909E-06
 0.10000E+01  0.68790E+00  0.17679E-06
 0.10000E+01  0.68790E+00  0.00000E+00
 0.00000E+00  0.72869E+00  0.00000E+00
 0.49709E-05  0.72869E+00  0.18933E-06
 0.16001E-04  0.72869E+00  0.60944E-06
 0.29447E-04  0.72869E+00  0.11215E-05
 0.45836E-04  0.72869E+00  0.17458E-05
 0.65814E-04  0.72869E+00  0.25067E-05
 0.90165E-04  0.72869E+00  0.34341E-05
 0.11985E-03  0.72869E+00  0.45647E-05
 0.15603E-03  0.72869E+00  0.59427E-05
 0.20013E-03  0.72869E+00  0.76223E-05
 0.25388E-03  0.72869E+00  0.96696E-05
 0.31939E-03  0.72869E+00  0.12165E-04
 0.39924E-03  0.72869E+00  0.15206E-04
 0.49656E-03  0.72869E+00  0.18913E-04
 0.61516E-03  0.72869E+00  0.23431E-04
 0.75970E-03  0.72869E+00  0.28937E-04
 0.93583E-03  0.72869E+00  0.35647E-04
 0.11504E-02  0.72869E+00  0.43825E-04
 0.14119E-02  0.72869E+00  0.53790E-04
 0.17305E-02  0.72869E+00  0.65935E-04
 0.21186E-02  0.72869E+00  0.80734E-04
 0.25912E-02  0.72869E+00  0.98771E-04
 0.31667E-02  0.72869E+00  0.12075E-03
 0.38673E-02  0.72869E+00  0.14755E-03
 0.47200E-02  0.72869E+00  0.18022E-03
 0.57574E-02  0.72869E+00  0.22008E-03
 0.70191E-02  0.72869E+00  0.26872E-03
 0.85527E-02  0.72869E+00  0.32812E-03
 0.10416E-01  0.72869E+00  0.40075E-03
 0.12677E-01  0.72869E+00  0.48962E-03
 0.15420E-01  0.72869E+00  0.59851E-03
 0.18742E-01  0.72869E+00  0.73206E-03
 0.22762E-01  0.72869E+00  0.89592E-03
 0.27617E-01  0.72869E+00  0.10969E-02
 0.33469E-01  0.72869E+00  0.13431E-02
 0.40509E-01  0.72869E+00  0.16437E-02
 0.48950E-01  0.72869E+00  0.20088E-02
 0.59040E-01  0.72869E+00  0.24493E-02
 0.71052E-01  0.72869E+00  0.29758E-02
 0.85282E-01  0.72869E+00  0.35977E-02
 0.10204E+00  0.72869E+00  0.43221E-02
 0.12166E+00  0.72869E+00  0.51513E-02
 0.14443E+00  0.72869E+00  0.60814E-02
 0.17063E+00  0.72869E+00  0.70992E-02
 0.20047E+00  0.72869E+00  0.81808E-02
 0.23404E+00  0.72869E+00  0.92903E-02
 0.27131E+00  0.72869E+00  0.10381E-01
 0.31210E+00  0.72869E+00  0.11400E-01
 0.35601E+00  0.72869E+00  0.12290E-01
 0.40249E+00  0.72869E+00  0.13001E-01
 0.45077E+00  0.72869E+00  0.13488E-01
 0.50000E+00  0.72869E+00  0.13724E-01
 0.54923E+00  0.72869E+00  0.13695E-01
 0.59751E+00  0.72869E+00  0.13403E-01
 0.64399E+00  0.72869E+00  0.12867E-01
 0.68790E+00  0.72869E+00  0.12121E-01
 0.72869E+00  0.72869E+00  0.11210E-01
 0.76596E+00  0.72869E+00  0.10184E-01
 0.79953E+00  0.72869E+00  0.90975E-02
 0.82937E+00  0.72869E+00  0.80009E-02
 0.85557E+00  0.72869E+00  0.69366E-02
 0.87834E+00  0.72869E+00  0.59373E-02
 0.89796E+00  0.72869E+00  0.50251E-02
 0.91472E+00  0.72869E+00  0.42121E-02
 0.92895E+00  0.72869E+00  0.35026E-02
 0.94096E+00  0.72869E+00  0.28941E-02
 0.95105E+00  0.72869E+00  0.23798E-02
 0.95949E+00  0.72869E+00  0.19504E-02
 0.96653E+00  0.72869E+00  0.15951E-02
 0.97238E+00  0.72869E+00  0.13031E-02
 0.97724E+00  0.72869E+00  0.10641E-02
 0.98126E+00  0.72869E+00  0.86916E-03
 0.98458E+00  0.72869E+00  0.71027E-03
 0.98732E+00  0.72869E+00  0.58076E-03
 0.98958E+00  0.72869E+00  0.47514E-03
 0.99145E+00  0.72869E+00  0.38889E-03
 0.99298E+00  0.72869E+00  0.31839E-03
 0.99424E+00  0.72869E+00  0.26070E-03
 0.99528E+00  0.72869E+00  0.21345E-03
 0.99613E+00  0.72869E+00  0.17473E-03
 0.99683E+00  0.72869E+00  0.14299E-03
 0.99741E+00  0.72869E+00  0.11695E-03
 0.99788E+00  0.72869E+00  0.95590E-04
 0.99827E+00  0.72869E+00  0.78065E-04
 0.99859E+00  0.72869E+00  0.63685E-04
 0.99885E+00  0.72869E+00  0.51885E-04
 0.99906E+00  0.72869E+00  0.42203E-04
 0.99924E+00  0.72869E+00  0.34259E-04
 0.99938E+00  0.72869E+00  0.27740E-04
 0.99950E+00  0.72869E+00  0.22391E-04
 0.99960E+00  0.72869E+00  0.18003E-04
 0.99968E+00  0.72869E+00  0.14402E-04
 0.99975E+00  0.72869E+00  0.11448E-04
 0.99980E+00  0.72869E+00  0.90240E-05
 0.99984E+00  0.72869E+00  0.70355E-05
 0.99988E+00  0.72869E+00  0.54041E-05
 0.99991E+00  0.72869E+00  0.40657E-05
 0.99993E+00  0.72869E+00  0.29676E-05
 0.99995E+00  0.72869E+00  0.20668E-05
 0.99997E+00  0.72869E+00  0.13278E-05
 0.99998E+00  0.72869E+00  0.72152E-06
 0.10000E+01  0.72869E+00  0.22415E-06
 0.10000E+01  0.72869E+00  0.00000E+00
 0.00000E+00  0.76596E+00  0.00000E+00
 0.49709E-05  0.76596E+00  0.23175E-06
 0.16001E-04  0.76596E+00  0.74600E-06
 0.29447E-04  0.76596E+00  0.13728E-05
 0.45836E-04  0.76596E+00  0.21369E-05
 0.65814E-04  0.76596E+00  0.30683E-05
 0.90165E-04  0.76596E+00  0.42036E-05
 0.11985E-03  0.76596E+00  0.55874E-05
 0.15603E-03  0.76596E+00  0.72742E-05
 0.20013E-03  0.76596E+00  0.93302E-05
 0.25388E-03  0.76596E+00  0.11836E-04
 0.31939E-03  0.76596E+00  0.14891E-04
 0.39924E-03  0.76596E+00  0.18613E-04
 0.49656E-03  0.76596E+00  0.23151E-04
 0.61516E-03  0.76596E+00  0.28681E-04
 0.75970E-03  0.76596E+00  0.35421E-04
 0.93583E-03  0.76596E+00  0.43634E-04
 0.11504E-02  0.76596E+00  0.53644E-04
 0.14119E-02  0.76596E+00  0.65843E-04
 0.17305E-02  0.76596E+00  0.80708E-04
 0.21186E-02  0.76596E+00  0.98824E-04
 0.25912E-02  0.76596E+00  0.12090E-03
 0.31667E-02  0.76596E+00  0.14781E-03
 0.38673E-02  0.76596E+00  0.18061E-03
 0.47200E-02  0.76596E+00  0.22060E-03
 0.57574E-02  0.76596E+00  0.26939E-03
 0.70191E-02  0.76596E+00  0.32893E-03
 0.85527E-02  0.76596E+00  0.40164E-03
 0.10416E-01  0.76596E+00  0.49054E-03
 0.12677E-01  0.76596E+00  0.59933E-03
 0.15420E-01  0.76596E+00  0.73261E-03
 0.18742E-01  0.76596E+00  0.89607E-03
 0.22762E-01  0.76596E+00  0.10966E-02
 0.27617E-01  0.76596E+00  0.13426E-02
 0.33469E-01  0.76596E+00  0.16438E-02
 0.40509E-01  0.76596E+00  0.20114E-02
 0.48950E-01  0.76596E+00  0.24577E-02
 0.59040E-01  0.76596E+00  0.29955E-02
 0.71052E-01  0.76596E+00  0.36375E-02
 0.85282E-01  0.76596E+00  0.43945E-02
 0.10204E+00  0.76596E+00  0.52738E-02
 0.12166E+00  0.76596E+00  0.62770E-02
 0.14443E+00  0.76596E+00  0.73970E-02
 0.17063E+00  0.76596E+00  0.86161E-02
 0.20047E+00  0.76596E+00  0.99037E-02
 0.23404E+00  0.76596E+00  0.11216E-01
 0.27131E+00  0.76596E+00  0.12497E-01
 0.31210E+00  0.76596E+00  0.13686E-01
 0.35601E+00  0.76596E+00  0.14719E-01
 0.40249E+00  0.76596E+00  0.15539E-01
 0.45077E+00  0.76596E+00  0.16099E-01
 0.50000E+00  0.76596E+00  0.16369E-01
 0.54923E+00  0.76596E+00  0.16333E-01
 0.59751E+00  0.76596E+00  0.15995E-01
 0.64399E+00  0.76596E+00  0.15376E-01
 0.68790E+00  0.76596E+00  0.14512E-01
 0.72869E+00  0.76596E+00  0.13452E-01
 0.76596E+00  0.76596E+00  0.12253E-01
 0.79953E+00  0.76596E+00  0.10976E-01
 0.82937E+00  0.76596E+00  0.96782E-02
 0.85557E+00  0.76596E+00  0.84111E-02
 0.87834E+00  0.76596E+00  0.72145E-02
 0.89796E+00  0.76596E+00  0.61165E-02
 0.91472E+00  0.76596E+00  0.51340E-02
 0.92895E+00  0.76596E+00  0.42737E-02
 0.94096E+00  0.76596E+00  0.35340E-02
 0.95105E+00  0.76596E+00  0.29078E-02
 0.95949E+00  0.76596E+00  0.23841E-02
 0.96653E+00  0.76596E+00  0.19504E-02
 0.97238E+00  0.76596E+00  0.15937E-02
 0.97724E+00  0.76596E+00  0.13017E-02
 0.98126E+00  0.76596E+00  0.10633E-02
 0.98458E+00  0.76596E+00  0.86900E-03
 0.98732E+00  0.76596E+00  0.71060E-03
 0.98958E+00  0.76596E+00  0.58138E-03
 0.99145E+00  0.76596E+00  0.47586E-03
 0.99298E+00  0.76596E+00  0.38960E-03
 0.99424E+00  0.76596E+00  0.31901E-03
 0.99528E+00  0.76596E+00  0.26120E-03
 0.99613E+00  0.76596E+00  0.21382E-03
 0.99683E+00  0.76596E+00  0.17497E-03
 0.99741E+00  0.76596E+00  0.14311E-03
 0.99788E+00  0.76596E+00  0.11697E-03
 0.99827E+00  0.76596E+00  0.95527E-04
 0.99859E+00  0.76596E+00  0.77931E-04
 0.99885E+00  0.76596E+00  0.63492E-04
 0.99906E+00  0.76596E+00  0.51644E-04
 0.99924E+00  0.76596E+00  0.41922E-04
 0.99938E+00  0.76596E+00  0.33945E-04
 0.99950E+00  0.76596E+00  0.27400E-04
 0.99960E+00  0.76596E+00  0.22030E-04
 0.99968E+00  0.76596E+00  0.17624E-04
 0.99975E+00  0.76596E+00  0.14009E-04
 0.99980E+00  0.76596E+00  0.11043E-04
 0.99984E+00  0.76596E+00  0.86093E-05
 0.99988E+00  0.76596E+00  0.66130E-05
 0.99991E+00  0.76596E+00  0.49751E-05
 0.99993E+00  0.76596E+00  0.36315E-05
 0.99995E+00  0.76596E+00  0.25291E-05
 0.99997E+00  0.76596E+00  0.16248E-05
 0.99998E+00  0.76596E+00  0.88292E-06
 0.10000E+01  0.76596E+00  0.27429E-06
 0.10000E+01  0.76596E+00  0.00000E+00
 0.00000E+00  0.79953E+00  0.00000E+00
 0.49709E-05  0.79953E+00  0.27542E-06
 0.16001E-04  0.79953E+00  0.88656E-06
 0.29447E-04  0.79953E+00  0.16315E-05
 0.45836E-04  0.79953E+00  0.25396E-05
 0.65814E-04  0.79953E+00  0.36464E-05
 0.90165E-04  0.79953E+00  0.49957E-05
 0.11985E-03  0.79953E+00  0.66402E-05
 0.15603E-03  0.79953E+00  0.86448E-05
 0.20013E-03  0.79953E+00  0.11088E-04
 0.25388E-03  0.79953E+00  0.14066E-04
 0.31939E-03  0.79953E+00  0.17696E-04
 0.39924E-03  0.79953E+00  0.22121E-04
 0.49656E-03  0.79953E+00  0.27513E-04
 0.61516E-03  0.79953E+00  0.34085E-04
 0.75970E-03  0.79953E+00  0.42095E-04
 0.93583E-03  0.79953E+00  0.51856E-04
 0.11504E-02  0.79953E+00  0.63752E-04
 0.14119E-02  0.79953E+00  0.78249E-04
 0.17305E-02  0.79953E+00  0.95915E-04
 0.21186E-02  0.79953E+00  0.11744E-03
 0.25912E-02  0.79953E+00  0.14368E-03
 0.31667E-02  0.79953E+00  0.17566E-03
 0.38673E-02  0.79953E+00  0.21464E-03
 0.47200E-02  0.79953E+00  0.26217E-03
 0.57574E-02  0.79953E+00  0.32014E-03
 0.70191E-02  0.79953E+00  0.39089E-03
 0.85527E-02  0.79953E+00  0.47730E-03
 0.10416E-01  0.79953E+00  0.58294E-03
 0.12677E-01  0.79953E+00  0.71221E-03
 0.15420E-01  0.79953E+00  0.87058E-03
 0.18742E-01  0.79953E+00  0.10648E-02
 0.22762E-01  0.79953E+00  0.13030E-02
 0.27617E-01  0.79953E+00  0.15952E-02
 0.33469E-01  0.79953E+00  0.19528E-02
 0.40509E-01  0.79953E+00  0.23891E-02
 0.48950E-01  0.79953E+00  0.29183E-02
 0.59040E-01  0.79953E+00  0.35555E-02
 0.71052E-01  0.79953E+00  0.43148E-02
 0.85282E-01  0.79953E+00  0.52080E-02
 0.10204E+00  0.79953E+00  0.62423E-02
 0.12166E+00  0.79953E+00  0.74173E-02
 0.14443E+00  0.79953E+00  0.87226E-02
 0.17063E+00  0.79953E+00  0.10135E-01
 0.20047E+00  0.79953E+00  0.11616E-01
 0.23404E+00  0.79953E+00  0.13114E-01
 0.27131E+00  0.79953E+00  0.14567E-01
 0.31210E+00  0.79953E+00  0.15907E-01
 0.35601E+00  0.79953E+00  0.17065E-01
 0.40249E+00  0.79953E+00  0.17980E-01
 0.45077E+00  0.79953E+00  0.18604E-01
 0.50000E+00  0.79953E+00  0.18904E-01
 0.54923E+00  0.79953E+00  0.18864E-01
 0.59751E+00  0.79953E+00  0.18490E-01
 0.64399E+00  0.79953E+00  0.17802E-01
 0.68790E+00  0.79953E+00  0.16839E-01
 0.72869E+00  0.79953E+00  0.15652E-01
 0.76596E+00  0.79953E+00  0.14301E-01
 0.79953E+00  0.79953E+00  0.12853E-01
 0.82937E+00  0.79953E+00  0.11371E-01
 0.85557E+00  0.79953E+00  0.99130E-02
 0.87834E+00  0.79953E+00  0.85262E-02
 0.89796E+00  0.79953E+00  0.72455E-02
 0.91472E+00  0.79953E+00  0.60932E-02
 0.92895E+00  0.79953E+00  0.50795E-02
 0.94096E+00  0.79953E+00  0.42050E-02
 0.95105E+00  0.79953E+00  0.34627E-02
 0.95949E+00  0.79953E+00  0.28408E-02
 0.96653E+00  0.79953E+00  0.23250E-02
 0.97238E+00  0.79953E+00  0.19003E-02
 0.97724E+00  0.79953E+00  0.15525E-02
 0.98126E+00  0.79953E+00  0.12684E-02
 0.98458E+00  0.79953E+00  0.10367E-02
 0.98732E+00  0.79953E+00  0.84780E-03
 0.98958E+00  0.79953E+00  0.69366E-03
 0.99145E+00  0.79953E+00  0.56778E-03
 0.99298E+00  0.79953E+00  0.46486E-03
 0.99424E+00  0.79953E+00  0.38064E-03
 0.99528E+00  0.79953E+00  0.31166E-03
 0.99613E+00  0.79953E+00  0.25513E-03
 0.99683E+00  0.79953E+00  0.20878E-03
 0.99741E+00  0.79953E+00  0.17076E-03
 0.99788E+00  0.79953E+00  0.13957E-03
 0.99827E+00  0.79953E+00  0.11399E-03
 0.99859E+00  0.79953E+00  0.92989E-04
 0.99885E+00  0.79953E+00  0.75760E-04
 0.99906E+00  0.79953E+00  0.61623E-04
 0.99924E+00  0.79953E+00  0.50023E-04
 0.99938E+00  0.79953E+00  0.40504E-04
 0.99950E+00  0.79953E+00  0.32694E-04
 0.99960E+00  0.79953E+00  0.26287E-04
 0.99968E+00  0.79953E+00  0.21029E-04
 0.99975E+00  0.79953E+00  0.16715E-04
 0.99980E+00  0.79953E+00  0.13176E-04
 0.99984E+00  0.79953E+00  0.10273E-04
 0.99988E+00  0.79953E+00  0.78907E-05
 0.99991E+00  0.79953E+00  0.59364E-05
 0.99993E+00  0.79953E+00  0.43331E-05
 0.99995E+00  0.79953E+00  0.30178E-05
 0.99997E+00  0.79953E+00  0.19388E-05
 0.99998E+00  0.79953E+00  0.10535E-05
 0.10000E+01  0.79953E+00  0.32728E-06
 0.10000E+01  0.79953E+00  0.00000E+00
 0.00000E+00  0.82937E+00  0.00000E+00
 0.49709E-05  0.82937E+00  0.32026E-06
 0.16001E-04  0.82937E+00  0.10309E-05
 0.29447E-04  0.82937E+00  0.18971E-05
 0.45836E-04  0.82937E+00  0.29530E-05
 0.65814E-04  0.82937E+00  0.42401E-05
 0.90165E-04  0.82937E+00  0.58090E-05
 0.11985E-03  0.82937E+00  0.77213E-05
 0.15603E-03  0.82937E+00  0.10052E-04
 0.20013E-03  0.82937E+00  0.12893E-04
 0.25388E-03  0.82937E+00  0.16357E-04
 0.31939E-03  0.82937E+00  0.20577E-04
 0.39924E-03  0.82937E+00  0.25722E-04
 0.49656E-03  0.82937E+00  0.31992E-04
 0.61516E-03  0.82937E+00  0.39634E-04
 0.75970E-03  0.82937E+00  0.48948E-04
 0.93583E-03  0.82937E+00  0.60299E-04
 0.11504E-02  0.82937E+00  0.74131E-04
 0.14119E-02  0.82937E+00  0.90988E-04
 0.17305E-02  0.82937E+00  0.11153E-03
 0.21186E-02  0.82937E+00  0.13656E-03
 0.25912E-02  0.82937E+00  0.16707E-03
 0.31667E-02  0.82937E+00  0.20426E-03
 0.38673E-02  0.82937E+00  0.24958E-03
 0.47200E-02  0.82937E+00  0.30484E-03
 0.57574E-02  0.82937E+00  0.37225E-03
 0.70191E-02  0.82937E+00  0.45452E-03
 0.85527E-02  0.82937E+00  0.55499E-03
 0.10416E-01  0.82937E+00  0.67780E-03
 0.12677E-01  0.82937E+00  0.82808E-03
 0.15420E-01  0.82937E+00  0.10122E-02
 0.18742E-01  0.82937E+00  0.12379E-02
 0.22762E-01  0.82937E+00  0.15148E-02
 0.27617E-01  0.82937E+00  0.18542E-02
 0.33469E-01  0.82937E+00  0.22695E-02
 0.40509E-01  0.82937E+00  0.27758E-02
 0.48950E-01  0.82937E+00  0.33894E-02
 0.59040E-01  0.82937E+00  0.41271E-02
 0.71052E-01  0.82937E+00  0.50043E-02
 0.85282E-01  0.82937E+00  0.60334E-02
 0.10204E+00  0.82937E+00  0.72204E-02
 0.12166E+00  0.82937E+00  0.85623E-02
 0.14443E+00  0.82937E+00  0.10044E-01
 0.17063E+00  0.82937E+00  0.11636E-01
 0.20047E+00  0.82937E+00  0.13293E-01
 0.23404E+00  0.82937E+00  0.14957E-01
 0.27131E+00  0.82937E+00  0.16560E-01
 0.31210E+00  0.82937E+00  0.18029E-01
 0.35601E+00  0.82937E+00  0.19292E-01
 0.40249E+00  0.82937E+00  0.20287E-01
 0.45077E+00  0.82937E+00  0.20964E-01
 0.50000E+00  0.82937E+00  0.21289E-01
 0.54923E+00  0.82937E+00  0.21249E-01
 0.59751E+00  0.82937E+00  0.20846E-01
 0.64399E+00  0.82937E+00  0.20104E-01
 0.68790E+00  0.82937E+00  0.19060E-01
 0.72869E+00  0.82937E+00  0.17768E-01
 0.76596E+00  0.82937E+00  0.16290E-01
 0.79953E+00  0.82937E+00  0.14695E-01
 0.82937E+00  0.82937E+00  0.13050E-01
 0.85557E+00  0.82937E+00  0.11419E-01
 0.87834E+00  0.82937E+00  0.98546E-02
 0.89796E+00  0.82937E+00  0.83990E-02
 0.91472E+00  0.82937E+00  0.70803E-02
 0.92895E+00  0.82937E+00  0.59137E-02
 0.94096E+00  0.82937E+00  0.49027E-02
 0.95105E+00  0.82937E+00  0.40416E-02
 0.95949E+00  0.82937E+00  0.33184E-02
 0.96653E+00  0.82937E+00  0.27174E-02
 0.97238E+00  0.82937E+00  0.22219E-02
 0.97724E+00  0.82937E+00  0.18157E-02
 0.98126E+00  0.82937E+00  0.14837E-02
 0.98458E+00  0.82937E+00  0.12129E-02
 0.98732E+00  0.82937E+00  0.99194E-03
 0.98958E+00  0.82937E+00  0.81164E-03
 0.99145E+00  0.82937E+00  0.66437E-03
 0.99298E+00  0.82937E+00  0.54396E-03
 0.99424E+00  0.82937E+00  0.44541E-03
 0.99528E+00  0.82937E+00  0.36470E-03
 0.99613E+00  0.82937E+00  0.29855E-03
 0.99683E+00  0.82937E+00  0.24431E-03
 0.99741E+00  0.82937E+00  0.19982E-03
 0.99788E+00  0.82937E+00  0.16333E-03
 0.99827E+00  0.82937E+00  0.13338E-03
 0.99859E+00  0.82937E+00  0.10881E-03
 0.99885E+00  0.82937E+00  0.88654E-04
 0.99906E+00  0.82937E+00  0.72111E-04
 0.99924E+00  0.82937E+00  0.58536E-04
 0.99938E+00  0.82937E+00  0.47398E-04
 0.99950E+00  0.82937E+00  0.38259E-04
 0.99960E+00  0.82937E+00  0.30760E-04
 0.99968E+00  0.82937E+00  0.24608E-04
 0.99975E+00  0.82937E+00  0.19560E-04
 0.99980E+00  0.82937E+00  0.15419E-04
 0.99984E+00  0.82937E+00  0.12021E-04
 0.99988E+00  0.82937E+00  0.92337E-05
 0.99991E+00  0.82937E+00  0.69468E-05
 0.99993E+00  0.82937E+00  0.50706E-05
 0.99995E+00  0.82937E+00  0.35314E-05
 0.99997E+00  0.82937E+00  0.22687E-05
 0.99998E+00  0.82937E+00  0.12328E-05
 0.10000E+01  0.82937E+00  0.38299E-06
 0.10000E+01  0.82937E+00  0.00000E+00
 0.00000E+00  0.85557E+00  0.00000E+00
 0.49709E-05  0.85557E+00  0.36602E-06
 0.16001E-04  0.85557E+00  0.11782E-05
 0.29447E-04  0.85557E+00  0.21682E-05
 0.45836E-04  0.85557E+00  0.33750E-05
 0.65814E-04  0.85557E+00  0.48460E-05
 0.90165E-04  0.85557E+00  0.66391E-05
 0.11985E-03  0.85557E+00  0.88247E-05
 0.15603E-03  0.85557E+00  0.11489E-04
 0.20013E-03  0.85557E+00  0.14736E-04
 0.25388E-03  0.85557E+00  0.18694E-04
 0.31939E-03  0.85557E+00  0.23518E-04
 0.39924E-03  0.85557E+00  0.29398E-04
 0.49656E-03  0.85557E+00  0.36564E-04
 0.61516E-03  0.85557E+00  0.45298E-04
 0.75970E-03  0.85557E+00  0.55943E-04
 0.93583E-03  0.85557E+00  0.68915E-04
 0.11504E-02  0.85557E+00  0.84724E-04
 0.14119E-02  0.85557E+00  0.10399E-03
 0.17305E-02  0.85557E+00  0.12747E-03
 0.21186E-02  0.85557E+00  0.15608E-03
 0.25912E-02  0.85557E+00  0.19095E-03
 0.31667E-02  0.85557E+00  0.23344E-03
 0.38673E-02  0.85557E+00  0.28524E-03
 0.47200E-02  0.85557E+00  0.34840E-03
 0.57574E-02  0.85557E+00  0.42543E-03
 0.70191E-02  0.85557E+00  0.51944E-03
 0.85527E-02  0.85557E+00  0.63425E-03
 0.10416E-01  0.85557E+00  0.77458E-03
 0.12677E-01  0.85557E+00  0.94629E-03
 0.15420E-01  0.85557E+00  0.11566E-02
 0.18742E-01  0.85557E+00  0.14144E-02
 0.22762E-01  0.85557E+00  0.17306E-02
 0.27617E-01  0.85557E+00  0.21180E-02
 0.33469E-01  0.85557E+00  0.25918E-02
 0.40509E-01  0.85557E+00  0.31689E-02
 0.48950E-01  0.85557E+00  0.38675E-02
 0.59040E-01  0.85557E+00  0.47057E-02
 0.71052E-01  0.85557E+00  0.56999E-02
 0.85282E-01  0.85557E+00  0.68620E-02
 0.10204E+00  0.85557E+00  0.81961E-02
 0.12166E+00  0.85557E+00  0.96956E-02
 0.14443E+00  0.85557E+00  0.11340E-01
 0.17063E+00  0.85557E+00  0.13093E-01
 0.20047E+00  0.85557E+00  0.14905E-01
 0.23404E+00  0.85557E+00  0.16711E-01
 0.27131E+00  0.85557E+00  0.18439E-01
 0.31210E+00  0.85557E+00  0.20013E-01
 0.35601E+00  0.85557E+00  0.21361E-01
 0.40249E+00  0.85557E+00  0.22420E-01
 0.45077E+00  0.85557E+00  0.23139E-01
 0.50000E+00  0.85557E+00  0.23485E-01
 0.54923E+00  0.85557E+00  0.23445E-01
 0.59751E+00  0.85557E+00  0.23021E-01
 0.64399E+00  0.85557E+00  0.22237E-01
 0.68790E+00  0.85557E+00  0.21131E-01
 0.72869E+00  0.85557E+00  0.19757E-01
 0.76596E+00  0.85557E+00  0.18176E-01
 0.79953E+00  0.85557E+00  0.16460E-01
 0.82937E+00  0.85557E+00  0.14677E-01
 0.85557E+00  0.85557E+00  0.12895E-01
 0.87834E+00  0.85557E+00  0.11172E-01
 0.89796E+00  0.85557E+00  0.95546E-02
 0.91472E+00  0.85557E+00  0.80781E-02
 0.92895E+00  0.85557E+00  0.67632E-02
 0.94096E+00  0.85557E+00  0.56173E-02
 0.95105E+00  0.85557E+00  0.46370E-02
 0.95949E+00  0.85557E+00  0.38110E-02
 0.96653E+00  0.85557E+00  0.31230E-02
 0.97238E+00  0.85557E+00  0.25549E-02
 0.97724E+00  0.85557E+00  0.20885E-02
 0.98126E+00  0.85557E+00  0.17070E-02
 0.98458E+00  0.85557E+00  0.13956E-02
 0.98732E+00  0.85557E+00  0.11415E-02
 0.98958E+00  0.85557E+00  0.93408E-03
 0.99145E+00  0.85557E+00  0.76463E-03
 0.99298E+00  0.85557E+00  0.62606E-03
 0.99424E+00  0.85557E+00  0.51265E-03
 0.99528E+00  0.85557E+00  0.41976E-03
 0.99613E+00  0.85557E+00  0.34362E-03
 0.99683E+00  0.85557E+00  0.28120E-03
 0.99741E+00  0.85557E+00  0.22999E-03
 0.99788E+00  0.85557E+00  0.18799E-03
 0.99827E+00  0.85557E+00  0.15352E-03
 0.99859E+00  0.85557E+00  0.12524E-03
 0.99885E+00  0.85557E+00  0.10204E-03
 0.99906E+00  0.85557E+00  0.82998E-04
 0.99924E+00  0.85557E+00  0.67374E-04
 0.99938E+00  0.85557E+00  0.54554E-04
 0.99950E+00  0.85557E+00  0.44035E-04
 0.99960E+00  0.85557E+00  0.35405E-04
 0.99968E+00  0.85557E+00  0.28323E-04
 0.99975E+00  0.85557E+00  0.22514E-04
 0.99980E+00  0.85557E+00  0.17747E-04
 0.99984E+00  0.85557E+00  0.13836E-04
 0.99988E+00  0.85557E+00  0.10628E-04
 0.99991E+00  0.85557E+00  0.79956E-05
 0.99993E+00  0.85557E+00  0.58362E-05
 0.99995E+00  0.85557E+00  0.40646E-05
 0.99997E+00  0.85557E+00  0.26113E-05
 0.99998E+00  0.85557E+00  0.14190E-05
 0.10000E+01  0.85557E+00  0.44081E-06
 0.10000E+01  0.85557E+00  0.00000E+00
 0.00000E+00  0.87834E+00  0.00000E+00
 0.49709E-05  0.87834E+00  0.41209E-06
 0.16001E-04  0.87834E+00  0.13265E-05
 0.29447E-04  0.87834E+00  0.24411E-05
 0.45836E-04  0.87834E+00  0.37998E-05
 0.65814E-04  0.87834E+00  0.54560E-05
 0.90165E-04  0.87834E+00  0.74747E-05
 0.11985E-03  0.87834E+00  0.99354E-05
 0.15603E-03  0.87834E+00  0.12935E-04
 0.20013E-03  0.87834E+00  0.16591E-04
 0.25388E-03  0.87834E+00  0.21047E-04
 0.31939E-03  0.87834E+00  0.26478E-04
 0.39924E-03  0.87834E+00  0.33098E-04
 0.49656E-03  0.87834E+00  0.41166E-04
 0.61516E-03  0.87834E+00  0.51000E-04
 0.75970E-03  0.87834E+00  0.62984E-04
 0.93583E-03  0.87834E+00  0.77589E-04
 0.11504E-02  0.87834E+00  0.95388E-04
 0.14119E-02  0.87834E+00  0.11708E-03
 0.17305E-02  0.87834E+00  0.14351E-03
 0.21186E-02  0.87834E+00  0.17572E-03
 0.25912E-02  0.87834E+00  0.21498E-03
 0.31667E-02  0.87834E+00  0.26282E-03
 0.38673E-02  0.87834E+00  0.32114E-03
 0.47200E-02  0.87834E+00  0.39224E-03
 0.57574E-02  0.87834E+00  0.47896E-03
 0.70191E-02  0.87834E+00  0.58479E-03
 0.85527E-02  0.87834E+00  0.71403E-03
 0.10416E-01  0.87834E+00  0.87199E-03
 0.12677E-01  0.87834E+00  0.10652E-02
 0.15420E-01  0.87834E+00  0.13019E-02
 0.18742E-01  0.87834E+00  0.15920E-02
 0.22762E-01  0.87834E+00  0.19476E-02
 0.27617E-01  0.87834E+00  0.23831E-02
 0.33469E-01  0.87834E+00  0.29153E-02
 0.40509E-01  0.87834E+00  0.35628E-02
 0.48950E-01  0.87834E+00  0.43452E-02
 0.59040E-01  0.87834E+00  0.52819E-02
 0.71052E-01  0.87834E+00  0.63893E-02
 0.85282E-01  0.87834E+00  0.76780E-02
 0.10204E+00  0.87834E+00  0.91494E-02
 0.12166E+00  0.87834E+00  0.10792E-01
 0.14443E+00  0.87834E+00  0.12580E-01
 0.17063E+00  0.87834E+00  0.14472E-01
 0.20047E+00  0.87834E+00  0.16413E-01
 0.23404E+00  0.87834E+00  0.18334E-01
 0.27131E+00  0.87834E+00  0.20161E-01
 0.31210E+00  0.87834E+00  0.21817E-01
 0.35601E+00  0.87834E+00  0.23230E-01
 0.40249E+00  0.87834E+00  0.24337E-01
 0.45077E+00  0.87834E+00  0.25088E-01
 0.50000E+00  0.87834E+00  0.25450E-01
 0.54923E+00  0.87834E+00  0.25410E-01
 0.59751E+00  0.87834E+00  0.24971E-01
 0.64399E+00  0.87834E+00  0.24156E-01
 0.68790E+00  0.87834E+00  0.23004E-01
 0.72869E+00  0.87834E+00  0.21567E-01
 0.76596E+00  0.87834E+00  0.19908E-01
 0.79953E+00  0.87834E+00  0.18097E-01
 0.82937E+00  0.87834E+00  0.16204E-01
 0.85557E+00  0.87834E+00  0.14297E-01
 0.87834E+00  0.87834E+00  0.12438E-01
 0.89796E+00  0.87834E+00  0.10679E-01
 0.91472E+00  0.87834E+00  0.90589E-02
 0.92895E+00  0.87834E+00  0.76053E-02
 0.94096E+00  0.87834E+00  0.63306E-02
 0.95105E+00  0.87834E+00  0.52345E-02
 0.95949E+00  0.87834E+00  0.43072E-02
 0.96653E+00  0.87834E+00  0.35326E-02
 0.97238E+00  0.87834E+00  0.28917E-02
 0.97724E+00  0.87834E+00  0.23648E-02
 0.98126E+00  0.87834E+00  0.19334E-02
 0.98458E+00  0.87834E+00  0.15809E-02
 0.98732E+00  0.87834E+00  0.12932E-02
 0.98958E+00  0.87834E+00  0.10583E-02
 0.99145E+00  0.87834E+00  0.86635E-03
 0.99298E+00  0.87834E+00  0.70937E-03
 0.99424E+00  0.87834E+00  0.58088E-03
 0.99528E+00  0.87834E+00  0.47563E-03
 0.99613E+00  0.87834E+00  0.38936E-03
 0.99683E+00  0.87834E+00  0.31863E-03
 0.99741E+00  0.87834E+00  0.26061E-03
 0.99788E+00  0.87834E+00  0.21301E-03
 0.99827E+00  0.87834E+00  0.17396E-03
 0.99859E+00  0.87834E+00  0.14192E-03
 0.99885E+00  0.87834E+00  0.11562E-03
 0.99906E+00  0.87834E+00  0.94047E-04
 0.99924E+00  0.87834E+00  0.76343E-04
 0.99938E+00  0.87834E+00  0.61817E-04
 0.99950E+00  0.87834E+00  0.49897E-04
 0.99960E+00  0.87834E+00  0.40118E-04
 0.99968E+00  0.87834E+00  0.32094E-04
 0.99975E+00  0.87834E+00  0.25511E-04
 0.99980E+00  0.87834E+00  0.20109E-04
 0.99984E+00  0.87834E+00  0.15678E-04
 0.99988E+00  0.87834E+00  0.12043E-04
 0.99991E+00  0.87834E+00  0.90600E-05
 0.99993E+00  0.87834E+00  0.66131E-05
 0.99995E+00  0.87834E+00  0.46057E-05
 0.99997E+00  0.87834E+00  0.29589E-05
 0.99998E+00  0.87834E+00  0.16078E-05
 0.10000E+01  0.87834E+00  0.49949E-06
 0.10000E+01  0.87834E+00  0.00000E+00
 0.00000E+00  0.89796E+00  0.00000E+00
 0.49709E-05  0.89796E+00  0.45727E-06
 0.16001E-04  0.89796E+00  0.14719E-05
 0.29447E-04  0.89796E+00  0.27088E-05
 0.45836E-04  0.89796E+00  0.42164E-05
 0.65814E-04  0.89796E+00  0.60541E-05
 0.90165E-04  0.89796E+00  0.82942E-05
 0.11985E-03  0.89796E+00  0.11025E-04
 0.15603E-03  0.89796E+00  0.14353E-04
 0.20013E-03  0.89796E+00  0.18410E-04
 0.25388E-03  0.89796E+00  0.23354E-04
 0.31939E-03  0.89796E+00  0.29381E-04
 0.39924E-03  0.89796E+00  0.36727E-04
 0.49656E-03  0.89796E+00  0.45679E-04
 0.61516E-03  0.89796E+00  0.56591E-04
 0.75970E-03  0.89796E+00  0.69889E-04
 0.93583E-03  0.89796E+00  0.86095E-04
 0.11504E-02  0.89796E+00  0.10585E-03
 0.14119E-02  0.89796E+00  0.12991E-03
 0.17305E-02  0.89796E+00  0.15924E-03
 0.21186E-02  0.89796E+00  0.19499E-03
 0.25912E-02  0.89796E+00  0.23854E-03
 0.31667E-02  0.89796E+00  0.29163E-03
 0.38673E-02  0.89796E+00  0.35634E-03
 0.47200E-02  0.89796E+00  0.43524E-03
 0.57574E-02  0.89796E+00  0.53146E-03
 0.70191E-02  0.89796E+00  0.64888E-03
 0.85527E-02  0.89796E+00  0.79227E-03
 0.10416E-01  0.89796E+00  0.96751E-03
 0.12677E-01  0.89796E+00  0.11819E-02
 0.15420E-01  0.89796E+00  0.14444E-02
 0.18742E-01  0.89796E+00  0.17660E-02
 0.22762E-01  0.89796E+00  0.21601E-02
 0.27617E-01  0.89796E+00  0.26425E-02
 0.33469E-01  0.89796E+00  0.32315E-02
 0.40509E-01  0.89796E+00  0.39470E-02
 0.48950E-01  0.89796E+00  0.48098E-02
 0.59040E-01  0.89796E+00  0.58397E-02
 0.71052E-01  0.89796E+00  0.70525E-02
 0.85282E-01  0.89796E+00  0.84567E-02
 0.10204E+00  0.89796E+00  0.10050E-01
 0.12166E+00  0.89796E+00  0.11817E-01
 0.14443E+00  0.89796E+00  0.13725E-01
 0.17063E+00  0.89796E+00  0.15729E-01
 0.20047E+00  0.89796E+00  0.17770E-01
 0.23404E+00  0.89796E+00  0.19778E-01
 0.27131E+00  0.89796E+00  0.21679E-01
 0.31210E+00  0.89796E+00  0.23395E-01
 0.35601E+00  0.89796E+00  0.24854E-01
 0.40249E+00  0.89796E+00  0.25994E-01
 0.45077E+00  0.89796E+00  0.26767E-01
 0.50000E+00  0.89796E+00  0.27140E-01
 0.54923E+00  0.89796E+00  0.27099E-01
 0.59751E+00  0.89796E+00  0.26649E-01
 0.64399E+00  0.89796E+00  0.25813E-01
 0.68790E+00  0.89796E+00  0.24628E-01
 0.72869E+00  0.89796E+00  0.23146E-01
 0.76596E+00  0.89796E+00  0.21431E-01
 0.79953E+00  0.89796E+00  0.19551E-01
 0.82937E+00  0.89796E+00  0.17575E-01
 0.85557E+00  0.89796E+00  0.15572E-01
 0.87834E+00  0.89796E+00  0.13604E-01
 0.89796E+00  0.89796E+00  0.11727E-01
 0.91472E+00  0.89796E+00  0.99843E-02
 0.92895E+00  0.89796E+00  0.84081E-02
 0.94096E+00  0.89796E+00  0.70161E-02
 0.95105E+00  0.89796E+00  0.58123E-02
 0.95949E+00  0.89796E+00  0.47893E-02
 0.96653E+00  0.89796E+00  0.39319E-02
 0.97238E+00  0.89796E+00  0.32206E-02
 0.97724E+00  0.89796E+00  0.26349E-02
 0.98126E+00  0.89796E+00  0.21549E-02
 0.98458E+00  0.89796E+00  0.17624E-02
 0.98732E+00  0.89796E+00  0.14418E-02
 0.98958E+00  0.89796E+00  0.11800E-02
 0.99145E+00  0.89796E+00  0.96600E-03
 0.99298E+00  0.89796E+00  0.79099E-03
 0.99424E+00  0.89796E+00  0.64772E-03
 0.99528E+00  0.89796E+00  0.53036E-03
 0.99613E+00  0.89796E+00  0.43417E-03
 0.99683E+00  0.89796E+00  0.35530E-03
 0.99741E+00  0.89796E+00  0.29060E-03
 0.99788E+00  0.89796E+00  0.23753E-03
 0.99827E+00  0.89796E+00  0.19398E-03
 0.99859E+00  0.89796E+00  0.15825E-03
 0.99885E+00  0.89796E+00  0.12893E-03
 0.99906E+00  0.89796E+00  0.10487E-03
 0.99924E+00  0.89796E+00  0.85130E-04
 0.99938E+00  0.89796E+00  0.68931E-04
 0.99950E+00  0.89796E+00  0.55640E-04
 0.99960E+00  0.89796E+00  0.44735E-04
 0.99968E+00  0.89796E+00  0.35788E-04
 0.99975E+00  0.89796E+00  0.28447E-04
 0.99980E+00  0.89796E+00  0.22424E-04
 0.99984E+00  0.89796E+00  0.17483E-04
 0.99988E+00  0.89796E+00  0.13429E-04
 0.99991E+00  0.89796E+00  0.10103E-04
 0.99993E+00  0.89796E+00  0.73743E-05
 0.99995E+00  0.89796E+00  0.51358E-05
 0.99997E+00  0.89796E+00  0.32994E-05
 0.99998E+00  0.89796E+00  0.17929E-05
 0.10000E+01  0.89796E+00  0.55698E-06
 0.10000E+01  0.89796E+00  0.00000E+00
 0.00000E+00  0.91472E+00  0.00000E+00
 0.49709E-05  0.91472E+00  0.49982E-06
 0.16001E-04  0.91472E+00  0.16089E-05
 0.29447E-04  0.91472E+00  0.29608E-05
 0.45836E-04  0.91472E+00  0.46087E-05
 0.65814E-04  0.91472E+00  0.66174E-05
 0.90165E-04  0.91472E+00  0.90659E-05
 0.11985E-03  0.91472E+00  0.12050E-04
 0.15603E-03  0.91472E+00  0.15688E-04
 0.20013E-03  0.91472E+00  0.20122E-04
 0.25388E-03  0.91472E+00  0.25527E-04
 0.31939E-03  0.91472E+00  0.32115E-04
 0.39924E-03  0.91472E+00  0.40144E-04
 0.49656E-03  0.91472E+00  0.49930E-04
 0.61516E-03  0.91472E+00  0.61856E-04
 0.75970E-03  0.91472E+00  0.76392E-04
 0.93583E-03  0.91472E+00  0.94106E-04
 0.11504E-02  0.91472E+00  0.11569E-03
 0.14119E-02  0.91472E+00  0.14200E-03
 0.17305E-02  0.91472E+00  0.17406E-03
 0.21186E-02  0.91472E+00  0.21313E-03
 0.25912E-02  0.91472E+00  0.26074E-03
 0.31667E-02  0.91472E+00  0.31877E-03
 0.38673E-02  0.91472E+00  0.38950E-03
 0.47200E-02  0.91472E+00  0.47573E-03
 0.57574E-02  0.91472E+00  0.58091E-03
 0.70191E-02  0.91472E+00  0.70925E-03
 0.85527E-02  0.91472E+00  0.86597E-03
 0.10416E-01  0.91472E+00  0.10575E-02
 0.12677E-01  0.91472E+00  0.12918E-02
 0.15420E-01  0.91472E+00  0.15786E-02
 0.18742E-01  0.91472E+00  0.19299E-02
 0.22762E-01  0.91472E+00  0.23603E-02
 0.27617E-01  0.91472E+00  0.28866E-02
 0.33469E-01  0.91472E+00  0.35284E-02
 0.40509E-01  0.91472E+00  0.43069E-02
 0.48950E-01  0.91472E+00  0.52433E-02
 0.59040E-01  0.91472E+00  0.63571E-02
 0.71052E-01  0.91472E+00  0.76628E-02
 0.85282E-01  0.91472E+00  0.91663E-02
 0.10204E+00  0.91472E+00  0.10861E-01
 0.12166E+00  0.91472E+00  0.12727E-01
 0.14443E+00  0.91472E+00  0.14729E-01
 0.17063E+00  0.91472E+00  0.16816E-01
 0.20047E+00  0.91472E+00  0.18929E-01
 0.23404E+00  0.91472E+00  0.20998E-01
 0.27131E+00  0.91472E+00  0.22947E-01
 0.31210E+00  0.91472E+00  0.24701E-01
 0.35601E+00  0.91472E+00  0.26189E-01
 0.40249E+00  0.91472E+00  0.27349E-01
 0.45077E+00  0.91472E+00  0.28135E-01
 0.50000E+00  0.91472E+00  0.28513E-01
 0.54923E+00  0.91472E+00  0.28471E-01
 0.59751E+00  0.91472E+00  0.28014E-01
 0.64399E+00  0.91472E+00  0.27164E-01
 0.68790E+00  0.91472E+00  0.25958E-01
 0.72869E+00  0.91472E+00  0.24448E-01
 0.76596E+00  0.91472E+00  0.22696E-01
 0.79953E+00  0.91472E+00  0.20770E-01
 0.82937E+00  0.91472E+00  0.18737E-01
 0.85557E+00  0.91472E+00  0.16666E-01
 0.87834E+00  0.91472E+00  0.14619E-01
 0.89796E+00  0.91472E+00  0.12652E-01
 0.91472E+00  0.91472E+00  0.10811E-01
 0.92895E+00  0.91472E+00  0.91342E-02
 0.94096E+00  0.91472E+00  0.76424E-02
 0.95105E+00  0.91472E+00  0.63443E-02
 0.95949E+00  0.91472E+00  0.52356E-02
 0.96653E+00  0.91472E+00  0.43029E-02
 0.97238E+00  0.91472E+00  0.35271E-02
 0.97724E+00  0.91472E+00  0.28870E-02
 0.98126E+00  0.91472E+00  0.23617E-02
 0.98458E+00  0.91472E+00  0.19319E-02
 0.98732E+00  0.91472E+00  0.15807E-02
 0.98958E+00  0.91472E+00  0.12937E-02
 0.99145E+00  0.91472E+00  0.10592E-02
 0.99298E+00  0.91472E+00  0.86728E-03
 0.99424E+00  0.91472E+00  0.71020E-03
 0.99528E+00  0.91472E+00  0.58153E-03
 0.99613E+00  0.91472E+00  0.47606E-03
 0.99683E+00  0.91472E+00  0.38958E-03
 0.99741E+00  0.91472E+00  0.31864E-03
 0.99788E+00  0.91472E+00  0.26044E-03
 0.99827E+00  0.91472E+00  0.21270E-03
 0.99859E+00  0.91472E+00  0.17352E-03
 0.99885E+00  0.91472E+00  0.14137E-03
 0.99906E+00  0.91472E+00  0.11499E-03
 0.99924E+00  0.91472E+00  0.93342E-04
 0.99938E+00  0.91472E+00  0.75581E-04
 0.99950E+00  0.91472E+00  0.61008E-04
 0.99960E+00  0.91472E+00  0.49051E-04
 0.99968E+00  0.91472E+00  0.39240E-04
 0.99975E+00  0.91472E+00  0.31191E-04
 0.99980E+00  0.91472E+00  0.24587E-04
 0.99984E+00  0.91472E+00  0.19169E-04
 0.99988E+00  0.91472E+00  0.14724E-04
 0.99991E+00  0.91472E+00  0.11077E-04
 0.99993E+00  0.91472E+00  0.80857E-05
 0.99995E+00  0.91472E+00  0.56313E-05
 0.99997E+00  0.91472E+00  0.36177E-05
 0.99998E+00  0.91472E+00  0.19659E-05
 0.10000E+01  0.91472E+00  0.61071E-06
 0.10000E+01  0.91472E+00  0.00000E+00
 0.00000E+00  0.92895E+00  0.00000E+00
 0.49709E-05  0.92895E+00  0.53781E-06
 0.16001E-04  0.92895E+00  0.17312E-05
 0.29447E-04  0.92895E+00  0.31859E-05
 0.45836E-04  0.92895E+00  0.49591E-05
 0.65814E-04  0.92895E+00  0.71205E-05
 0.90165E-04  0.92895E+00  0.97551E-05
 0.11985E-03  0.92895E+00  0.12966E-04
 0.15603E-03  0.92895E+00  0.16881E-04
 0.20013E-03  0.92895E+00  0.21652E-04
 0.25388E-03  0.92895E+00  0.27468E-04
 0.31939E-03  0.92895E+00  0.34556E-04
 0.39924E-03  0.92895E+00  0.43195E-04
 0.49656E-03  0.92895E+00  0.53725E-04
 0.61516E-03  0.92895E+00  0.66558E-04
 0.75970E-03  0.92895E+00  0.82199E-04
 0.93583E-03  0.92895E+00  0.10126E-03
 0.11504E-02  0.92895E+00  0.12449E-03
 0.14119E-02  0.92895E+00  0.15280E-03
 0.17305E-02  0.92895E+00  0.18729E-03
 0.21186E-02  0.92895E+00  0.22933E-03
 0.25912E-02  0.92895E+00  0.28056E-03
 0.31667E-02  0.92895E+00  0.34300E-03
 0.38673E-02  0.92895E+00  0.41911E-03
 0.47200E-02  0.92895E+00  0.51190E-03
 0.57574E-02  0.92895E+00  0.62508E-03
 0.70191E-02  0.92895E+00  0.76319E-03
 0.85527E-02  0.92895E+00  0.93183E-03
 0.10416E-01  0.92895E+00  0.11379E-02
 0.12677E-01  0.92895E+00  0.13900E-02
 0.15420E-01  0.92895E+00  0.16986E-02
 0.18742E-01  0.92895E+00  0.20765E-02
 0.22762E-01  0.92895E+00  0.25391E-02
 0.27617E-01  0.92895E+00  0.31045E-02
 0.33469E-01  0.92895E+00  0.37930E-02
 0.40509E-01  0.92895E+00  0.46265E-02
 0.48950E-01  0.92895E+00  0.56262E-02
 0.59040E-01  0.92895E+00  0.68109E-02
 0.71052E-01  0.92895E+00  0.81930E-02
 0.85282E-01  0.92895E+00  0.97754E-02
 0.10204E+00  0.92895E+00  0.11548E-01
 0.12166E+00  0.92895E+00  0.13487E-01
 0.14443E+00  0.92895E+00  0.15553E-01
 0.17063E+00  0.92895E+00  0.17696E-01
 0.20047E+00  0.92895E+00  0.19854E-01
 0.23404E+00  0.92895E+00  0.21957E-01
 0.27131E+00  0.92895E+00  0.23933E-01
 0.31210E+00  0.92895E+00  0.25706E-01
 0.35601E+00  0.92895E+00  0.27207E-01
 0.40249E+00  0.92895E+00  0.28376E-01
 0.45077E+00  0.92895E+00  0.29165E-01
 0.50000E+00  0.92895E+00  0.29545E-01
 0.54923E+00  0.92895E+00  0.29501E-01
 0.59751E+00  0.92895E+00  0.29040E-01
 0.64399E+00  0.92895E+00  0.28182E-01
 0.68790E+00  0.92895E+00  0.26966E-01
 0.72869E+00  0.92895E+00  0.25442E-01
 0.76596E+00  0.92895E+00  0.23671E-01
 0.79953E+00  0.92895E+00  0.21718E-01
 0.82937E+00  0.92895E+00  0.19653E-01
 0.85557E+00  0.92895E+00  0.17540E-01
 0.87834E+00  0.92895E+00  0.15442E-01
 0.89796E+00  0.92895E+00  0.13413E-01
 0.91472E+00  0.92895E+00  0.11503E-01
 0.92895E+00  0.92895E+00  0.97494E-02
 0.94096E+00  0.92895E+00  0.81793E-02
 0.95105E+00  0.92895E+00  0.68048E-02
 0.95949E+00  0.92895E+00  0.56249E-02
 0.96653E+00  0.92895E+00  0.46282E-02
 0.97238E+00  0.92895E+00  0.37967E-02
 0.97724E+00  0.92895E+00  0.31092E-02
 0.98126E+00  0.92895E+00  0.25443E-02
 0.98458E+00  0.92895E+00  0.20816E-02
 0.98732E+00  0.92895E+00  0.17033E-02
 0.98958E+00  0.92895E+00  0.13941E-02
 0.99145E+00  0.92895E+00  0.11414E-02
 0.99298E+00  0.92895E+00  0.93463E-03
 0.99424E+00  0.92895E+00  0.76535E-03
 0.99528E+00  0.92895E+00  0.62668E-03
 0.99613E+00  0.92895E+00  0.51302E-03
 0.99683E+00  0.92895E+00  0.41982E-03
 0.99741E+00  0.92895E+00  0.34338E-03
 0.99788E+00  0.92895E+00  0.28067E-03
 0.99827E+00  0.92895E+00  0.22921E-03
 0.99859E+00  0.92895E+00  0.18699E-03
 0.99885E+00  0.92895E+00  0.15234E-03
 0.99906E+00  0.92895E+00  0.12392E-03
 0.99924E+00  0.92895E+00  0.10059E-03
 0.99938E+00  0.92895E+00  0.81449E-04
 0.99950E+00  0.92895E+00  0.65745E-04
 0.99960E+00  0.92895E+00  0.52859E-04
 0.99968E+00  0.92895E+00  0.42287E-04
 0.99975E+00  0.92895E+00  0.33613E-04
 0.99980E+00  0.92895E+00  0.26496E-04
 0.99984E+00  0.92895E+00  0.20657E-04
 0.99988E+00  0.92895E+00  0.15867E-04
 0.99991E+00  0.92895E+00  0.11937E-04
 0.99993E+00  0.92895E+00  0.87134E-05
 0.99995E+00  0.92895E+00  0.60685E-05
 0.99997E+00  0.92895E+00  0.38986E-05
 0.99998E+00  0.92895E+00  0.21185E-05
 0.10000E+01  0.92895E+00  0.65813E-06
 0.10000E+01  0.92895E+00  0.00000E+00
 0.00000E+00  0.94096E+00  0.00000E+00
 0.49709E-05  0.94096E+00  0.56967E-06
 0.16001E-04  0.94096E+00  0.18337E-05
 0.29447E-04  0.94096E+00  0.33746E-05
 0.45836E-04  0.94096E+00  0.52528E-05
 0.65814E-04  0.94096E+00  0.75422E-05
 0.90165E-04  0.94096E+00  0.10333E-04
 0.11985E-03  0.94096E+00  0.13735E-04
 0.15603E-03  0.94096E+00  0.17881E-04
 0.20013E-03  0.94096E+00  0.22935E-04
 0.25388E-03  0.94096E+00  0.29095E-04
 0.31939E-03  0.94096E+00  0.36603E-04
 0.39924E-03  0.94096E+00  0.45754E-04
 0.49656E-03  0.94096E+00  0.56907E-04
 0.61516E-03  0.94096E+00  0.70501E-04
 0.75970E-03  0.94096E+00  0.87068E-04
 0.93583E-03  0.94096E+00  0.10726E-03
 0.11504E-02  0.94096E+00  0.13186E-03
 0.14119E-02  0.94096E+00  0.16185E-03
 0.17305E-02  0.94096E+00  0.19839E-03
 0.21186E-02  0.94096E+00  0.24292E-03
 0.25912E-02  0.94096E+00  0.29718E-03
 0.31667E-02  0.94096E+00  0.36332E-03
 0.38673E-02  0.94096E+00  0.44395E-03
 0.47200E-02  0.94096E+00  0.54225E-03
 0.57574E-02  0.94096E+00  0.66214E-03
 0.70191E-02  0.94096E+00  0.80845E-03
 0.85527E-02  0.94096E+00  0.98711E-03
 0.10416E-01  0.94096E+00  0.12055E-02
 0.12677E-01  0.94096E+00  0.14725E-02
 0.15420E-01  0.94096E+00  0.17994E-02
 0.18742E-01  0.94096E+00  0.21996E-02
 0.22762E-01  0.94096E+00  0.26893E-02
 0.27617E-01  0.94096E+00  0.32873E-02
 0.33469E-01  0.94096E+00  0.40145E-02
 0.40509E-01  0.94096E+00  0.48927E-02
 0.48950E-01  0.94096E+00  0.59431E-02
 0.59040E-01  0.94096E+00  0.71828E-02
 0.71052E-01  0.94096E+00  0.86222E-02
 0.85282E-01  0.94096E+00  0.10261E-01
 0.10204E+00  0.94096E+00  0.12087E-01
 0.12166E+00  0.94096E+00  0.14072E-01
 0.14443E+00  0.94096E+00  0.16177E-01
 0.17063E+00  0.94096E+00  0.18349E-01
 0.20047E+00  0.94096E+00  0.20527E-01
 0.23404E+00  0.94096E+00  0.22644E-01
 0.27131E+00  0.94096E+00  0.24627E-01
 0.31210E+00  0.94096E+00  0.26403E-01
 0.35601E+00  0.94096E+00  0.27904E-01
 0.40249E+00  0.94096E+00  0.29071E-01
 0.45077E+00  0.94096E+00  0.29858E-01
 0.50000E+00  0.94096E+00  0.30234E-01
 0.54923E+00  0.94096E+00  0.30189E-01
 0.59751E+00  0.94096E+00  0.29725E-01
 0.64399E+00  0.94096E+00  0.28866E-01
 0.68790E+00  0.94096E+00  0.27648E-01
 0.72869E+00  0.94096E+00  0.26121E-01
 0.76596E+00  0.94096E+00  0.24345E-01
 0.79953E+00  0.94096E+00  0.22385E-01
 0.82937E+00  0.94096E+00  0.20307E-01
 0.85557E+00  0.94096E+00  0.18176E-01
 0.87834E+00  0.94096E+00  0.16051E-01
 0.89796E+00  0.94096E+00  0.13987E-01
 0.91472E+00  0.94096E+00  0.12034E-01
 0.92895E+00  0.94096E+00  0.10230E-01
 0.94096E+00  0.94096E+00  0.86053E-02
 0.95105E+00  0.94096E+00  0.71749E-02
 0.95949E+00  0.94096E+00  0.59408E-02
 0.96653E+00  0.94096E+00  0.48941E-02
 0.97238E+00  0.94096E+00  0.40181E-02
 0.97724E+00  0.94096E+00  0.32922E-02
 0.98126E+00  0.94096E+00  0.26949E-02
 0.98458E+00  0.94096E+00  0.22052E-02
 0.98732E+00  0.94096E+00  0.18046E-02
 0.98958E+00  0.94096E+00  0.14771E-02
 0.99145E+00  0.94096E+00  0.12093E-02
 0.99298E+00  0.94096E+00  0.99020E-03
 0.99424E+00  0.94096E+00  0.81085E-03
 0.99528E+00  0.94096E+00  0.66393E-03
 0.99613E+00  0.94096E+00  0.54351E-03
 0.99683E+00  0.94096E+00  0.44477E-03
 0.99741E+00  0.94096E+00  0.36378E-03
 0.99788E+00  0.94096E+00  0.29734E-03
 0.99827E+00  0.94096E+00  0.24283E-03
 0.99859E+00  0.94096E+00  0.19810E-03
 0.99885E+00  0.94096E+00  0.16139E-03
 0.99906E+00  0.94096E+00  0.13128E-03
 0.99924E+00  0.94096E+00  0.10656E-03
 0.99938E+00  0.94096E+00  0.86287E-04
 0.99950E+00  0.94096E+00  0.69650E-04
 0.99960E+00  0.94096E+00  0.55999E-04
 0.99968E+00  0.94096E+00  0.44798E-04
 0.99975E+00  0.94096E+00  0.35609E-04
 0.99980E+00  0.94096E+00  0.28070E-04
 0.99984E+00  0.94096E+00  0.21884E-04
 0.99988E+00  0.94096E+00  0.16810E-04
 0.99991E+00  0.94096E+00  0.12646E-04
 0.99993E+00  0.94096E+00  0.92310E-05
 0.99995E+00  0.94096E+00  0.64289E-05
 0.99997E+00  0.94096E+00  0.41302E-05
 0.99998E+00  0.94096E+00  0.22443E-05
 0.10000E+01  0.94096E+00  0.69722E-06
 0.10000E+01  0.94096E+00  0.00000E+00
 0.00000E+00  0.95105E+00  0.00000E+00
 0.49709E-05  0.95105E+00  0.59454E-06
 0.16001E-04  0.95105E+00  0.19138E-05
 0.29447E-04  0.95105E+00  0.35219E-05
 0.45836E-04  0.95105E+00  0.54821E-05
 0.65814E-04  0.95105E+00  0.78715E-05
 0.90165E-04  0.95105E+00  0.10784E-04
 0.11985E-03  0.95105E+00  0.14334E-04
 0.15603E-03  0.95105E+00  0.18661E-04
 0.20013E-03  0.95105E+00  0.23936E-04
 0.25388E-03  0.95105E+00  0.30365E-04
 0.31939E-03  0.95105E+00  0.38201E-04
 0.39924E-03  0.95105E+00  0.47752E-04
 0.49656E-03  0.95105E+00  0.59392E-04
 0.61516E-03  0.95105E+00  0.73579E-04
 0.75970E-03  0.95105E+00  0.90869E-04
 0.93583E-03  0.95105E+00  0.11194E-03
 0.11504E-02  0.95105E+00  0.13762E-03
 0.14119E-02  0.95105E+00  0.16892E-03
 0.17305E-02  0.95105E+00  0.20705E-03
 0.21186E-02  0.95105E+00  0.25353E-03
 0.25912E-02  0.95105E+00  0.31017E-03
 0.31667E-02  0.95105E+00  0.37920E-03
 0.38673E-02  0.95105E+00  0.46335E-03
 0.47200E-02  0.95105E+00  0.56595E-03
 0.57574E-02  0.95105E+00  0.69111E-03
 0.70191E-02  0.95105E+00  0.84384E-03
 0.85527E-02  0.95105E+00  0.10304E-02
 0.10416E-01  0.95105E+00  0.12583E-02
 0.12677E-01  0.95105E+00  0.15371E-02
 0.15420E-01  0.95105E+00  0.18784E-02
 0.18742E-01  0.95105E+00  0.22961E-02
 0.22762E-01  0.95105E+00  0.28069E-02
 0.27617E-01  0.95105E+00  0.34301E-02
 0.33469E-01  0.95105E+00  0.41867E-02
 0.40509E-01  0.95105E+00  0.50985E-02
 0.48950E-01  0.95105E+00  0.61856E-02
 0.59040E-01  0.95105E+00  0.74638E-02
 0.71052E-01  0.95105E+00  0.89412E-02
 0.85282E-01  0.95105E+00  0.10615E-01
 0.10204E+00  0.95105E+00  0.12471E-01
 0.12166E+00  0.95105E+00  0.14479E-01
 0.14443E+00  0.95105E+00  0.16599E-01
 0.17063E+00  0.95105E+00  0.18779E-01
 0.20047E+00  0.95105E+00  0.20959E-01
 0.23404E+00  0.95105E+00  0.23072E-01
 0.27131E+00  0.95105E+00  0.25046E-01
 0.31210E+00  0.95105E+00  0.26812E-01
 0.35601E+00  0.95105E+00  0.28302E-01
 0.40249E+00  0.95105E+00  0.29459E-01
 0.45077E+00  0.95105E+00  0.30238E-01
 0.50000E+00  0.95105E+00  0.30609E-01
 0.54923E+00  0.95105E+00  0.30560E-01
 0.59751E+00  0.95105E+00  0.30097E-01
 0.64399E+00  0.95105E+00  0.29240E-01
 0.68790E+00  0.95105E+00  0.28027E-01
 0.72869E+00  0.95105E+00  0.26507E-01
 0.76596E+00  0.95105E+00  0.24738E-01
 0.79953E+00  0.95105E+00  0.22784E-01
 0.82937E+00  0.95105E+00  0.20709E-01
 0.85557E+00  0.95105E+00  0.18578E-01
 0.87834E+00  0.95105E+00  0.16447E-01
 0.89796E+00  0.95105E+00  0.14371E-01
 0.91472E+00  0.95105E+00  0.12397E-01
 0.92895E+00  0.95105E+00  0.10567E-01
 0.94096E+00  0.95105E+00  0.89106E-02
 0.95105E+00  0.95105E+00  0.74449E-02
 0.95949E+00  0.95105E+00  0.61746E-02
 0.96653E+00  0.95105E+00  0.50930E-02
 0.97238E+00  0.95105E+00  0.41850E-02
 0.97724E+00  0.95105E+00  0.34309E-02
 0.98126E+00  0.95105E+00  0.28092E-02
 0.98458E+00  0.95105E+00  0.22991E-02
 0.98732E+00  0.95105E+00  0.18816E-02
 0.98958E+00  0.95105E+00  0.15401E-02
 0.99145E+00  0.95105E+00  0.12609E-02
 0.99298E+00  0.95105E+00  0.10324E-02
 0.99424E+00  0.95105E+00  0.84543E-03
 0.99528E+00  0.95105E+00  0.69223E-03
 0.99613E+00  0.95105E+00  0.56667E-03
 0.99683E+00  0.95105E+00  0.46371E-03
 0.99741E+00  0.95105E+00  0.37927E-03
 0.99788E+00  0.95105E+00  0.31000E-03
 0.99827E+00  0.95105E+00  0.25316E-03
 0.99859E+00  0.95105E+00  0.20653E-03
 0.99885E+00  0.95105E+00  0.16826E-03
 0.99906E+00  0.95105E+00  0.13686E-03
 0.99924E+00  0.95105E+00  0.11110E-03
 0.99938E+00  0.95105E+00  0.89959E-04
 0.99950E+00  0.95105E+00  0.72614E-04
 0.99960E+00  0.95105E+00  0.58382E-04
 0.99968E+00  0.95105E+00  0.46705E-04
 0.99975E+00  0.95105E+00  0.37124E-04
 0.99980E+00  0.95105E+00  0.29264E-04
 0.99984E+00  0.95105E+00  0.22816E-04
 0.99988E+00  0.95105E+00  0.17525E-04
 0.99991E+00  0.95105E+00  0.13185E-04
 0.99993E+00  0.95105E+00  0.96238E-05
 0.99995E+00  0.95105E+00  0.67025E-05
 0.99997E+00  0.95105E+00  0.43059E-05
 0.99998E+00  0.95105E+00  0.23398E-05
 0.10000E+01  0.95105E+00  0.72689E-06
 0.10000E+01  0.95105E+00  0.00000E+00
 0.00000E+00  0.95949E+00  0.00000E+00
 0.49709E-05  0.95949E+00  0.61243E-06
 0.16001E-04  0.95949E+00  0.19714E-05
 0.29447E-04  0.95949E+00  0.36279E-05
 0.45836E-04  0.95949E+00  0.56471E-05
 0.65814E-04  0.95949E+00  0.81084E-05
 0.90165E-04  0.95949E+00  0.11108E-04
 0.11985E-03  0.95949E+00  0.14765E-04
 0.15603E-03  0.95949E+00  0.19223E-04
 0.20013E-03  0.95949E+00  0.24656E-04
 0.25388E-03  0.95949E+00  0.31278E-04
 0.31939E-03  0.95949E+00  0.39350E-04
 0.39924E-03  0.95949E+00  0.49188E-04
 0.49656E-03  0.95949E+00  0.61179E-04
 0.61516E-03  0.95949E+00  0.75793E-04
 0.75970E-03  0.95949E+00  0.93603E-04
 0.93583E-03  0.95949E+00  0.11531E-03
 0.11504E-02  0.95949E+00  0.14176E-03
 0.14119E-02  0.95949E+00  0.17400E-03
 0.17305E-02  0.95949E+00  0.21328E-03
 0.21186E-02  0.95949E+00  0.26116E-03
 0.25912E-02  0.95949E+00  0.31951E-03
 0.31667E-02  0.95949E+00  0.39062E-03
 0.38673E-02  0.95949E+00  0.47731E-03
 0.47200E-02  0.95949E+00  0.58302E-03
 0.57574E-02  0.95949E+00  0.71197E-03
 0.70191E-02  0.95949E+00  0.86934E-03
 0.85527E-02  0.95949E+00  0.10615E-02
 0.10416E-01  0.95949E+00  0.12964E-02
 0.12677E-01  0.95949E+00  0.15838E-02
 0.15420E-01  0.95949E+00  0.19354E-02
 0.18742E-01  0.95949E+00  0.23657E-02
 0.22762E-01  0.95949E+00  0.28916E-02
 0.27617E-01  0.95949E+00  0.35325E-02
 0.33469E-01  0.95949E+00  0.43094E-02
 0.40509E-01  0.95949E+00  0.52436E-02
 0.48950E-01  0.95949E+00  0.63541E-02
 0.59040E-01  0.95949E+00  0.76551E-02
 0.71052E-01  0.95949E+00  0.91532E-02
 0.85282E-01  0.95949E+00  0.10844E-01
 0.10204E+00  0.95949E+00  0.12710E-01
 0.12166E+00  0.95949E+00  0.14723E-01
 0.14443E+00  0.95949E+00  0.16841E-01
 0.17063E+00  0.95949E+00  0.19012E-01
 0.20047E+00  0.95949E+00  0.21178E-01
 0.23404E+00  0.95949E+00  0.23273E-01
 0.27131E+00  0.95949E+00  0.25228E-01
 0.31210E+00  0.95949E+00  0.26974E-01
 0.35601E+00  0.95949E+00  0.28446E-01
 0.40249E+00  0.95949E+00  0.29586E-01
 0.45077E+00  0.95949E+00  0.30353E-01
 0.50000E+00  0.95949E+00  0.30716E-01
 0.54923E+00  0.95949E+00  0.30663E-01
 0.59751E+00  0.95949E+00  0.30201E-01
 0.64399E+00  0.95949E+00  0.29351E-01
 0.68790E+00  0.95949E+00  0.28148E-01
 0.72869E+00  0.95949E+00  0.26641E-01
 0.76596E+00  0.95949E+00  0.24887E-01
 0.79953E+00  0.95949E+00  0.22949E-01
 0.82937E+00  0.95949E+00  0.20890E-01
 0.85557E+00  0.95949E+00  0.18771E-01
 0.87834E+00  0.95949E+00  0.16650E-01
 0.89796E+00  0.95949E+00  0.14579E-01
 0.91472E+00  0.95949E+00  0.12605E-01
 0.92895E+00  0.95949E+00  0.10768E-01
 0.94096E+00  0.95949E+00  0.90984E-02
 0.95105E+00  0.95949E+00  0.76159E-02
 0.95949E+00  0.95949E+00  0.63262E-02
 0.96653E+00  0.95949E+00  0.52243E-02
 0.97238E+00  0.95949E+00  0.42966E-02
 0.97724E+00  0.95949E+00  0.35244E-02
 0.98126E+00  0.95949E+00  0.28868E-02
 0.98458E+00  0.95949E+00  0.23631E-02
 0.98732E+00  0.95949E+00  0.19341E-02
 0.98958E+00  0.95949E+00  0.15831E-02
 0.99145E+00  0.95949E+00  0.12961E-02
 0.99298E+00  0.95949E+00  0.10612E-02
 0.99424E+00  0.95949E+00  0.86898E-03
 0.99528E+00  0.95949E+00  0.71150E-03
 0.99613E+00  0.95949E+00  0.58243E-03
 0.99683E+00  0.95949E+00  0.47660E-03
 0.99741E+00  0.95949E+00  0.38981E-03
 0.99788E+00  0.95949E+00  0.31861E-03
 0.99827E+00  0.95949E+00  0.26019E-03
 0.99859E+00  0.95949E+00  0.21226E-03
 0.99885E+00  0.95949E+00  0.17293E-03
 0.99906E+00  0.95949E+00  0.14066E-03
 0.99924E+00  0.95949E+00  0.11418E-03
 0.99938E+00  0.95949E+00  0.92456E-04
 0.99950E+00  0.95949E+00  0.74629E-04
 0.99960E+00  0.95949E+00  0.60002E-04
 0.99968E+00  0.95949E+00  0.48001E-04
 0.99975E+00  0.95949E+00  0.38155E-04
 0.99980E+00  0.95949E+00  0.30077E-04
 0.99984E+00  0.95949E+00  0.23449E-04
 0.99988E+00  0.95949E+00  0.18011E-04
 0.99991E+00  0.95949E+00  0.13551E-04
 0.99993E+00  0.95949E+00  0.98909E-05
 0.99995E+00  0.95949E+00  0.68885E-05
 0.99997E+00  0.95949E+00  0.44254E-05
 0.99998E+00  0.95949E+00  0.24048E-05
 0.10000E+01  0.95949E+00  0.74706E-06
 0.10000E+01  0.95949E+00  0.00000E+00
 0.00000E+00  0.96653E+00  0.00000E+00
 0.49709E-05  0.96653E+00  0.62403E-06
 0.16001E-04  0.96653E+00  0.20087E-05
 0.29447E-04  0.96653E+00  0.36966E-05
 0.45836E-04  0.96653E+00  0.57541E-05
 0.65814E-04  0.96653E+00  0.82620E-05
 0.90165E-04  0.96653E+00  0.11319E-04
 0.11985E-03  0.96653E+00  0.15045E-04
 0.15603E-03  0.96653E+00  0.19587E-04
 0.20013E-03  0.96653E+00  0.25123E-04
 0.25388E-03  0.96653E+00  0.31871E-04
 0.31939E-03  0.96653E+00  0.40096E-04
 0.39924E-03  0.96653E+00  0.50120E-04
 0.49656E-03  0.96653E+00  0.62338E-04
 0.61516E-03  0.96653E+00  0.77229E-04
 0.75970E-03  0.96653E+00  0.95377E-04
 0.93583E-03  0.96653E+00  0.11749E-03
 0.11504E-02  0.96653E+00  0.14445E-03
 0.14119E-02  0.96653E+00  0.17730E-03
 0.17305E-02  0.96653E+00  0.21733E-03
 0.21186E-02  0.96653E+00  0.26611E-03
 0.25912E-02  0.96653E+00  0.32557E-03
 0.31667E-02  0.96653E+00  0.39804E-03
 0.38673E-02  0.96653E+00  0.48638E-03
 0.47200E-02  0.96653E+00  0.59411E-03
 0.57574E-02  0.96653E+00  0.72553E-03
 0.70191E-02  0.96653E+00  0.88593E-03
 0.85527E-02  0.96653E+00  0.10818E-02
 0.10416E-01  0.96653E+00  0.13213E-02
 0.12677E-01  0.96653E+00  0.16141E-02
 0.15420E-01  0.96653E+00  0.19725E-02
 0.18742E-01  0.96653E+00  0.24108E-02
 0.22762E-01  0.96653E+00  0.29462E-02
 0.27617E-01  0.96653E+00  0.35980E-02
 0.33469E-01  0.96653E+00  0.43869E-02
 0.40509E-01  0.96653E+00  0.53334E-02
 0.48950E-01  0.96653E+00  0.64556E-02
 0.59040E-01  0.96653E+00  0.77665E-02
 0.71052E-01  0.96653E+00  0.92710E-02
 0.85282E-01  0.96653E+00  0.10964E-01
 0.10204E+00  0.96653E+00  0.12827E-01
 0.12166E+00  0.96653E+00  0.14830E-01
 0.14443E+00  0.96653E+00  0.16932E-01
 0.17063E+00  0.96653E+00  0.19083E-01
 0.20047E+00  0.96653E+00  0.21225E-01
 0.23404E+00  0.96653E+00  0.23294E-01
 0.27131E+00  0.96653E+00  0.25222E-01
 0.31210E+00  0.96653E+00  0.26942E-01
 0.35601E+00  0.96653E+00  0.28389E-01
 0.40249E+00  0.96653E+00  0.29510E-01
 0.45077E+00  0.96653E+00  0.30261E-01
 0.50000E+00  0.96653E+00  0.30615E-01
 0.54923E+00  0.96653E+00  0.30559E-01
 0.59751E+00  0.96653E+00  0.30099E-01
 0.64399E+00  0.96653E+00  0.29256E-01
 0.68790E+00  0.96653E+00  0.28066E-01
 0.72869E+00  0.96653E+00  0.26577E-01
 0.76596E+00  0.96653E+00  0.24844E-01
 0.79953E+00  0.96653E+00  0.22928E-01
 0.82937E+00  0.96653E+00  0.20893E-01
 0.85557E+00  0.96653E+00  0.18797E-01
 0.87834E+00  0.96653E+00  0.16696E-01
 0.89796E+00  0.96653E+00  0.14642E-01
 0.91472E+00  0.96653E+00  0.12680E-01
 0.92895E+00  0.96653E+00  0.10850E-01
 0.94096E+00  0.96653E+00  0.91832E-02
 0.95105E+00  0.96653E+00  0.76987E-02
 0.95949E+00  0.96653E+00  0.64036E-02
 0.96653E+00  0.96653E+00  0.52941E-02
 0.97238E+00  0.96653E+00  0.43577E-02
 0.97724E+00  0.96653E+00  0.35766E-02
 0.98126E+00  0.96653E+00  0.29307E-02
 0.98458E+00  0.96653E+00  0.23995E-02
 0.98732E+00  0.96653E+00  0.19641E-02
 0.98958E+00  0.96653E+00  0.16078E-02
 0.99145E+00  0.96653E+00  0.13163E-02
 0.99298E+00  0.96653E+00  0.10778E-02
 0.99424E+00  0.96653E+00  0.88253E-03
 0.99528E+00  0.96653E+00  0.72257E-03
 0.99613E+00  0.96653E+00  0.59148E-03
 0.99683E+00  0.96653E+00  0.48401E-03
 0.99741E+00  0.96653E+00  0.39586E-03
 0.99788E+00  0.96653E+00  0.32355E-03
 0.99827E+00  0.96653E+00  0.26423E-03
 0.99859E+00  0.96653E+00  0.21555E-03
 0.99885E+00  0.96653E+00  0.17561E-03
 0.99906E+00  0.96653E+00  0.14284E-03
 0.99924E+00  0.96653E+00  0.11595E-03
 0.99938E+00  0.96653E+00  0.93889E-04
 0.99950E+00  0.96653E+00  0.75785E-04
 0.99960E+00  0.96653E+00  0.60932E-04
 0.99968E+00  0.96653E+00  0.48745E-04
 0.99975E+00  0.96653E+00  0.38746E-04
 0.99980E+00  0.96653E+00  0.30543E-04
 0.99984E+00  0.96653E+00  0.23812E-04
 0.99988E+00  0.96653E+00  0.18291E-04
 0.99991E+00  0.96653E+00  0.13761E-04
 0.99993E+00  0.96653E+00  0.10044E-04
 0.99995E+00  0.96653E+00  0.69953E-05
 0.99997E+00  0.96653E+00  0.44940E-05
 0.99998E+00  0.96653E+00  0.24420E-05
 0.10000E+01  0.96653E+00  0.75864E-06
 0.10000E+01  0.96653E+00  0.00000E+00
 0.00000E+00  0.97238E+00  0.00000E+00
 0.49709E-05  0.97238E+00  0.63049E-06
 0.16001E-04  0.97238E+00  0.20295E-05
 0.29447E-04  0.97238E+00  0.37349E-05
 0.45836E-04  0.97238E+00  0.58136E-05
 0.65814E-04  0.97238E+00  0.83475E-05
 0.90165E-04  0.97238E+00  0.11436E-04
 0.11985E-03  0.97238E+00  0.15201E-04
 0.15603E-03  0.97238E+00  0.19790E-04
 0.20013E-03  0.97238E+00  0.25383E-04
 0.25388E-03  0.97238E+00  0.32201E-04
 0.31939E-03  0.97238E+00  0.40511E-04
 0.39924E-03  0.97238E+00  0.50639E-04
 0.49656E-03  0.97238E+00  0.62984E-04
 0.61516E-03  0.97238E+00  0.78029E-04
 0.75970E-03  0.97238E+00  0.96365E-04
 0.93583E-03  0.97238E+00  0.11871E-03
 0.11504E-02  0.97238E+00  0.14595E-03
 0.14119E-02  0.97238E+00  0.17913E-03
 0.17305E-02  0.97238E+00  0.21958E-03
 0.21186E-02  0.97238E+00  0.26887E-03
 0.25912E-02  0.97238E+00  0.32895E-03
 0.31667E-02  0.97238E+00  0.40217E-03
 0.38673E-02  0.97238E+00  0.49144E-03
 0.47200E-02  0.97238E+00  0.60030E-03
 0.57574E-02  0.97238E+00  0.73310E-03
 0.70191E-02  0.97238E+00  0.89518E-03
 0.85527E-02  0.97238E+00  0.10931E-02
 0.10416E-01  0.97238E+00  0.13351E-02
 0.12677E-01  0.97238E+00  0.16310E-02
 0.15420E-01  0.97238E+00  0.19930E-02
 0.18742E-01  0.97238E+00  0.24356E-02
 0.22762E-01  0.97238E+00  0.29758E-02
 0.27617E-01  0.97238E+00  0.36327E-02
 0.33469E-01  0.97238E+00  0.44267E-02
 0.40509E-01  0.97238E+00  0.53774E-02
 0.48950E-01  0.97238E+00  0.65023E-02
 0.59040E-01  0.97238E+00  0.78130E-02
 0.71052E-01  0.97238E+00  0.93138E-02
 0.85282E-01  0.97238E+00  0.10998E-01
 0.10204E+00  0.97238E+00  0.12848E-01
 0.12166E+00  0.97238E+00  0.14833E-01
 0.14443E+00  0.97238E+00  0.16912E-01
 0.17063E+00  0.97238E+00  0.19036E-01
 0.20047E+00  0.97238E+00  0.21147E-01
 0.23404E+00  0.97238E+00  0.23185E-01
 0.27131E+00  0.97238E+00  0.25082E-01
 0.31210E+00  0.97238E+00  0.26772E-01
 0.35601E+00  0.97238E+00  0.28194E-01
 0.40249E+00  0.97238E+00  0.29293E-01
 0.45077E+00  0.97238E+00  0.30027E-01
 0.50000E+00  0.97238E+00  0.30371E-01
 0.54923E+00  0.97238E+00  0.30311E-01
 0.59751E+00  0.97238E+00  0.29854E-01
 0.64399E+00  0.97238E+00  0.29021E-01
 0.68790E+00  0.97238E+00  0.27845E-01
 0.72869E+00  0.97238E+00  0.26375E-01
 0.76596E+00  0.97238E+00  0.24666E-01
 0.79953E+00  0.97238E+00  0.22776E-01
 0.82937E+00  0.97238E+00  0.20768E-01
 0.85557E+00  0.97238E+00  0.18700E-01
 0.87834E+00  0.97238E+00  0.16626E-01
 0.89796E+00  0.97238E+00  0.14596E-01
 0.91472E+00  0.97238E+00  0.12654E-01
 0.92895E+00  0.97238E+00  0.10841E-01
 0.94096E+00  0.97238E+00  0.91873E-02
 0.95105E+00  0.97238E+00  0.77114E-02
 0.95949E+00  0.97238E+00  0.64212E-02
 0.96653E+00  0.97238E+00  0.53137E-02
 0.97238E+00  0.97238E+00  0.43773E-02
 0.97724E+00  0.97238E+00  0.35948E-02
 0.98126E+00  0.97238E+00  0.29469E-02
 0.98458E+00  0.97238E+00  0.24134E-02
 0.98732E+00  0.97238E+00  0.19759E-02
 0.98958E+00  0.97238E+00  0.16176E-02
 0.99145E+00  0.97238E+00  0.13244E-02
 0.99298E+00  0.97238E+00  0.10844E-02
 0.99424E+00  0.97238E+00  0.88794E-03
 0.99528E+00  0.97238E+00  0.72701E-03
 0.99613E+00  0.97238E+00  0.59511E-03
 0.99683E+00  0.97238E+00  0.48697E-03
 0.99741E+00  0.97238E+00  0.39828E-03
 0.99788E+00  0.97238E+00  0.32553E-03
 0.99827E+00  0.97238E+00  0.26584E-03
 0.99859E+00  0.97238E+00  0.21687E-03
 0.99885E+00  0.97238E+00  0.17669E-03
 0.99906E+00  0.97238E+00  0.14371E-03
 0.99924E+00  0.97238E+00  0.11666E-03
 0.99938E+00  0.97238E+00  0.94462E-04
 0.99950E+00  0.97238E+00  0.76248E-04
 0.99960E+00  0.97238E+00  0.61303E-04
 0.99968E+00  0.97238E+00  0.49042E-04
 0.99975E+00  0.97238E+00  0.38982E-04
 0.99980E+00  0.97238E+00  0.30729E-04
 0.99984E+00  0.97238E+00  0.23957E-04
 0.99988E+00  0.97238E+00  0.18402E-04
 0.99991E+00  0.97238E+00  0.13844E-04
 0.99993E+00  0.97238E+00  0.10105E-04
 0.99995E+00  0.97238E+00  0.70379E-05
 0.99997E+00  0.97238E+00  0.45214E-05
 0.99998E+00  0.97238E+00  0.24569E-05
 0.10000E+01  0.97238E+00  0.76326E-06
 0.10000E+01  0.97238E+00  0.00000E+00
 0.00000E+00  0.97724E+00  0.00000E+00
 0.49709E-05  0.97724E+00  0.63315E-06
 0.16001E-04  0.97724E+00  0.20381E-05
 0.29447E-04  0.97724E+00  0.37506E-05
 0.45836E-04  0.97724E+00  0.58382E-05
 0.65814E-04  0.97724E+00  0.83827E-05
 0.90165E-04  0.97724E+00  0.11484E-04
 0.11985E-03  0.97724E+00  0.15265E-04
 0.15603E-03  0.97724E+00  0.19873E-04
 0.20013E-03  0.97724E+00  0.25490E-04
 0.25388E-03  0.97724E+00  0.32337E-04
 0.31939E-03  0.97724E+00  0.40682E-04
 0.39924E-03  0.97724E+00  0.50853E-04
 0.49656E-03  0.97724E+00  0.63249E-04
 0.61516E-03  0.97724E+00  0.78358E-04
 0.75970E-03  0.97724E+00  0.96771E-04
 0.93583E-03  0.97724E+00  0.11921E-03
 0.11504E-02  0.97724E+00  0.14656E-03
 0.14119E-02  0.97724E+00  0.17989E-03
 0.17305E-02  0.97724E+00  0.22051E-03
 0.21186E-02  0.97724E+00  0.27001E-03
 0.25912E-02  0.97724E+00  0.33034E-03
 0.31667E-02  0.97724E+00  0.40387E-03
 0.38673E-02  0.97724E+00  0.49352E-03
 0.47200E-02  0.97724E+00  0.60284E-03
 0.57574E-02  0.97724E+00  0.73620E-03
 0.70191E-02  0.97724E+00  0.89897E-03
 0.85527E-02  0.97724E+00  0.10978E-02
 0.10416E-01  0.97724E+00  0.13407E-02
 0.12677E-01  0.97724E+00  0.16377E-02
 0.15420E-01  0.97724E+00  0.20009E-02
 0.18742E-01  0.97724E+00  0.24448E-02
 0.22762E-01  0.97724E+00  0.29862E-02
 0.27617E-01  0.97724E+00  0.36440E-02
 0.33469E-01  0.97724E+00  0.44379E-02
 0.40509E-01  0.97724E+00  0.53871E-02
 0.48950E-01  0.97724E+00  0.65082E-02
 0.59040E-01  0.97724E+00  0.78124E-02
 0.71052E-01  0.97724E+00  0.93029E-02
 0.85282E-01  0.97724E+00  0.10973E-01
 0.10204E+00  0.97724E+00  0.12804E-01
 0.12166E+00  0.97724E+00  0.14766E-01
 0.14443E+00  0.97724E+00  0.16818E-01
 0.17063E+00  0.97724E+00  0.18912E-01
 0.20047E+00  0.97724E+00  0.20992E-01
 0.23404E+00  0.97724E+00  0.22996E-01
 0.27131E+00  0.97724E+00  0.24861E-01
 0.31210E+00  0.97724E+00  0.26522E-01
 0.35601E+00  0.97724E+00  0.27917E-01
 0.40249E+00  0.97724E+00  0.28994E-01
 0.45077E+00  0.97724E+00  0.29713E-01
 0.50000E+00  0.97724E+00  0.30046E-01
 0.54923E+00  0.97724E+00  0.29983E-01
 0.59751E+00  0.97724E+00  0.29529E-01
 0.64399E+00  0.97724E+00  0.28704E-01
 0.68790E+00  0.97724E+00  0.27544E-01
 0.72869E+00  0.97724E+00  0.26094E-01
 0.76596E+00  0.97724E+00  0.24409E-01
 0.79953E+00  0.97724E+00  0.22547E-01
 0.82937E+00  0.97724E+00  0.20567E-01
 0.85557E+00  0.97724E+00  0.18529E-01
 0.87834E+00  0.97724E+00  0.16483E-01
 0.89796E+00  0.97724E+00  0.14480E-01
 0.91472E+00  0.97724E+00  0.12564E-01
 0.92895E+00  0.97724E+00  0.10773E-01
 0.94096E+00  0.97724E+00  0.91368E-02
 0.95105E+00  0.97724E+00  0.76756E-02
 0.95949E+00  0.97724E+00  0.63969E-02
 0.96653E+00  0.97724E+00  0.52978E-02
 0.97238E+00  0.97724E+00  0.43671E-02
 0.97724E+00  0.97724E+00  0.35885E-02
 0.98126E+00  0.97724E+00  0.29430E-02
 0.98458E+00  0.97724E+00  0.24110E-02
 0.98732E+00  0.97724E+00  0.19744E-02
 0.98958E+00  0.97724E+00  0.16166E-02
 0.99145E+00  0.97724E+00  0.13237E-02
 0.99298E+00  0.97724E+00  0.10839E-02
 0.99424E+00  0.97724E+00  0.88757E-03
 0.99528E+00  0.97724E+00  0.72672E-03
 0.99613E+00  0.97724E+00  0.59488E-03
 0.99683E+00  0.97724E+00  0.48679E-03
 0.99741E+00  0.97724E+00  0.39813E-03
 0.99788E+00  0.97724E+00  0.32541E-03
 0.99827E+00  0.97724E+00  0.26574E-03
 0.99859E+00  0.97724E+00  0.21679E-03
 0.99885E+00  0.97724E+00  0.17662E-03
 0.99906E+00  0.97724E+00  0.14366E-03
 0.99924E+00  0.97724E+00  0.11662E-03
 0.99938E+00  0.97724E+00  0.94427E-04
 0.99950E+00  0.97724E+00  0.76219E-04
 0.99960E+00  0.97724E+00  0.61281E-04
 0.99968E+00  0.97724E+00  0.49024E-04
 0.99975E+00  0.97724E+00  0.38968E-04
 0.99980E+00  0.97724E+00  0.30717E-04
 0.99984E+00  0.97724E+00  0.23949E-04
 0.99988E+00  0.97724E+00  0.18395E-04
 0.99991E+00  0.97724E+00  0.13839E-04
 0.99993E+00  0.97724E+00  0.10102E-04
 0.99995E+00  0.97724E+00  0.70353E-05
 0.99997E+00  0.97724E+00  0.45197E-05
 0.99998E+00  0.97724E+00  0.24560E-05
 0.10000E+01  0.97724E+00  0.76298E-06
 0.10000E+01  0.97724E+00  0.00000E+00
 0.00000E+00  0.98126E+00  0.00000E+00
 0.49709E-05  0.98126E+00  0.63330E-06
 0.16001E-04  0.98126E+00  0.20386E-05
 0.29447E-04  0.98126E+00  0.37515E-05
 0.45836E-04  0.98126E+00  0.58395E-05
 0.65814E-04  0.98126E+00  0.83847E-05
 0.90165E-04  0.98126E+00  0.11487E-04
 0.11985E-03  0.98126E+00  0.15269E-04
 0.15603E-03  0.98126E+00  0.19878E-04
 0.20013E-03  0.98126E+00  0.25496E-04
 0.25388E-03  0.98126E+00  0.32345E-04
 0.31939E-03  0.98126E+00  0.40691E-04
 0.39924E-03  0.98126E+00  0.50865E-04
 0.49656E-03  0.98126E+00  0.63264E-04
 0.61516E-03  0.98126E+00  0.78376E-04
 0.75970E-03  0.98126E+00  0.96794E-04
 0.93583E-03  0.98126E+00  0.11924E-03
 0.11504E-02  0.98126E+00  0.14660E-03
 0.14119E-02  0.98126E+00  0.17993E-03
 0.17305E-02  0.98126E+00  0.22056E-03
 0.21186E-02  0.98126E+00  0.27007E-03
 0.25912E-02  0.98126E+00  0.33041E-03
 0.31667E-02  0.98126E+00  0.40396E-03
 0.38673E-02  0.98126E+00  0.49363E-03
 0.47200E-02  0.98126E+00  0.60296E-03
 0.57574E-02  0.98126E+00  0.73633E-03
 0.70191E-02  0.98126E+00  0.89910E-03
 0.85527E-02  0.98126E+00  0.10979E-02
 0.10416E-01  0.98126E+00  0.13407E-02
 0.12677E-01  0.98126E+00  0.16375E-02
 0.15420E-01  0.98126E+00  0.20004E-02
 0.18742E-01  0.98126E+00  0.24436E-02
 0.22762E-01  0.98126E+00  0.29838E-02
 0.27617E-01  0.98126E+00  0.36394E-02
 0.33469E-01  0.98126E+00  0.44300E-02
 0.40509E-01  0.98126E+00  0.53741E-02
 0.48950E-01  0.98126E+00  0.64879E-02
 0.59040E-01  0.98126E+00  0.77819E-02
 0.71052E-01  0.98126E+00  0.92590E-02
 0.85282E-01  0.98126E+00  0.10912E-01
 0.10204E+00  0.98126E+00  0.12722E-01
 0.12166E+00  0.98126E+00  0.14660E-01
 0.14443E+00  0.98126E+00  0.16685E-01
 0.17063E+00  0.98126E+00  0.18750E-01
 0.20047E+00  0.98126E+00  0.20798E-01
 0.23404E+00  0.98126E+00  0.22772E-01
 0.27131E+00  0.98126E+00  0.24606E-01
 0.31210E+00  0.98126E+00  0.26239E-01
 0.35601E+00  0.98126E+00  0.27609E-01
 0.40249E+00  0.98126E+00  0.28666E-01
 0.45077E+00  0.98126E+00  0.29369E-01
 0.50000E+00  0.98126E+00  0.29693E-01
 0.54923E+00  0.98126E+00  0.29627E-01
 0.59751E+00  0.98126E+00  0.29176E-01
 0.64399E+00  0.98126E+00  0.28361E-01
 0.68790E+00  0.98126E+00  0.27215E-01
 0.72869E+00  0.98126E+00  0.25785E-01
 0.76596E+00  0.98126E+00  0.24122E-01
 0.79953E+00  0.98126E+00  0.22286E-01
 0.82937E+00  0.98126E+00  0.20334E-01
 0.85557E+00  0.98126E+00  0.18324E-01
 0.87834E+00  0.98126E+00  0.16307E-01
 0.89796E+00  0.98126E+00  0.14331E-01
 0.91472E+00  0.98126E+00  0.12440E-01
 0.92895E+00  0.98126E+00  0.10672E-01
 0.94096E+00  0.98126E+00  0.90563E-02
 0.95105E+00  0.98126E+00  0.76126E-02
 0.95949E+00  0.98126E+00  0.63483E-02
 0.96653E+00  0.98126E+00  0.52608E-02
 0.97238E+00  0.98126E+00  0.43391E-02
 0.97724E+00  0.98126E+00  0.35674E-02
 0.98126E+00  0.98126E+00  0.29269E-02
 0.98458E+00  0.98126E+00  0.23987E-02
 0.98732E+00  0.98126E+00  0.19648E-02
 0.98958E+00  0.98126E+00  0.16091E-02
 0.99145E+00  0.98126E+00  0.13177E-02
 0.99298E+00  0.98126E+00  0.10791E-02
 0.99424E+00  0.98126E+00  0.88372E-03
 0.99528E+00  0.98126E+00  0.72360E-03
 0.99613E+00  0.98126E+00  0.59235E-03
 0.99683E+00  0.98126E+00  0.48472E-03
 0.99741E+00  0.98126E+00  0.39645E-03
 0.99788E+00  0.98126E+00  0.32404E-03
 0.99827E+00  0.98126E+00  0.26462E-03
 0.99859E+00  0.98126E+00  0.21588E-03
 0.99885E+00  0.98126E+00  0.17588E-03
 0.99906E+00  0.98126E+00  0.14306E-03
 0.99924E+00  0.98126E+00  0.11613E-03
 0.99938E+00  0.98126E+00  0.94030E-04
 0.99950E+00  0.98126E+00  0.75899E-04
 0.99960E+00  0.98126E+00  0.61023E-04
 0.99968E+00  0.98126E+00  0.48818E-04
 0.99975E+00  0.98126E+00  0.38804E-04
 0.99980E+00  0.98126E+00  0.30588E-04
 0.99984E+00  0.98126E+00  0.23848E-04
 0.99988E+00  0.98126E+00  0.18318E-04
 0.99991E+00  0.98126E+00  0.13781E-04
 0.99993E+00  0.98126E+00  0.10059E-04
 0.99995E+00  0.98126E+00  0.70058E-05
 0.99997E+00  0.98126E+00  0.45008E-05
 0.99998E+00  0.98126E+00  0.24457E-05
 0.10000E+01  0.98126E+00  0.75978E-06
 0.10000E+01  0.98126E+00  0.00000E+00
 0.00000E+00  0.98458E+00  0.00000E+00
 0.49709E-05  0.98458E+00  0.63203E-06
 0.16001E-04  0.98458E+00  0.20345E-05
 0.29447E-04  0.98458E+00  0.37440E-05
 0.45836E-04  0.98458E+00  0.58279E-05
 0.65814E-04  0.98458E+00  0.83679E-05
 0.90165E-04  0.98458E+00  0.11464E-04
 0.11985E-03  0.98458E+00  0.15238E-04
 0.15603E-03  0.98458E+00  0.19838E-04
 0.20013E-03  0.98458E+00  0.25445E-04
 0.25388E-03  0.98458E+00  0.32280E-04
 0.31939E-03  0.98458E+00  0.40610E-04
 0.39924E-03  0.98458E+00  0.50763E-04
 0.49656E-03  0.98458E+00  0.63138E-04
 0.61516E-03  0.98458E+00  0.78219E-04
 0.75970E-03  0.98458E+00  0.96600E-04
 0.93583E-03  0.98458E+00  0.11900E-03
 0.11504E-02  0.98458E+00  0.14630E-03
 0.14119E-02  0.98458E+00  0.17957E-03
 0.17305E-02  0.98458E+00  0.22011E-03
 0.21186E-02  0.98458E+00  0.26953E-03
 0.25912E-02  0.98458E+00  0.32974E-03
 0.31667E-02  0.98458E+00  0.40314E-03
 0.38673E-02  0.98458E+00  0.49261E-03
 0.47200E-02  0.98458E+00  0.60170E-03
 0.57574E-02  0.98458E+00  0.73477E-03
 0.70191E-02  0.98458E+00  0.89714E-03
 0.85527E-02  0.98458E+00  0.10954E-02
 0.10416E-01  0.98458E+00  0.13375E-02
 0.12677E-01  0.98458E+00  0.16334E-02
 0.15420E-01  0.98458E+00  0.19949E-02
 0.18742E-01  0.98458E+00  0.24362E-02
 0.22762E-01  0.98458E+00  0.29738E-02
 0.27617E-01  0.98458E+00  0.36258E-02
 0.33469E-01  0.98458E+00  0.44113E-02
 0.40509E-01  0.98458E+00  0.53487E-02
 0.48950E-01  0.98458E+00  0.64536E-02
 0.59040E-01  0.98458E+00  0.77362E-02
 0.71052E-01  0.98458E+00  0.91993E-02
 0.85282E-01  0.98458E+00  0.10835E-01
 0.10204E+00  0.98458E+00  0.12626E-01
 0.12166E+00  0.98458E+00  0.14541E-01
 0.14443E+00  0.98458E+00  0.16541E-01
 0.17063E+00  0.98458E+00  0.18578E-01
 0.20047E+00  0.98458E+00  0.20599E-01
 0.23404E+00  0.98458E+00  0.22544E-01
 0.27131E+00  0.98458E+00  0.24351E-01
 0.31210E+00  0.98458E+00  0.25959E-01
 0.35601E+00  0.98458E+00  0.27307E-01
 0.40249E+00  0.98458E+00  0.28346E-01
 0.45077E+00  0.98458E+00  0.29037E-01
 0.50000E+00  0.98458E+00  0.29353E-01
 0.54923E+00  0.98458E+00  0.29284E-01
 0.59751E+00  0.98458E+00  0.28837E-01
 0.64399E+00  0.98458E+00  0.28030E-01
 0.68790E+00  0.98458E+00  0.26897E-01
 0.72869E+00  0.98458E+00  0.25483E-01
 0.76596E+00  0.98458E+00  0.23841E-01
 0.79953E+00  0.98458E+00  0.22028E-01
 0.82937E+00  0.98458E+00  0.20102E-01
 0.85557E+00  0.98458E+00  0.18117E-01
 0.87834E+00  0.98458E+00  0.16126E-01
 0.89796E+00  0.98458E+00  0.14175E-01
 0.91472E+00  0.98458E+00  0.12308E-01
 0.92895E+00  0.98458E+00  0.10561E-01
 0.94096E+00  0.98458E+00  0.89656E-02
 0.95105E+00  0.98458E+00  0.75392E-02
 0.95949E+00  0.98458E+00  0.62899E-02
 0.96653E+00  0.98458E+00  0.52148E-02
 0.97238E+00  0.98458E+00  0.43032E-02
 0.97724E+00  0.98458E+00  0.35395E-02
 0.98126E+00  0.98458E+00  0.29052E-02
 0.98458E+00  0.98458E+00  0.23818E-02
 0.98732E+00  0.98458E+00  0.19515E-02
 0.98958E+00  0.98458E+00  0.15985E-02
 0.99145E+00  0.98458E+00  0.13093E-02
 0.99298E+00  0.98458E+00  0.10724E-02
 0.99424E+00  0.98458E+00  0.87828E-03
 0.99528E+00  0.98458E+00  0.71920E-03
 0.99613E+00  0.98458E+00  0.58877E-03
 0.99683E+00  0.98458E+00  0.48181E-03
 0.99741E+00  0.98458E+00  0.39408E-03
 0.99788E+00  0.98458E+00  0.32210E-03
 0.99827E+00  0.98458E+00  0.26305E-03
 0.99859E+00  0.98458E+00  0.21459E-03
 0.99885E+00  0.98458E+00  0.17483E-03
 0.99906E+00  0.98458E+00  0.14221E-03
 0.99924E+00  0.98458E+00  0.11544E-03
 0.99938E+00  0.98458E+00  0.93471E-04
 0.99950E+00  0.98458E+00  0.75449E-04
 0.99960E+00  0.98458E+00  0.60661E-04
 0.99968E+00  0.98458E+00  0.48528E-04
 0.99975E+00  0.98458E+00  0.38574E-04
 0.99980E+00  0.98458E+00  0.30407E-04
 0.99984E+00  0.98458E+00  0.23706E-04
 0.99988E+00  0.98458E+00  0.18209E-04
 0.99991E+00  0.98458E+00  0.13699E-04
 0.99993E+00  0.98458E+00  0.99995E-05
 0.99995E+00  0.98458E+00  0.69642E-05
 0.99997E+00  0.98458E+00  0.44740E-05
 0.99998E+00  0.98458E+00  0.24312E-05
 0.10000E+01  0.98458E+00  0.75527E-06
 0.10000E+01  0.98458E+00  0.00000E+00
 0.00000E+00  0.98732E+00  0.00000E+00
 0.49709E-05  0.98732E+00  0.63016E-06
 0.16001E-04  0.98732E+00  0.20285E-05
 0.29447E-04  0.98732E+00  0.37329E-05
 0.45836E-04  0.98732E+00  0.58106E-05
 0.65814E-04  0.98732E+00  0.83431E-05
 0.90165E-04  0.98732E+00  0.11430E-04
 0.11985E-03  0.98732E+00  0.15193E-04
 0.15603E-03  0.98732E+00  0.19779E-04
 0.20013E-03  0.98732E+00  0.25370E-04
 0.25388E-03  0.98732E+00  0.32184E-04
 0.31939E-03  0.98732E+00  0.40489E-04
 0.39924E-03  0.98732E+00  0.50612E-04
 0.49656E-03  0.98732E+00  0.62950E-04
 0.61516E-03  0.98732E+00  0.77987E-04
 0.75970E-03  0.98732E+00  0.96313E-04
 0.93583E-03  0.98732E+00  0.11865E-03
 0.11504E-02  0.98732E+00  0.14587E-03
 0.14119E-02  0.98732E+00  0.17904E-03
 0.17305E-02  0.98732E+00  0.21946E-03
 0.21186E-02  0.98732E+00  0.26872E-03
 0.25912E-02  0.98732E+00  0.32875E-03
 0.31667E-02  0.98732E+00  0.40192E-03
 0.38673E-02  0.98732E+00  0.49111E-03
 0.47200E-02  0.98732E+00  0.59984E-03
 0.57574E-02  0.98732E+00  0.73246E-03
 0.70191E-02  0.98732E+00  0.89425E-03
 0.85527E-02  0.98732E+00  0.10917E-02
 0.10416E-01  0.98732E+00  0.13329E-02
 0.12677E-01  0.98732E+00  0.16274E-02
 0.15420E-01  0.98732E+00  0.19872E-02
 0.18742E-01  0.98732E+00  0.24262E-02
 0.22762E-01  0.98732E+00  0.29606E-02
 0.27617E-01  0.98732E+00  0.36084E-02
 0.33469E-01  0.98732E+00  0.43884E-02
 0.40509E-01  0.98732E+00  0.53187E-02
 0.48950E-01  0.98732E+00  0.64146E-02
 0.59040E-01  0.98732E+00  0.76863E-02
 0.71052E-01  0.98732E+00  0.91362E-02
 0.85282E-01  0.98732E+00  0.10757E-01
 0.10204E+00  0.98732E+00  0.12529E-01
 0.12166E+00  0.98732E+00  0.14424E-01
 0.14443E+00  0.98732E+00  0.16402E-01
 0.17063E+00  0.98732E+00  0.18416E-01
 0.20047E+00  0.98732E+00  0.20413E-01
 0.23404E+00  0.98732E+00  0.22334E-01
 0.27131E+00  0.98732E+00  0.24119E-01
 0.31210E+00  0.98732E+00  0.25706E-01
 0.35601E+00  0.98732E+00  0.27036E-01
 0.40249E+00  0.98732E+00  0.28060E-01
 0.45077E+00  0.98732E+00  0.28740E-01
 0.50000E+00  0.98732E+00  0.29049E-01
 0.54923E+00  0.98732E+00  0.28979E-01
 0.59751E+00  0.98732E+00  0.28534E-01
 0.64399E+00  0.98732E+00  0.27734E-01
 0.68790E+00  0.98732E+00  0.26613E-01
 0.72869E+00  0.98732E+00  0.25214E-01
 0.76596E+00  0.98732E+00  0.23590E-01
 0.79953E+00  0.98732E+00  0.21796E-01
 0.82937E+00  0.98732E+00  0.19891E-01
 0.85557E+00  0.98732E+00  0.17929E-01
 0.87834E+00  0.98732E+00  0.15959E-01
 0.89796E+00  0.98732E+00  0.14030E-01
 0.91472E+00  0.98732E+00  0.12183E-01
 0.92895E+00  0.98732E+00  0.10456E-01
 0.94096E+00  0.98732E+00  0.88780E-02
 0.95105E+00  0.98732E+00  0.74673E-02
 0.95949E+00  0.98732E+00  0.62316E-02
 0.96653E+00  0.98732E+00  0.51682E-02
 0.97238E+00  0.98732E+00  0.42664E-02
 0.97724E+00  0.98732E+00  0.35105E-02
 0.98126E+00  0.98732E+00  0.28825E-02
 0.98458E+00  0.98732E+00  0.23640E-02
 0.98732E+00  0.98732E+00  0.19374E-02
 0.98958E+00  0.98732E+00  0.15874E-02
 0.99145E+00  0.98732E+00  0.13005E-02
 0.99298E+00  0.98732E+00  0.10653E-02
 0.99424E+00  0.98732E+00  0.87256E-03
 0.99528E+00  0.98732E+00  0.71457E-03
 0.99613E+00  0.98732E+00  0.58501E-03
 0.99683E+00  0.98732E+00  0.47876E-03
 0.99741E+00  0.98732E+00  0.39159E-03
 0.99788E+00  0.98732E+00  0.32008E-03
 0.99827E+00  0.98732E+00  0.26140E-03
 0.99859E+00  0.98732E+00  0.21325E-03
 0.99885E+00  0.98732E+00  0.17374E-03
 0.99906E+00  0.98732E+00  0.14132E-03
 0.99924E+00  0.98732E+00  0.11472E-03
 0.99938E+00  0.98732E+00  0.92887E-04
 0.99950E+00  0.98732E+00  0.74977E-04
 0.99960E+00  0.98732E+00  0.60282E-04
 0.99968E+00  0.98732E+00  0.48225E-04
 0.99975E+00  0.98732E+00  0.38333E-04
 0.99980E+00  0.98732E+00  0.30217E-04
 0.99984E+00  0.98732E+00  0.23558E-04
 0.99988E+00  0.98732E+00  0.18096E-04
 0.99991E+00  0.98732E+00  0.13614E-04
 0.99993E+00  0.98732E+00  0.99371E-05
 0.99995E+00  0.98732E+00  0.69207E-05
 0.99997E+00  0.98732E+00  0.44461E-05
 0.99998E+00  0.98732E+00  0.24160E-05
 0.10000E+01  0.98732E+00  0.75055E-06
 0.10000E+01  0.98732E+00  0.00000E+00
 0.00000E+00  0.98958E+00  0.00000E+00
 0.49709E-05  0.98958E+00  0.62819E-06
 0.16001E-04  0.98958E+00  0.20221E-05
 0.29447E-04  0.98958E+00  0.37213E-05
 0.45836E-04  0.98958E+00  0.57924E-05
 0.65814E-04  0.98958E+00  0.83171E-05
 0.90165E-04  0.98958E+00  0.11394E-04
 0.11985E-03  0.98958E+00  0.15146E-04
 0.15603E-03  0.98958E+00  0.19718E-04
 0.20013E-03  0.98958E+00  0.25291E-04
 0.25388E-03  0.98958E+00  0.32084E-04
 0.31939E-03  0.98958E+00  0.40363E-04
 0.39924E-03  0.98958E+00  0.50454E-04
 0.49656E-03  0.98958E+00  0.62754E-04
 0.61516E-03  0.98958E+00  0.77744E-04
 0.75970E-03  0.98958E+00  0.96012E-04
 0.93583E-03  0.98958E+00  0.11828E-03
 0.11504E-02  0.98958E+00  0.14541E-03
 0.14119E-02  0.98958E+00  0.17847E-03
 0.17305E-02  0.98958E+00  0.21877E-03
 0.21186E-02  0.98958E+00  0.26787E-03
 0.25912E-02  0.98958E+00  0.32771E-03
 0.31667E-02  0.98958E+00  0.40063E-03
 0.38673E-02  0.98958E+00  0.48952E-03
 0.47200E-02  0.98958E+00  0.59788E-03
 0.57574E-02  0.98958E+00  0.73001E-03
 0.70191E-02  0.98958E+00  0.89119E-03
 0.85527E-02  0.98958E+00  0.10879E-02
 0.10416E-01  0.98958E+00  0.13280E-02
 0.12677E-01  0.98958E+00  0.16212E-02
 0.15420E-01  0.98958E+00  0.19791E-02
 0.18742E-01  0.98958E+00  0.24157E-02
 0.22762E-01  0.98958E+00  0.29469E-02
 0.27617E-01  0.98958E+00  0.35906E-02
 0.33469E-01  0.98958E+00  0.43654E-02
 0.40509E-01  0.98958E+00  0.52891E-02
 0.48950E-01  0.98958E+00  0.63770E-02
 0.59040E-01  0.98958E+00  0.76391E-02
 0.71052E-01  0.98958E+00  0.90776E-02
 0.85282E-01  0.98958E+00  0.10685E-01
 0.10204E+00  0.98958E+00  0.12443E-01
 0.12166E+00  0.98958E+00  0.14321E-01
 0.14443E+00  0.98958E+00  0.16281E-01
 0.17063E+00  0.98958E+00  0.18276E-01
 0.20047E+00  0.98958E+00  0.20253E-01
 0.23404E+00  0.98958E+00  0.22155E-01
 0.27131E+00  0.98958E+00  0.23921E-01
 0.31210E+00  0.98958E+00  0.25491E-01
 0.35601E+00  0.98958E+00  0.26806E-01
 0.40249E+00  0.98958E+00  0.27819E-01
 0.45077E+00  0.98958E+00  0.28490E-01
 0.50000E+00  0.98958E+00  0.28794E-01
 0.54923E+00  0.98958E+00  0.28722E-01
 0.59751E+00  0.98958E+00  0.28280E-01
 0.64399E+00  0.98958E+00  0.27486E-01
 0.68790E+00  0.98958E+00  0.26374E-01
 0.72869E+00  0.98958E+00  0.24987E-01
 0.76596E+00  0.98958E+00  0.23377E-01
 0.79953E+00  0.98958E+00  0.21600E-01
 0.82937E+00  0.98958E+00  0.19712E-01
 0.85557E+00  0.98958E+00  0.17768E-01
 0.87834E+00  0.98958E+00  0.15817E-01
 0.89796E+00  0.98958E+00  0.13905E-01
 0.91472E+00  0.98958E+00  0.12075E-01
 0.92895E+00  0.98958E+00  0.10364E-01
 0.94096E+00  0.98958E+00  0.88007E-02
 0.95105E+00  0.98958E+00  0.74033E-02
 0.95949E+00  0.98958E+00  0.61794E-02
 0.96653E+00  0.98958E+00  0.51261E-02
 0.97238E+00  0.98958E+00  0.42329E-02
 0.97724E+00  0.98958E+00  0.34840E-02
 0.98126E+00  0.98958E+00  0.28617E-02
 0.98458E+00  0.98958E+00  0.23475E-02
 0.98732E+00  0.98958E+00  0.19245E-02
 0.98958E+00  0.98958E+00  0.15772E-02
 0.99145E+00  0.98958E+00  0.12923E-02
 0.99298E+00  0.98958E+00  0.10588E-02
 0.99424E+00  0.98958E+00  0.86732E-03
 0.99528E+00  0.98958E+00  0.71033E-03
 0.99613E+00  0.98958E+00  0.58158E-03
 0.99683E+00  0.98958E+00  0.47597E-03
 0.99741E+00  0.98958E+00  0.38932E-03
 0.99788E+00  0.98958E+00  0.31823E-03
 0.99827E+00  0.98958E+00  0.25989E-03
 0.99859E+00  0.98958E+00  0.21202E-03
 0.99885E+00  0.98958E+00  0.17274E-03
 0.99906E+00  0.98958E+00  0.14051E-03
 0.99924E+00  0.98958E+00  0.11406E-03
 0.99938E+00  0.98958E+00  0.92356E-04
 0.99950E+00  0.98958E+00  0.74548E-04
 0.99960E+00  0.98958E+00  0.59937E-04
 0.99968E+00  0.98958E+00  0.47949E-04
 0.99975E+00  0.98958E+00  0.38114E-04
 0.99980E+00  0.98958E+00  0.30044E-04
 0.99984E+00  0.98958E+00  0.23424E-04
 0.99988E+00  0.98958E+00  0.17992E-04
 0.99991E+00  0.98958E+00  0.13536E-04
 0.99993E+00  0.98958E+00  0.98803E-05
 0.99995E+00  0.98958E+00  0.68811E-05
 0.99997E+00  0.98958E+00  0.44207E-05
 0.99998E+00  0.98958E+00  0.24022E-05
 0.10000E+01  0.98958E+00  0.74626E-06
 0.10000E+01  0.98958E+00  0.00000E+00
 0.00000E+00  0.99145E+00  0.00000E+00
 0.49709E-05  0.99145E+00  0.62641E-06
 0.16001E-04  0.99145E+00  0.20164E-05
 0.29447E-04  0.99145E+00  0.37107E-05
 0.45836E-04  0.99145E+00  0.57761E-05
 0.65814E-04  0.99145E+00  0.82935E-05
 0.90165E-04  0.99145E+00  0.11362E-04
 0.11985E-03  0.99145E+00  0.15103E-04
 0.15603E-03  0.99145E+00  0.19662E-04
 0.20013E-03  0.99145E+00  0.25219E-04
 0.25388E-03  0.99145E+00  0.31993E-04
 0.31939E-03  0.99145E+00  0.40249E-04
 0.39924E-03  0.99145E+00  0.50312E-04
 0.49656E-03  0.99145E+00  0.62576E-04
 0.61516E-03  0.99145E+00  0.77523E-04
 0.75970E-03  0.99145E+00  0.95740E-04
 0.93583E-03  0.99145E+00  0.11794E-03
 0.11504E-02  0.99145E+00  0.14500E-03
 0.14119E-02  0.99145E+00  0.17797E-03
 0.17305E-02  0.99145E+00  0.21814E-03
 0.21186E-02  0.99145E+00  0.26710E-03
 0.25912E-02  0.99145E+00  0.32676E-03
 0.31667E-02  0.99145E+00  0.39947E-03
 0.38673E-02  0.99145E+00  0.48808E-03
 0.47200E-02  0.99145E+00  0.59610E-03
 0.57574E-02  0.99145E+00  0.72779E-03
 0.70191E-02  0.99145E+00  0.88840E-03
 0.85527E-02  0.99145E+00  0.10844E-02
 0.10416E-01  0.99145E+00  0.13235E-02
 0.12677E-01  0.99145E+00  0.16154E-02
 0.15420E-01  0.99145E+00  0.19717E-02
 0.18742E-01  0.99145E+00  0.24061E-02
 0.22762E-01  0.99145E+00  0.29345E-02
 0.27617E-01  0.99145E+00  0.35745E-02
 0.33469E-01  0.99145E+00  0.43447E-02
 0.40509E-01  0.99145E+00  0.52628E-02
 0.48950E-01  0.99145E+00  0.63440E-02
 0.59040E-01  0.99145E+00  0.75980E-02
 0.71052E-01  0.99145E+00  0.90272E-02
 0.85282E-01  0.99145E+00  0.10624E-01
 0.10204E+00  0.99145E+00  0.12369E-01
 0.12166E+00  0.99145E+00  0.14234E-01
 0.14443E+00  0.99145E+00  0.16180E-01
 0.17063E+00  0.99145E+00  0.18160E-01
 0.20047E+00  0.99145E+00  0.20122E-01
 0.23404E+00  0.99145E+00  0.22009E-01
 0.27131E+00  0.99145E+00  0.23760E-01
 0.31210E+00  0.99145E+00  0.25317E-01
 0.35601E+00  0.99145E+00  0.26621E-01
 0.40249E+00  0.99145E+00  0.27624E-01
 0.45077E+00  0.99145E+00  0.28288E-01
 0.50000E+00  0.99145E+00  0.28589E-01
 0.54923E+00  0.99145E+00  0.28516E-01
 0.59751E+00  0.99145E+00  0.28076E-01
 0.64399E+00  0.99145E+00  0.27287E-01
 0.68790E+00  0.99145E+00  0.26182E-01
 0.72869E+00  0.99145E+00  0.24805E-01
 0.76596E+00  0.99145E+00  0.23206E-01
 0.79953E+00  0.99145E+00  0.21442E-01
 0.82937E+00  0.99145E+00  0.19568E-01
 0.85557E+00  0.99145E+00  0.17638E-01
 0.87834E+00  0.99145E+00  0.15701E-01
 0.89796E+00  0.99145E+00  0.13803E-01
 0.91472E+00  0.99145E+00  0.11987E-01
 0.92895E+00  0.99145E+00  0.10289E-01
 0.94096E+00  0.99145E+00  0.87367E-02
 0.95105E+00  0.99145E+00  0.73500E-02
 0.95949E+00  0.99145E+00  0.61356E-02
 0.96653E+00  0.99145E+00  0.50907E-02
 0.97238E+00  0.99145E+00  0.42045E-02
 0.97724E+00  0.99145E+00  0.34615E-02
 0.98126E+00  0.99145E+00  0.28439E-02
 0.98458E+00  0.99145E+00  0.23336E-02
 0.98732E+00  0.99145E+00  0.19135E-02
 0.98958E+00  0.99145E+00  0.15685E-02
 0.99145E+00  0.99145E+00  0.12854E-02
 0.99298E+00  0.99145E+00  0.10533E-02
 0.99424E+00  0.99145E+00  0.86289E-03
 0.99528E+00  0.99145E+00  0.70677E-03
 0.99613E+00  0.99145E+00  0.57870E-03
 0.99683E+00  0.99145E+00  0.47363E-03
 0.99741E+00  0.99145E+00  0.38742E-03
 0.99788E+00  0.99145E+00  0.31668E-03
 0.99827E+00  0.99145E+00  0.25863E-03
 0.99859E+00  0.99145E+00  0.21100E-03
 0.99885E+00  0.99145E+00  0.17191E-03
 0.99906E+00  0.99145E+00  0.13983E-03
 0.99924E+00  0.99145E+00  0.11351E-03
 0.99938E+00  0.99145E+00  0.91911E-04
 0.99950E+00  0.99145E+00  0.74190E-04
 0.99960E+00  0.99145E+00  0.59649E-04
 0.99968E+00  0.99145E+00  0.47719E-04
 0.99975E+00  0.99145E+00  0.37930E-04
 0.99980E+00  0.99145E+00  0.29900E-04
 0.99984E+00  0.99145E+00  0.23311E-04
 0.99988E+00  0.99145E+00  0.17906E-04
 0.99991E+00  0.99145E+00  0.13471E-04
 0.99993E+00  0.99145E+00  0.98328E-05
 0.99995E+00  0.99145E+00  0.68480E-05
 0.99997E+00  0.99145E+00  0.43994E-05
 0.99998E+00  0.99145E+00  0.23906E-05
 0.10000E+01  0.99145E+00  0.74267E-06
 0.10000E+01  0.99145E+00  0.00000E+00
 0.00000E+00  0.99298E+00  0.00000E+00
 0.49709E-05  0.99298E+00  0.62494E-06
 0.16001E-04  0.99298E+00  0.20117E-05
 0.29447E-04  0.99298E+00  0.37020E-05
 0.45836E-04  0.99298E+00  0.57625E-05
 0.65814E-04  0.99298E+00  0.82741E-05
 0.90165E-04  0.99298E+00  0.11336E-04
 0.11985E-03  0.99298E+00  0.15067E-04
 0.15603E-03  0.99298E+00  0.19616E-04
 0.20013E-03  0.99298E+00  0.25160E-04
 0.25388E-03  0.99298E+00  0.31918E-04
 0.31939E-03  0.99298E+00  0.40154E-04
 0.39924E-03  0.99298E+00  0.50193E-04
 0.49656E-03  0.99298E+00  0.62429E-04
 0.61516E-03  0.99298E+00  0.77341E-04
 0.75970E-03  0.99298E+00  0.95515E-04
 0.93583E-03  0.99298E+00  0.11766E-03
 0.11504E-02  0.99298E+00  0.14465E-03
 0.14119E-02  0.99298E+00  0.17755E-03
 0.17305E-02  0.99298E+00  0.21763E-03
 0.21186E-02  0.99298E+00  0.26647E-03
 0.25912E-02  0.99298E+00  0.32598E-03
 0.31667E-02  0.99298E+00  0.39850E-03
 0.38673E-02  0.99298E+00  0.48688E-03
 0.47200E-02  0.99298E+00  0.59461E-03
 0.57574E-02  0.99298E+00  0.72593E-03
 0.70191E-02  0.99298E+00  0.88606E-03
 0.85527E-02  0.99298E+00  0.10814E-02
 0.10416E-01  0.99298E+00  0.13197E-02
 0.12677E-01  0.99298E+00  0.16106E-02
 0.15420E-01  0.99298E+00  0.19655E-02
 0.18742E-01  0.99298E+00  0.23980E-02
 0.22762E-01  0.99298E+00  0.29240E-02
 0.27617E-01  0.99298E+00  0.35610E-02
 0.33469E-01  0.99298E+00  0.43274E-02
 0.40509E-01  0.99298E+00  0.52410E-02
 0.48950E-01  0.99298E+00  0.63167E-02
 0.59040E-01  0.99298E+00  0.75644E-02
 0.71052E-01  0.99298E+00  0.89863E-02
 0.85282E-01  0.99298E+00  0.10575E-01
 0.10204E+00  0.99298E+00  0.12311E-01
 0.12166E+00  0.99298E+00  0.14166E-01
 0.14443E+00  0.99298E+00  0.16100E-01
 0.17063E+00  0.99298E+00  0.18068E-01
 0.20047E+00  0.99298E+00  0.20018E-01
 0.23404E+00  0.99298E+00  0.21894E-01
 0.27131E+00  0.99298E+00  0.23635E-01
 0.31210E+00  0.99298E+00  0.25181E-01
 0.35601E+00  0.99298E+00  0.26476E-01
 0.40249E+00  0.99298E+00  0.27473E-01
 0.45077E+00  0.99298E+00  0.28132E-01
 0.50000E+00  0.99298E+00  0.28430E-01
 0.54923E+00  0.99298E+00  0.28357E-01
 0.59751E+00  0.99298E+00  0.27918E-01
 0.64399E+00  0.99298E+00  0.27132E-01
 0.68790E+00  0.99298E+00  0.26033E-01
 0.72869E+00  0.99298E+00  0.24663E-01
 0.76596E+00  0.99298E+00  0.23074E-01
 0.79953E+00  0.99298E+00  0.21319E-01
 0.82937E+00  0.99298E+00  0.19456E-01
 0.85557E+00  0.99298E+00  0.17536E-01
 0.87834E+00  0.99298E+00  0.15610E-01
 0.89796E+00  0.99298E+00  0.13723E-01
 0.91472E+00  0.99298E+00  0.11918E-01
 0.92895E+00  0.99298E+00  0.10229E-01
 0.94096E+00  0.99298E+00  0.86861E-02
 0.95105E+00  0.99298E+00  0.73076E-02
 0.95949E+00  0.99298E+00  0.61007E-02
 0.96653E+00  0.99298E+00  0.50623E-02
 0.97238E+00  0.99298E+00  0.41817E-02
 0.97724E+00  0.99298E+00  0.34434E-02
 0.98126E+00  0.99298E+00  0.28296E-02
 0.98458E+00  0.99298E+00  0.23224E-02
 0.98732E+00  0.99298E+00  0.19047E-02
 0.98958E+00  0.99298E+00  0.15615E-02
 0.99145E+00  0.99298E+00  0.12799E-02
 0.99298E+00  0.99298E+00  0.10489E-02
 0.99424E+00  0.99298E+00  0.85937E-03
 0.99528E+00  0.99298E+00  0.70393E-03
 0.99613E+00  0.99298E+00  0.57641E-03
 0.99683E+00  0.99298E+00  0.47178E-03
 0.99741E+00  0.99298E+00  0.38592E-03
 0.99788E+00  0.99298E+00  0.31546E-03
 0.99827E+00  0.99298E+00  0.25764E-03
 0.99859E+00  0.99298E+00  0.21019E-03
 0.99885E+00  0.99298E+00  0.17125E-03
 0.99906E+00  0.99298E+00  0.13930E-03
 0.99924E+00  0.99298E+00  0.11308E-03
 0.99938E+00  0.99298E+00  0.91560E-04
 0.99950E+00  0.99298E+00  0.73906E-04
 0.99960E+00  0.99298E+00  0.59421E-04
 0.99968E+00  0.99298E+00  0.47537E-04
 0.99975E+00  0.99298E+00  0.37786E-04
 0.99980E+00  0.99298E+00  0.29786E-04
 0.99984E+00  0.99298E+00  0.23222E-04
 0.99988E+00  0.99298E+00  0.17837E-04
 0.99991E+00  0.99298E+00  0.13420E-04
 0.99993E+00  0.99298E+00  0.97952E-05
 0.99995E+00  0.99298E+00  0.68219E-05
 0.99997E+00  0.99298E+00  0.43826E-05
 0.99998E+00  0.99298E+00  0.23815E-05
 0.10000E+01  0.99298E+00  0.73984E-06
 0.10000E+01  0.99298E+00  0.00000E+00
 0.00000E+00  0.99424E+00  0.00000E+00
 0.49709E-05  0.99424E+00  0.62379E-06
 0.16001E-04  0.99424E+00  0.20080E-05
 0.29447E-04  0.99424E+00  0.36952E-05
 0.45836E-04  0.99424E+00  0.57519E-05
 0.65814E-04  0.99424E+00  0.82589E-05
 0.90165E-04  0.99424E+00  0.11315E-04
 0.11985E-03  0.99424E+00  0.15039E-04
 0.15603E-03  0.99424E+00  0.19580E-04
 0.20013E-03  0.99424E+00  0.25114E-04
 0.25388E-03  0.99424E+00  0.31859E-04
 0.31939E-03  0.99424E+00  0.40080E-04
 0.39924E-03  0.99424E+00  0.50101E-04
 0.49656E-03  0.99424E+00  0.62314E-04
 0.61516E-03  0.99424E+00  0.77199E-04
 0.75970E-03  0.99424E+00  0.95339E-04
 0.93583E-03  0.99424E+00  0.11745E-03
 0.11504E-02  0.99424E+00  0.14439E-03
 0.14119E-02  0.99424E+00  0.17722E-03
 0.17305E-02  0.99424E+00  0.21722E-03
 0.21186E-02  0.99424E+00  0.26597E-03
 0.25912E-02  0.99424E+00  0.32536E-03
 0.31667E-02  0.99424E+00  0.39774E-03
 0.38673E-02  0.99424E+00  0.48594E-03
 0.47200E-02  0.99424E+00  0.59343E-03
 0.57574E-02  0.99424E+00  0.72446E-03
 0.70191E-02  0.99424E+00  0.88421E-03
 0.85527E-02  0.99424E+00  0.10790E-02
 0.10416E-01  0.99424E+00  0.13167E-02
 0.12677E-01  0.99424E+00  0.16067E-02
 0.15420E-01  0.99424E+00  0.19604E-02
 0.18742E-01  0.99424E+00  0.23915E-02
 0.22762E-01  0.99424E+00  0.29156E-02
 0.27617E-01  0.99424E+00  0.35502E-02
 0.33469E-01  0.99424E+00  0.43137E-02
 0.40509E-01  0.99424E+00  0.52237E-02
 0.48950E-01  0.99424E+00  0.62952E-02
 0.59040E-01  0.99424E+00  0.75381E-02
 0.71052E-01  0.99424E+00  0.89543E-02
 0.85282E-01  0.99424E+00  0.10536E-01
 0.10204E+00  0.99424E+00  0.12266E-01
 0.12166E+00  0.99424E+00  0.14112E-01
 0.14443E+00  0.99424E+00  0.16039E-01
 0.17063E+00  0.99424E+00  0.17998E-01
 0.20047E+00  0.99424E+00  0.19940E-01
 0.23404E+00  0.99424E+00  0.21806E-01
 0.27131E+00  0.99424E+00  0.23539E-01
 0.31210E+00  0.99424E+00  0.25078E-01
 0.35601E+00  0.99424E+00  0.26367E-01
 0.40249E+00  0.99424E+00  0.27358E-01
 0.45077E+00  0.99424E+00  0.28014E-01
 0.50000E+00  0.99424E+00  0.28310E-01
 0.54923E+00  0.99424E+00  0.28236E-01
 0.59751E+00  0.99424E+00  0.27798E-01
 0.64399E+00  0.99424E+00  0.27016E-01
 0.68790E+00  0.99424E+00  0.25921E-01
 0.72869E+00  0.99424E+00  0.24557E-01
 0.76596E+00  0.99424E+00  0.22973E-01
 0.79953E+00  0.99424E+00  0.21226E-01
 0.82937E+00  0.99424E+00  0.19371E-01
 0.85557E+00  0.99424E+00  0.17459E-01
 0.87834E+00  0.99424E+00  0.15542E-01
 0.89796E+00  0.99424E+00  0.13663E-01
 0.91472E+00  0.99424E+00  0.11865E-01
 0.92895E+00  0.99424E+00  0.10183E-01
 0.94096E+00  0.99424E+00  0.86473E-02
 0.95105E+00  0.99424E+00  0.72752E-02
 0.95949E+00  0.99424E+00  0.60739E-02
 0.96653E+00  0.99424E+00  0.50404E-02
 0.97238E+00  0.99424E+00  0.41641E-02
 0.97724E+00  0.99424E+00  0.34294E-02
 0.98126E+00  0.99424E+00  0.28186E-02
 0.98458E+00  0.99424E+00  0.23137E-02
 0.98732E+00  0.99424E+00  0.18978E-02
 0.98958E+00  0.99424E+00  0.15561E-02
 0.99145E+00  0.99424E+00  0.12756E-02
 0.99298E+00  0.99424E+00  0.10455E-02
 0.99424E+00  0.99424E+00  0.85667E-03
 0.99528E+00  0.99424E+00  0.70176E-03
 0.99613E+00  0.99424E+00  0.57466E-03
 0.99683E+00  0.99424E+00  0.47037E-03
 0.99741E+00  0.99424E+00  0.38477E-03
 0.99788E+00  0.99424E+00  0.31453E-03
 0.99827E+00  0.99424E+00  0.25688E-03
 0.99859E+00  0.99424E+00  0.20957E-03
 0.99885E+00  0.99424E+00  0.17075E-03
 0.99906E+00  0.99424E+00  0.13889E-03
 0.99924E+00  0.99424E+00  0.11275E-03
 0.99938E+00  0.99424E+00  0.91294E-04
 0.99950E+00  0.99424E+00  0.73691E-04
 0.99960E+00  0.99424E+00  0.59249E-04
 0.99968E+00  0.99424E+00  0.47398E-04
 0.99975E+00  0.99424E+00  0.37676E-04
 0.99980E+00  0.99424E+00  0.29699E-04
 0.99984E+00  0.99424E+00  0.23155E-04
 0.99988E+00  0.99424E+00  0.17785E-04
 0.99991E+00  0.99424E+00  0.13381E-04
 0.99993E+00  0.99424E+00  0.97668E-05
 0.99995E+00  0.99424E+00  0.68021E-05
 0.99997E+00  0.99424E+00  0.43699E-05
 0.99998E+00  0.99424E+00  0.23746E-05
 0.10000E+01  0.99424E+00  0.73769E-06
 0.10000E+01  0.99424E+00  0.00000E+00
 0.00000E+00  0.99528E+00  0.00000E+00
 0.49709E-05  0.99528E+00  0.62293E-06
 0.16001E-04  0.99528E+00  0.20052E-05
 0.29447E-04  0.99528E+00  0.36901E-05
 0.45836E-04  0.99528E+00  0.57439E-05
 0.65814E-04  0.99528E+00  0.82474E-05
 0.90165E-04  0.99528E+00  0.11299E-04
 0.11985E-03  0.99528E+00  0.15019E-04
 0.15603E-03  0.99528E+00  0.19553E-04
 0.20013E-03  0.99528E+00  0.25079E-04
 0.25388E-03  0.99528E+00  0.31815E-04
 0.31939E-03  0.99528E+00  0.40025E-04
 0.39924E-03  0.99528E+00  0.50032E-04
 0.49656E-03  0.99528E+00  0.62228E-04
 0.61516E-03  0.99528E+00  0.77092E-04
 0.75970E-03  0.99528E+00  0.95207E-04
 0.93583E-03  0.99528E+00  0.11728E-03
 0.11504E-02  0.99528E+00  0.14419E-03
 0.14119E-02  0.99528E+00  0.17697E-03
 0.17305E-02  0.99528E+00  0.21692E-03
 0.21186E-02  0.99528E+00  0.26559E-03
 0.25912E-02  0.99528E+00  0.32490E-03
 0.31667E-02  0.99528E+00  0.39717E-03
 0.38673E-02  0.99528E+00  0.48523E-03
 0.47200E-02  0.99528E+00  0.59254E-03
 0.57574E-02  0.99528E+00  0.72334E-03
 0.70191E-02  0.99528E+00  0.88280E-03
 0.85527E-02  0.99528E+00  0.10772E-02
 0.10416E-01  0.99528E+00  0.13144E-02
 0.12677E-01  0.99528E+00  0.16037E-02
 0.15420E-01  0.99528E+00  0.19566E-02
 0.18742E-01  0.99528E+00  0.23865E-02
 0.22762E-01  0.99528E+00  0.29091E-02
 0.27617E-01  0.99528E+00  0.35419E-02
 0.33469E-01  0.99528E+00  0.43031E-02
 0.40509E-01  0.99528E+00  0.52105E-02
 0.48950E-01  0.99528E+00  0.62788E-02
 0.59040E-01  0.99528E+00  0.75180E-02
 0.71052E-01  0.99528E+00  0.89302E-02
 0.85282E-01  0.99528E+00  0.10508E-01
 0.10204E+00  0.99528E+00  0.12231E-01
 0.12166E+00  0.99528E+00  0.14073E-01
 0.14443E+00  0.99528E+00  0.15993E-01
 0.17063E+00  0.99528E+00  0.17946E-01
 0.20047E+00  0.99528E+00  0.19881E-01
 0.23404E+00  0.99528E+00  0.21742E-01
 0.27131E+00  0.99528E+00  0.23468E-01
 0.31210E+00  0.99528E+00  0.25002E-01
 0.35601E+00  0.99528E+00  0.26286E-01
 0.40249E+00  0.99528E+00  0.27274E-01
 0.45077E+00  0.99528E+00  0.27927E-01
 0.50000E+00  0.99528E+00  0.28221E-01
 0.54923E+00  0.99528E+00  0.28147E-01
 0.59751E+00  0.99528E+00  0.27710E-01
 0.64399E+00  0.99528E+00  0.26930E-01
 0.68790E+00  0.99528E+00  0.25838E-01
 0.72869E+00  0.99528E+00  0.24478E-01
 0.76596E+00  0.99528E+00  0.22899E-01
 0.79953E+00  0.99528E+00  0.21158E-01
 0.82937E+00  0.99528E+00  0.19308E-01
 0.85557E+00  0.99528E+00  0.17402E-01
 0.87834E+00  0.99528E+00  0.15491E-01
 0.89796E+00  0.99528E+00  0.13618E-01
 0.91472E+00  0.99528E+00  0.11825E-01
 0.92895E+00  0.99528E+00  0.10149E-01
 0.94096E+00  0.99528E+00  0.86185E-02
 0.95105E+00  0.99528E+00  0.72509E-02
 0.95949E+00  0.99528E+00  0.60538E-02
 0.96653E+00  0.99528E+00  0.50240E-02
 0.97238E+00  0.99528E+00  0.41509E-02
 0.97724E+00  0.99528E+00  0.34189E-02
 0.98126E+00  0.99528E+00  0.28103E-02
 0.98458E+00  0.99528E+00  0.23071E-02
 0.98732E+00  0.99528E+00  0.18927E-02
 0.98958E+00  0.99528E+00  0.15521E-02
 0.99145E+00  0.99528E+00  0.12724E-02
 0.99298E+00  0.99528E+00  0.10430E-02
 0.99424E+00  0.99528E+00  0.85467E-03
 0.99528E+00  0.99528E+00  0.70016E-03
 0.99613E+00  0.99528E+00  0.57337E-03
 0.99683E+00  0.99528E+00  0.46932E-03
 0.99741E+00  0.99528E+00  0.38393E-03
 0.99788E+00  0.99528E+00  0.31384E-03
 0.99827E+00  0.99528E+00  0.25633E-03
 0.99859E+00  0.99528E+00  0.20912E-03
 0.99885E+00  0.99528E+00  0.17038E-03
 0.99906E+00  0.99528E+00  0.13859E-03
 0.99924E+00  0.99528E+00  0.11250E-03
 0.99938E+00  0.99528E+00  0.91098E-04
 0.99950E+00  0.99528E+00  0.73533E-04
 0.99960E+00  0.99528E+00  0.59122E-04
 0.99968E+00  0.99528E+00  0.47297E-04
 0.99975E+00  0.99528E+00  0.37595E-04
 0.99980E+00  0.99528E+00  0.29635E-04
 0.99984E+00  0.99528E+00  0.23105E-04
 0.99988E+00  0.99528E+00  0.17747E-04
 0.99991E+00  0.99528E+00  0.13352E-04
 0.99993E+00  0.99528E+00  0.97459E-05
 0.99995E+00  0.99528E+00  0.67875E-05
 0.99997E+00  0.99528E+00  0.43605E-05
 0.99998E+00  0.99528E+00  0.23695E-05
 0.10000E+01  0.99528E+00  0.73611E-06
 0.10000E+01  0.99528E+00  0.00000E+00
 0.00000E+00  0.99613E+00  0.00000E+00
 0.49709E-05  0.99613E+00  0.62230E-06
 0.16001E-04  0.99613E+00  0.20032E-05
 0.29447E-04  0.99613E+00  0.36864E-05
 0.45836E-04  0.99613E+00  0.57381E-05
 0.65814E-04  0.99613E+00  0.82391E-05
 0.90165E-04  0.99613E+00  0.11288E-04
 0.11985E-03  0.99613E+00  0.15004E-04
 0.15603E-03  0.99613E+00  0.19533E-04
 0.20013E-03  0.99613E+00  0.25054E-04
 0.25388E-03  0.99613E+00  0.31783E-04
 0.31939E-03  0.99613E+00  0.39985E-04
 0.39924E-03  0.99613E+00  0.49981E-04
 0.49656E-03  0.99613E+00  0.62165E-04
 0.61516E-03  0.99613E+00  0.77014E-04
 0.75970E-03  0.99613E+00  0.95110E-04
 0.93583E-03  0.99613E+00  0.11716E-03
 0.11504E-02  0.99613E+00  0.14404E-03
 0.14119E-02  0.99613E+00  0.17679E-03
 0.17305E-02  0.99613E+00  0.21669E-03
 0.21186E-02  0.99613E+00  0.26532E-03
 0.25912E-02  0.99613E+00  0.32456E-03
 0.31667E-02  0.99613E+00  0.39675E-03
 0.38673E-02  0.99613E+00  0.48471E-03
 0.47200E-02  0.99613E+00  0.59189E-03
 0.57574E-02  0.99613E+00  0.72252E-03
 0.70191E-02  0.99613E+00  0.88175E-03
 0.85527E-02  0.99613E+00  0.10759E-02
 0.10416E-01  0.99613E+00  0.13127E-02
 0.12677E-01  0.99613E+00  0.16015E-02
 0.15420E-01  0.99613E+00  0.19537E-02
 0.18742E-01  0.99613E+00  0.23828E-02
 0.22762E-01  0.99613E+00  0.29043E-02
 0.27617E-01  0.99613E+00  0.35357E-02
 0.33469E-01  0.99613E+00  0.42952E-02
 0.40509E-01  0.99613E+00  0.52006E-02
 0.48950E-01  0.99613E+00  0.62667E-02
 0.59040E-01  0.99613E+00  0.75032E-02
 0.71052E-01  0.99613E+00  0.89123E-02
 0.85282E-01  0.99613E+00  0.10486E-01
 0.10204E+00  0.99613E+00  0.12206E-01
 0.12166E+00  0.99613E+00  0.14044E-01
 0.14443E+00  0.99613E+00  0.15959E-01
 0.17063E+00  0.99613E+00  0.17908E-01
 0.20047E+00  0.99613E+00  0.19839E-01
 0.23404E+00  0.99613E+00  0.21695E-01
 0.27131E+00  0.99613E+00  0.23417E-01
 0.31210E+00  0.99613E+00  0.24947E-01
 0.35601E+00  0.99613E+00  0.26228E-01
 0.40249E+00  0.99613E+00  0.27212E-01
 0.45077E+00  0.99613E+00  0.27863E-01
 0.50000E+00  0.99613E+00  0.28157E-01
 0.54923E+00  0.99613E+00  0.28083E-01
 0.59751E+00  0.99613E+00  0.27647E-01
 0.64399E+00  0.99613E+00  0.26868E-01
 0.68790E+00  0.99613E+00  0.25778E-01
 0.72869E+00  0.99613E+00  0.24421E-01
 0.76596E+00  0.99613E+00  0.22846E-01
 0.79953E+00  0.99613E+00  0.21108E-01
 0.82937E+00  0.99613E+00  0.19262E-01
 0.85557E+00  0.99613E+00  0.17361E-01
 0.87834E+00  0.99613E+00  0.15454E-01
 0.89796E+00  0.99613E+00  0.13585E-01
 0.91472E+00  0.99613E+00  0.11797E-01
 0.92895E+00  0.99613E+00  0.10125E-01
 0.94096E+00  0.99613E+00  0.85974E-02
 0.95105E+00  0.99613E+00  0.72332E-02
 0.95949E+00  0.99613E+00  0.60390E-02
 0.96653E+00  0.99613E+00  0.50120E-02
 0.97238E+00  0.99613E+00  0.41412E-02
 0.97724E+00  0.99613E+00  0.34111E-02
 0.98126E+00  0.99613E+00  0.28041E-02
 0.98458E+00  0.99613E+00  0.23023E-02
 0.98732E+00  0.99613E+00  0.18889E-02
 0.98958E+00  0.99613E+00  0.15491E-02
 0.99145E+00  0.99613E+00  0.12701E-02
 0.99298E+00  0.99613E+00  0.10411E-02
 0.99424E+00  0.99613E+00  0.85321E-03
 0.99528E+00  0.99613E+00  0.69900E-03
 0.99613E+00  0.99613E+00  0.57244E-03
 0.99683E+00  0.99613E+00  0.46857E-03
 0.99741E+00  0.99613E+00  0.38332E-03
 0.99788E+00  0.99613E+00  0.31335E-03
 0.99827E+00  0.99613E+00  0.25593E-03
 0.99859E+00  0.99613E+00  0.20880E-03
 0.99885E+00  0.99613E+00  0.17012E-03
 0.99906E+00  0.99613E+00  0.13838E-03
 0.99924E+00  0.99613E+00  0.11233E-03
 0.99938E+00  0.99613E+00  0.90957E-04
 0.99950E+00  0.99613E+00  0.73420E-04
 0.99960E+00  0.99613E+00  0.59030E-04
 0.99968E+00  0.99613E+00  0.47224E-04
 0.99975E+00  0.99613E+00  0.37537E-04
 0.99980E+00  0.99613E+00  0.29590E-04
 0.99984E+00  0.99613E+00  0.23069E-04
 0.99988E+00  0.99613E+00  0.17720E-04
 0.99991E+00  0.99613E+00  0.13331E-04
 0.99993E+00  0.99613E+00  0.97308E-05
 0.99995E+00  0.99613E+00  0.67770E-05
 0.99997E+00  0.99613E+00  0.43538E-05
 0.99998E+00  0.99613E+00  0.23658E-05
 0.10000E+01  0.99613E+00  0.73497E-06
 0.10000E+01  0.99613E+00  0.00000E+00
 0.00000E+00  0.99683E+00  0.00000E+00
 0.49709E-05  0.99683E+00  0.62186E-06
 0.16001E-04  0.99683E+00  0.20017E-05
 0.29447E-04  0.99683E+00  0.36837E-05
 0.45836E-04  0.99683E+00  0.57340E-05
 0.65814E-04  0.99683E+00  0.82332E-05
 0.90165E-04  0.99683E+00  0.11280E-04
 0.11985E-03  0.99683E+00  0.14993E-04
 0.15603E-03  0.99683E+00  0.19519E-04
 0.20013E-03  0.99683E+00  0.25036E-04
 0.25388E-03  0.99683E+00  0.31760E-04
 0.31939E-03  0.99683E+00  0.39956E-04
 0.39924E-03  0.99683E+00  0.49945E-04
 0.49656E-03  0.99683E+00  0.62120E-04
 0.61516E-03  0.99683E+00  0.76958E-04
 0.75970E-03  0.99683E+00  0.95042E-04
 0.93583E-03  0.99683E+00  0.11708E-03
 0.11504E-02  0.99683E+00  0.14393E-03
 0.14119E-02  0.99683E+00  0.17666E-03
 0.17305E-02  0.99683E+00  0.21653E-03
 0.21186E-02  0.99683E+00  0.26512E-03
 0.25912E-02  0.99683E+00  0.32432E-03
 0.31667E-02  0.99683E+00  0.39645E-03
 0.38673E-02  0.99683E+00  0.48433E-03
 0.47200E-02  0.99683E+00  0.59142E-03
 0.57574E-02  0.99683E+00  0.72193E-03
 0.70191E-02  0.99683E+00  0.88100E-03
 0.85527E-02  0.99683E+00  0.10749E-02
 0.10416E-01  0.99683E+00  0.13115E-02
 0.12677E-01  0.99683E+00  0.15999E-02
 0.15420E-01  0.99683E+00  0.19516E-02
 0.18742E-01  0.99683E+00  0.23800E-02
 0.22762E-01  0.99683E+00  0.29007E-02
 0.27617E-01  0.99683E+00  0.35311E-02
 0.33469E-01  0.99683E+00  0.42895E-02
 0.40509E-01  0.99683E+00  0.51934E-02
 0.48950E-01  0.99683E+00  0.62578E-02
 0.59040E-01  0.99683E+00  0.74924E-02
 0.71052E-01  0.99683E+00  0.88994E-02
 0.85282E-01  0.99683E+00  0.10471E-01
 0.10204E+00  0.99683E+00  0.12188E-01
 0.12166E+00  0.99683E+00  0.14023E-01
 0.14443E+00  0.99683E+00  0.15935E-01
 0.17063E+00  0.99683E+00  0.17881E-01
 0.20047E+00  0.99683E+00  0.19808E-01
 0.23404E+00  0.99683E+00  0.21661E-01
 0.27131E+00  0.99683E+00  0.23380E-01
 0.31210E+00  0.99683E+00  0.24907E-01
 0.35601E+00  0.99683E+00  0.26186E-01
 0.40249E+00  0.99683E+00  0.27169E-01
 0.45077E+00  0.99683E+00  0.27818E-01
 0.50000E+00  0.99683E+00  0.28111E-01
 0.54923E+00  0.99683E+00  0.28037E-01
 0.59751E+00  0.99683E+00  0.27601E-01
 0.64399E+00  0.99683E+00  0.26823E-01
 0.68790E+00  0.99683E+00  0.25735E-01
 0.72869E+00  0.99683E+00  0.24380E-01
 0.76596E+00  0.99683E+00  0.22808E-01
 0.79953E+00  0.99683E+00  0.21072E-01
 0.82937E+00  0.99683E+00  0.19230E-01
 0.85557E+00  0.99683E+00  0.17332E-01
 0.87834E+00  0.99683E+00  0.15427E-01
 0.89796E+00  0.99683E+00  0.13562E-01
 0.91472E+00  0.99683E+00  0.11776E-01
 0.92895E+00  0.99683E+00  0.10107E-01
 0.94096E+00  0.99683E+00  0.85823E-02
 0.95105E+00  0.99683E+00  0.72204E-02
 0.95949E+00  0.99683E+00  0.60285E-02
 0.96653E+00  0.99683E+00  0.50033E-02
 0.97238E+00  0.99683E+00  0.41342E-02
 0.97724E+00  0.99683E+00  0.34056E-02
 0.98126E+00  0.99683E+00  0.27997E-02
 0.98458E+00  0.99683E+00  0.22989E-02
 0.98732E+00  0.99683E+00  0.18862E-02
 0.98958E+00  0.99683E+00  0.15470E-02
 0.99145E+00  0.99683E+00  0.12685E-02
 0.99298E+00  0.99683E+00  0.10398E-02
 0.99424E+00  0.99683E+00  0.85218E-03
 0.99528E+00  0.99683E+00  0.69817E-03
 0.99613E+00  0.99683E+00  0.57178E-03
 0.99683E+00  0.99683E+00  0.46804E-03
 0.99741E+00  0.99683E+00  0.38289E-03
 0.99788E+00  0.99683E+00  0.31300E-03
 0.99827E+00  0.99683E+00  0.25564E-03
 0.99859E+00  0.99683E+00  0.20857E-03
 0.99885E+00  0.99683E+00  0.16993E-03
 0.99906E+00  0.99683E+00  0.13823E-03
 0.99924E+00  0.99683E+00  0.11221E-03
 0.99938E+00  0.99683E+00  0.90858E-04
 0.99950E+00  0.99683E+00  0.73340E-04
 0.99960E+00  0.99683E+00  0.58966E-04
 0.99968E+00  0.99683E+00  0.47172E-04
 0.99975E+00  0.99683E+00  0.37496E-04
 0.99980E+00  0.99683E+00  0.29557E-04
 0.99984E+00  0.99683E+00  0.23044E-04
 0.99988E+00  0.99683E+00  0.17701E-04
 0.99991E+00  0.99683E+00  0.13317E-04
 0.99993E+00  0.99683E+00  0.97202E-05
 0.99995E+00  0.99683E+00  0.67697E-05
 0.99997E+00  0.99683E+00  0.43491E-05
 0.99998E+00  0.99683E+00  0.23633E-05
 0.10000E+01  0.99683E+00  0.73417E-06
 0.10000E+01  0.99683E+00  0.00000E+00
 0.00000E+00  0.99741E+00  0.00000E+00
 0.49709E-05  0.99741E+00  0.62154E-06
 0.16001E-04  0.99741E+00  0.20007E-05
 0.29447E-04  0.99741E+00  0.36819E-05
 0.45836E-04  0.99741E+00  0.57311E-05
 0.65814E-04  0.99741E+00  0.82291E-05
 0.90165E-04  0.99741E+00  0.11274E-04
 0.11985E-03  0.99741E+00  0.14985E-04
 0.15603E-03  0.99741E+00  0.19509E-04
 0.20013E-03  0.99741E+00  0.25023E-04
 0.25388E-03  0.99741E+00  0.31744E-04
 0.31939E-03  0.99741E+00  0.39936E-04
 0.39924E-03  0.99741E+00  0.49920E-04
 0.49656E-03  0.99741E+00  0.62089E-04
 0.61516E-03  0.99741E+00  0.76919E-04
 0.75970E-03  0.99741E+00  0.94994E-04
 0.93583E-03  0.99741E+00  0.11702E-03
 0.11504E-02  0.99741E+00  0.14386E-03
 0.14119E-02  0.99741E+00  0.17657E-03
 0.17305E-02  0.99741E+00  0.21642E-03
 0.21186E-02  0.99741E+00  0.26498E-03
 0.25912E-02  0.99741E+00  0.32415E-03
 0.31667E-02  0.99741E+00  0.39624E-03
 0.38673E-02  0.99741E+00  0.48407E-03
 0.47200E-02  0.99741E+00  0.59109E-03
 0.57574E-02  0.99741E+00  0.72151E-03
 0.70191E-02  0.99741E+00  0.88047E-03
 0.85527E-02  0.99741E+00  0.10743E-02
 0.10416E-01  0.99741E+00  0.13106E-02
 0.12677E-01  0.99741E+00  0.15987E-02
 0.15420E-01  0.99741E+00  0.19501E-02
 0.18742E-01  0.99741E+00  0.23780E-02
 0.22762E-01  0.99741E+00  0.28982E-02
 0.27617E-01  0.99741E+00  0.35279E-02
 0.33469E-01  0.99741E+00  0.42853E-02
 0.40509E-01  0.99741E+00  0.51882E-02
 0.48950E-01  0.99741E+00  0.62514E-02
 0.59040E-01  0.99741E+00  0.74847E-02
 0.71052E-01  0.99741E+00  0.88901E-02
 0.85282E-01  0.99741E+00  0.10460E-01
 0.10204E+00  0.99741E+00  0.12176E-01
 0.12166E+00  0.99741E+00  0.14008E-01
 0.14443E+00  0.99741E+00  0.15918E-01
 0.17063E+00  0.99741E+00  0.17861E-01
 0.20047E+00  0.99741E+00  0.19786E-01
 0.23404E+00  0.99741E+00  0.21637E-01
 0.27131E+00  0.99741E+00  0.23354E-01
 0.31210E+00  0.99741E+00  0.24879E-01
 0.35601E+00  0.99741E+00  0.26156E-01
 0.40249E+00  0.99741E+00  0.27138E-01
 0.45077E+00  0.99741E+00  0.27786E-01
 0.50000E+00  0.99741E+00  0.28078E-01
 0.54923E+00  0.99741E+00  0.28004E-01
 0.59751E+00  0.99741E+00  0.27569E-01
 0.64399E+00  0.99741E+00  0.26792E-01
 0.68790E+00  0.99741E+00  0.25705E-01
 0.72869E+00  0.99741E+00  0.24351E-01
 0.76596E+00  0.99741E+00  0.22781E-01
 0.79953E+00  0.99741E+00  0.21047E-01
 0.82937E+00  0.99741E+00  0.19207E-01
 0.85557E+00  0.99741E+00  0.17311E-01
 0.87834E+00  0.99741E+00  0.15409E-01
 0.89796E+00  0.99741E+00  0.13545E-01
 0.91472E+00  0.99741E+00  0.11762E-01
 0.92895E+00  0.99741E+00  0.10094E-01
 0.94096E+00  0.99741E+00  0.85716E-02
 0.95105E+00  0.99741E+00  0.72114E-02
 0.95949E+00  0.99741E+00  0.60209E-02
 0.96653E+00  0.99741E+00  0.49971E-02
 0.97238E+00  0.99741E+00  0.41292E-02
 0.97724E+00  0.99741E+00  0.34016E-02
 0.98126E+00  0.99741E+00  0.27966E-02
 0.98458E+00  0.99741E+00  0.22964E-02
 0.98732E+00  0.99741E+00  0.18843E-02
 0.98958E+00  0.99741E+00  0.15455E-02
 0.99145E+00  0.99741E+00  0.12673E-02
 0.99298E+00  0.99741E+00  0.10389E-02
 0.99424E+00  0.99741E+00  0.85145E-03
 0.99528E+00  0.99741E+00  0.69759E-03
 0.99613E+00  0.99741E+00  0.57131E-03
 0.99683E+00  0.99741E+00  0.46766E-03
 0.99741E+00  0.99741E+00  0.38259E-03
 0.99788E+00  0.99741E+00  0.31276E-03
 0.99827E+00  0.99741E+00  0.25544E-03
 0.99859E+00  0.99741E+00  0.20841E-03
 0.99885E+00  0.99741E+00  0.16980E-03
 0.99906E+00  0.99741E+00  0.13812E-03
 0.99924E+00  0.99741E+00  0.11212E-03
 0.99938E+00  0.99741E+00  0.90789E-04
 0.99950E+00  0.99741E+00  0.73284E-04
 0.99960E+00  0.99741E+00  0.58921E-04
 0.99968E+00  0.99741E+00  0.47137E-04
 0.99975E+00  0.99741E+00  0.37468E-04
 0.99980E+00  0.99741E+00  0.29535E-04
 0.99984E+00  0.99741E+00  0.23027E-04
 0.99988E+00  0.99741E+00  0.17687E-04
 0.99991E+00  0.99741E+00  0.13307E-04
 0.99993E+00  0.99741E+00  0.97128E-05
 0.99995E+00  0.99741E+00  0.67645E-05
 0.99997E+00  0.99741E+00  0.43458E-05
 0.99998E+00  0.99741E+00  0.23615E-05
 0.10000E+01  0.99741E+00  0.73362E-06
 0.10000E+01  0.99741E+00  0.00000E+00
 0.00000E+00  0.99788E+00  0.00000E+00
 0.49709E-05  0.99788E+00  0.62133E-06
 0.16001E-04  0.99788E+00  0.20000E-05
 0.29447E-04  0.99788E+00  0.36806E-05
 0.45836E-04  0.99788E+00  0.57291E-05
 0.65814E-04  0.99788E+00  0.82262E-05
 0.90165E-04  0.99788E+00  0.11270E-04
 0.11985E-03  0.99788E+00  0.14980E-04
 0.15603E-03  0.99788E+00  0.19502E-04
 0.20013E-03  0.99788E+00  0.25014E-04
 0.25388E-03  0.99788E+00  0.31733E-04
 0.31939E-03  0.99788E+00  0.39922E-04
 0.39924E-03  0.99788E+00  0.49903E-04
 0.49656E-03  0.99788E+00  0.62067E-04
 0.61516E-03  0.99788E+00  0.76893E-04
 0.75970E-03  0.99788E+00  0.94961E-04
 0.93583E-03  0.99788E+00  0.11698E-03
 0.11504E-02  0.99788E+00  0.14381E-03
 0.14119E-02  0.99788E+00  0.17651E-03
 0.17305E-02  0.99788E+00  0.21635E-03
 0.21186E-02  0.99788E+00  0.26489E-03
 0.25912E-02  0.99788E+00  0.32403E-03
 0.31667E-02  0.99788E+00  0.39609E-03
 0.38673E-02  0.99788E+00  0.48388E-03
 0.47200E-02  0.99788E+00  0.59086E-03
 0.57574E-02  0.99788E+00  0.72122E-03
 0.70191E-02  0.99788E+00  0.88009E-03
 0.85527E-02  0.99788E+00  0.10738E-02
 0.10416E-01  0.99788E+00  0.13099E-02
 0.12677E-01  0.99788E+00  0.15979E-02
 0.15420E-01  0.99788E+00  0.19490E-02
 0.18742E-01  0.99788E+00  0.23766E-02
 0.22762E-01  0.99788E+00  0.28964E-02
 0.27617E-01  0.99788E+00  0.35256E-02
 0.33469E-01  0.99788E+00  0.42824E-02
 0.40509E-01  0.99788E+00  0.51846E-02
 0.48950E-01  0.99788E+00  0.62470E-02
 0.59040E-01  0.99788E+00  0.74793E-02
 0.71052E-01  0.99788E+00  0.88836E-02
 0.85282E-01  0.99788E+00  0.10452E-01
 0.10204E+00  0.99788E+00  0.12166E-01
 0.12166E+00  0.99788E+00  0.13997E-01
 0.14443E+00  0.99788E+00  0.15906E-01
 0.17063E+00  0.99788E+00  0.17848E-01
 0.20047E+00  0.99788E+00  0.19771E-01
 0.23404E+00  0.99788E+00  0.21620E-01
 0.27131E+00  0.99788E+00  0.23336E-01
 0.31210E+00  0.99788E+00  0.24859E-01
 0.35601E+00  0.99788E+00  0.26135E-01
 0.40249E+00  0.99788E+00  0.27116E-01
 0.45077E+00  0.99788E+00  0.27764E-01
 0.50000E+00  0.99788E+00  0.28056E-01
 0.54923E+00  0.99788E+00  0.27982E-01
 0.59751E+00  0.99788E+00  0.27547E-01
 0.64399E+00  0.99788E+00  0.26770E-01
 0.68790E+00  0.99788E+00  0.25684E-01
 0.72869E+00  0.99788E+00  0.24331E-01
 0.76596E+00  0.99788E+00  0.22762E-01
 0.79953E+00  0.99788E+00  0.21030E-01
 0.82937E+00  0.99788E+00  0.19191E-01
 0.85557E+00  0.99788E+00  0.17296E-01
 0.87834E+00  0.99788E+00  0.15396E-01
 0.89796E+00  0.99788E+00  0.13534E-01
 0.91472E+00  0.99788E+00  0.11752E-01
 0.92895E+00  0.99788E+00  0.10086E-01
 0.94096E+00  0.99788E+00  0.85641E-02
 0.95105E+00  0.99788E+00  0.72051E-02
 0.95949E+00  0.99788E+00  0.60157E-02
 0.96653E+00  0.99788E+00  0.49928E-02
 0.97238E+00  0.99788E+00  0.41257E-02
 0.97724E+00  0.99788E+00  0.33988E-02
 0.98126E+00  0.99788E+00  0.27944E-02
 0.98458E+00  0.99788E+00  0.22947E-02
 0.98732E+00  0.99788E+00  0.18830E-02
 0.98958E+00  0.99788E+00  0.15445E-02
 0.99145E+00  0.99788E+00  0.12665E-02
 0.99298E+00  0.99788E+00  0.10383E-02
 0.99424E+00  0.99788E+00  0.85094E-03
 0.99528E+00  0.99788E+00  0.69719E-03
 0.99613E+00  0.99788E+00  0.57099E-03
 0.99683E+00  0.99788E+00  0.46741E-03
 0.99741E+00  0.99788E+00  0.38238E-03
 0.99788E+00  0.99788E+00  0.31259E-03
 0.99827E+00  0.99788E+00  0.25531E-03
 0.99859E+00  0.99788E+00  0.20830E-03
 0.99885E+00  0.99788E+00  0.16971E-03
 0.99906E+00  0.99788E+00  0.13805E-03
 0.99924E+00  0.99788E+00  0.11206E-03
 0.99938E+00  0.99788E+00  0.90741E-04
 0.99950E+00  0.99788E+00  0.73246E-04
 0.99960E+00  0.99788E+00  0.58890E-04
 0.99968E+00  0.99788E+00  0.47112E-04
 0.99975E+00  0.99788E+00  0.37448E-04
 0.99980E+00  0.99788E+00  0.29520E-04
 0.99984E+00  0.99788E+00  0.23015E-04
 0.99988E+00  0.99788E+00  0.17678E-04
 0.99991E+00  0.99788E+00  0.13300E-04
 0.99993E+00  0.99788E+00  0.97078E-05
 0.99995E+00  0.99788E+00  0.67610E-05
 0.99997E+00  0.99788E+00  0.43435E-05
 0.99998E+00  0.99788E+00  0.23602E-05
 0.10000E+01  0.99788E+00  0.73323E-06
 0.10000E+01  0.99788E+00  0.00000E+00
 0.00000E+00  0.99827E+00  0.00000E+00
 0.49709E-05  0.99827E+00  0.62118E-06
 0.16001E-04  0.99827E+00  0.19996E-05
 0.29447E-04  0.99827E+00  0.36797E-05
 0.45836E-04  0.99827E+00  0.57278E-05
 0.65814E-04  0.99827E+00  0.82242E-05
 0.90165E-04  0.99827E+00  0.11267E-04
 0.11985E-03  0.99827E+00  0.14976E-04
 0.15603E-03  0.99827E+00  0.19498E-04
 0.20013E-03  0.99827E+00  0.25008E-04
 0.25388E-03  0.99827E+00  0.31725E-04
 0.31939E-03  0.99827E+00  0.39912E-04
 0.39924E-03  0.99827E+00  0.49891E-04
 0.49656E-03  0.99827E+00  0.62052E-04
 0.61516E-03  0.99827E+00  0.76874E-04
 0.75970E-03  0.99827E+00  0.94938E-04
 0.93583E-03  0.99827E+00  0.11695E-03
 0.11504E-02  0.99827E+00  0.14378E-03
 0.14119E-02  0.99827E+00  0.17646E-03
 0.17305E-02  0.99827E+00  0.21629E-03
 0.21186E-02  0.99827E+00  0.26482E-03
 0.25912E-02  0.99827E+00  0.32395E-03
 0.31667E-02  0.99827E+00  0.39599E-03
 0.38673E-02  0.99827E+00  0.48376E-03
 0.47200E-02  0.99827E+00  0.59070E-03
 0.57574E-02  0.99827E+00  0.72101E-03
 0.70191E-02  0.99827E+00  0.87983E-03
 0.85527E-02  0.99827E+00  0.10734E-02
 0.10416E-01  0.99827E+00  0.13095E-02
 0.12677E-01  0.99827E+00  0.15974E-02
 0.15420E-01  0.99827E+00  0.19483E-02
 0.18742E-01  0.99827E+00  0.23757E-02
 0.22762E-01  0.99827E+00  0.28951E-02
 0.27617E-01  0.99827E+00  0.35239E-02
 0.33469E-01  0.99827E+00  0.42804E-02
 0.40509E-01  0.99827E+00  0.51820E-02
 0.48950E-01  0.99827E+00  0.62438E-02
 0.59040E-01  0.99827E+00  0.74755E-02
 0.71052E-01  0.99827E+00  0.88791E-02
 0.85282E-01  0.99827E+00  0.10447E-01
 0.10204E+00  0.99827E+00  0.12160E-01
 0.12166E+00  0.99827E+00  0.13990E-01
 0.14443E+00  0.99827E+00  0.15898E-01
 0.17063E+00  0.99827E+00  0.17838E-01
 0.20047E+00  0.99827E+00  0.19760E-01
 0.23404E+00  0.99827E+00  0.21608E-01
 0.27131E+00  0.99827E+00  0.23323E-01
 0.31210E+00  0.99827E+00  0.24846E-01
 0.35601E+00  0.99827E+00  0.26121E-01
 0.40249E+00  0.99827E+00  0.27101E-01
 0.45077E+00  0.99827E+00  0.27749E-01
 0.50000E+00  0.99827E+00  0.28040E-01
 0.54923E+00  0.99827E+00  0.27966E-01
 0.59751E+00  0.99827E+00  0.27531E-01
 0.64399E+00  0.99827E+00  0.26755E-01
 0.68790E+00  0.99827E+00  0.25669E-01
 0.72869E+00  0.99827E+00  0.24317E-01
 0.76596E+00  0.99827E+00  0.22749E-01
 0.79953E+00  0.99827E+00  0.21018E-01
 0.82937E+00  0.99827E+00  0.19179E-01
 0.85557E+00  0.99827E+00  0.17286E-01
 0.87834E+00  0.99827E+00  0.15387E-01
 0.89796E+00  0.99827E+00  0.13526E-01
 0.91472E+00  0.99827E+00  0.11745E-01
 0.92895E+00  0.99827E+00  0.10080E-01
 0.94096E+00  0.99827E+00  0.85589E-02
 0.95105E+00  0.99827E+00  0.72007E-02
 0.95949E+00  0.99827E+00  0.60120E-02
 0.96653E+00  0.99827E+00  0.49898E-02
 0.97238E+00  0.99827E+00  0.41232E-02
 0.97724E+00  0.99827E+00  0.33968E-02
 0.98126E+00  0.99827E+00  0.27929E-02
 0.98458E+00  0.99827E+00  0.22935E-02
 0.98732E+00  0.99827E+00  0.18820E-02
 0.98958E+00  0.99827E+00  0.15438E-02
 0.99145E+00  0.99827E+00  0.12659E-02
 0.99298E+00  0.99827E+00  0.10378E-02
 0.99424E+00  0.99827E+00  0.85059E-03
 0.99528E+00  0.99827E+00  0.69691E-03
 0.99613E+00  0.99827E+00  0.57077E-03
 0.99683E+00  0.99827E+00  0.46723E-03
 0.99741E+00  0.99827E+00  0.38224E-03
 0.99788E+00  0.99827E+00  0.31248E-03
 0.99827E+00  0.99827E+00  0.25522E-03
 0.99859E+00  0.99827E+00  0.20822E-03
 0.99885E+00  0.99827E+00  0.16965E-03
 0.99906E+00  0.99827E+00  0.13800E-03
 0.99924E+00  0.99827E+00  0.11202E-03
 0.99938E+00  0.99827E+00  0.90709E-04
 0.99950E+00  0.99827E+00  0.73219E-04
 0.99960E+00  0.99827E+00  0.58869E-04
 0.99968E+00  0.99827E+00  0.47095E-04
 0.99975E+00  0.99827E+00  0.37435E-04
 0.99980E+00  0.99827E+00  0.29509E-04
 0.99984E+00  0.99827E+00  0.23006E-04
 0.99988E+00  0.99827E+00  0.17672E-04
 0.99991E+00  0.99827E+00  0.13295E-04
 0.99993E+00  0.99827E+00  0.97043E-05
 0.99995E+00  0.99827E+00  0.67586E-05
 0.99997E+00  0.99827E+00  0.43419E-05
 0.99998E+00  0.99827E+00  0.23594E-05
 0.10000E+01  0.99827E+00  0.73297E-06
 0.10000E+01  0.99827E+00  0.00000E+00
 0.00000E+00  0.99859E+00  0.00000E+00
 0.49709E-05  0.99859E+00  0.62108E-06
 0.16001E-04  0.99859E+00  0.19992E-05
 0.29447E-04  0.99859E+00  0.36791E-05
 0.45836E-04  0.99859E+00  0.57269E-05
 0.65814E-04  0.99859E+00  0.82229E-05
 0.90165E-04  0.99859E+00  0.11265E-04
 0.11985E-03  0.99859E+00  0.14974E-04
 0.15603E-03  0.99859E+00  0.19494E-04
 0.20013E-03  0.99859E+00  0.25004E-04
 0.25388E-03  0.99859E+00  0.31720E-04
 0.31939E-03  0.99859E+00  0.39906E-04
 0.39924E-03  0.99859E+00  0.49883E-04
 0.49656E-03  0.99859E+00  0.62042E-04
 0.61516E-03  0.99859E+00  0.76862E-04
 0.75970E-03  0.99859E+00  0.94922E-04
 0.93583E-03  0.99859E+00  0.11693E-03
 0.11504E-02  0.99859E+00  0.14375E-03
 0.14119E-02  0.99859E+00  0.17644E-03
 0.17305E-02  0.99859E+00  0.21626E-03
 0.21186E-02  0.99859E+00  0.26478E-03
 0.25912E-02  0.99859E+00  0.32390E-03
 0.31667E-02  0.99859E+00  0.39592E-03
 0.38673E-02  0.99859E+00  0.48367E-03
 0.47200E-02  0.99859E+00  0.59059E-03
 0.57574E-02  0.99859E+00  0.72087E-03
 0.70191E-02  0.99859E+00  0.87966E-03
 0.85527E-02  0.99859E+00  0.10732E-02
 0.10416E-01  0.99859E+00  0.13092E-02
 0.12677E-01  0.99859E+00  0.15970E-02
 0.15420E-01  0.99859E+00  0.19478E-02
 0.18742E-01  0.99859E+00  0.23750E-02
 0.22762E-01  0.99859E+00  0.28942E-02
 0.27617E-01  0.99859E+00  0.35228E-02
 0.33469E-01  0.99859E+00  0.42789E-02
 0.40509E-01  0.99859E+00  0.51802E-02
 0.48950E-01  0.99859E+00  0.62416E-02
 0.59040E-01  0.99859E+00  0.74729E-02
 0.71052E-01  0.99859E+00  0.88759E-02
 0.85282E-01  0.99859E+00  0.10443E-01
 0.10204E+00  0.99859E+00  0.12156E-01
 0.12166E+00  0.99859E+00  0.13985E-01
 0.14443E+00  0.99859E+00  0.15892E-01
 0.17063E+00  0.99859E+00  0.17832E-01
 0.20047E+00  0.99859E+00  0.19753E-01
 0.23404E+00  0.99859E+00  0.21600E-01
 0.27131E+00  0.99859E+00  0.23314E-01
 0.31210E+00  0.99859E+00  0.24836E-01
 0.35601E+00  0.99859E+00  0.26111E-01
 0.40249E+00  0.99859E+00  0.27091E-01
 0.45077E+00  0.99859E+00  0.27738E-01
 0.50000E+00  0.99859E+00  0.28029E-01
 0.54923E+00  0.99859E+00  0.27955E-01
 0.59751E+00  0.99859E+00  0.27520E-01
 0.64399E+00  0.99859E+00  0.26744E-01
 0.68790E+00  0.99859E+00  0.25659E-01
 0.72869E+00  0.99859E+00  0.24308E-01
 0.76596E+00  0.99859E+00  0.22740E-01
 0.79953E+00  0.99859E+00  0.21009E-01
 0.82937E+00  0.99859E+00  0.19172E-01
 0.85557E+00  0.99859E+00  0.17279E-01
 0.87834E+00  0.99859E+00  0.15380E-01
 0.89796E+00  0.99859E+00  0.13520E-01
 0.91472E+00  0.99859E+00  0.11740E-01
 0.92895E+00  0.99859E+00  0.10075E-01
 0.94096E+00  0.99859E+00  0.85553E-02
 0.95105E+00  0.99859E+00  0.71976E-02
 0.95949E+00  0.99859E+00  0.60095E-02
 0.96653E+00  0.99859E+00  0.49877E-02
 0.97238E+00  0.99859E+00  0.41216E-02
 0.97724E+00  0.99859E+00  0.33955E-02
 0.98126E+00  0.99859E+00  0.27918E-02
 0.98458E+00  0.99859E+00  0.22926E-02
 0.98732E+00  0.99859E+00  0.18814E-02
 0.98958E+00  0.99859E+00  0.15433E-02
 0.99145E+00  0.99859E+00  0.12655E-02
 0.99298E+00  0.99859E+00  0.10375E-02
 0.99424E+00  0.99859E+00  0.85035E-03
 0.99528E+00  0.99859E+00  0.69673E-03
 0.99613E+00  0.99859E+00  0.57062E-03
 0.99683E+00  0.99859E+00  0.46711E-03
 0.99741E+00  0.99859E+00  0.38214E-03
 0.99788E+00  0.99859E+00  0.31240E-03
 0.99827E+00  0.99859E+00  0.25515E-03
 0.99859E+00  0.99859E+00  0.20817E-03
 0.99885E+00  0.99859E+00  0.16961E-03
 0.99906E+00  0.99859E+00  0.13796E-03
 0.99924E+00  0.99859E+00  0.11200E-03
 0.99938E+00  0.99859E+00  0.90687E-04
 0.99950E+00  0.99859E+00  0.73202E-04
 0.99960E+00  0.99859E+00  0.58855E-04
 0.99968E+00  0.99859E+00  0.47084E-04
 0.99975E+00  0.99859E+00  0.37426E-04
 0.99980E+00  0.99859E+00  0.29502E-04
 0.99984E+00  0.99859E+00  0.23001E-04
 0.99988E+00  0.99859E+00  0.17667E-04
 0.99991E+00  0.99859E+00  0.13292E-04
 0.99993E+00  0.99859E+00  0.97019E-05
 0.99995E+00  0.99859E+00  0.67569E-05
 0.99997E+00  0.99859E+00  0.43409E-05
 0.99998E+00  0.99859E+00  0.23588E-05
 0.10000E+01  0.99859E+00  0.73279E-06
 0.10000E+01  0.99859E+00  0.00000E+00
 0.00000E+00  0.99885E+00  0.00000E+00
 0.49709E-05  0.99885E+00  0.62101E-06
 0.16001E-04  0.99885E+00  0.19990E-05
 0.29447E-04  0.99885E+00  0.36787E-05
 0.45836E-04  0.99885E+00  0.57262E-05
 0.65814E-04  0.99885E+00  0.82220E-05
 0.90165E-04  0.99885E+00  0.11264E-04
 0.11985E-03  0.99885E+00  0.14972E-04
 0.15603E-03  0.99885E+00  0.19492E-04
 0.20013E-03  0.99885E+00  0.25002E-04
 0.25388E-03  0.99885E+00  0.31717E-04
 0.31939E-03  0.99885E+00  0.39902E-04
 0.39924E-03  0.99885E+00  0.49877E-04
 0.49656E-03  0.99885E+00  0.62036E-04
 0.61516E-03  0.99885E+00  0.76853E-04
 0.75970E-03  0.99885E+00  0.94912E-04
 0.93583E-03  0.99885E+00  0.11692E-03
 0.11504E-02  0.99885E+00  0.14374E-03
 0.14119E-02  0.99885E+00  0.17642E-03
 0.17305E-02  0.99885E+00  0.21623E-03
 0.21186E-02  0.99885E+00  0.26475E-03
 0.25912E-02  0.99885E+00  0.32386E-03
 0.31667E-02  0.99885E+00  0.39587E-03
 0.38673E-02  0.99885E+00  0.48361E-03
 0.47200E-02  0.99885E+00  0.59052E-03
 0.57574E-02  0.99885E+00  0.72078E-03
 0.70191E-02  0.99885E+00  0.87953E-03
 0.85527E-02  0.99885E+00  0.10731E-02
 0.10416E-01  0.99885E+00  0.13090E-02
 0.12677E-01  0.99885E+00  0.15967E-02
 0.15420E-01  0.99885E+00  0.19474E-02
 0.18742E-01  0.99885E+00  0.23745E-02
 0.22762E-01  0.99885E+00  0.28936E-02
 0.27617E-01  0.99885E+00  0.35220E-02
 0.33469E-01  0.99885E+00  0.42780E-02
 0.40509E-01  0.99885E+00  0.51790E-02
 0.48950E-01  0.99885E+00  0.62401E-02
 0.59040E-01  0.99885E+00  0.74710E-02
 0.71052E-01  0.99885E+00  0.88738E-02
 0.85282E-01  0.99885E+00  0.10441E-01
 0.10204E+00  0.99885E+00  0.12153E-01
 0.12166E+00  0.99885E+00  0.13981E-01
 0.14443E+00  0.99885E+00  0.15888E-01
 0.17063E+00  0.99885E+00  0.17827E-01
 0.20047E+00  0.99885E+00  0.19748E-01
 0.23404E+00  0.99885E+00  0.21595E-01
 0.27131E+00  0.99885E+00  0.23308E-01
 0.31210E+00  0.99885E+00  0.24830E-01
 0.35601E+00  0.99885E+00  0.26104E-01
 0.40249E+00  0.99885E+00  0.27084E-01
 0.45077E+00  0.99885E+00  0.27731E-01
 0.50000E+00  0.99885E+00  0.28022E-01
 0.54923E+00  0.99885E+00  0.27948E-01
 0.59751E+00  0.99885E+00  0.27513E-01
 0.64399E+00  0.99885E+00  0.26737E-01
 0.68790E+00  0.99885E+00  0.25653E-01
 0.72869E+00  0.99885E+00  0.24301E-01
 0.76596E+00  0.99885E+00  0.22734E-01
 0.79953E+00  0.99885E+00  0.21004E-01
 0.82937E+00  0.99885E+00  0.19167E-01
 0.85557E+00  0.99885E+00  0.17274E-01
 0.87834E+00  0.99885E+00  0.15376E-01
 0.89796E+00  0.99885E+00  0.13516E-01
 0.91472E+00  0.99885E+00  0.11737E-01
 0.92895E+00  0.99885E+00  0.10073E-01
 0.94096E+00  0.99885E+00  0.85528E-02
 0.95105E+00  0.99885E+00  0.71955E-02
 0.95949E+00  0.99885E+00  0.60077E-02
 0.96653E+00  0.99885E+00  0.49863E-02
 0.97238E+00  0.99885E+00  0.41204E-02
 0.97724E+00  0.99885E+00  0.33946E-02
 0.98126E+00  0.99885E+00  0.27911E-02
 0.98458E+00  0.99885E+00  0.22921E-02
 0.98732E+00  0.99885E+00  0.18810E-02
 0.98958E+00  0.99885E+00  0.15429E-02
 0.99145E+00  0.99885E+00  0.12653E-02
 0.99298E+00  0.99885E+00  0.10373E-02
 0.99424E+00  0.99885E+00  0.85019E-03
 0.99528E+00  0.99885E+00  0.69660E-03
 0.99613E+00  0.99885E+00  0.57052E-03
 0.99683E+00  0.99885E+00  0.46703E-03
 0.99741E+00  0.99885E+00  0.38208E-03
 0.99788E+00  0.99885E+00  0.31234E-03
 0.99827E+00  0.99885E+00  0.25511E-03
 0.99859E+00  0.99885E+00  0.20813E-03
 0.99885E+00  0.99885E+00  0.16958E-03
 0.99906E+00  0.99885E+00  0.13794E-03
 0.99924E+00  0.99885E+00  0.11198E-03
 0.99938E+00  0.99885E+00  0.90672E-04
 0.99950E+00  0.99885E+00  0.73190E-04
 0.99960E+00  0.99885E+00  0.58845E-04
 0.99968E+00  0.99885E+00  0.47076E-04
 0.99975E+00  0.99885E+00  0.37420E-04
 0.99980E+00  0.99885E+00  0.29497E-04
 0.99984E+00  0.99885E+00  0.22997E-04
 0.99988E+00  0.99885E+00  0.17664E-04
 0.99991E+00  0.99885E+00  0.13290E-04
 0.99993E+00  0.99885E+00  0.97004E-05
 0.99995E+00  0.99885E+00  0.67558E-05
 0.99997E+00  0.99885E+00  0.43402E-05
 0.99998E+00  0.99885E+00  0.23584E-05
 0.10000E+01  0.99885E+00  0.73267E-06
 0.10000E+01  0.99885E+00  0.00000E+00
 0.00000E+00  0.99906E+00  0.00000E+00
 0.49709E-05  0.99906E+00  0.62097E-06
 0.16001E-04  0.99906E+00  0.19989E-05
 0.29447E-04  0.99906E+00  0.36785E-05
 0.45836E-04  0.99906E+00  0.57258E-05
 0.65814E-04  0.99906E+00  0.82214E-05
 0.90165E-04  0.99906E+00  0.11263E-04
 0.11985E-03  0.99906E+00  0.14971E-04
 0.15603E-03  0.99906E+00  0.19491E-04
 0.20013E-03  0.99906E+00  0.25000E-04
 0.25388E-03  0.99906E+00  0.31714E-04
 0.31939E-03  0.99906E+00  0.39899E-04
 0.39924E-03  0.99906E+00  0.49874E-04
 0.49656E-03  0.99906E+00  0.62031E-04
 0.61516E-03  0.99906E+00  0.76848E-04
 0.75970E-03  0.99906E+00  0.94905E-04
 0.93583E-03  0.99906E+00  0.11691E-03
 0.11504E-02  0.99906E+00  0.14373E-03
 0.14119E-02  0.99906E+00  0.17640E-03
 0.17305E-02  0.99906E+00  0.21622E-03
 0.21186E-02  0.99906E+00  0.26473E-03
 0.25912E-02  0.99906E+00  0.32383E-03
 0.31667E-02  0.99906E+00  0.39584E-03
 0.38673E-02  0.99906E+00  0.48357E-03
 0.47200E-02  0.99906E+00  0.59047E-03
 0.57574E-02  0.99906E+00  0.72072E-03
 0.70191E-02  0.99906E+00  0.87945E-03
 0.85527E-02  0.99906E+00  0.10729E-02
 0.10416E-01  0.99906E+00  0.13089E-02
 0.12677E-01  0.99906E+00  0.15965E-02
 0.15420E-01  0.99906E+00  0.19472E-02
 0.18742E-01  0.99906E+00  0.23742E-02
 0.22762E-01  0.99906E+00  0.28932E-02
 0.27617E-01  0.99906E+00  0.35215E-02
 0.33469E-01  0.99906E+00  0.42773E-02
 0.40509E-01  0.99906E+00  0.51782E-02
 0.48950E-01  0.99906E+00  0.62391E-02
 0.59040E-01  0.99906E+00  0.74698E-02
 0.71052E-01  0.99906E+00  0.88723E-02
 0.85282E-01  0.99906E+00  0.10439E-01
 0.10204E+00  0.99906E+00  0.12151E-01
 0.12166E+00  0.99906E+00  0.13979E-01
 0.14443E+00  0.99906E+00  0.15885E-01
 0.17063E+00  0.99906E+00  0.17824E-01
 0.20047E+00  0.99906E+00  0.19745E-01
 0.23404E+00  0.99906E+00  0.21591E-01
 0.27131E+00  0.99906E+00  0.23304E-01
 0.31210E+00  0.99906E+00  0.24826E-01
 0.35601E+00  0.99906E+00  0.26100E-01
 0.40249E+00  0.99906E+00  0.27079E-01
 0.45077E+00  0.99906E+00  0.27726E-01
 0.50000E+00  0.99906E+00  0.28017E-01
 0.54923E+00  0.99906E+00  0.27943E-01
 0.59751E+00  0.99906E+00  0.27508E-01
 0.64399E+00  0.99906E+00  0.26732E-01
 0.68790E+00  0.99906E+00  0.25648E-01
 0.72869E+00  0.99906E+00  0.24297E-01
 0.76596E+00  0.99906E+00  0.22729E-01
 0.79953E+00  0.99906E+00  0.21000E-01
 0.82937E+00  0.99906E+00  0.19163E-01
 0.85557E+00  0.99906E+00  0.17271E-01
 0.87834E+00  0.99906E+00  0.15373E-01
 0.89796E+00  0.99906E+00  0.13514E-01
 0.91472E+00  0.99906E+00  0.11734E-01
 0.92895E+00  0.99906E+00  0.10071E-01
 0.94096E+00  0.99906E+00  0.85511E-02
 0.95105E+00  0.99906E+00  0.71941E-02
 0.95949E+00  0.99906E+00  0.60065E-02
 0.96653E+00  0.99906E+00  0.49853E-02
 0.97238E+00  0.99906E+00  0.41196E-02
 0.97724E+00  0.99906E+00  0.33939E-02
 0.98126E+00  0.99906E+00  0.27906E-02
 0.98458E+00  0.99906E+00  0.22917E-02
 0.98732E+00  0.99906E+00  0.18807E-02
 0.98958E+00  0.99906E+00  0.15427E-02
 0.99145E+00  0.99906E+00  0.12651E-02
 0.99298E+00  0.99906E+00  0.10372E-02
 0.99424E+00  0.99906E+00  0.85008E-03
 0.99528E+00  0.99906E+00  0.69651E-03
 0.99613E+00  0.99906E+00  0.57045E-03
 0.99683E+00  0.99906E+00  0.46697E-03
 0.99741E+00  0.99906E+00  0.38203E-03
 0.99788E+00  0.99906E+00  0.31231E-03
 0.99827E+00  0.99906E+00  0.25508E-03
 0.99859E+00  0.99906E+00  0.20811E-03
 0.99885E+00  0.99906E+00  0.16956E-03
 0.99906E+00  0.99906E+00  0.13793E-03
 0.99924E+00  0.99906E+00  0.11196E-03
 0.99938E+00  0.99906E+00  0.90662E-04
 0.99950E+00  0.99906E+00  0.73182E-04
 0.99960E+00  0.99906E+00  0.58839E-04
 0.99968E+00  0.99906E+00  0.47071E-04
 0.99975E+00  0.99906E+00  0.37415E-04
 0.99980E+00  0.99906E+00  0.29494E-04
 0.99984E+00  0.99906E+00  0.22995E-04
 0.99988E+00  0.99906E+00  0.17663E-04
 0.99991E+00  0.99906E+00  0.13288E-04
 0.99993E+00  0.99906E+00  0.96993E-05
 0.99995E+00  0.99906E+00  0.67551E-05
 0.99997E+00  0.99906E+00  0.43397E-05
 0.99998E+00  0.99906E+00  0.23582E-05
 0.10000E+01  0.99906E+00  0.73259E-06
 0.10000E+01  0.99906E+00  0.00000E+00
 0.00000E+00  0.99924E+00  0.00000E+00
 0.49709E-05  0.99924E+00  0.62094E-06
 0.16001E-04  0.99924E+00  0.19988E-05
 0.29447E-04  0.99924E+00  0.36783E-05
 0.45836E-04  0.99924E+00  0.57255E-05
 0.65814E-04  0.99924E+00  0.82210E-05
 0.90165E-04  0.99924E+00  0.11263E-04
 0.11985E-03  0.99924E+00  0.14971E-04
 0.15603E-03  0.99924E+00  0.19490E-04
 0.20013E-03  0.99924E+00  0.24999E-04
 0.25388E-03  0.99924E+00  0.31713E-04
 0.31939E-03  0.99924E+00  0.39897E-04
 0.39924E-03  0.99924E+00  0.49871E-04
 0.49656E-03  0.99924E+00  0.62028E-04
 0.61516E-03  0.99924E+00  0.76844E-04
 0.75970E-03  0.99924E+00  0.94900E-04
 0.93583E-03  0.99924E+00  0.11690E-03
 0.11504E-02  0.99924E+00  0.14372E-03
 0.14119E-02  0.99924E+00  0.17639E-03
 0.17305E-02  0.99924E+00  0.21621E-03
 0.21186E-02  0.99924E+00  0.26472E-03
 0.25912E-02  0.99924E+00  0.32382E-03
 0.31667E-02  0.99924E+00  0.39582E-03
 0.38673E-02  0.99924E+00  0.48355E-03
 0.47200E-02  0.99924E+00  0.59043E-03
 0.57574E-02  0.99924E+00  0.72067E-03
 0.70191E-02  0.99924E+00  0.87940E-03
 0.85527E-02  0.99924E+00  0.10729E-02
 0.10416E-01  0.99924E+00  0.13088E-02
 0.12677E-01  0.99924E+00  0.15964E-02
 0.15420E-01  0.99924E+00  0.19470E-02
 0.18742E-01  0.99924E+00  0.23740E-02
 0.22762E-01  0.99924E+00  0.28929E-02
 0.27617E-01  0.99924E+00  0.35211E-02
 0.33469E-01  0.99924E+00  0.42768E-02
 0.40509E-01  0.99924E+00  0.51776E-02
 0.48950E-01  0.99924E+00  0.62384E-02
 0.59040E-01  0.99924E+00  0.74690E-02
 0.71052E-01  0.99924E+00  0.88713E-02
 0.85282E-01  0.99924E+00  0.10438E-01
 0.10204E+00  0.99924E+00  0.12149E-01
 0.12166E+00  0.99924E+00  0.13977E-01
 0.14443E+00  0.99924E+00  0.15884E-01
 0.17063E+00  0.99924E+00  0.17822E-01
 0.20047E+00  0.99924E+00  0.19743E-01
 0.23404E+00  0.99924E+00  0.21589E-01
 0.27131E+00  0.99924E+00  0.23302E-01
 0.31210E+00  0.99924E+00  0.24823E-01
 0.35601E+00  0.99924E+00  0.26097E-01
 0.40249E+00  0.99924E+00  0.27076E-01
 0.45077E+00  0.99924E+00  0.27722E-01
 0.50000E+00  0.99924E+00  0.28013E-01
 0.54923E+00  0.99924E+00  0.27939E-01
 0.59751E+00  0.99924E+00  0.27505E-01
 0.64399E+00  0.99924E+00  0.26729E-01
 0.68790E+00  0.99924E+00  0.25645E-01
 0.72869E+00  0.99924E+00  0.24294E-01
 0.76596E+00  0.99924E+00  0.22727E-01
 0.79953E+00  0.99924E+00  0.20997E-01
 0.82937E+00  0.99924E+00  0.19161E-01
 0.85557E+00  0.99924E+00  0.17269E-01
 0.87834E+00  0.99924E+00  0.15371E-01
 0.89796E+00  0.99924E+00  0.13512E-01
 0.91472E+00  0.99924E+00  0.11733E-01
 0.92895E+00  0.99924E+00  0.10069E-01
 0.94096E+00  0.99924E+00  0.85500E-02
 0.95105E+00  0.99924E+00  0.71932E-02
 0.95949E+00  0.99924E+00  0.60057E-02
 0.96653E+00  0.99924E+00  0.49846E-02
 0.97238E+00  0.99924E+00  0.41191E-02
 0.97724E+00  0.99924E+00  0.33935E-02
 0.98126E+00  0.99924E+00  0.27902E-02
 0.98458E+00  0.99924E+00  0.22914E-02
 0.98732E+00  0.99924E+00  0.18805E-02
 0.98958E+00  0.99924E+00  0.15425E-02
 0.99145E+00  0.99924E+00  0.12650E-02
 0.99298E+00  0.99924E+00  0.10371E-02
 0.99424E+00  0.99924E+00  0.85001E-03
 0.99528E+00  0.99924E+00  0.69645E-03
 0.99613E+00  0.99924E+00  0.57040E-03
 0.99683E+00  0.99924E+00  0.46694E-03
 0.99741E+00  0.99924E+00  0.38200E-03
 0.99788E+00  0.99924E+00  0.31229E-03
 0.99827E+00  0.99924E+00  0.25506E-03
 0.99859E+00  0.99924E+00  0.20809E-03
 0.99885E+00  0.99924E+00  0.16955E-03
 0.99906E+00  0.99924E+00  0.13792E-03
 0.99924E+00  0.99924E+00  0.11196E-03
 0.99938E+00  0.99924E+00  0.90655E-04
 0.99950E+00  0.99924E+00  0.73176E-04
 0.99960E+00  0.99924E+00  0.58834E-04
 0.99968E+00  0.99924E+00  0.47067E-04
 0.99975E+00  0.99924E+00  0.37413E-04
 0.99980E+00  0.99924E+00  0.29492E-04
 0.99984E+00  0.99924E+00  0.22993E-04
 0.99988E+00  0.99924E+00  0.17661E-04
 0.99991E+00  0.99924E+00  0.13287E-04
 0.99993E+00  0.99924E+00  0.96986E-05
 0.99995E+00  0.99924E+00  0.67546E-05
 0.99997E+00  0.99924E+00  0.43394E-05
 0.99998E+00  0.99924E+00  0.23580E-05
 0.10000E+01  0.99924E+00  0.73254E-06
 0.10000E+01  0.99924E+00  0.00000E+00
 0.00000E+00  0.99938E+00  0.00000E+00
 0.49709E-05  0.99938E+00  0.62092E-06
 0.16001E-04  0.99938E+00  0.19987E-05
 0.29447E-04  0.99938E+00  0.36782E-05
 0.45836E-04  0.99938E+00  0.57253E-05
 0.65814E-04  0.99938E+00  0.82207E-05
 0.90165E-04  0.99938E+00  0.11262E-04
 0.11985E-03  0.99938E+00  0.14970E-04
 0.15603E-03  0.99938E+00  0.19489E-04
 0.20013E-03  0.99938E+00  0.24998E-04
 0.25388E-03  0.99938E+00  0.31712E-04
 0.31939E-03  0.99938E+00  0.39895E-04
 0.39924E-03  0.99938E+00  0.49869E-04
 0.49656E-03  0.99938E+00  0.62026E-04
 0.61516E-03  0.99938E+00  0.76841E-04
 0.75970E-03  0.99938E+00  0.94897E-04
 0.93583E-03  0.99938E+00  0.11690E-03
 0.11504E-02  0.99938E+00  0.14371E-03
 0.14119E-02  0.99938E+00  0.17639E-03
 0.17305E-02  0.99938E+00  0.21620E-03
 0.21186E-02  0.99938E+00  0.26471E-03
 0.25912E-02  0.99938E+00  0.32381E-03
 0.31667E-02  0.99938E+00  0.39581E-03
 0.38673E-02  0.99938E+00  0.48353E-03
 0.47200E-02  0.99938E+00  0.59041E-03
 0.57574E-02  0.99938E+00  0.72064E-03
 0.70191E-02  0.99938E+00  0.87936E-03
 0.85527E-02  0.99938E+00  0.10728E-02
 0.10416E-01  0.99938E+00  0.13087E-02
 0.12677E-01  0.99938E+00  0.15963E-02
 0.15420E-01  0.99938E+00  0.19469E-02
 0.18742E-01  0.99938E+00  0.23738E-02
 0.22762E-01  0.99938E+00  0.28927E-02
 0.27617E-01  0.99938E+00  0.35209E-02
 0.33469E-01  0.99938E+00  0.42765E-02
 0.40509E-01  0.99938E+00  0.51772E-02
 0.48950E-01  0.99938E+00  0.62380E-02
 0.59040E-01  0.99938E+00  0.74684E-02
 0.71052E-01  0.99938E+00  0.88706E-02
 0.85282E-01  0.99938E+00  0.10437E-01
 0.10204E+00  0.99938E+00  0.12148E-01
 0.12166E+00  0.99938E+00  0.13976E-01
 0.14443E+00  0.99938E+00  0.15882E-01
 0.17063E+00  0.99938E+00  0.17821E-01
 0.20047E+00  0.99938E+00  0.19741E-01
 0.23404E+00  0.99938E+00  0.21587E-01
 0.27131E+00  0.99938E+00  0.23300E-01
 0.31210E+00  0.99938E+00  0.24821E-01
 0.35601E+00  0.99938E+00  0.26095E-01
 0.40249E+00  0.99938E+00  0.27073E-01
 0.45077E+00  0.99938E+00  0.27720E-01
 0.50000E+00  0.99938E+00  0.28011E-01
 0.54923E+00  0.99938E+00  0.27937E-01
 0.59751E+00  0.99938E+00  0.27502E-01
 0.64399E+00  0.99938E+00  0.26727E-01
 0.68790E+00  0.99938E+00  0.25643E-01
 0.72869E+00  0.99938E+00  0.24292E-01
 0.76596E+00  0.99938E+00  0.22725E-01
 0.79953E+00  0.99938E+00  0.20996E-01
 0.82937E+00  0.99938E+00  0.19159E-01
 0.85557E+00  0.99938E+00  0.17268E-01
 0.87834E+00  0.99938E+00  0.15370E-01
 0.89796E+00  0.99938E+00  0.13511E-01
 0.91472E+00  0.99938E+00  0.11732E-01
 0.92895E+00  0.99938E+00  0.10068E-01
 0.94096E+00  0.99938E+00  0.85492E-02
 0.95105E+00  0.99938E+00  0.71925E-02
 0.95949E+00  0.99938E+00  0.60052E-02
 0.96653E+00  0.99938E+00  0.49842E-02
 0.97238E+00  0.99938E+00  0.41187E-02
 0.97724E+00  0.99938E+00  0.33932E-02
 0.98126E+00  0.99938E+00  0.27900E-02
 0.98458E+00  0.99938E+00  0.22913E-02
 0.98732E+00  0.99938E+00  0.18803E-02
 0.98958E+00  0.99938E+00  0.15424E-02
 0.99145E+00  0.99938E+00  0.12649E-02
 0.99298E+00  0.99938E+00  0.10370E-02
 0.99424E+00  0.99938E+00  0.84996E-03
 0.99528E+00  0.99938E+00  0.69641E-03
 0.99613E+00  0.99938E+00  0.57037E-03
 0.99683E+00  0.99938E+00  0.46691E-03
 0.99741E+00  0.99938E+00  0.38198E-03
 0.99788E+00  0.99938E+00  0.31227E-03
 0.99827E+00  0.99938E+00  0.25505E-03
 0.99859E+00  0.99938E+00  0.20808E-03
 0.99885E+00  0.99938E+00  0.16954E-03
 0.99906E+00  0.99938E+00  0.13791E-03
 0.99924E+00  0.99938E+00  0.11195E-03
 0.99938E+00  0.99938E+00  0.90651E-04
 0.99950E+00  0.99938E+00  0.73173E-04
 0.99960E+00  0.99938E+00  0.58832E-04
 0.99968E+00  0.99938E+00  0.47065E-04
 0.99975E+00  0.99938E+00  0.37411E-04
 0.99980E+00  0.99938E+00  0.29490E-04
 0.99984E+00  0.99938E+00  0.22992E-04
 0.99988E+00  0.99938E+00  0.17660E-04
 0.99991E+00  0.99938E+00  0.13286E-04
 0.99993E+00  0.99938E+00  0.96981E-05
 0.99995E+00  0.99938E+00  0.67543E-05
 0.99997E+00  0.99938E+00  0.43392E-05
 0.99998E+00  0.99938E+00  0.23579E-05
 0.10000E+01  0.99938E+00  0.73250E-06
 0.10000E+01  0.99938E+00  0.00000E+00
 0.00000E+00  0.99950E+00  0.00000E+00
 0.49709E-05  0.99950E+00  0.62090E-06
 0.16001E-04  0.99950E+00  0.19987E-05
 0.29447E-04  0.99950E+00  0.36781E-05
 0.45836E-04  0.99950E+00  0.57252E-05
 0.65814E-04  0.99950E+00  0.82206E-05
 0.90165E-04  0.99950E+00  0.11262E-04
 0.11985E-03  0.99950E+00  0.14970E-04
 0.15603E-03  0.99950E+00  0.19489E-04
 0.20013E-03  0.99950E+00  0.24997E-04
 0.25388E-03  0.99950E+00  0.31711E-04
 0.31939E-03  0.99950E+00  0.39894E-04
 0.39924E-03  0.99950E+00  0.49868E-04
 0.49656E-03  0.99950E+00  0.62025E-04
 0.61516E-03  0.99950E+00  0.76840E-04
 0.75970E-03  0.99950E+00  0.94895E-04
 0.93583E-03  0.99950E+00  0.11690E-03
 0.11504E-02  0.99950E+00  0.14371E-03
 0.14119E-02  0.99950E+00  0.17638E-03
 0.17305E-02  0.99950E+00  0.21619E-03
 0.21186E-02  0.99950E+00  0.26470E-03
 0.25912E-02  0.99950E+00  0.32380E-03
 0.31667E-02  0.99950E+00  0.39580E-03
 0.38673E-02  0.99950E+00  0.48352E-03
 0.47200E-02  0.99950E+00  0.59039E-03
 0.57574E-02  0.99950E+00  0.72062E-03
 0.70191E-02  0.99950E+00  0.87933E-03
 0.85527E-02  0.99950E+00  0.10728E-02
 0.10416E-01  0.99950E+00  0.13086E-02
 0.12677E-01  0.99950E+00  0.15962E-02
 0.15420E-01  0.99950E+00  0.19468E-02
 0.18742E-01  0.99950E+00  0.23737E-02
 0.22762E-01  0.99950E+00  0.28926E-02
 0.27617E-01  0.99950E+00  0.35207E-02
 0.33469E-01  0.99950E+00  0.42763E-02
 0.40509E-01  0.99950E+00  0.51770E-02
 0.48950E-01  0.99950E+00  0.62376E-02
 0.59040E-01  0.99950E+00  0.74680E-02
 0.71052E-01  0.99950E+00  0.88701E-02
 0.85282E-01  0.99950E+00  0.10436E-01
 0.10204E+00  0.99950E+00  0.12148E-01
 0.12166E+00  0.99950E+00  0.13976E-01
 0.14443E+00  0.99950E+00  0.15881E-01
 0.17063E+00  0.99950E+00  0.17820E-01
 0.20047E+00  0.99950E+00  0.19740E-01
 0.23404E+00  0.99950E+00  0.21586E-01
 0.27131E+00  0.99950E+00  0.23298E-01
 0.31210E+00  0.99950E+00  0.24819E-01
 0.35601E+00  0.99950E+00  0.26093E-01
 0.40249E+00  0.99950E+00  0.27072E-01
 0.45077E+00  0.99950E+00  0.27719E-01
 0.50000E+00  0.99950E+00  0.28010E-01
 0.54923E+00  0.99950E+00  0.27935E-01
 0.59751E+00  0.99950E+00  0.27501E-01
 0.64399E+00  0.99950E+00  0.26725E-01
 0.68790E+00  0.99950E+00  0.25641E-01
 0.72869E+00  0.99950E+00  0.24290E-01
 0.76596E+00  0.99950E+00  0.22723E-01
 0.79953E+00  0.99950E+00  0.20994E-01
 0.82937E+00  0.99950E+00  0.19158E-01
 0.85557E+00  0.99950E+00  0.17267E-01
 0.87834E+00  0.99950E+00  0.15369E-01
 0.89796E+00  0.99950E+00  0.13510E-01
 0.91472E+00  0.99950E+00  0.11731E-01
 0.92895E+00  0.99950E+00  0.10068E-01
 0.94096E+00  0.99950E+00  0.85487E-02
 0.95105E+00  0.99950E+00  0.71921E-02
 0.95949E+00  0.99950E+00  0.60048E-02
 0.96653E+00  0.99950E+00  0.49839E-02
 0.97238E+00  0.99950E+00  0.41185E-02
 0.97724E+00  0.99950E+00  0.33930E-02
 0.98126E+00  0.99950E+00  0.27899E-02
 0.98458E+00  0.99950E+00  0.22911E-02
 0.98732E+00  0.99950E+00  0.18802E-02
 0.98958E+00  0.99950E+00  0.15424E-02
 0.99145E+00  0.99950E+00  0.12648E-02
 0.99298E+00  0.99950E+00  0.10370E-02
 0.99424E+00  0.99950E+00  0.84992E-03
 0.99528E+00  0.99950E+00  0.69639E-03
 0.99613E+00  0.99950E+00  0.57035E-03
 0.99683E+00  0.99950E+00  0.46689E-03
 0.99741E+00  0.99950E+00  0.38197E-03
 0.99788E+00  0.99950E+00  0.31226E-03
 0.99827E+00  0.99950E+00  0.25504E-03
 0.99859E+00  0.99950E+00  0.20808E-03
 0.99885E+00  0.99950E+00  0.16953E-03
 0.99906E+00  0.99950E+00  0.13790E-03
 0.99924E+00  0.99950E+00  0.11195E-03
 0.99938E+00  0.99950E+00  0.90648E-04
 0.99950E+00  0.99950E+00  0.73170E-04
 0.99960E+00  0.99950E+00  0.58830E-04
 0.99968E+00  0.99950E+00  0.47063E-04
 0.99975E+00  0.99950E+00  0.37410E-04
 0.99980E+00  0.99950E+00  0.29489E-04
 0.99984E+00  0.99950E+00  0.22991E-04
 0.99988E+00  0.99950E+00  0.17660E-04
 0.99991E+00  0.99950E+00  0.13286E-04
 0.99993E+00  0.99950E+00  0.96978E-05
 0.99995E+00  0.99950E+00  0.67540E-05
 0.99997E+00  0.99950E+00  0.43390E-05
 0.99998E+00  0.99950E+00  0.23578E-05
 0.10000E+01  0.99950E+00  0.73248E-06
 0.10000E+01  0.99950E+00  0.00000E+00
 0.00000E+00  0.99960E+00  0.00000E+00
 0.49709E-05  0.99960E+00  0.62089E-06
 0.16001E-04  0.99960E+00  0.19986E-05
 0.29447E-04  0.99960E+00  0.36780E-05
 0.45836E-04  0.99960E+00  0.57251E-05
 0.65814E-04  0.99960E+00  0.82204E-05
 0.90165E-04  0.99960E+00  0.11262E-04
 0.11985E-03  0.99960E+00  0.14970E-04
 0.15603E-03  0.99960E+00  0.19489E-04
 0.20013E-03  0.99960E+00  0.24997E-04
 0.25388E-03  0.99960E+00  0.31711E-04
 0.31939E-03  0.99960E+00  0.39894E-04
 0.39924E-03  0.99960E+00  0.49868E-04
 0.49656E-03  0.99960E+00  0.62024E-04
 0.61516E-03  0.99960E+00  0.76839E-04
 0.75970E-03  0.99960E+00  0.94894E-04
 0.93583E-03  0.99960E+00  0.11690E-03
 0.11504E-02  0.99960E+00  0.14371E-03
 0.14119E-02  0.99960E+00  0.17638E-03
 0.17305E-02  0.99960E+00  0.21619E-03
 0.21186E-02  0.99960E+00  0.26470E-03
 0.25912E-02  0.99960E+00  0.32379E-03
 0.31667E-02  0.99960E+00  0.39579E-03
 0.38673E-02  0.99960E+00  0.48351E-03
 0.47200E-02  0.99960E+00  0.59038E-03
 0.57574E-02  0.99960E+00  0.72061E-03
 0.70191E-02  0.99960E+00  0.87932E-03
 0.85527E-02  0.99960E+00  0.10728E-02
 0.10416E-01  0.99960E+00  0.13086E-02
 0.12677E-01  0.99960E+00  0.15962E-02
 0.15420E-01  0.99960E+00  0.19467E-02
 0.18742E-01  0.99960E+00  0.23737E-02
 0.22762E-01  0.99960E+00  0.28925E-02
 0.27617E-01  0.99960E+00  0.35206E-02
 0.33469E-01  0.99960E+00  0.42762E-02
 0.40509E-01  0.99960E+00  0.51768E-02
 0.48950E-01  0.99960E+00  0.62374E-02
 0.59040E-01  0.99960E+00  0.74678E-02
 0.71052E-01  0.99960E+00  0.88698E-02
 0.85282E-01  0.99960E+00  0.10436E-01
 0.10204E+00  0.99960E+00  0.12147E-01
 0.12166E+00  0.99960E+00  0.13975E-01
 0.14443E+00  0.99960E+00  0.15881E-01
 0.17063E+00  0.99960E+00  0.17819E-01
 0.20047E+00  0.99960E+00  0.19739E-01
 0.23404E+00  0.99960E+00  0.21585E-01
 0.27131E+00  0.99960E+00  0.23298E-01
 0.31210E+00  0.99960E+00  0.24819E-01
 0.35601E+00  0.99960E+00  0.26092E-01
 0.40249E+00  0.99960E+00  0.27071E-01
 0.45077E+00  0.99960E+00  0.27718E-01
 0.50000E+00  0.99960E+00  0.28009E-01
 0.54923E+00  0.99960E+00  0.27934E-01
 0.59751E+00  0.99960E+00  0.27500E-01
 0.64399E+00  0.99960E+00  0.26725E-01
 0.68790E+00  0.99960E+00  0.25640E-01
 0.72869E+00  0.99960E+00  0.24290E-01
 0.76596E+00  0.99960E+00  0.22723E-01
 0.79953E+00  0.99960E+00  0.20994E-01
 0.82937E+00  0.99960E+00  0.19157E-01
 0.85557E+00  0.99960E+00  0.17266E-01
 0.87834E+00  0.99960E+00  0.15368E-01
 0.89796E+00  0.99960E+00  0.13510E-01
 0.91472E+00  0.99960E+00  0.11731E-01
 0.92895E+00  0.99960E+00  0.10067E-01
 0.94096E+00  0.99960E+00  0.85484E-02
 0.95105E+00  0.99960E+00  0.71918E-02
 0.95949E+00  0.99960E+00  0.60046E-02
 0.96653E+00  0.99960E+00  0.49837E-02
 0.97238E+00  0.99960E+00  0.41183E-02
 0.97724E+00  0.99960E+00  0.33929E-02
 0.98126E+00  0.99960E+00  0.27898E-02
 0.98458E+00  0.99960E+00  0.22911E-02
 0.98732E+00  0.99960E+00  0.18802E-02
 0.98958E+00  0.99960E+00  0.15423E-02
 0.99145E+00  0.99960E+00  0.12648E-02
 0.99298E+00  0.99960E+00  0.10369E-02
 0.99424E+00  0.99960E+00  0.84990E-03
 0.99528E+00  0.99960E+00  0.69637E-03
 0.99613E+00  0.99960E+00  0.57034E-03
 0.99683E+00  0.99960E+00  0.46688E-03
 0.99741E+00  0.99960E+00  0.38196E-03
 0.99788E+00  0.99960E+00  0.31225E-03
 0.99827E+00  0.99960E+00  0.25503E-03
 0.99859E+00  0.99960E+00  0.20807E-03
 0.99885E+00  0.99960E+00  0.16953E-03
 0.99906E+00  0.99960E+00  0.13790E-03
 0.99924E+00  0.99960E+00  0.11194E-03
 0.99938E+00  0.99960E+00  0.90646E-04
 0.99950E+00  0.99960E+00  0.73169E-04
 0.99960E+00  0.99960E+00  0.58828E-04
 0.99968E+00  0.99960E+00  0.47062E-04
 0.99975E+00  0.99960E+00  0.37409E-04
 0.99980E+00  0.99960E+00  0.29489E-04
 0.99984E+00  0.99960E+00  0.22991E-04
 0.99988E+00  0.99960E+00  0.17659E-04
 0.99991E+00  0.99960E+00  0.13286E-04
 0.99993E+00  0.99960E+00  0.96976E-05
 0.99995E+00  0.99960E+00  0.67539E-05
 0.99997E+00  0.99960E+00  0.43389E-05
 0.99998E+00  0.99960E+00  0.23578E-05
 0.10000E+01  0.99960E+00  0.73246E-06
 0.10000E+01  0.99960E+00  0.00000E+00
 0.00000E+00  0.99968E+00  0.00000E+00
 0.49709E-05  0.99968E+00  0.62089E-06
 0.16001E-04  0.99968E+00  0.19986E-05
 0.29447E-04  0.99968E+00  0.36780E-05
 0.45836E-04  0.99968E+00  0.57251E-05
 0.65814E-04  0.99968E+00  0.82204E-05
 0.90165E-04  0.99968E+00  0.11262E-04
 0.11985E-03  0.99968E+00  0.14969E-04
 0.15603E-03  0.99968E+00  0.19488E-04
 0.20013E-03  0.99968E+00  0.24997E-04
 0.25388E-03  0.99968E+00  0.31710E-04
 0.31939E-03  0.99968E+00  0.39894E-04
 0.39924E-03  0.99968E+00  0.49867E-04
 0.49656E-03  0.99968E+00  0.62023E-04
 0.61516E-03  0.99968E+00  0.76838E-04
 0.75970E-03  0.99968E+00  0.94893E-04
 0.93583E-03  0.99968E+00  0.11690E-03
 0.11504E-02  0.99968E+00  0.14371E-03
 0.14119E-02  0.99968E+00  0.17638E-03
 0.17305E-02  0.99968E+00  0.21619E-03
 0.21186E-02  0.99968E+00  0.26469E-03
 0.25912E-02  0.99968E+00  0.32379E-03
 0.31667E-02  0.99968E+00  0.39579E-03
 0.38673E-02  0.99968E+00  0.48350E-03
 0.47200E-02  0.99968E+00  0.59038E-03
 0.57574E-02  0.99968E+00  0.72060E-03
 0.70191E-02  0.99968E+00  0.87930E-03
 0.85527E-02  0.99968E+00  0.10728E-02
 0.10416E-01  0.99968E+00  0.13086E-02
 0.12677E-01  0.99968E+00  0.15962E-02
 0.15420E-01  0.99968E+00  0.19467E-02
 0.18742E-01  0.99968E+00  0.23736E-02
 0.22762E-01  0.99968E+00  0.28925E-02
 0.27617E-01  0.99968E+00  0.35205E-02
 0.33469E-01  0.99968E+00  0.42761E-02
 0.40509E-01  0.99968E+00  0.51767E-02
 0.48950E-01  0.99968E+00  0.62373E-02
 0.59040E-01  0.99968E+00  0.74676E-02
 0.71052E-01  0.99968E+00  0.88696E-02
 0.85282E-01  0.99968E+00  0.10436E-01
 0.10204E+00  0.99968E+00  0.12147E-01
 0.12166E+00  0.99968E+00  0.13975E-01
 0.14443E+00  0.99968E+00  0.15881E-01
 0.17063E+00  0.99968E+00  0.17819E-01
 0.20047E+00  0.99968E+00  0.19739E-01
 0.23404E+00  0.99968E+00  0.21584E-01
 0.27131E+00  0.99968E+00  0.23297E-01
 0.31210E+00  0.99968E+00  0.24818E-01
 0.35601E+00  0.99968E+00  0.26092E-01
 0.40249E+00  0.99968E+00  0.27070E-01
 0.45077E+00  0.99968E+00  0.27717E-01
 0.50000E+00  0.99968E+00  0.28008E-01
 0.54923E+00  0.99968E+00  0.27934E-01
 0.59751E+00  0.99968E+00  0.27499E-01
 0.64399E+00  0.99968E+00  0.26724E-01
 0.68790E+00  0.99968E+00  0.25640E-01
 0.72869E+00  0.99968E+00  0.24289E-01
 0.76596E+00  0.99968E+00  0.22722E-01
 0.79953E+00  0.99968E+00  0.20993E-01
 0.82937E+00  0.99968E+00  0.19157E-01
 0.85557E+00  0.99968E+00  0.17266E-01
 0.87834E+00  0.99968E+00  0.15368E-01
 0.89796E+00  0.99968E+00  0.13509E-01
 0.91472E+00  0.99968E+00  0.11730E-01
 0.92895E+00  0.99968E+00  0.10067E-01
 0.94096E+00  0.99968E+00  0.85482E-02
 0.95105E+00  0.99968E+00  0.71916E-02
 0.95949E+00  0.99968E+00  0.60044E-02
 0.96653E+00  0.99968E+00  0.49836E-02
 0.97238E+00  0.99968E+00  0.41182E-02
 0.97724E+00  0.99968E+00  0.33928E-02
 0.98126E+00  0.99968E+00  0.27897E-02
 0.98458E+00  0.99968E+00  0.22910E-02
 0.98732E+00  0.99968E+00  0.18801E-02
 0.98958E+00  0.99968E+00  0.15423E-02
 0.99145E+00  0.99968E+00  0.12648E-02
 0.99298E+00  0.99968E+00  0.10369E-02
 0.99424E+00  0.99968E+00  0.84989E-03
 0.99528E+00  0.99968E+00  0.69636E-03
 0.99613E+00  0.99968E+00  0.57033E-03
 0.99683E+00  0.99968E+00  0.46688E-03
 0.99741E+00  0.99968E+00  0.38195E-03
 0.99788E+00  0.99968E+00  0.31225E-03
 0.99827E+00  0.99968E+00  0.25503E-03
 0.99859E+00  0.99968E+00  0.20807E-03
 0.99885E+00  0.99968E+00  0.16953E-03
 0.99906E+00  0.99968E+00  0.13790E-03
 0.99924E+00  0.99968E+00  0.11194E-03
 0.99938E+00  0.99968E+00  0.90644E-04
 0.99950E+00  0.99968E+00  0.73168E-04
 0.99960E+00  0.99968E+00  0.58828E-04
 0.99968E+00  0.99968E+00  0.47062E-04
 0.99975E+00  0.99968E+00  0.37408E-04
 0.99980E+00  0.99968E+00  0.29488E-04
 0.99984E+00  0.99968E+00  0.22990E-04
 0.99988E+00  0.99968E+00  0.17659E-04
 0.99991E+00  0.99968E+00  0.13286E-04
 0.99993E+00  0.99968E+00  0.96974E-05
 0.99995E+00  0.99968E+00  0.67538E-05
 0.99997E+00  0.99968E+00  0.43389E-05
 0.99998E+00  0.99968E+00  0.23577E-05
 0.10000E+01  0.99968E+00  0.73245E-06
 0.10000E+01  0.99968E+00  0.00000E+00
 0.00000E+00  0.99975E+00  0.00000E+00
 0.49709E-05  0.99975E+00  0.62088E-06
 0.16001E-04  0.99975E+00  0.19986E-05
 0.29447E-04  0.99975E+00  0.36780E-05
 0.45836E-04  0.99975E+00  0.57250E-05
 0.65814E-04  0.99975E+00  0.82203E-05
 0.90165E-04  0.99975E+00  0.11262E-04
 0.11985E-03  0.99975E+00  0.14969E-04
 0.15603E-03  0.99975E+00  0.19488E-04
 0.20013E-03  0.99975E+00  0.24996E-04
 0.25388E-03  0.99975E+00  0.31710E-04
 0.31939E-03  0.99975E+00  0.39893E-04
 0.39924E-03  0.99975E+00  0.49867E-04
 0.49656E-03  0.99975E+00  0.62023E-04
 0.61516E-03  0.99975E+00  0.76837E-04
 0.75970E-03  0.99975E+00  0.94892E-04
 0.93583E-03  0.99975E+00  0.11689E-03
 0.11504E-02  0.99975E+00  0.14371E-03
 0.14119E-02  0.99975E+00  0.17638E-03
 0.17305E-02  0.99975E+00  0.21619E-03
 0.21186E-02  0.99975E+00  0.26469E-03
 0.25912E-02  0.99975E+00  0.32379E-03
 0.31667E-02  0.99975E+00  0.39578E-03
 0.38673E-02  0.99975E+00  0.48350E-03
 0.47200E-02  0.99975E+00  0.59037E-03
 0.57574E-02  0.99975E+00  0.72060E-03
 0.70191E-02  0.99975E+00  0.87930E-03
 0.85527E-02  0.99975E+00  0.10727E-02
 0.10416E-01  0.99975E+00  0.13086E-02
 0.12677E-01  0.99975E+00  0.15962E-02
 0.15420E-01  0.99975E+00  0.19467E-02
 0.18742E-01  0.99975E+00  0.23736E-02
 0.22762E-01  0.99975E+00  0.28924E-02
 0.27617E-01  0.99975E+00  0.35205E-02
 0.33469E-01  0.99975E+00  0.42760E-02
 0.40509E-01  0.99975E+00  0.51766E-02
 0.48950E-01  0.99975E+00  0.62372E-02
 0.59040E-01  0.99975E+00  0.74675E-02
 0.71052E-01  0.99975E+00  0.88695E-02
 0.85282E-01  0.99975E+00  0.10436E-01
 0.10204E+00  0.99975E+00  0.12147E-01
 0.12166E+00  0.99975E+00  0.13975E-01
 0.14443E+00  0.99975E+00  0.15880E-01
 0.17063E+00  0.99975E+00  0.17819E-01
 0.20047E+00  0.99975E+00  0.19738E-01
 0.23404E+00  0.99975E+00  0.21584E-01
 0.27131E+00  0.99975E+00  0.23297E-01
 0.31210E+00  0.99975E+00  0.24818E-01
 0.35601E+00  0.99975E+00  0.26091E-01
 0.40249E+00  0.99975E+00  0.27070E-01
 0.45077E+00  0.99975E+00  0.27717E-01
 0.50000E+00  0.99975E+00  0.28008E-01
 0.54923E+00  0.99975E+00  0.27933E-01
 0.59751E+00  0.99975E+00  0.27499E-01
 0.64399E+00  0.99975E+00  0.26723E-01
 0.68790E+00  0.99975E+00  0.25639E-01
 0.72869E+00  0.99975E+00  0.24289E-01
 0.76596E+00  0.99975E+00  0.22722E-01
 0.79953E+00  0.99975E+00  0.20993E-01
 0.82937E+00  0.99975E+00  0.19156E-01
 0.85557E+00  0.99975E+00  0.17265E-01
 0.87834E+00  0.99975E+00  0.15368E-01
 0.89796E+00  0.99975E+00  0.13509E-01
 0.91472E+00  0.99975E+00  0.11730E-01
 0.92895E+00  0.99975E+00  0.10067E-01
 0.94096E+00  0.99975E+00  0.85480E-02
 0.95105E+00  0.99975E+00  0.71915E-02
 0.95949E+00  0.99975E+00  0.60043E-02
 0.96653E+00  0.99975E+00  0.49835E-02
 0.97238E+00  0.99975E+00  0.41181E-02
 0.97724E+00  0.99975E+00  0.33928E-02
 0.98126E+00  0.99975E+00  0.27896E-02
 0.98458E+00  0.99975E+00  0.22910E-02
 0.98732E+00  0.99975E+00  0.18801E-02
 0.98958E+00  0.99975E+00  0.15423E-02
 0.99145E+00  0.99975E+00  0.12647E-02
 0.99298E+00  0.99975E+00  0.10369E-02
 0.99424E+00  0.99975E+00  0.84988E-03
 0.99528E+00  0.99975E+00  0.69635E-03
 0.99613E+00  0.99975E+00  0.57032E-03
 0.99683E+00  0.99975E+00  0.46687E-03
 0.99741E+00  0.99975E+00  0.38195E-03
 0.99788E+00  0.99975E+00  0.31224E-03
 0.99827E+00  0.99975E+00  0.25503E-03
 0.99859E+00  0.99975E+00  0.20807E-03
 0.99885E+00  0.99975E+00  0.16953E-03
 0.99906E+00  0.99975E+00  0.13790E-03
 0.99924E+00  0.99975E+00  0.11194E-03
 0.99938E+00  0.99975E+00  0.90643E-04
 0.99950E+00  0.99975E+00  0.73167E-04
 0.99960E+00  0.99975E+00  0.58827E-04
 0.99968E+00  0.99975E+00  0.47061E-04
 0.99975E+00  0.99975E+00  0.37408E-04
 0.99980E+00  0.99975E+00  0.29488E-04
 0.99984E+00  0.99975E+00  0.22990E-04
 0.99988E+00  0.99975E+00  0.17659E-04
 0.99991E+00  0.99975E+00  0.13285E-04
 0.99993E+00  0.99975E+00  0.96974E-05
 0.99995E+00  0.99975E+00  0.67537E-05
 0.99997E+00  0.99975E+00  0.43388E-05
 0.99998E+00  0.99975E+00  0.23577E-05
 0.10000E+01  0.99975E+00  0.73244E-06
 0.10000E+01  0.99975E+00  0.00000E+00
 0.00000E+00  0.99980E+00  0.00000E+00
 0.49709E-05  0.99980E+00  0.62088E-06
 0.16001E-04  0.99980E+00  0.19986E-05
 0.29447E-04  0.99980E+00  0.36780E-05
 0.45836E-04  0.99980E+00  0.57250E-05
 0.65814E-04  0.99980E+00  0.82203E-05
 0.90165E-04  0.99980E+00  0.11262E-04
 0.11985E-03  0.99980E+00  0.14969E-04
 0.15603E-03  0.99980E+00  0.19488E-04
 0.20013E-03  0.99980E+00  0.24996E-04
 0.25388E-03  0.99980E+00  0.31710E-04
 0.31939E-03  0.99980E+00  0.39893E-04
 0.39924E-03  0.99980E+00  0.49867E-04
 0.49656E-03  0.99980E+00  0.62022E-04
 0.61516E-03  0.99980E+00  0.76837E-04
 0.75970E-03  0.99980E+00  0.94892E-04
 0.93583E-03  0.99980E+00  0.11689E-03
 0.11504E-02  0.99980E+00  0.14371E-03
 0.14119E-02  0.99980E+00  0.17638E-03
 0.17305E-02  0.99980E+00  0.21619E-03
 0.21186E-02  0.99980E+00  0.26469E-03
 0.25912E-02  0.99980E+00  0.32379E-03
 0.31667E-02  0.99980E+00  0.39578E-03
 0.38673E-02  0.99980E+00  0.48350E-03
 0.47200E-02  0.99980E+00  0.59037E-03
 0.57574E-02  0.99980E+00  0.72059E-03
 0.70191E-02  0.99980E+00  0.87929E-03
 0.85527E-02  0.99980E+00  0.10727E-02
 0.10416E-01  0.99980E+00  0.13086E-02
 0.12677E-01  0.99980E+00  0.15961E-02
 0.15420E-01  0.99980E+00  0.19467E-02
 0.18742E-01  0.99980E+00  0.23736E-02
 0.22762E-01  0.99980E+00  0.28924E-02
 0.27617E-01  0.99980E+00  0.35205E-02
 0.33469E-01  0.99980E+00  0.42760E-02
 0.40509E-01  0.99980E+00  0.51766E-02
 0.48950E-01  0.99980E+00  0.62371E-02
 0.59040E-01  0.99980E+00  0.74674E-02
 0.71052E-01  0.99980E+00  0.88694E-02
 0.85282E-01  0.99980E+00  0.10435E-01
 0.10204E+00  0.99980E+00  0.12147E-01
 0.12166E+00  0.99980E+00  0.13974E-01
 0.14443E+00  0.99980E+00  0.15880E-01
 0.17063E+00  0.99980E+00  0.17818E-01
 0.20047E+00  0.99980E+00  0.19738E-01
 0.23404E+00  0.99980E+00  0.21584E-01
 0.27131E+00  0.99980E+00  0.23297E-01
 0.31210E+00  0.99980E+00  0.24817E-01
 0.35601E+00  0.99980E+00  0.26091E-01
 0.40249E+00  0.99980E+00  0.27070E-01
 0.45077E+00  0.99980E+00  0.27716E-01
 0.50000E+00  0.99980E+00  0.28007E-01
 0.54923E+00  0.99980E+00  0.27933E-01
 0.59751E+00  0.99980E+00  0.27498E-01
 0.64399E+00  0.99980E+00  0.26723E-01
 0.68790E+00  0.99980E+00  0.25639E-01
 0.72869E+00  0.99980E+00  0.24288E-01
 0.76596E+00  0.99980E+00  0.22721E-01
 0.79953E+00  0.99980E+00  0.20992E-01
 0.82937E+00  0.99980E+00  0.19156E-01
 0.85557E+00  0.99980E+00  0.17265E-01
 0.87834E+00  0.99980E+00  0.15368E-01
 0.89796E+00  0.99980E+00  0.13509E-01
 0.91472E+00  0.99980E+00  0.11730E-01
 0.92895E+00  0.99980E+00  0.10067E-01
 0.94096E+00  0.99980E+00  0.85479E-02
 0.95105E+00  0.99980E+00  0.71914E-02
 0.95949E+00  0.99980E+00  0.60043E-02
 0.96653E+00  0.99980E+00  0.49834E-02
 0.97238E+00  0.99980E+00  0.41181E-02
 0.97724E+00  0.99980E+00  0.33927E-02
 0.98126E+00  0.99980E+00  0.27896E-02
 0.98458E+00  0.99980E+00  0.22909E-02
 0.98732E+00  0.99980E+00  0.18801E-02
 0.98958E+00  0.99980E+00  0.15422E-02
 0.99145E+00  0.99980E+00  0.12647E-02
 0.99298E+00  0.99980E+00  0.10369E-02
 0.99424E+00  0.99980E+00  0.84987E-03
 0.99528E+00  0.99980E+00  0.69635E-03
 0.99613E+00  0.99980E+00  0.57032E-03
 0.99683E+00  0.99980E+00  0.46687E-03
 0.99741E+00  0.99980E+00  0.38195E-03
 0.99788E+00  0.99980E+00  0.31224E-03
 0.99827E+00  0.99980E+00  0.25503E-03
 0.99859E+00  0.99980E+00  0.20807E-03
 0.99885E+00  0.99980E+00  0.16953E-03
 0.99906E+00  0.99980E+00  0.13790E-03
 0.99924E+00  0.99980E+00  0.11194E-03
 0.99938E+00  0.99980E+00  0.90643E-04
 0.99950E+00  0.99980E+00  0.73166E-04
 0.99960E+00  0.99980E+00  0.58827E-04
 0.99968E+00  0.99980E+00  0.47061E-04
 0.99975E+00  0.99980E+00  0.37408E-04
 0.99980E+00  0.99980E+00  0.29488E-04
 0.99984E+00  0.99980E+00  0.22990E-04
 0.99988E+00  0.99980E+00  0.17659E-04
 0.99991E+00  0.99980E+00  0.13285E-04
 0.99993E+00  0.99980E+00  0.96973E-05
 0.99995E+00  0.99980E+00  0.67537E-05
 0.99997E+00  0.99980E+00  0.43388E-05
 0.99998E+00  0.99980E+00  0.23577E-05
 0.10000E+01  0.99980E+00  0.73244E-06
 0.10000E+01  0.99980E+00  0.00000E+00
 0.00000E+00  0.99984E+00  0.00000E+00
 0.49709E-05  0.99984E+00  0.62088E-06
 0.16001E-04  0.99984E+00  0.19986E-05
 0.29447E-04  0.99984E+00  0.36779E-05
 0.45836E-04  0.99984E+00  0.57250E-05
 0.65814E-04  0.99984E+00  0.82203E-05
 0.90165E-04  0.99984E+00  0.11262E-04
 0.11985E-03  0.99984E+00  0.14969E-04
 0.15603E-03  0.99984E+00  0.19488E-04
 0.20013E-03  0.99984E+00  0.24996E-04
 0.25388E-03  0.99984E+00  0.31710E-04
 0.31939E-03  0.99984E+00  0.39893E-04
 0.39924E-03  0.99984E+00  0.49867E-04
 0.49656E-03  0.99984E+00  0.62022E-04
 0.61516E-03  0.99984E+00  0.76837E-04
 0.75970E-03  0.99984E+00  0.94892E-04
 0.93583E-03  0.99984E+00  0.11689E-03
 0.11504E-02  0.99984E+00  0.14371E-03
 0.14119E-02  0.99984E+00  0.17638E-03
 0.17305E-02  0.99984E+00  0.21619E-03
 0.21186E-02  0.99984E+00  0.26469E-03
 0.25912E-02  0.99984E+00  0.32378E-03
 0.31667E-02  0.99984E+00  0.39578E-03
 0.38673E-02  0.99984E+00  0.48350E-03
 0.47200E-02  0.99984E+00  0.59037E-03
 0.57574E-02  0.99984E+00  0.72059E-03
 0.70191E-02  0.99984E+00  0.87929E-03
 0.85527E-02  0.99984E+00  0.10727E-02
 0.10416E-01  0.99984E+00  0.13086E-02
 0.12677E-01  0.99984E+00  0.15961E-02
 0.15420E-01  0.99984E+00  0.19467E-02
 0.18742E-01  0.99984E+00  0.23736E-02
 0.22762E-01  0.99984E+00  0.28924E-02
 0.27617E-01  0.99984E+00  0.35204E-02
 0.33469E-01  0.99984E+00  0.42760E-02
 0.40509E-01  0.99984E+00  0.51765E-02
 0.48950E-01  0.99984E+00  0.62371E-02
 0.59040E-01  0.99984E+00  0.74674E-02
 0.71052E-01  0.99984E+00  0.88694E-02
 0.85282E-01  0.99984E+00  0.10435E-01
 0.10204E+00  0.99984E+00  0.12147E-01
 0.12166E+00  0.99984E+00  0.13974E-01
 0.14443E+00  0.99984E+00  0.15880E-01
 0.17063E+00  0.99984E+00  0.17818E-01
 0.20047E+00  0.99984E+00  0.19738E-01
 0.23404E+00  0.99984E+00  0.21584E-01
 0.27131E+00  0.99984E+00  0.23296E-01
 0.31210E+00  0.99984E+00  0.24817E-01
 0.35601E+00  0.99984E+00  0.26091E-01
 0.40249E+00  0.99984E+00  0.27069E-01
 0.45077E+00  0.99984E+00  0.27716E-01
 0.50000E+00  0.99984E+00  0.28007E-01
 0.54923E+00  0.99984E+00  0.27933E-01
 0.59751E+00  0.99984E+00  0.27498E-01
 0.64399E+00  0.99984E+00  0.26723E-01
 0.68790E+00  0.99984E+00  0.25639E-01
 0.72869E+00  0.99984E+00  0.24288E-01
 0.76596E+00  0.99984E+00  0.22721E-01
 0.79953E+00  0.99984E+00  0.20992E-01
 0.82937E+00  0.99984E+00  0.19156E-01
 0.85557E+00  0.99984E+00  0.17265E-01
 0.87834E+00  0.99984E+00  0.15368E-01
 0.89796E+00  0.99984E+00  0.13509E-01
 0.91472E+00  0.99984E+00  0.11730E-01
 0.92895E+00  0.99984E+00  0.10067E-01
 0.94096E+00  0.99984E+00  0.85479E-02
 0.95105E+00  0.99984E+00  0.71913E-02
 0.95949E+00  0.99984E+00  0.60042E-02
 0.96653E+00  0.99984E+00  0.49834E-02
 0.97238E+00  0.99984E+00  0.41181E-02
 0.97724E+00  0.99984E+00  0.33927E-02
 0.98126E+00  0.99984E+00  0.27896E-02
 0.98458E+00  0.99984E+00  0.22909E-02
 0.98732E+00  0.99984E+00  0.18801E-02
 0.98958E+00  0.99984E+00  0.15422E-02
 0.99145E+00  0.99984E+00  0.12647E-02
 0.99298E+00  0.99984E+00  0.10369E-02
 0.99424E+00  0.99984E+00  0.84987E-03
 0.99528E+00  0.99984E+00  0.69634E-03
 0.99613E+00  0.99984E+00  0.57032E-03
 0.99683E+00  0.99984E+00  0.46687E-03
 0.99741E+00  0.99984E+00  0.38195E-03
 0.99788E+00  0.99984E+00  0.31224E-03
 0.99827E+00  0.99984E+00  0.25503E-03
 0.99859E+00  0.99984E+00  0.20807E-03
 0.99885E+00  0.99984E+00  0.16953E-03
 0.99906E+00  0.99984E+00  0.13790E-03
 0.99924E+00  0.99984E+00  0.11194E-03
 0.99938E+00  0.99984E+00  0.90643E-04
 0.99950E+00  0.99984E+00  0.73166E-04
 0.99960E+00  0.99984E+00  0.58826E-04
 0.99968E+00  0.99984E+00  0.47061E-04
 0.99975E+00  0.99984E+00  0.37408E-04
 0.99980E+00  0.99984E+00  0.29488E-04
 0.99984E+00  0.99984E+00  0.22990E-04
 0.99988E+00  0.99984E+00  0.17659E-04
 0.99991E+00  0.99984E+00  0.13285E-04
 0.99993E+00  0.99984E+00  0.96973E-05
 0.99995E+00  0.99984E+00  0.67537E-05
 0.99997E+00  0.99984E+00  0.43388E-05
 0.99998E+00  0.99984E+00  0.23577E-05
 0.10000E+01  0.99984E+00  0.73244E-06
 0.10000E+01  0.99984E+00  0.00000E+00
 0.00000E+00  0.99988E+00  0.00000E+00
 0.49709E-05  0.99988E+00  0.62088E-06
 0.16001E-04  0.99988E+00  0.19986E-05
 0.29447E-04  0.99988E+00  0.36779E-05
 0.45836E-04  0.99988E+00  0.57250E-05
 0.65814E-04  0.99988E+00  0.82202E-05
 0.90165E-04  0.99988E+00  0.11262E-04
 0.11985E-03  0.99988E+00  0.14969E-04
 0.15603E-03  0.99988E+00  0.19488E-04
 0.20013E-03  0.99988E+00  0.24996E-04
 0.25388E-03  0.99988E+00  0.31710E-04
 0.31939E-03  0.99988E+00  0.39893E-04
 0.39924E-03  0.99988E+00  0.49866E-04
 0.49656E-03  0.99988E+00  0.62022E-04
 0.61516E-03  0.99988E+00  0.76837E-04
 0.75970E-03  0.99988E+00  0.94891E-04
 0.93583E-03  0.99988E+00  0.11689E-03
 0.11504E-02  0.99988E+00  0.14371E-03
 0.14119E-02  0.99988E+00  0.17638E-03
 0.17305E-02  0.99988E+00  0.21619E-03
 0.21186E-02  0.99988E+00  0.26469E-03
 0.25912E-02  0.99988E+00  0.32378E-03
 0.31667E-02  0.99988E+00  0.39578E-03
 0.38673E-02  0.99988E+00  0.48350E-03
 0.47200E-02  0.99988E+00  0.59037E-03
 0.57574E-02  0.99988E+00  0.72059E-03
 0.70191E-02  0.99988E+00  0.87929E-03
 0.85527E-02  0.99988E+00  0.10727E-02
 0.10416E-01  0.99988E+00  0.13086E-02
 0.12677E-01  0.99988E+00  0.15961E-02
 0.15420E-01  0.99988E+00  0.19467E-02
 0.18742E-01  0.99988E+00  0.23736E-02
 0.22762E-01  0.99988E+00  0.28924E-02
 0.27617E-01  0.99988E+00  0.35204E-02
 0.33469E-01  0.99988E+00  0.42759E-02
 0.40509E-01  0.99988E+00  0.51765E-02
 0.48950E-01  0.99988E+00  0.62371E-02
 0.59040E-01  0.99988E+00  0.74673E-02
 0.71052E-01  0.99988E+00  0.88693E-02
 0.85282E-01  0.99988E+00  0.10435E-01
 0.10204E+00  0.99988E+00  0.12147E-01
 0.12166E+00  0.99988E+00  0.13974E-01
 0.14443E+00  0.99988E+00  0.15880E-01
 0.17063E+00  0.99988E+00  0.17818E-01
 0.20047E+00  0.99988E+00  0.19738E-01
 0.23404E+00  0.99988E+00  0.21584E-01
 0.27131E+00  0.99988E+00  0.23296E-01
 0.31210E+00  0.99988E+00  0.24817E-01
 0.35601E+00  0.99988E+00  0.26091E-01
 0.40249E+00  0.99988E+00  0.27069E-01
 0.45077E+00  0.99988E+00  0.27716E-01
 0.50000E+00  0.99988E+00  0.28007E-01
 0.54923E+00  0.99988E+00  0.27933E-01
 0.59751E+00  0.99988E+00  0.27498E-01
 0.64399E+00  0.99988E+00  0.26723E-01
 0.68790E+00  0.99988E+00  0.25639E-01
 0.72869E+00  0.99988E+00  0.24288E-01
 0.76596E+00  0.99988E+00  0.22721E-01
 0.79953E+00  0.99988E+00  0.20992E-01
 0.82937E+00  0.99988E+00  0.19156E-01
 0.85557E+00  0.99988E+00  0.17265E-01
 0.87834E+00  0.99988E+00  0.15367E-01
 0.89796E+00  0.99988E+00  0.13509E-01
 0.91472E+00  0.99988E+00  0.11730E-01
 0.92895E+00  0.99988E+00  0.10067E-01
 0.94096E+00  0.99988E+00  0.85478E-02
 0.95105E+00  0.99988E+00  0.71913E-02
 0.95949E+00  0.99988E+00  0.60042E-02
 0.96653E+00  0.99988E+00  0.49834E-02
 0.97238E+00  0.99988E+00  0.41180E-02
 0.97724E+00  0.99988E+00  0.33927E-02
 0.98126E+00  0.99988E+00  0.27896E-02
 0.98458E+00  0.99988E+00  0.22909E-02
 0.98732E+00  0.99988E+00  0.18801E-02
 0.98958E+00  0.99988E+00  0.15422E-02
 0.99145E+00  0.99988E+00  0.12647E-02
 0.99298E+00  0.99988E+00  0.10369E-02
 0.99424E+00  0.99988E+00  0.84987E-03
 0.99528E+00  0.99988E+00  0.69634E-03
 0.99613E+00  0.99988E+00  0.57032E-03
 0.99683E+00  0.99988E+00  0.46687E-03
 0.99741E+00  0.99988E+00  0.38195E-03
 0.99788E+00  0.99988E+00  0.31224E-03
 0.99827E+00  0.99988E+00  0.25503E-03
 0.99859E+00  0.99988E+00  0.20807E-03
 0.99885E+00  0.99988E+00  0.16952E-03
 0.99906E+00  0.99988E+00  0.13790E-03
 0.99924E+00  0.99988E+00  0.11194E-03
 0.99938E+00  0.99988E+00  0.90642E-04
 0.99950E+00  0.99988E+00  0.73166E-04
 0.99960E+00  0.99988E+00  0.58826E-04
 0.99968E+00  0.99988E+00  0.47061E-04
 0.99975E+00  0.99988E+00  0.37407E-04
 0.99980E+00  0.99988E+00  0.29488E-04
 0.99984E+00  0.99988E+00  0.22990E-04
 0.99988E+00  0.99988E+00  0.17659E-04
 0.99991E+00  0.99988E+00  0.13285E-04
 0.99993E+00  0.99988E+00  0.96972E-05
 0.99995E+00  0.99988E+00  0.67536E-05
 0.99997E+00  0.99988E+00  0.43388E-05
 0.99998E+00  0.99988E+00  0.23577E-05
 0.10000E+01  0.99988E+00  0.73244E-06
 0.10000E+01  0.99988E+00  0.00000E+00
 0.00000E+00  0.99991E+00  0.00000E+00
 0.49709E-05  0.99991E+00  0.62088E-06
 0.16001E-04  0.99991E+00  0.19986E-05
 0.29447E-04  0.99991E+00  0.36779E-05
 0.45836E-04  0.99991E+00  0.57250E-05
 0.65814E-04  0.99991E+00  0.82202E-05
 0.90165E-04  0.99991E+00  0.11262E-04
 0.11985E-03  0.99991E+00  0.14969E-04
 0.15603E-03  0.99991E+00  0.19488E-04
 0.20013E-03  0.99991E+00  0.24996E-04
 0.25388E-03  0.99991E+00  0.31710E-04
 0.31939E-03  0.99991E+00  0.39893E-04
 0.39924E-03  0.99991E+00  0.49866E-04
 0.49656E-03  0.99991E+00  0.62022E-04
 0.61516E-03  0.99991E+00  0.76837E-04
 0.75970E-03  0.99991E+00  0.94891E-04
 0.93583E-03  0.99991E+00  0.11689E-03
 0.11504E-02  0.99991E+00  0.14371E-03
 0.14119E-02  0.99991E+00  0.17638E-03
 0.17305E-02  0.99991E+00  0.21619E-03
 0.21186E-02  0.99991E+00  0.26469E-03
 0.25912E-02  0.99991E+00  0.32378E-03
 0.31667E-02  0.99991E+00  0.39578E-03
 0.38673E-02  0.99991E+00  0.48350E-03
 0.47200E-02  0.99991E+00  0.59037E-03
 0.57574E-02  0.99991E+00  0.72059E-03
 0.70191E-02  0.99991E+00  0.87929E-03
 0.85527E-02  0.99991E+00  0.10727E-02
 0.10416E-01  0.99991E+00  0.13086E-02
 0.12677E-01  0.99991E+00  0.15961E-02
 0.15420E-01  0.99991E+00  0.19467E-02
 0.18742E-01  0.99991E+00  0.23736E-02
 0.22762E-01  0.99991E+00  0.28924E-02
 0.27617E-01  0.99991E+00  0.35204E-02
 0.33469E-01  0.99991E+00  0.42759E-02
 0.40509E-01  0.99991E+00  0.51765E-02
 0.48950E-01  0.99991E+00  0.62371E-02
 0.59040E-01  0.99991E+00  0.74673E-02
 0.71052E-01  0.99991E+00  0.88693E-02
 0.85282E-01  0.99991E+00  0.10435E-01
 0.10204E+00  0.99991E+00  0.12147E-01
 0.12166E+00  0.99991E+00  0.13974E-01
 0.14443E+00  0.99991E+00  0.15880E-01
 0.17063E+00  0.99991E+00  0.17818E-01
 0.20047E+00  0.99991E+00  0.19738E-01
 0.23404E+00  0.99991E+00  0.21584E-01
 0.27131E+00  0.99991E+00  0.23296E-01
 0.31210E+00  0.99991E+00  0.24817E-01
 0.35601E+00  0.99991E+00  0.26091E-01
 0.40249E+00  0.99991E+00  0.27069E-01
 0.45077E+00  0.99991E+00  0.27716E-01
 0.50000E+00  0.99991E+00  0.28007E-01
 0.54923E+00  0.99991E+00  0.27933E-01
 0.59751E+00  0.99991E+00  0.27498E-01
 0.64399E+00  0.99991E+00  0.26723E-01
 0.68790E+00  0.99991E+00  0.25639E-01
 0.72869E+00  0.99991E+00  0.24288E-01
 0.76596E+00  0.99991E+00  0.22721E-01
 0.79953E+00  0.99991E+00  0.20992E-01
 0.82937E+00  0.99991E+00  0.19156E-01
 0.85557E+00  0.99991E+00  0.17265E-01
 0.87834E+00  0.99991E+00  0.15367E-01
 0.89796E+00  0.99991E+00  0.13509E-01
 0.91472E+00  0.99991E+00  0.11730E-01
 0.92895E+00  0.99991E+00  0.10067E-01
 0.94096E+00  0.99991E+00  0.85478E-02
 0.95105E+00  0.99991E+00  0.71913E-02
 0.95949E+00  0.99991E+00  0.60042E-02
 0.96653E+00  0.99991E+00  0.49834E-02
 0.97238E+00  0.99991E+00  0.41180E-02
 0.97724E+00  0.99991E+00  0.33927E-02
 0.98126E+00  0.99991E+00  0.27896E-02
 0.98458E+00  0.99991E+00  0.22909E-02
 0.98732E+00  0.99991E+00  0.18801E-02
 0.98958E+00  0.99991E+00  0.15422E-02
 0.99145E+00  0.99991E+00  0.12647E-02
 0.99298E+00  0.99991E+00  0.10369E-02
 0.99424E+00  0.99991E+00  0.84986E-03
 0.99528E+00  0.99991E+00  0.69634E-03
 0.99613E+00  0.99991E+00  0.57032E-03
 0.99683E+00  0.99991E+00  0.46686E-03
 0.99741E+00  0.99991E+00  0.38195E-03
 0.99788E+00  0.99991E+00  0.31224E-03
 0.99827E+00  0.99991E+00  0.25502E-03
 0.99859E+00  0.99991E+00  0.20807E-03
 0.99885E+00  0.99991E+00  0.16952E-03
 0.99906E+00  0.99991E+00  0.13790E-03
 0.99924E+00  0.99991E+00  0.11194E-03
 0.99938E+00  0.99991E+00  0.90642E-04
 0.99950E+00  0.99991E+00  0.73166E-04
 0.99960E+00  0.99991E+00  0.58826E-04
 0.99968E+00  0.99991E+00  0.47061E-04
 0.99975E+00  0.99991E+00  0.37407E-04
 0.99980E+00  0.99991E+00  0.29487E-04
 0.99984E+00  0.99991E+00  0.22990E-04
 0.99988E+00  0.99991E+00  0.17659E-04
 0.99991E+00  0.99991E+00  0.13285E-04
 0.99993E+00  0.99991E+00  0.96972E-05
 0.99995E+00  0.99991E+00  0.67536E-05
 0.99997E+00  0.99991E+00  0.43388E-05
 0.99998E+00  0.99991E+00  0.23577E-05
 0.10000E+01  0.99991E+00  0.73243E-06
 0.10000E+01  0.99991E+00  0.00000E+00
 0.00000E+00  0.99993E+00  0.00000E+00
 0.49709E-05  0.99993E+00  0.62088E-06
 0.16001E-04  0.99993E+00  0.19986E-05
 0.29447E-04  0.99993E+00  0.36779E-05
 0.45836E-04  0.99993E+00  0.57250E-05
 0.65814E-04  0.99993E+00  0.82202E-05
 0.90165E-04  0.99993E+00  0.11262E-04
 0.11985E-03  0.99993E+00  0.14969E-04
 0.15603E-03  0.99993E+00  0.19488E-04
 0.20013E-03  0.99993E+00  0.24996E-04
 0.25388E-03  0.99993E+00  0.31710E-04
 0.31939E-03  0.99993E+00  0.39893E-04
 0.39924E-03  0.99993E+00  0.49866E-04
 0.49656E-03  0.99993E+00  0.62022E-04
 0.61516E-03  0.99993E+00  0.76837E-04
 0.75970E-03  0.99993E+00  0.94891E-04
 0.93583E-03  0.99993E+00  0.11689E-03
 0.11504E-02  0.99993E+00  0.14371E-03
 0.14119E-02  0.99993E+00  0.17638E-03
 0.17305E-02  0.99993E+00  0.21619E-03
 0.21186E-02  0.99993E+00  0.26469E-03
 0.25912E-02  0.99993E+00  0.32378E-03
 0.31667E-02  0.99993E+00  0.39578E-03
 0.38673E-02  0.99993E+00  0.48350E-03
 0.47200E-02  0.99993E+00  0.59037E-03
 0.57574E-02  0.99993E+00  0.72059E-03
 0.70191E-02  0.99993E+00  0.87929E-03
 0.85527E-02  0.99993E+00  0.10727E-02
 0.10416E-01  0.99993E+00  0.13086E-02
 0.12677E-01  0.99993E+00  0.15961E-02
 0.15420E-01  0.99993E+00  0.19467E-02
 0.18742E-01  0.99993E+00  0.23736E-02
 0.22762E-01  0.99993E+00  0.28924E-02
 0.27617E-01  0.99993E+00  0.35204E-02
 0.33469E-01  0.99993E+00  0.42759E-02
 0.40509E-01  0.99993E+00  0.51765E-02
 0.48950E-01  0.99993E+00  0.62371E-02
 0.59040E-01  0.99993E+00  0.74673E-02
 0.71052E-01  0.99993E+00  0.88693E-02
 0.85282E-01  0.99993E+00  0.10435E-01
 0.10204E+00  0.99993E+00  0.12147E-01
 0.12166E+00  0.99993E+00  0.13974E-01
 0.14443E+00  0.99993E+00  0.15880E-01
 0.17063E+00  0.99993E+00  0.17818E-01
 0.20047E+00  0.99993E+00  0.19738E-01
 0.23404E+00  0.99993E+00  0.21584E-01
 0.27131E+00  0.99993E+00  0.23296E-01
 0.31210E+00  0.99993E+00  0.24817E-01
 0.35601E+00  0.99993E+00  0.26090E-01
 0.40249E+00  0.99993E+00  0.27069E-01
 0.45077E+00  0.99993E+00  0.27716E-01
 0.50000E+00  0.99993E+00  0.28007E-01
 0.54923E+00  0.99993E+00  0.27932E-01
 0.59751E+00  0.99993E+00  0.27498E-01
 0.64399E+00  0.99993E+00  0.26723E-01
 0.68790E+00  0.99993E+00  0.25639E-01
 0.72869E+00  0.99993E+00  0.24288E-01
 0.76596E+00  0.99993E+00  0.22721E-01
 0.79953E+00  0.99993E+00  0.20992E-01
 0.82937E+00  0.99993E+00  0.19156E-01
 0.85557E+00  0.99993E+00  0.17265E-01
 0.87834E+00  0.99993E+00  0.15367E-01
 0.89796E+00  0.99993E+00  0.13509E-01
 0.91472E+00  0.99993E+00  0.11730E-01
 0.92895E+00  0.99993E+00  0.10067E-01
 0.94096E+00  0.99993E+00  0.85478E-02
 0.95105E+00  0.99993E+00  0.71913E-02
 0.95949E+00  0.99993E+00  0.60042E-02
 0.96653E+00  0.99993E+00  0.49833E-02
 0.97238E+00  0.99993E+00  0.41180E-02
 0.97724E+00  0.99993E+00  0.33927E-02
 0.98126E+00  0.99993E+00  0.27896E-02
 0.98458E+00  0.99993E+00  0.22909E-02
 0.98732E+00  0.99993E+00  0.18801E-02
 0.98958E+00  0.99993E+00  0.15422E-02
 0.99145E+00  0.99993E+00  0.12647E-02
 0.99298E+00  0.99993E+00  0.10369E-02
 0.99424E+00  0.99993E+00  0.84986E-03
 0.99528E+00  0.99993E+00  0.69634E-03
 0.99613E+00  0.99993E+00  0.57032E-03
 0.99683E+00  0.99993E+00  0.46686E-03
 0.99741E+00  0.99993E+00  0.38194E-03
 0.99788E+00  0.99993E+00  0.31224E-03
 0.99827E+00  0.99993E+00  0.25502E-03
 0.99859E+00  0.99993E+00  0.20806E-03
 0.99885E+00  0.99993E+00  0.16952E-03
 0.99906E+00  0.99993E+00  0.13790E-03
 0.99924E+00  0.99993E+00  0.11194E-03
 0.99938E+00  0.99993E+00  0.90642E-04
 0.99950E+00  0.99993E+00  0.73166E-04
 0.99960E+00  0.99993E+00  0.58826E-04
 0.99968E+00  0.99993E+00  0.47061E-04
 0.99975E+00  0.99993E+00  0.37407E-04
 0.99980E+00  0.99993E+00  0.29487E-04
 0.99984E+00  0.99993E+00  0.22990E-04
 0.99988E+00  0.99993E+00  0.17659E-04
 0.99991E+00  0.99993E+00  0.13285E-04
 0.99993E+00  0.99993E+00  0.96972E-05
 0.99995E+00  0.99993E+00  0.67536E-05
 0.99997E+00  0.99993E+00  0.43388E-05
 0.99998E+00  0.99993E+00  0.23577E-05
 0.10000E+01  0.99993E+00  0.73243E-06
 0.10000E+01  0.99993E+00  0.00000E+00
 0.00000E+00  0.99995E+00  0.00000E+00
 0.49709E-05  0.99995E+00  0.62088E-06
 0.16001E-04  0.99995E+00  0.19986E-05
 0.29447E-04  0.99995E+00  0.36779E-05
 0.45836E-04  0.99995E+00  0.57250E-05
 0.65814E-04  0.99995E+00  0.82202E-05
 0.90165E-04  0.99995E+00  0.11262E-04
 0.11985E-03  0.99995E+00  0.14969E-04
 0.15603E-03  0.99995E+00  0.19488E-04
 0.20013E-03  0.99995E+00  0.24996E-04
 0.25388E-03  0.99995E+00  0.31710E-04
 0.31939E-03  0.99995E+00  0.39893E-04
 0.39924E-03  0.99995E+00  0.49866E-04
 0.49656E-03  0.99995E+00  0.62022E-04
 0.61516E-03  0.99995E+00  0.76837E-04
 0.75970E-03  0.99995E+00  0.94891E-04
 0.93583E-03  0.99995E+00  0.11689E-03
 0.11504E-02  0.99995E+00  0.14371E-03
 0.14119E-02  0.99995E+00  0.17638E-03
 0.17305E-02  0.99995E+00  0.21619E-03
 0.21186E-02  0.99995E+00  0.26469E-03
 0.25912E-02  0.99995E+00  0.32378E-03
 0.31667E-02  0.99995E+00  0.39578E-03
 0.38673E-02  0.99995E+00  0.48350E-03
 0.47200E-02  0.99995E+00  0.59037E-03
 0.57574E-02  0.99995E+00  0.72059E-03
 0.70191E-02  0.99995E+00  0.87929E-03
 0.85527E-02  0.99995E+00  0.10727E-02
 0.10416E-01  0.99995E+00  0.13086E-02
 0.12677E-01  0.99995E+00  0.15961E-02
 0.15420E-01  0.99995E+00  0.19467E-02
 0.18742E-01  0.99995E+00  0.23736E-02
 0.22762E-01  0.99995E+00  0.28924E-02
 0.27617E-01  0.99995E+00  0.35204E-02
 0.33469E-01  0.99995E+00  0.42759E-02
 0.40509E-01  0.99995E+00  0.51765E-02
 0.48950E-01  0.99995E+00  0.62371E-02
 0.59040E-01  0.99995E+00  0.74673E-02
 0.71052E-01  0.99995E+00  0.88693E-02
 0.85282E-01  0.99995E+00  0.10435E-01
 0.10204E+00  0.99995E+00  0.12147E-01
 0.12166E+00  0.99995E+00  0.13974E-01
 0.14443E+00  0.99995E+00  0.15880E-01
 0.17063E+00  0.99995E+00  0.17818E-01
 0.20047E+00  0.99995E+00  0.19738E-01
 0.23404E+00  0.99995E+00  0.21584E-01
 0.27131E+00  0.99995E+00  0.23296E-01
 0.31210E+00  0.99995E+00  0.24817E-01
 0.35601E+00  0.99995E+00  0.26090E-01
 0.40249E+00  0.99995E+00  0.27069E-01
 0.45077E+00  0.99995E+00  0.27716E-01
 0.50000E+00  0.99995E+00  0.28007E-01
 0.54923E+00  0.99995E+00  0.27932E-01
 0.59751E+00  0.99995E+00  0.27498E-01
 0.64399E+00  0.99995E+00  0.26723E-01
 0.68790E+00  0.99995E+00  0.25638E-01
 0.72869E+00  0.99995E+00  0.24288E-01
 0.76596E+00  0.99995E+00  0.22721E-01
 0.79953E+00  0.99995E+00  0.20992E-01
 0.82937E+00  0.99995E+00  0.19156E-01
 0.85557E+00  0.99995E+00  0.17265E-01
 0.87834E+00  0.99995E+00  0.15367E-01
 0.89796E+00  0.99995E+00  0.13509E-01
 0.91472E+00  0.99995E+00  0.11730E-01
 0.92895E+00  0.99995E+00  0.10067E-01
 0.94096E+00  0.99995E+00  0.85478E-02
 0.95105E+00  0.99995E+00  0.71913E-02
 0.95949E+00  0.99995E+00  0.60042E-02
 0.96653E+00  0.99995E+00  0.49833E-02
 0.97238E+00  0.99995E+00  0.41180E-02
 0.97724E+00  0.99995E+00  0.33927E-02
 0.98126E+00  0.99995E+00  0.27896E-02
 0.98458E+00  0.99995E+00  0.22909E-02
 0.98732E+00  0.99995E+00  0.18801E-02
 0.98958E+00  0.99995E+00  0.15422E-02
 0.99145E+00  0.99995E+00  0.12647E-02
 0.99298E+00  0.99995E+00  0.10369E-02
 0.99424E+00  0.99995E+00  0.84986E-03
 0.99528E+00  0.99995E+00  0.69634E-03
 0.99613E+00  0.99995E+00  0.57031E-03
 0.99683E+00  0.99995E+00  0.46686E-03
 0.99741E+00  0.99995E+00  0.38194E-03
 0.99788E+00  0.99995E+00  0.31224E-03
 0.99827E+00  0.99995E+00  0.25502E-03
 0.99859E+00  0.99995E+00  0.20806E-03
 0.99885E+00  0.99995E+00  0.16952E-03
 0.99906E+00  0.99995E+00  0.13790E-03
 0.99924E+00  0.99995E+00  0.11194E-03
 0.99938E+00  0.99995E+00  0.90642E-04
 0.99950E+00  0.99995E+00  0.73166E-04
 0.99960E+00  0.99995E+00  0.58826E-04
 0.99968E+00  0.99995E+00  0.47061E-04
 0.99975E+00  0.99995E+00  0.37407E-04
 0.99980E+00  0.99995E+00  0.29487E-04
 0.99984E+00  0.99995E+00  0.22990E-04
 0.99988E+00  0.99995E+00  0.17659E-04
 0.99991E+00  0.99995E+00  0.13285E-04
 0.99993E+00  0.99995E+00  0.96972E-05
 0.99995E+00  0.99995E+00  0.67536E-05
 0.99997E+00  0.99995E+00  0.43388E-05
 0.99998E+00  0.99995E+00  0.23577E-05
 0.10000E+01  0.99995E+00  0.73243E-06
 0.10000E+01  0.99995E+00  0.00000E+00
 0.00000E+00  0.99997E+00  0.00000E+00
 0.49709E-05  0.99997E+00  0.62088E-06
 0.16001E-04  0.99997E+00  0.19986E-05
 0.29447E-04  0.99997E+00  0.36779E-05
 0.45836E-04  0.99997E+00  0.57250E-05
 0.65814E-04  0.99997E+00  0.82202E-05
 0.90165E-04  0.99997E+00  0.11262E-04
 0.11985E-03  0.99997E+00  0.14969E-04
 0.15603E-03  0.99997E+00  0.19488E-04
 0.20013E-03  0.99997E+00  0.24996E-04
 0.25388E-03  0.99997E+00  0.31710E-04
 0.31939E-03  0.99997E+00  0.39893E-04
 0.39924E-03  0.99997E+00  0.49866E-04
 0.49656E-03  0.99997E+00  0.62022E-04
 0.61516E-03  0.99997E+00  0.76837E-04
 0.75970E-03  0.99997E+00  0.94891E-04
 0.93583E-03  0.99997E+00  0.11689E-03
 0.11504E-02  0.99997E+00  0.14371E-03
 0.14119E-02  0.99997E+00  0.17638E-03
 0.17305E-02  0.99997E+00  0.21619E-03
 0.21186E-02  0.99997E+00  0.26469E-03
 0.25912E-02  0.99997E+00  0.32378E-03
 0.31667E-02  0.99997E+00  0.39578E-03
 0.38673E-02  0.99997E+00  0.48350E-03
 0.47200E-02  0.99997E+00  0.59037E-03
 0.57574E-02  0.99997E+00  0.72059E-03
 0.70191E-02  0.99997E+00  0.87929E-03
 0.85527E-02  0.99997E+00  0.10727E-02
 0.10416E-01  0.99997E+00  0.13086E-02
 0.12677E-01  0.99997E+00  0.15961E-02
 0.15420E-01  0.99997E+00  0.19467E-02
 0.18742E-01  0.99997E+00  0.23736E-02
 0.22762E-01  0.99997E+00  0.28924E-02
 0.27617E-01  0.99997E+00  0.35204E-02
 0.33469E-01  0.99997E+00  0.42759E-02
 0.40509E-01  0.99997E+00  0.51765E-02
 0.48950E-01  0.99997E+00  0.62370E-02
 0.59040E-01  0.99997E+00  0.74673E-02
 0.71052E-01  0.99997E+00  0.88693E-02
 0.85282E-01  0.99997E+00  0.10435E-01
 0.10204E+00  0.99997E+00  0.12147E-01
 0.12166E+00  0.99997E+00  0.13974E-01
 0.14443E+00  0.99997E+00  0.15880E-01
 0.17063E+00  0.99997E+00  0.17818E-01
 0.20047E+00  0.99997E+00  0.19738E-01
 0.23404E+00  0.99997E+00  0.21584E-01
 0.27131E+00  0.99997E+00  0.23296E-01
 0.31210E+00  0.99997E+00  0.24817E-01
 0.35601E+00  0.99997E+00  0.26090E-01
 0.40249E+00  0.99997E+00  0.27069E-01
 0.45077E+00  0.99997E+00  0.27716E-01
 0.50000E+00  0.99997E+00  0.28007E-01
 0.54923E+00  0.99997E+00  0.27932E-01
 0.59751E+00  0.99997E+00  0.27498E-01
 0.64399E+00  0.99997E+00  0.26723E-01
 0.68790E+00  0.99997E+00  0.25638E-01
 0.72869E+00  0.99997E+00  0.24288E-01
 0.76596E+00  0.99997E+00  0.22721E-01
 0.79953E+00  0.99997E+00  0.20992E-01
 0.82937E+00  0.99997E+00  0.19156E-01
 0.85557E+00  0.99997E+00  0.17265E-01
 0.87834E+00  0.99997E+00  0.15367E-01
 0.89796E+00  0.99997E+00  0.13509E-01
 0.91472E+00  0.99997E+00  0.11730E-01
 0.92895E+00  0.99997E+00  0.10067E-01
 0.94096E+00  0.99997E+00  0.85478E-02
 0.95105E+00  0.99997E+00  0.71913E-02
 0.95949E+00  0.99997E+00  0.60042E-02
 0.96653E+00  0.99997E+00  0.49833E-02
 0.97238E+00  0.99997E+00  0.41180E-02
 0.97724E+00  0.99997E+00  0.33927E-02
 0.98126E+00  0.99997E+00  0.27896E-02
 0.98458E+00  0.99997E+00  0.22909E-02
 0.98732E+00  0.99997E+00  0.18800E-02
 0.98958E+00  0.99997E+00  0.15422E-02
 0.99145E+00  0.99997E+00  0.12647E-02
 0.99298E+00  0.99997E+00  0.10369E-02
 0.99424E+00  0.99997E+00  0.84986E-03
 0.99528E+00  0.99997E+00  0.69634E-03
 0.99613E+00  0.99997E+00  0.57031E-03
 0.99683E+00  0.99997E+00  0.46686E-03
 0.99741E+00  0.99997E+00  0.38194E-03
 0.99788E+00  0.99997E+00  0.31224E-03
 0.99827E+00  0.99997E+00  0.25502E-03
 0.99859E+00  0.99997E+00  0.20806E-03
 0.99885E+00  0.99997E+00  0.16952E-03
 0.99906E+00  0.99997E+00  0.13790E-03
 0.99924E+00  0.99997E+00  0.11194E-03
 0.99938E+00  0.99997E+00  0.90642E-04
 0.99950E+00  0.99997E+00  0.73166E-04
 0.99960E+00  0.99997E+00  0.58826E-04
 0.99968E+00  0.99997E+00  0.47061E-04
 0.99975E+00  0.99997E+00  0.37407E-04
 0.99980E+00  0.99997E+00  0.29487E-04
 0.99984E+00  0.99997E+00  0.22990E-04
 0.99988E+00  0.99997E+00  0.17659E-04
 0.99991E+00  0.99997E+00  0.13285E-04
 0.99993E+00  0.99997E+00  0.96972E-05
 0.99995E+00  0.99997E+00  0.67536E-05
 0.99997E+00  0.99997E+00  0.43388E-05
 0.99998E+00  0.99997E+00  0.23577E-05
 0.10000E+01  0.99997E+00  0.73243E-06
 0.10000E+01  0.99997E+00  0.00000E+00
 0.00000E+00  0.99998E+00  0.00000E+00
 0.49709E-05  0.99998E+00  0.62088E-06
 0.16001E-04  0.99998E+00  0.19986E-05
 0.29447E-04  0.99998E+00  0.36779E-05
 0.45836E-04  0.99998E+00  0.57250E-05
 0.65814E-04  0.99998E+00  0.82202E-05
 0.90165E-04  0.99998E+00  0.11262E-04
 0.11985E-03  0.99998E+00  0.14969E-04
 0.15603E-03  0.99998E+00  0.19488E-04
 0.20013E-03  0.99998E+00  0.24996E-04
 0.25388E-03  0.99998E+00  0.31710E-04
 0.31939E-03  0.99998E+00  0.39893E-04
 0.39924E-03  0.99998E+00  0.49866E-04
 0.49656E-03  0.99998E+00  0.62022E-04
 0.61516E-03  0.99998E+00  0.76837E-04
 0.75970E-03  0.99998E+00  0.94891E-04
 0.93583E-03  0.99998E+00  0.11689E-03
 0.11504E-02  0.99998E+00  0.14371E-03
 0.14119E-02  0.99998E+00  0.17638E-03
 0.17305E-02  0.99998E+00  0.21619E-03
 0.21186E-02  0.99998E+00  0.26469E-03
 0.25912E-02  0.99998E+00  0.32378E-03
 0.31667E-02  0.99998E+00  0.39578E-03
 0.38673E-02  0.99998E+00  0.48350E-03
 0.47200E-02  0.99998E+00  0.59037E-03
 0.57574E-02  0.99998E+00  0.72059E-03
 0.70191E-02  0.99998E+00  0.87929E-03
 0.85527E-02  0.99998E+00  0.10727E-02
 0.10416E-01  0.99998E+00  0.13086E-02
 0.12677E-01  0.99998E+00  0.15961E-02
 0.15420E-01  0.99998E+00  0.19467E-02
 0.18742E-01  0.99998E+00  0.23736E-02
 0.22762E-01  0.99998E+00  0.28924E-02
 0.27617E-01  0.99998E+00  0.35204E-02
 0.33469E-01  0.99998E+00  0.42759E-02
 0.40509E-01  0.99998E+00  0.51765E-02
 0.48950E-01  0.99998E+00  0.62370E-02
 0.59040E-01  0.99998E+00  0.74673E-02
 0.71052E-01  0.99998E+00  0.88693E-02
 0.85282E-01  0.99998E+00  0.10435E-01
 0.10204E+00  0.99998E+00  0.12147E-01
 0.12166E+00  0.99998E+00  0.13974E-01
 0.14443E+00  0.99998E+00  0.15880E-01
 0.17063E+00  0.99998E+00  0.17818E-01
 0.20047E+00  0.99998E+00  0.19738E-01
 0.23404E+00  0.99998E+00  0.21584E-01
 0.27131E+00  0.99998E+00  0.23296E-01
 0.31210E+00  0.99998E+00  0.24817E-01
 0.35601E+00  0.99998E+00  0.26090E-01
 0.40249E+00  0.99998E+00  0.27069E-01
 0.45077E+00  0.99998E+00  0.27716E-01
 0.50000E+00  0.99998E+00  0.28007E-01
 0.54923E+00  0.99998E+00  0.27932E-01
 0.59751E+00  0.99998E+00  0.27498E-01
 0.64399E+00  0.99998E+00  0.26723E-01
 0.68790E+00  0.99998E+00  0.25638E-01
 0.72869E+00  0.99998E+00  0.24288E-01
 0.76596E+00  0.99998E+00  0.22721E-01
 0.79953E+00  0.99998E+00  0.20992E-01
 0.82937E+00  0.99998E+00  0.19156E-01
 0.85557E+00  0.99998E+00  0.17265E-01
 0.87834E+00  0.99998E+00  0.15367E-01
 0.89796E+00  0.99998E+00  0.13509E-01
 0.91472E+00  0.99998E+00  0.11730E-01
 0.92895E+00  0.99998E+00  0.10067E-01
 0.94096E+00  0.99998E+00  0.85478E-02
 0.95105E+00  0.99998E+00  0.71913E-02
 0.95949E+00  0.99998E+00  0.60042E-02
 0.96653E+00  0.99998E+00  0.49833E-02
 0.97238E+00  0.99998E+00  0.41180E-02
 0.97724E+00  0.99998E+00  0.33927E-02
 0.98126E+00  0.99998E+00  0.27896E-02
 0.98458E+00  0.99998E+00  0.22909E-02
 0.98732E+00  0.99998E+00  0.18800E-02
 0.98958E+00  0.99998E+00  0.15422E-02
 0.99145E+00  0.99998E+00  0.12647E-02
 0.99298E+00  0.99998E+00  0.10369E-02
 0.99424E+00  0.99998E+00  0.84986E-03
 0.99528E+00  0.99998E+00  0.69634E-03
 0.99613E+00  0.99998E+00  0.57031E-03
 0.99683E+00  0.99998E+00  0.46686E-03
 0.99741E+00  0.99998E+00  0.38194E-03
 0.99788E+00  0.99998E+00  0.31224E-03
 0.99827E+00  0.99998E+00  0.25502E-03
 0.99859E+00  0.99998E+00  0.20806E-03
 0.99885E+00  0.99998E+00  0.16952E-03
 0.99906E+00  0.99998E+00  0.13790E-03
 0.99924E+00  0.99998E+00  0.11194E-03
 0.99938E+00  0.99998E+00  0.90642E-04
 0.99950E+00  0.99998E+00  0.73166E-04
 0.99960E+00  0.99998E+00  0.58826E-04
 0.99968E+00  0.99998E+00  0.47061E-04
 0.99975E+00  0.99998E+00  0.37407E-04
 0.99980E+00  0.99998E+00  0.29487E-04
 0.99984E+00  0.99998E+00  0.22990E-04
 0.99988E+00  0.99998E+00  0.17659E-04
 0.99991E+00  0.99998E+00  0.13285E-04
 0.99993E+00  0.99998E+00  0.96972E-05
 0.99995E+00  0.99998E+00  0.67536E-05
 0.99997E+00  0.99998E+00  0.43388E-05
 0.99998E+00  0.99998E+00  0.23577E-05
 0.10000E+01  0.99998E+00  0.73243E-06
 0.10000E+01  0.99998E+00  0.00000E+00
 0.00000E+00  0.10000E+01  0.00000E+00
 0.49709E-05  0.10000E+01  0.62088E-06
 0.16001E-04  0.10000E+01  0.19986E-05
 0.29447E-04  0.10000E+01  0.36779E-05
 0.45836E-04  0.10000E+01  0.57250E-05
 0.65814E-04  0.10000E+01  0.82202E-05
 0.90165E-04  0.10000E+01  0.11262E-04
 0.11985E-03  0.10000E+01  0.14969E-04
 0.15603E-03  0.10000E+01  0.19488E-04
 0.20013E-03  0.10000E+01  0.24996E-04
 0.25388E-03  0.10000E+01  0.31710E-04
 0.31939E-03  0.10000E+01  0.39893E-04
 0.39924E-03  0.10000E+01  0.49866E-04
 0.49656E-03  0.10000E+01  0.62022E-04
 0.61516E-03  0.10000E+01  0.76837E-04
 0.75970E-03  0.10000E+01  0.94891E-04
 0.93583E-03  0.10000E+01  0.11689E-03
 0.11504E-02  0.10000E+01  0.14371E-03
 0.14119E-02  0.10000E+01  0.17638E-03
 0.17305E-02  0.10000E+01  0.21619E-03
 0.21186E-02  0.10000E+01  0.26469E-03
 0.25912E-02  0.10000E+01  0.32378E-03
 0.31667E-02  0.10000E+01  0.39578E-03
 0.38673E-02  0.10000E+01  0.48350E-03
 0.47200E-02  0.10000E+01  0.59037E-03
 0.57574E-02  0.10000E+01  0.72059E-03
 0.70191E-02  0.10000E+01  0.87929E-03
 0.85527E-02  0.10000E+01  0.10727E-02
 0.10416E-01  0.10000E+01  0.13086E-02
 0.12677E-01  0.10000E+01  0.15961E-02
 0.15420E-01  0.10000E+01  0.19467E-02
 0.18742E-01  0.10000E+01  0.23736E-02
 0.22762E-01  0.10000E+01  0.28924E-02
 0.27617E-01  0.10000E+01  0.35204E-02
 0.33469E-01  0.10000E+01  0.42759E-02
 0.40509E-01  0.10000E+01  0.51765E-02
 0.48950E-01  0.10000E+01  0.62370E-02
 0.59040E-01  0.10000E+01  0.74673E-02
 0.71052E-01  0.10000E+01  0.88693E-02
 0.85282E-01  0.10000E+01  0.10435E-01
 0.10204E+00  0.10000E+01  0.12147E-01
 0.12166E+00  0.10000E+01  0.13974E-01
 0.14443E+00  0.10000E+01  0.15880E-01
 0.17063E+00  0.10000E+01  0.17818E-01
 0.20047E+00  0.10000E+01  0.19738E-01
 0.23404E+00  0.10000E+01  0.21584E-01
 0.27131E+00  0.10000E+01  0.23296E-01
 0.31210E+00  0.10000E+01  0.24817E-01
 0.35601E+00  0.10000E+01  0.26090E-01
 0.40249E+00  0.10000E+01  0.27069E-01
 0.45077E+00  0.10000E+01  0.27716E-01
 0.50000E+00  0.10000E+01  0.28007E-01
 0.54923E+00  0.10000E+01  0.27932E-01
 0.59751E+00  0.10000E+01  0.27498E-01
 0.64399E+00  0.10000E+01  0.26723E-01
 0.68790E+00  0.10000E+01  0.25638E-01
 0.72869E+00  0.10000E+01  0.24288E-01
 0.76596E+00  0.10000E+01  0.22721E-01
 0.79953E+00  0.10000E+01  0.20992E-01
 0.82937E+00  0.10000E+01  0.19156E-01
 0.85557E+00  0.10000E+01  0.17265E-01
 0.87834E+00  0.10000E+01  0.15367E-01
 0.89796E+00  0.10000E+01  0.13509E-01
 0.91472E+00  0.10000E+01  0.11730E-01
 0.92895E+00  0.10000E+01  0.10067E-01
 0.94096E+00  0.10000E+01  0.85478E-02
 0.95105E+00  0.10000E+01  0.71913E-02
 0.95949E+00  0.10000E+01  0.60042E-02
 0.96653E+00  0.10000E+01  0.49833E-02
 0.97238E+00  0.10000E+01  0.41180E-02
 0.97724E+00  0.10000E+01  0.33927E-02
 0.98126E+00  0.10000E+01  0.27896E-02
 0.98458E+00  0.10000E+01  0.22909E-02
 0.98732E+00  0.10000E+01  0.18800E-02
 0.98958E+00  0.10000E+01  0.15422E-02
 0.99145E+00  0.10000E+01  0.12647E-02
 0.99298E+00  0.10000E+01  0.10369E-02
 0.99424E+00  0.10000E+01  0.84986E-03
 0.99528E+00  0.10000E+01  0.69634E-03
 0.99613E+00  0.10000E+01  0.57031E-03
 0.99683E+00  0.10000E+01  0.46686E-03
 0.99741E+00  0.10000E+01  0.38194E-03
 0.99788E+00  0.10000E+01  0.31224E-03
 0.99827E+00  0.10000E+01  0.25502E-03
 0.99859E+00  0.10000E+01  0.20806E-03
 0.99885E+00  0.10000E+01  0.16952E-03
 0.99906E+00  0.10000E+01  0.13790E-03
 0.99924E+00  0.10000E+01  0.11194E-03
 0.99938E+00  0.10000E+01  0.90642E-04
 0.99950E+00  0.10000E+01  0.73166E-04
 0.99960E+00  0.10000E+01  0.58826E-04
 0.99968E+00  0.10000E+01  0.47061E-04
 0.99975E+00  0.10000E+01  0.37407E-04
 0.99980E+00  0.10000E+01  0.29487E-04
 0.99984E+00  0.10000E+01  0.22990E-04
 0.99988E+00  0.10000E+01  0.17659E-04
 0.99991E+00  0.10000E+01  0.13285E-04
 0.99993E+00  0.10000E+01  0.96972E-05
 0.99995E+00  0.10000E+01  0.67536E-05
 0.99997E+00  0.10000E+01  0.43388E-05
 0.99998E+00  0.10000E+01  0.23577E-05
 0.10000E+01  0.10000E+01  0.73243E-06
 0.10000E+01  0.10000E+01  0.00000E+00
 0.00000E+00  0.10000E+01  0.00000E+00
 0.49709E-05  0.10000E+01  0.62088E-06
 0.16001E-04  0.10000E+01  0.19986E-05
 0.29447E-04  0.10000E+01  0.36779E-05
 0.45836E-04  0.10000E+01  0.57250E-05
 0.65814E-04  0.10000E+01  0.82202E-05
 0.90165E-04  0.10000E+01  0.11262E-04
 0.11985E-03  0.10000E+01  0.14969E-04
 0.15603E-03  0.10000E+01  0.19488E-04
 0.20013E-03  0.10000E+01  0.24996E-04
 0.25388E-03  0.10000E+01  0.31710E-04
 0.31939E-03  0.10000E+01  0.39893E-04
 0.39924E-03  0.10000E+01  0.49866E-04
 0.49656E-03  0.10000E+01  0.62022E-04
 0.61516E-03  0.10000E+01  0.76837E-04
 0.75970E-03  0.10000E+01  0.94891E-04
 0.93583E-03  0.10000E+01  0.11689E-03
 0.11504E-02  0.10000E+01  0.14371E-03
 0.14119E-02  0.10000E+01  0.17638E-03
 0.17305E-02  0.10000E+01  0.21619E-03
 0.21186E-02  0.10000E+01  0.26469E-03
 0.25912E-02  0.10000E+01  0.32378E-03
 0.31667E-02  0.10000E+01  0.39578E-03
 0.38673E-02  0.10000E+01  0.48350E-03
 0.47200E-02  0.10000E+01  0.59037E-03
 0.57574E-02  0.10000E+01  0.72059E-03
 0.70191E-02  0.10000E+01  0.87929E-03
 0.85527E-02  0.10000E+01  0.10727E-02
 0.10416E-01  0.10000E+01  0.13086E-02
 0.12677E-01  0.10000E+01  0.15961E-02
 0.15420E-01  0.10000E+01  0.19467E-02
 0.18742E-01  0.10000E+01  0.23736E-02
 0.22762E-01  0.10000E+01  0.28924E-02
 0.27617E-01  0.10000E+01  0.35204E-02
 0.33469E-01  0.10000E+01  0.42759E-02
 0.40509E-01  0.10000E+01  0.51765E-02
 0.48950E-01  0.10000E+01  0.62370E-02
 0.59040E-01  0.10000E+01  0.74673E-02
 0.71052E-01  0.10000E+01  0.88693E-02
 0.85282E-01  0.10000E+01  0.10435E-01
 0.10204E+00  0.10000E+01  0.12147E-01
 0.12166E+00  0.10000E+01  0.13974E-01
 0.14443E+00  0.10000E+01  0.15880E-01
 0.17063E+00  0.10000E+01  0.17818E-01
 0.20047E+00  0.10000E+01  0.19738E-01
 0.23404E+00  0.10000E+01  0.21584E-01
 0.27131E+00  0.10000E+01  0.23296E-01
 0.31210E+00  0.10000E+01  0.24817E-01
 0.35601E+00  0.10000E+01  0.26090E-01
 0.40249E+00  0.10000E+01  0.27069E-01
 0.45077E+00  0.10000E+01  0.27716E-01
 0.50000E+00  0.10000E+01  0.28007E-01
 0.54923E+00  0.10000E+01  0.27932E-01
 0.59751E+00  0.10000E+01  0.27498E-01
 0.64399E+00  0.10000E+01  0.26723E-01
 0.68790E+00  0.10000E+01  0.25638E-01
 0.72869E+00  0.10000E+01  0.24288E-01
 0.76596E+00  0.10000E+01  0.22721E-01
 0.79953E+00  0.10000E+01  0.20992E-01
 0.82937E+00  0.10000E+01  0.19156E-01
 0.85557E+00  0.10000E+01  0.17265E-01
 0.87834E+00  0.10000E+01  0.15367E-01
 0.89796E+00  0.10000E+01  0.13509E-01
 0.91472E+00  0.10000E+01  0.11730E-01
 0.92895E+00  0.10000E+01  0.10067E-01
 0.94096E+00  0.10000E+01  0.85478E-02
 0.95105E+00  0.10000E+01  0.71913E-02
 0.95949E+00  0.10000E+01  0.60042E-02
 0.96653E+00  0.10000E+01  0.49833E-02
 0.97238E+00  0.10000E+01  0.41180E-02
 0.97724E+00  0.10000E+01  0.33927E-02
 0.98126E+00  0.10000E+01  0.27896E-02
 0.98458E+00  0.10000E+01  0.22909E-02
 0.98732E+00  0.10000E+01  0.18800E-02
 0.98958E+00  0.10000E+01  0.15422E-02
 0.99145E+00  0.10000E+01  0.12647E-02
 0.99298E+00  0.10000E+01  0.10369E-02
 0.99424E+00  0.10000E+01  0.84986E-03
 0.99528E+00  0.10000E+01  0.69634E-03
 0.99613E+00  0.10000E+01  0.57031E-03
 0.99683E+00  0.10000E+01  0.46686E-03
 0.99741E+00  0.10000E+01  0.38194E-03
 0.99788E+00  0.10000E+01  0.31224E-03
 0.99827E+00  0.10000E+01  0.25502E-03
 0.99859E+00  0.10000E+01  0.20806E-03
 0.99885E+00  0.10000E+01  0.16952E-03
 0.99906E+00  0.10000E+01  0.13790E-03
 0.99924E+00  0.10000E+01  0.11194E-03
 0.99938E+00  0.10000E+01  0.90642E-04
 0.99950E+00  0.10000E+01  0.73166E-04
 0.99960E+00  0.10000E+01  0.58826E-04
 0.99968E+00  0.10000E+01  0.47061E-04
 0.99975E+00  0.10000E+01  0.37407E-04
 0.99980E+00  0.10000E+01  0.29487E-04
 0.99984E+00  0.10000E+01  0.22990E-04
 0.99988E+00  0.10000E+01  0.17659E-04
 0.99991E+00  0.10000E+01  0.13285E-04
 0.99993E+00  0.10000E+01  0.96972E-05
 0.99995E+00  0.10000E+01  0.67536E-05
 0.99997E+00  0.10000E+01  0.43388E-05
 0.99998E+00  0.10000E+01  0.23577E-05
 0.10000E+01  0.10000E+01  0.73243E-06
 0.10000E+01  0.10000E+01  0.00000E+00
